 ******* Program SOILCO2
 ******* Selhausen run 2022/10/01-2023/10/01 for P2 (and P101)                   
 Units: L = cm  , T = hour, M = kg  
#Node    Depth      Head Moisture           CO2    Temp           K           C        Flux        Sink     Product
#          [L]       [L]      [-]           [-]     [C]       [L/T]       [1/L]       [L/T]       [1/T]       [1/T]
#Time:       0
  222     0.00    -214.0    0.285    0.1660E-02   5.187   2.848E-01   1.000E-15  -2.848E-01   0.000E+00   6.496E-05
  221    -0.10    -214.0    0.285    0.1682E-02   5.188   2.848E-01   1.000E-15  -2.848E-01   0.000E+00   6.496E-05
  220    -0.20    -214.0    0.285    0.1704E-02   5.188   2.848E-01   1.000E-15  -2.848E-01   0.000E+00   6.496E-05
  219    -0.30    -214.0    0.285    0.1726E-02   5.189   2.848E-01   1.000E-15  -2.848E-01   0.000E+00   6.496E-05
  218    -0.40    -214.0    0.285    0.1748E-02   5.190   2.848E-01   1.000E-15  -2.848E-01   0.000E+00   6.496E-05
  217    -0.50    -214.0    0.285    0.1770E-02   5.191   2.848E-01   1.000E-15   0.000E+00   0.000E+00   6.496E-05
  216    -0.60    -213.8    0.285    0.1818E-02   5.192   2.848E-01   1.000E-15   2.848E-01   0.000E+00   6.496E-05
  215    -0.70    -213.6    0.285    0.1866E-02   5.194   2.848E-01   1.000E-15   2.848E-01   0.000E+00   6.496E-05
  214    -0.80    -213.4    0.286    0.1914E-02   5.195   2.848E-01   1.000E-15   2.848E-01   0.000E+00   6.496E-05
  213    -0.90    -213.2    0.286    0.1962E-02   5.197   2.848E-01   1.000E-15   2.848E-01   0.000E+00   6.496E-05
  212    -1.00    -213.0    0.286    0.2010E-02   5.198   2.848E-01   1.000E-15   6.329E-02   0.000E+00   6.496E-05
  211    -1.20    -212.8    0.286    0.2050E-02   5.199   2.848E-01   1.000E-15  -4.747E-02   0.000E+00   6.496E-05
  210    -1.40    -212.7    0.286    0.2090E-02   5.201   2.848E-01   1.000E-15  -4.747E-02   0.000E+00   6.496E-05
  209    -1.60    -212.5    0.286    0.2130E-02   5.202   2.848E-01   1.000E-15  -4.747E-02   0.000E+00   6.496E-05
  208    -1.80    -212.3    0.286    0.2170E-02   5.203   2.848E-01   1.000E-15  -4.747E-02   0.000E+00   6.496E-05
  207    -2.00    -212.2    0.286    0.2210E-02   5.204   2.848E-01   1.000E-15  -4.747E-02   0.000E+00   6.496E-05
  206    -2.20    -212.0    0.286    0.2250E-02   5.206   2.848E-01   1.000E-15  -7.911E-03   0.000E+00   6.496E-05
  205    -2.40    -211.8    0.286    0.2276E-02   5.206   2.848E-01   1.000E-15   3.164E-02   0.000E+00   6.496E-05
  204    -2.60    -211.6    0.286    0.2301E-02   5.207   2.848E-01   1.000E-15   3.164E-02   0.000E+00   6.496E-05
  203    -2.80    -211.3    0.286    0.2327E-02   5.208   2.848E-01   1.000E-15   3.164E-02   0.000E+00   6.496E-05
  202    -3.00    -211.1    0.286    0.2352E-02   5.209   2.848E-01   1.000E-15   3.164E-02   0.000E+00   6.496E-05
  201    -3.50    -210.6    0.286    0.2416E-02   5.211   2.848E-01   1.000E-15   3.164E-02   0.000E+00   6.496E-05
  200    -4.00    -210.0    0.287    0.2480E-02   5.213   2.848E-01   1.000E-15   1.582E-02   0.000E+00   6.496E-05
  199    -4.50    -209.5    0.287    0.2500E-02   5.214   2.848E-01   1.000E-15  -0.000E+00   0.000E+00   6.496E-05
  198    -5.00    -209.0    0.287    0.2520E-02   5.214   2.848E-01   1.000E-15  -0.000E+00   0.000E+00   6.496E-05
  197    -5.50    -208.5    0.287    0.2540E-02   5.215   2.848E-01   1.000E-15  -0.000E+00   0.000E+00   6.496E-05
  196    -6.00    -208.0    0.287    0.2560E-02   5.215   2.848E-01   1.000E-15  -0.000E+00   0.000E+00   6.496E-05
  195    -6.50    -207.5    0.287    0.2580E-02   5.216   2.848E-01   1.000E-15  -0.000E+00   0.000E+00   6.496E-05
  194    -7.00    -207.0    0.287    0.2600E-02   5.217   2.848E-01   1.000E-15  -0.000E+00   0.000E+00   6.496E-05
  193    -7.50    -206.5    0.288    0.2620E-02   5.217   2.848E-01   1.000E-15  -0.000E+00   0.000E+00   6.496E-05
  192    -8.00    -206.0    0.288    0.2640E-02   5.218   2.848E-01   1.000E-15  -0.000E+00   0.000E+00   6.496E-05
  191    -9.00    -205.0    0.288    0.2680E-02   5.219   2.848E-01   1.000E-15  -0.000E+00   0.000E+00   6.496E-05
  190   -10.00    -204.0    0.288    0.2720E-02   5.220   2.848E-01   1.000E-15  -0.000E+00   0.000E+00   6.496E-05
  189   -11.00    -203.0    0.289    0.2720E-02   5.220   2.848E-01   1.000E-15  -0.000E+00   0.000E+00   6.496E-05
  188   -12.00    -202.0    0.289    0.2720E-02   5.220   2.848E-01   1.000E-15  -0.000E+00   0.000E+00   6.496E-05
  187   -13.00    -201.0    0.289    0.2720E-02   5.220   2.848E-01   1.000E-15  -0.000E+00   0.000E+00   6.496E-05
  186   -14.00    -200.0    0.290    0.2720E-02   5.220   2.848E-01   1.000E-15  -0.000E+00   0.000E+00   6.496E-05
  185   -15.00    -199.0    0.290    0.2720E-02   5.220   2.848E-01   1.000E-15  -0.000E+00   0.000E+00   6.496E-05
  184   -16.00    -198.0    0.290    0.2720E-02   5.220   2.848E-01   1.000E-15  -0.000E+00   0.000E+00   6.496E-05
  183   -17.00    -197.0    0.290    0.2720E-02   5.220   2.848E-01   1.000E-15  -0.000E+00   0.000E+00   6.496E-05
  182   -18.00    -196.0    0.291    0.2720E-02   5.220   2.848E-01   1.000E-15  -0.000E+00   0.000E+00   6.496E-05
  181   -19.00    -195.0    0.291    0.2720E-02   5.220   2.848E-01   1.000E-15  -0.000E+00   0.000E+00   6.496E-05
  180   -20.00    -194.0    0.291    0.2720E-02   5.220   2.848E-01   1.000E-15  -0.000E+00   0.000E+00   6.496E-05
  179   -21.00    -193.0    0.292    0.2746E-02   5.221   2.848E-01   1.000E-15  -0.000E+00   0.000E+00   6.496E-05
  178   -22.00    -192.0    0.292    0.2771E-02   5.222   2.848E-01   1.000E-15  -0.000E+00   0.000E+00   6.496E-05
  177   -23.00    -191.0    0.292    0.2797E-02   5.223   2.848E-01   1.000E-15  -0.000E+00   0.000E+00   6.496E-05
  176   -24.00    -190.0    0.293    0.2822E-02   5.224   2.848E-01   1.000E-15  -0.000E+00   0.000E+00   6.496E-05
  175   -25.00    -189.0    0.293    0.2848E-02   5.224   2.848E-01   1.000E-15  -0.000E+00   0.000E+00   6.496E-05
  174   -26.00    -188.0    0.294    0.2873E-02   5.225   2.848E-01   1.000E-15  -0.000E+00   0.000E+00   6.496E-05
  173   -27.00    -187.0    0.294    0.2899E-02   5.226   2.848E-01   1.000E-15  -0.000E+00   0.000E+00   6.496E-05
  172   -28.00    -186.0    0.294    0.2924E-02   5.227   2.848E-01   1.000E-15  -0.000E+00   0.000E+00   6.496E-05
  171   -29.00    -185.0    0.295    0.2950E-02   5.228   2.848E-01   1.000E-15  -0.000E+00   0.000E+00   6.496E-05
  170   -30.00    -184.0    0.289    0.2730E-02   5.293   2.175E-01   1.000E-15  -0.000E+00   0.000E+00   6.496E-05
  169   -31.00    -183.0    0.290    0.2782E-02   5.306   2.175E-01   1.000E-15  -0.000E+00   0.000E+00   6.496E-05
  168   -32.00    -182.0    0.290    0.2834E-02   5.319   2.175E-01   1.000E-15  -0.000E+00   0.000E+00   6.496E-05
  167   -33.00    -181.0    0.290    0.2886E-02   5.332   2.175E-01   1.000E-15  -0.000E+00   0.000E+00   6.496E-05
  166   -34.00    -180.0    0.291    0.2938E-02   5.345   2.175E-01   1.000E-15  -0.000E+00   0.000E+00   6.496E-05
  165   -35.00    -179.0    0.291    0.2990E-02   5.359   2.175E-01   1.000E-15  -0.000E+00   0.000E+00   6.496E-05
  164   -36.00    -178.0    0.291    0.3042E-02   5.372   2.175E-01   1.000E-15  -0.000E+00   0.000E+00   6.496E-05
  163   -37.00    -177.0    0.292    0.3094E-02   5.385   2.175E-01   1.000E-15  -0.000E+00   0.000E+00   6.496E-05
  162   -38.00    -176.0    0.292    0.3146E-02   5.398   2.175E-01   1.000E-15  -0.000E+00   0.000E+00   6.496E-05
  161   -39.00    -175.0    0.292    0.3198E-02   5.411   2.175E-01   1.000E-15  -0.000E+00   0.000E+00   6.496E-05
  160   -40.00    -174.0    0.293    0.3250E-02   5.424   2.175E-01   1.000E-15  -0.000E+00   0.000E+00   6.496E-05
  159   -41.00    -173.0    0.293    0.3250E-02   5.424   2.175E-01   1.000E-15  -0.000E+00   0.000E+00   6.496E-05
  158   -42.00    -172.0    0.294    0.3250E-02   5.424   2.175E-01   1.000E-15  -0.000E+00   0.000E+00   6.496E-05
  157   -43.00    -171.0    0.294    0.3250E-02   5.424   2.175E-01   1.000E-15  -0.000E+00   0.000E+00   6.496E-05
  156   -44.00    -170.0    0.294    0.3250E-02   5.424   2.175E-01   1.000E-15  -0.000E+00   0.000E+00   6.496E-05
  155   -45.00    -169.0    0.294    0.3250E-02   5.424   1.287E-01   1.000E-15  -0.000E+00   0.000E+00   6.496E-05
  154   -46.00    -168.0    0.294    0.3644E-02   5.497   1.287E-01   1.000E-15  -0.000E+00   0.000E+00   6.496E-05
  153   -47.00    -167.0    0.294    0.4038E-02   5.570   1.287E-01   1.000E-15  -0.000E+00   0.000E+00   6.496E-05
  152   -48.00    -166.0    0.295    0.4432E-02   5.643   1.287E-01   1.000E-15  -0.000E+00   0.000E+00   6.496E-05
  151   -49.00    -165.0    0.295    0.4826E-02   5.716   1.287E-01   1.000E-15  -0.000E+00   0.000E+00   6.496E-05
  150   -50.00    -164.0    0.295    0.5220E-02   5.790   1.287E-01   1.000E-15  -0.000E+00   0.000E+00   6.496E-05
  149   -51.00    -163.0    0.296    0.5449E-02   5.836   1.287E-01   1.000E-15  -0.000E+00   0.000E+00   6.496E-05
  148   -52.00    -162.0    0.296    0.5678E-02   5.883   1.287E-01   1.000E-15  -0.000E+00   0.000E+00   6.496E-05
  147   -53.00    -161.0    0.296    0.5907E-02   5.929   1.287E-01   1.000E-15  -0.000E+00   0.000E+00   6.496E-05
  146   -54.00    -160.0    0.297    0.6136E-02   5.976   1.287E-01   1.000E-15  -0.000E+00   0.000E+00   6.496E-05
  145   -55.00    -159.0    0.297    0.6365E-02   6.023   1.287E-01   1.000E-15  -0.000E+00   0.000E+00   6.496E-05
  144   -56.00    -158.0    0.297    0.6594E-02   6.069   1.287E-01   1.000E-15  -0.000E+00   0.000E+00   6.496E-05
  143   -57.00    -157.0    0.298    0.6823E-02   6.116   1.287E-01   1.000E-15  -0.000E+00   0.000E+00   6.496E-05
  142   -58.00    -156.0    0.298    0.7052E-02   6.163   1.287E-01   1.000E-15  -0.000E+00   0.000E+00   6.496E-05
  141   -59.00    -155.0    0.298    0.7281E-02   6.209   1.287E-01   1.000E-15  -0.000E+00   0.000E+00   6.496E-05
  140   -60.00    -154.0    0.299    0.7510E-02   6.256   1.287E-01   1.000E-15  -0.000E+00   0.000E+00   6.496E-05
  139   -61.00    -153.0    0.299    0.7510E-02   6.256   1.287E-01   1.000E-15  -0.000E+00   0.000E+00   6.496E-05
  138   -62.00    -152.0    0.299    0.7510E-02   6.256   1.287E-01   1.000E-15  -0.000E+00   0.000E+00   6.496E-05
  137   -63.00    -151.0    0.300    0.7510E-02   6.256   1.287E-01   1.000E-15  -0.000E+00   0.000E+00   6.496E-05
  136   -64.00    -150.0    0.300    0.7510E-02   6.256   1.287E-01   1.000E-15  -0.000E+00   0.000E+00   6.496E-05
  135   -65.00    -149.0    0.301    0.7510E-02   6.256   1.287E-01   1.000E-15  -0.000E+00   0.000E+00   6.496E-05
  134   -66.00    -148.0    0.301    0.7510E-02   6.256   1.287E-01   1.000E-15  -0.000E+00   0.000E+00   6.496E-05
  133   -67.00    -147.0    0.301    0.7510E-02   6.256   1.287E-01   1.000E-15  -0.000E+00   0.000E+00   6.496E-05
  132   -68.00    -146.0    0.302    0.7510E-02   6.256   1.287E-01   1.000E-15  -0.000E+00   0.000E+00   6.496E-05
  131   -69.00    -145.0    0.302    0.7510E-02   6.256   1.287E-01   1.000E-15  -0.000E+00   0.000E+00   6.496E-05
  130   -70.00    -144.0    0.302    0.7510E-02   6.256   1.287E-01   1.000E-15  -0.000E+00   0.000E+00   6.496E-05
  129   -71.00    -143.0    0.303    0.7510E-02   6.256   1.287E-01   1.000E-15  -0.000E+00   0.000E+00   6.496E-05
  128   -72.00    -142.0    0.303    0.7510E-02   6.256   1.287E-01   1.000E-15  -0.000E+00   0.000E+00   6.496E-05
  127   -73.00    -141.0    0.303    0.7510E-02   6.256   1.287E-01   1.000E-15  -0.000E+00   0.000E+00   6.496E-05
  126   -74.00    -140.0    0.304    0.7510E-02   6.256   1.287E-01   1.000E-15  -0.000E+00   0.000E+00   6.496E-05
  125   -75.00    -139.0    0.304    0.7510E-02   6.256   1.287E-01   1.000E-15  -0.000E+00   0.000E+00   6.496E-05
  124   -76.00    -138.0    0.305    0.7510E-02   6.256   1.287E-01   1.000E-15  -0.000E+00   0.000E+00   6.496E-05
  123   -77.00    -137.0    0.305    0.7510E-02   6.256   1.287E-01   1.000E-15  -0.000E+00   0.000E+00   6.496E-05
  122   -78.00    -136.0    0.305    0.7510E-02   6.256   1.287E-01   1.000E-15  -0.000E+00   0.000E+00   6.496E-05
  121   -79.00    -135.0    0.306    0.7510E-02   6.256   1.287E-01   1.000E-15  -0.000E+00   0.000E+00   6.496E-05
  120   -80.00    -134.0    0.306    0.7510E-02   6.256   1.287E-01   1.000E-15  -0.000E+00   0.000E+00   6.496E-05
  119   -81.00    -133.0    0.307    0.7510E-02   6.256   1.287E-01   1.000E-15  -0.000E+00   0.000E+00   6.496E-05
  118   -82.00    -132.0    0.307    0.7510E-02   6.256   1.287E-01   1.000E-15  -0.000E+00   0.000E+00   6.496E-05
  117   -83.00    -131.0    0.307    0.7510E-02   6.256   1.287E-01   1.000E-15  -0.000E+00   0.000E+00   6.496E-05
  116   -84.00    -130.0    0.308    0.7510E-02   6.256   1.287E-01   1.000E-15  -0.000E+00   0.000E+00   6.496E-05
  115   -85.00    -129.0    0.308    0.7510E-02   6.256   1.287E-01   1.000E-15  -0.000E+00   0.000E+00   6.496E-05
  114   -86.00    -128.0    0.309    0.7510E-02   6.256   1.287E-01   1.000E-15  -0.000E+00   0.000E+00   6.496E-05
  113   -87.00    -127.0    0.309    0.7510E-02   6.256   1.287E-01   1.000E-15  -0.000E+00   0.000E+00   6.496E-05
  112   -88.00    -126.0    0.309    0.7510E-02   6.256   1.287E-01   1.000E-15  -0.000E+00   0.000E+00   6.496E-05
  111   -89.00    -125.0    0.310    0.7510E-02   6.256   1.287E-01   1.000E-15  -0.000E+00   0.000E+00   6.496E-05
  110   -90.00    -124.0    0.310    0.7510E-02   6.256   1.287E-01   1.000E-15  -0.000E+00   0.000E+00   6.496E-05
  109   -91.00    -123.0    0.311    0.8089E-02   6.374   1.287E-01   1.000E-15  -0.000E+00   0.000E+00   6.496E-05
  108   -92.00    -122.0    0.311    0.8668E-02   6.492   1.287E-01   1.000E-15  -0.000E+00   0.000E+00   6.496E-05
  107   -93.00    -121.0    0.312    0.9247E-02   6.611   1.287E-01   1.000E-15  -0.000E+00   0.000E+00   6.496E-05
  106   -94.00    -120.0    0.312    0.9826E-02   6.729   1.287E-01   1.000E-15  -0.000E+00   0.000E+00   6.496E-05
  105   -95.00    -119.0    0.312    0.1040E-01   6.847   1.287E-01   1.000E-15  -0.000E+00   0.000E+00   6.496E-05
  104   -96.00    -118.0    0.313    0.1098E-01   6.965   1.287E-01   1.000E-15  -0.000E+00   0.000E+00   6.496E-05
  103   -97.00    -117.0    0.313    0.1156E-01   7.083   1.287E-01   1.000E-15  -0.000E+00   0.000E+00   6.496E-05
  102   -98.00    -116.0    0.314    0.1214E-01   7.201   1.287E-01   1.000E-15  -0.000E+00   0.000E+00   6.496E-05
  101   -99.00    -115.0    0.314    0.1272E-01   7.320   1.287E-01   1.000E-15  -0.000E+00   0.000E+00   6.496E-05
  100  -100.00    -114.0    0.315    0.1330E-01   7.438   1.287E-01   1.000E-15  -0.000E+00   0.000E+00   6.496E-05
   99  -101.00    -113.0    0.315    0.1330E-01   7.438   1.287E-01   1.000E-15  -0.000E+00   0.000E+00   6.496E-05
   98  -102.00    -112.0    0.316    0.1330E-01   7.438   1.287E-01   1.000E-15  -0.000E+00   0.000E+00   6.496E-05
   97  -103.00    -111.0    0.316    0.1330E-01   7.438   1.287E-01   1.000E-15  -0.000E+00   0.000E+00   6.496E-05
   96  -104.00    -110.0    0.317    0.1330E-01   7.438   1.287E-01   1.000E-15  -0.000E+00   0.000E+00   6.496E-05
   95  -105.00    -109.0    0.317    0.1330E-01   7.438   1.287E-01   1.000E-15  -0.000E+00   0.000E+00   6.496E-05
   94  -106.00    -108.0    0.318    0.1330E-01   7.438   1.287E-01   1.000E-15  -0.000E+00   0.000E+00   6.496E-05
   93  -107.00    -107.0    0.318    0.1330E-01   7.438   1.287E-01   1.000E-15  -0.000E+00   0.000E+00   6.496E-05
   92  -108.00    -106.0    0.318    0.1330E-01   7.438   1.287E-01   1.000E-15  -0.000E+00   0.000E+00   6.496E-05
   91  -109.00    -105.0    0.319    0.1330E-01   7.438   1.287E-01   1.000E-15  -0.000E+00   0.000E+00   6.496E-05
   90  -110.00    -104.0    0.315    0.1330E-01   7.438   1.442E-01   1.000E-15  -7.210E-03   0.000E+00   6.496E-05
   89  -111.00    -103.1    0.316    0.1330E-01   7.438   1.442E-01   1.000E-15  -1.442E-02   0.000E+00   6.496E-05
   88  -112.00    -102.2    0.316    0.1330E-01   7.438   1.442E-01   1.000E-15  -1.442E-02   0.000E+00   6.496E-05
   87  -113.00    -101.3    0.317    0.1330E-01   7.438   1.442E-01   1.000E-15  -1.442E-02   0.000E+00   6.496E-05
   86  -114.00    -100.4    0.317    0.1330E-01   7.438   1.442E-01   1.000E-15  -1.442E-02   0.000E+00   6.496E-05
   85  -115.00     -99.5    0.317    0.1330E-01   7.438   1.442E-01   1.000E-15  -1.442E-02   0.000E+00   6.496E-05
   84  -116.00     -98.6    0.318    0.1330E-01   7.438   1.442E-01   1.000E-15  -1.442E-02   0.000E+00   6.496E-05
   83  -117.00     -97.7    0.318    0.1330E-01   7.438   1.442E-01   1.000E-15  -1.442E-02   0.000E+00   6.496E-05
   82  -118.00     -96.8    0.319    0.1330E-01   7.438   1.442E-01   1.000E-15  -1.442E-02   0.000E+00   6.496E-05
   81  -119.00     -95.9    0.319    0.1330E-01   7.438   1.442E-01   1.000E-15  -1.442E-02   0.000E+00   6.496E-05
   80  -120.00     -95.0    0.320    0.1330E-01   7.438   1.442E-01   1.000E-15   0.000E+00   0.000E+00   6.496E-05
   79  -121.00     -93.9    0.321    0.1272E-01   7.320   1.442E-01   1.000E-15   1.442E-02   0.000E+00   6.496E-05
   78  -122.00     -92.8    0.321    0.1214E-01   7.201   1.442E-01   1.000E-15   1.442E-02   0.000E+00   6.496E-05
   77  -123.00     -91.7    0.322    0.1156E-01   7.083   1.442E-01   1.000E-15   1.442E-02   0.000E+00   6.496E-05
   76  -124.00     -90.6    0.322    0.1098E-01   6.965   1.442E-01   1.000E-15   1.442E-02   0.000E+00   6.496E-05
   75  -125.00     -89.5    0.323    0.1041E-01   6.847   1.442E-01   1.000E-15   1.442E-02   0.000E+00   6.496E-05
   74  -126.00     -88.4    0.324    0.9826E-02   6.729   1.442E-01   1.000E-15   1.442E-02   0.000E+00   6.496E-05
   73  -127.00     -87.3    0.324    0.9247E-02   6.611   1.442E-01   1.000E-15   1.442E-02   0.000E+00   6.496E-05
   72  -128.00     -86.2    0.325    0.8668E-02   6.492   1.442E-01   1.000E-15   1.442E-02   0.000E+00   6.496E-05
   71  -129.00     -85.1    0.325    0.8089E-02   6.374   1.442E-01   1.000E-15   1.442E-02   0.000E+00   6.496E-05
   70  -130.00     -84.0    0.326    0.7510E-02   6.256   1.442E-01   1.000E-15   7.210E-03   0.000E+00   6.496E-05
   69  -131.00     -83.0    0.327    0.7510E-02   6.256   1.442E-01   1.000E-15  -0.000E+00   0.000E+00   6.496E-05
   68  -132.00     -82.0    0.327    0.7510E-02   6.256   1.442E-01   1.000E-15  -0.000E+00   0.000E+00   6.496E-05
   67  -133.00     -81.0    0.328    0.7510E-02   6.256   1.442E-01   1.000E-15  -0.000E+00   0.000E+00   6.496E-05
   66  -134.00     -80.0    0.328    0.7510E-02   6.256   1.442E-01   1.000E-15  -0.000E+00   0.000E+00   6.496E-05
   65  -135.00     -79.0    0.329    0.7510E-02   6.256   1.442E-01   1.000E-15  -0.000E+00   0.000E+00   6.496E-05
   64  -136.00     -78.0    0.330    0.7510E-02   6.256   1.442E-01   1.000E-15  -0.000E+00   0.000E+00   6.496E-05
   63  -137.00     -77.0    0.330    0.7510E-02   6.256   1.442E-01   1.000E-15  -0.000E+00   0.000E+00   6.496E-05
   62  -138.00     -76.0    0.331    0.7510E-02   6.256   1.442E-01   1.000E-15  -0.000E+00   0.000E+00   6.496E-05
   61  -139.00     -75.0    0.332    0.7510E-02   6.256   1.442E-01   1.000E-15  -0.000E+00   0.000E+00   6.496E-05
   60  -140.00     -74.0    0.332    0.7510E-02   6.256   1.442E-01   1.000E-15  -0.000E+00   0.000E+00   6.496E-05
   59  -141.00     -73.0    0.333    0.7510E-02   6.256   1.442E-01   1.000E-15  -0.000E+00   0.000E+00   6.496E-05
   58  -142.00     -72.0    0.333    0.7510E-02   6.256   1.442E-01   1.000E-15  -0.000E+00   0.000E+00   6.496E-05
   57  -143.00     -71.0    0.334    0.7510E-02   6.256   1.442E-01   1.000E-15  -0.000E+00   0.000E+00   6.496E-05
   56  -144.00     -70.0    0.335    0.7510E-02   6.256   1.442E-01   1.000E-15  -0.000E+00   0.000E+00   6.496E-05
   55  -145.00     -69.0    0.335    0.7510E-02   6.256   1.442E-01   1.000E-15  -0.000E+00   0.000E+00   6.496E-05
   54  -146.00     -68.0    0.336    0.7510E-02   6.256   1.442E-01   1.000E-15  -0.000E+00   0.000E+00   6.496E-05
   53  -147.00     -67.0    0.337    0.7510E-02   6.256   1.442E-01   1.000E-15  -0.000E+00   0.000E+00   6.496E-05
   52  -148.00     -66.0    0.338    0.7510E-02   6.256   1.442E-01   1.000E-15  -0.000E+00   0.000E+00   6.496E-05
   51  -149.00     -65.0    0.338    0.7510E-02   6.256   1.442E-01   1.000E-15  -0.000E+00   0.000E+00   6.496E-05
   50  -150.00     -64.0    0.339    0.7510E-02   6.256   1.442E-01   1.000E-15  -0.000E+00   0.000E+00   6.496E-05
   49  -151.00     -63.0    0.340    0.7510E-02   6.256   1.442E-01   1.000E-15  -0.000E+00   0.000E+00   6.496E-05
   48  -152.00     -62.0    0.340    0.7510E-02   6.256   1.442E-01   1.000E-15  -0.000E+00   0.000E+00   6.496E-05
   47  -153.00     -61.0    0.341    0.7510E-02   6.256   1.442E-01   1.000E-15  -0.000E+00   0.000E+00   6.496E-05
   46  -154.00     -60.0    0.342    0.7510E-02   6.256   1.442E-01   1.000E-15  -0.000E+00   0.000E+00   6.496E-05
   45  -155.00     -59.0    0.342    0.7510E-02   6.256   1.442E-01   1.000E-15  -0.000E+00   0.000E+00   6.496E-05
   44  -156.00     -58.0    0.343    0.7510E-02   6.256   1.442E-01   1.000E-15  -0.000E+00   0.000E+00   6.496E-05
   43  -157.00     -57.0    0.344    0.7510E-02   6.256   1.442E-01   1.000E-15  -0.000E+00   0.000E+00   6.496E-05
   42  -158.00     -56.0    0.345    0.7510E-02   6.256   1.442E-01   1.000E-15  -0.000E+00   0.000E+00   6.496E-05
   41  -159.00     -55.0    0.345    0.7510E-02   6.256   1.442E-01   1.000E-15  -0.000E+00   0.000E+00   6.496E-05
   40  -160.00     -54.0    0.346    0.7510E-02   6.256   1.442E-01   1.000E-15  -0.000E+00   0.000E+00   6.496E-05
   39  -161.00     -53.0    0.347    0.7510E-02   6.256   1.442E-01   1.000E-15  -0.000E+00   0.000E+00   6.496E-05
   38  -162.00     -52.0    0.348    0.7510E-02   6.256   1.442E-01   1.000E-15  -0.000E+00   0.000E+00   6.496E-05
   37  -163.00     -51.0    0.348    0.7510E-02   6.256   1.442E-01   1.000E-15  -0.000E+00   0.000E+00   6.496E-05
   36  -164.00     -50.0    0.349    0.7510E-02   6.256   1.442E-01   1.000E-15  -0.000E+00   0.000E+00   6.496E-05
   35  -165.00     -49.0    0.350    0.7510E-02   6.256   1.442E-01   1.000E-15  -0.000E+00   0.000E+00   6.496E-05
   34  -166.00     -48.0    0.351    0.7510E-02   6.256   1.442E-01   1.000E-15  -0.000E+00   0.000E+00   6.496E-05
   33  -167.00     -47.0    0.352    0.7510E-02   6.256   1.442E-01   1.000E-15  -0.000E+00   0.000E+00   6.496E-05
   32  -168.00     -46.0    0.353    0.7510E-02   6.256   1.442E-01   1.000E-15  -0.000E+00   0.000E+00   6.496E-05
   31  -169.00     -45.0    0.353    0.7510E-02   6.256   1.442E-01   1.000E-15  -0.000E+00   0.000E+00   6.496E-05
   30  -170.00     -44.0    0.354    0.7510E-02   6.256   1.442E-01   1.000E-15  -0.000E+00   0.000E+00   6.496E-05
   29  -171.00     -43.0    0.355    0.8089E-02   6.374   1.442E-01   1.000E-15  -0.000E+00   0.000E+00   6.496E-05
   28  -172.00     -42.0    0.356    0.8668E-02   6.492   1.442E-01   1.000E-15  -0.000E+00   0.000E+00   6.496E-05
   27  -173.00     -41.0    0.357    0.9247E-02   6.611   1.442E-01   1.000E-15  -0.000E+00   0.000E+00   6.496E-05
   26  -174.00     -40.0    0.358    0.9826E-02   6.729   1.442E-01   1.000E-15  -0.000E+00   0.000E+00   6.496E-05
   25  -175.00     -39.0    0.359    0.1040E-01   6.847   1.442E-01   1.000E-15  -0.000E+00   0.000E+00   6.496E-05
   24  -176.00     -38.0    0.359    0.1098E-01   6.965   1.442E-01   1.000E-15  -0.000E+00   0.000E+00   6.496E-05
   23  -177.00     -37.0    0.360    0.1156E-01   7.083   1.442E-01   1.000E-15  -0.000E+00   0.000E+00   6.496E-05
   22  -178.00     -36.0    0.361    0.1214E-01   7.201   1.442E-01   1.000E-15  -0.000E+00   0.000E+00   6.496E-05
   21  -179.00     -35.0    0.362    0.1272E-01   7.320   1.442E-01   1.000E-15  -0.000E+00   0.000E+00   6.496E-05
   20  -180.00     -34.0    0.363    0.1330E-01   7.438   1.442E-01   1.000E-15  -0.000E+00   0.000E+00   6.496E-05
   19  -181.00     -33.0    0.364    0.1330E-01   7.438   1.442E-01   1.000E-15  -0.000E+00   0.000E+00   6.496E-05
   18  -182.00     -32.0    0.365    0.1330E-01   7.438   1.442E-01   1.000E-15  -0.000E+00   0.000E+00   6.496E-05
   17  -183.00     -31.0    0.366    0.1330E-01   7.438   1.442E-01   1.000E-15  -0.000E+00   0.000E+00   6.496E-05
   16  -184.00     -30.0    0.367    0.1330E-01   7.438   1.442E-01   1.000E-15  -0.000E+00   0.000E+00   6.496E-05
   15  -185.00     -29.0    0.368    0.1330E-01   7.438   1.442E-01   1.000E-15  -0.000E+00   0.000E+00   6.496E-05
   14  -186.00     -28.0    0.369    0.1330E-01   7.438   1.442E-01   1.000E-15  -0.000E+00   0.000E+00   6.496E-05
   13  -187.00     -27.0    0.370    0.1330E-01   7.438   1.442E-01   1.000E-15  -0.000E+00   0.000E+00   6.496E-05
   12  -188.00     -26.0    0.370    0.1330E-01   7.438   1.442E-01   1.000E-15  -0.000E+00   0.000E+00   6.496E-05
   11  -189.00     -25.0    0.371    0.1330E-01   7.438   1.442E-01   1.000E-15  -0.000E+00   0.000E+00   6.496E-05
   10  -190.00     -24.0    0.372    0.1330E-01   7.438   1.442E-01   1.000E-15   1.202E-01   0.000E+00   6.496E-05
    9  -191.00     -21.3    0.375    0.1330E-01   7.438   1.442E-01   1.000E-15   2.403E-01   0.000E+00   6.496E-05
    8  -192.00     -18.7    0.378    0.1330E-01   7.438   1.442E-01   1.000E-15   2.403E-01   0.000E+00   6.496E-05
    7  -193.00     -16.0    0.380    0.1330E-01   7.438   1.442E-01   1.000E-15   2.403E-01   0.000E+00   6.496E-05
    6  -194.00     -13.3    0.383    0.1330E-01   7.438   1.442E-01   1.000E-15   2.403E-01   0.000E+00   6.496E-05
    5  -195.00     -10.7    0.385    0.1330E-01   7.438   1.442E-01   1.000E-15   2.403E-01   0.000E+00   6.496E-05
    4  -196.00      -8.0    0.388    0.1330E-01   7.438   1.442E-01   1.000E-15   2.403E-01   0.000E+00   6.496E-05
    3  -197.00      -5.3    0.390    0.1330E-01   7.438   1.442E-01   1.000E-15   2.403E-01   0.000E+00   6.496E-05
    2  -198.00      -2.7    0.392    0.1330E-01   7.438   1.442E-01   1.000E-15   2.403E-01   0.000E+00   6.496E-05
    1  -199.00      -0.0    0.394    0.1330E-01   7.438   1.442E-01   1.000E-15   2.403E-01   0.000E+00   6.496E-05
#Time:       1
  222     0.00    -214.9    0.285    0.3800E-03  11.490   2.848E-01   7.119E-04   7.750E-03   0.000E+00   6.483E-05
  221    -0.10    -214.8    0.285    0.4085E-03  11.407   2.848E-01   7.119E-04   7.742E-03   0.000E+00   6.483E-05
  220    -0.20    -214.7    0.285    0.4371E-03  11.324   2.848E-01   7.119E-04   7.728E-03   0.000E+00   6.483E-05
  219    -0.30    -214.6    0.285    0.4656E-03  11.242   2.848E-01   7.119E-04   7.713E-03   0.000E+00   6.483E-05
  218    -0.40    -214.5    0.285    0.4940E-03  11.159   2.848E-01   7.119E-04   7.699E-03   0.000E+00   6.483E-05
  217    -0.50    -214.4    0.285    0.5225E-03  11.077   2.848E-01   7.119E-04   7.684E-03   0.000E+00   6.483E-05
  216    -0.60    -214.3    0.285    0.5509E-03  10.994   2.848E-01   7.119E-04   7.669E-03   0.000E+00   6.483E-05
  215    -0.70    -214.2    0.285    0.5792E-03  10.912   2.848E-01   7.119E-04   7.655E-03   0.000E+00   6.483E-05
  214    -0.80    -214.1    0.285    0.6076E-03  10.830   2.848E-01   7.119E-04   7.640E-03   0.000E+00   6.483E-05
  213    -0.90    -214.0    0.285    0.6358E-03  10.748   2.848E-01   7.119E-04   7.625E-03   0.000E+00   6.483E-05
  212    -1.00    -213.9    0.285    0.6641E-03  10.666   2.848E-01   7.119E-04   7.603E-03   0.000E+00   6.483E-05
  211    -1.20    -213.7    0.285    0.7204E-03  10.504   2.848E-01   7.119E-04   7.581E-03   0.000E+00   6.483E-05
  210    -1.40    -213.5    0.286    0.7764E-03  10.342   2.848E-01   7.119E-04   7.552E-03   0.000E+00   6.483E-05
  209    -1.60    -213.3    0.286    0.8322E-03  10.182   2.848E-01   7.119E-04   7.523E-03   0.000E+00   6.483E-05
  208    -1.80    -213.1    0.286    0.8877E-03  10.023   2.848E-01   7.119E-04   7.494E-03   0.000E+00   6.483E-05
  207    -2.00    -212.9    0.286    0.9428E-03   9.865   2.848E-01   7.119E-04   7.465E-03   0.000E+00   6.483E-05
  206    -2.20    -212.7    0.286    0.9975E-03   9.710   2.848E-01   7.119E-04   7.435E-03   0.000E+00   6.483E-05
  205    -2.40    -212.5    0.286    0.1052E-02   9.556   2.848E-01   7.119E-04   7.406E-03   0.000E+00   6.483E-05
  204    -2.60    -212.3    0.286    0.1106E-02   9.404   2.848E-01   7.119E-04   7.377E-03   0.000E+00   6.483E-05
  203    -2.80    -212.1    0.286    0.1159E-02   9.255   2.848E-01   7.119E-04   7.348E-03   0.000E+00   6.483E-05
  202    -3.00    -211.9    0.286    0.1212E-02   9.107   2.848E-01   7.119E-04   7.297E-03   0.000E+00   6.483E-05
  201    -3.50    -211.4    0.286    0.1342E-02   8.750   2.848E-01   7.119E-04   7.245E-03   0.000E+00   6.483E-05
  200    -4.00    -210.8    0.286    0.1468E-02   8.409   2.848E-01   7.119E-04   7.173E-03   0.000E+00   6.483E-05
  199    -4.50    -210.3    0.286    0.1589E-02   8.086   2.848E-01   7.119E-04   7.100E-03   0.000E+00   6.483E-05
  198    -5.00    -209.8    0.287    0.1705E-02   7.782   2.848E-01   7.119E-04   7.027E-03   0.000E+00   6.483E-05
  197    -5.50    -209.3    0.287    0.1815E-02   7.498   2.848E-01   7.119E-04   6.954E-03   0.000E+00   6.483E-05
  196    -6.00    -208.8    0.287    0.1920E-02   7.235   2.848E-01   7.119E-04   6.882E-03   0.000E+00   6.483E-05
  195    -6.50    -208.3    0.287    0.2019E-02   6.992   2.848E-01   7.119E-04   6.809E-03   0.000E+00   6.483E-05
  194    -7.00    -207.8    0.287    0.2111E-02   6.770   2.848E-01   7.119E-04   6.737E-03   0.000E+00   6.483E-05
  193    -7.50    -207.3    0.287    0.2196E-02   6.568   2.848E-01   7.119E-04   6.665E-03   0.000E+00   6.483E-05
  192    -8.00    -206.7    0.288    0.2275E-02   6.385   2.848E-01   7.119E-04   6.557E-03   0.000E+00   6.483E-05
  191    -9.00    -205.7    0.288    0.2413E-02   6.076   2.848E-01   7.119E-04   6.449E-03   0.000E+00   6.483E-05
  190   -10.00    -204.7    0.288    0.2526E-02   5.834   2.848E-01   7.119E-04   6.306E-03   0.000E+00   6.483E-05
  189   -11.00    -203.7    0.288    0.2617E-02   5.650   2.848E-01   7.119E-04   6.164E-03   0.000E+00   6.483E-05
  188   -12.00    -202.7    0.289    0.2688E-02   5.514   2.848E-01   7.119E-04   6.022E-03   0.000E+00   6.483E-05
  187   -13.00    -201.6    0.289    0.2742E-02   5.416   2.848E-01   7.119E-04   5.881E-03   0.000E+00   6.483E-05
  186   -14.00    -200.6    0.289    0.2784E-02   5.348   2.848E-01   7.119E-04   5.741E-03   0.000E+00   6.483E-05
  185   -15.00    -199.6    0.290    0.2816E-02   5.302   2.848E-01   7.119E-04   5.602E-03   0.000E+00   6.483E-05
  184   -16.00    -198.6    0.290    0.2840E-02   5.271   2.848E-01   7.119E-04   5.464E-03   0.000E+00   6.483E-05
  183   -17.00    -197.6    0.290    0.2859E-02   5.253   2.848E-01   7.119E-04   5.327E-03   0.000E+00   6.483E-05
  182   -18.00    -196.5    0.291    0.2875E-02   5.241   2.848E-01   7.119E-04   5.191E-03   0.000E+00   6.483E-05
  181   -19.00    -195.5    0.291    0.2889E-02   5.235   2.848E-01   7.119E-04   5.042E-03   0.000E+00   6.483E-05
  180   -20.00    -194.5    0.291    0.2901E-02   5.233   2.848E-01   7.119E-04   4.880E-03   0.000E+00   6.483E-05
  179   -21.00    -193.5    0.292    0.2913E-02   5.233   2.848E-01   7.119E-04   4.720E-03   0.000E+00   6.483E-05
  178   -22.00    -192.5    0.292    0.2925E-02   5.235   2.848E-01   7.119E-04   4.562E-03   0.000E+00   6.483E-05
  177   -23.00    -191.5    0.292    0.2937E-02   5.238   2.848E-01   7.119E-04   4.405E-03   0.000E+00   6.483E-05
  176   -24.00    -190.4    0.293    0.2948E-02   5.243   2.848E-01   7.119E-04   4.249E-03   0.000E+00   6.483E-05
  175   -25.00    -189.4    0.293    0.2960E-02   5.248   2.848E-01   7.119E-04   4.096E-03   0.000E+00   6.483E-05
  174   -26.00    -188.4    0.293    0.2973E-02   5.255   2.848E-01   7.119E-04   3.944E-03   0.000E+00   6.483E-05
  173   -27.00    -187.4    0.294    0.2985E-02   5.263   2.848E-01   7.119E-04   3.794E-03   0.000E+00   6.483E-05
  172   -28.00    -186.4    0.294    0.2998E-02   5.272   2.848E-01   7.119E-04   3.646E-03   0.000E+00   6.483E-05
  171   -29.00    -185.4    0.295    0.3012E-02   5.281   2.848E-01   7.119E-04   3.499E-03   0.000E+00   6.483E-05
  170   -30.00    -184.4    0.289    0.3028E-02   5.292   2.175E-01   7.119E-04   3.358E-03   0.000E+00   6.483E-05
  169   -31.00    -183.3    0.290    0.3047E-02   5.303   2.175E-01   7.119E-04   3.223E-03   0.000E+00   6.483E-05
  168   -32.00    -182.3    0.290    0.3067E-02   5.315   2.175E-01   7.119E-04   3.089E-03   0.000E+00   6.483E-05
  167   -33.00    -181.3    0.290    0.3090E-02   5.328   2.175E-01   7.119E-04   2.959E-03   0.000E+00   6.483E-05
  166   -34.00    -180.3    0.291    0.3116E-02   5.341   2.175E-01   7.119E-04   2.830E-03   0.000E+00   6.483E-05
  165   -35.00    -179.3    0.291    0.3145E-02   5.355   2.175E-01   7.119E-04   2.704E-03   0.000E+00   6.483E-05
  164   -36.00    -178.3    0.291    0.3176E-02   5.369   2.175E-01   7.119E-04   2.581E-03   0.000E+00   6.483E-05
  163   -37.00    -177.3    0.292    0.3211E-02   5.385   2.175E-01   7.119E-04   2.460E-03   0.000E+00   6.483E-05
  162   -38.00    -176.3    0.292    0.3250E-02   5.401   2.175E-01   7.119E-04   2.342E-03   0.000E+00   6.483E-05
  161   -39.00    -175.2    0.292    0.3293E-02   5.419   2.175E-01   7.119E-04   2.227E-03   0.000E+00   6.483E-05
  160   -40.00    -174.2    0.293    0.3340E-02   5.439   2.175E-01   7.119E-04   2.113E-03   0.000E+00   6.483E-05
  159   -41.00    -173.2    0.293    0.3393E-02   5.460   2.175E-01   7.119E-04   2.002E-03   0.000E+00   6.483E-05
  158   -42.00    -172.2    0.293    0.3452E-02   5.484   2.175E-01   7.119E-04   1.894E-03   0.000E+00   6.483E-05
  157   -43.00    -171.2    0.294    0.3519E-02   5.511   2.175E-01   7.119E-04   1.788E-03   0.000E+00   6.483E-05
  156   -44.00    -170.2    0.294    0.3595E-02   5.540   2.175E-01   7.119E-04   1.685E-03   0.000E+00   6.483E-05
  155   -45.00    -169.2    0.294    0.3703E-02   5.573   1.287E-01   7.119E-04   1.590E-03   0.000E+00   6.483E-05
  154   -46.00    -168.2    0.294    0.3872E-02   5.608   1.287E-01   7.119E-04   1.505E-03   0.000E+00   6.483E-05
  153   -47.00    -167.2    0.294    0.4068E-02   5.645   1.287E-01   7.119E-04   1.423E-03   0.000E+00   6.483E-05
  152   -48.00    -166.2    0.294    0.4291E-02   5.685   1.287E-01   7.119E-04   1.344E-03   0.000E+00   6.483E-05
  151   -49.00    -165.1    0.295    0.4534E-02   5.726   1.287E-01   7.119E-04   1.263E-03   0.000E+00   6.483E-05
  150   -50.00    -164.1    0.295    0.4792E-02   5.769   1.287E-01   7.119E-04   1.178E-03   0.000E+00   6.483E-05
  149   -51.00    -163.1    0.296    0.5059E-02   5.813   1.287E-01   7.119E-04   1.097E-03   0.000E+00   6.483E-05
  148   -52.00    -162.1    0.296    0.5328E-02   5.856   1.287E-01   7.119E-04   1.019E-03   0.000E+00   6.483E-05
  147   -53.00    -161.1    0.296    0.5593E-02   5.899   1.287E-01   7.119E-04   9.453E-04   0.000E+00   6.483E-05
  146   -54.00    -160.1    0.297    0.5851E-02   5.941   1.287E-01   7.119E-04   8.744E-04   0.000E+00   6.483E-05
  145   -55.00    -159.1    0.297    0.6097E-02   5.981   1.287E-01   7.119E-04   8.067E-04   0.000E+00   6.483E-05
  144   -56.00    -158.1    0.297    0.6329E-02   6.019   1.287E-01   7.119E-04   7.420E-04   0.000E+00   6.483E-05
  143   -57.00    -157.1    0.298    0.6547E-02   6.054   1.287E-01   7.119E-04   6.801E-04   0.000E+00   6.483E-05
  142   -58.00    -156.1    0.298    0.6746E-02   6.086   1.287E-01   7.119E-04   6.210E-04   0.000E+00   6.483E-05
  141   -59.00    -155.1    0.298    0.6926E-02   6.116   1.287E-01   7.119E-04   5.644E-04   0.000E+00   6.483E-05
  140   -60.00    -154.1    0.299    0.7085E-02   6.141   1.287E-01   7.119E-04   5.103E-04   0.000E+00   6.483E-05
  139   -61.00    -153.1    0.299    0.7220E-02   6.164   1.287E-01   7.119E-04   4.585E-04   0.000E+00   6.483E-05
  138   -62.00    -152.1    0.299    0.7331E-02   6.183   1.287E-01   7.119E-04   4.089E-04   0.000E+00   6.483E-05
  137   -63.00    -151.1    0.300    0.7419E-02   6.199   1.287E-01   7.119E-04   3.614E-04   0.000E+00   6.483E-05
  136   -64.00    -150.1    0.300    0.7485E-02   6.213   1.287E-01   7.119E-04   3.158E-04   0.000E+00   6.483E-05
  135   -65.00    -149.1    0.300    0.7533E-02   6.224   1.287E-01   7.119E-04   2.721E-04   0.000E+00   6.483E-05
  134   -66.00    -148.1    0.301    0.7565E-02   6.232   1.287E-01   7.119E-04   2.301E-04   0.000E+00   6.483E-05
  133   -67.00    -147.1    0.301    0.7586E-02   6.239   1.287E-01   7.119E-04   1.898E-04   0.000E+00   6.483E-05
  132   -68.00    -146.1    0.302    0.7599E-02   6.244   1.287E-01   7.119E-04   1.509E-04   0.000E+00   6.483E-05
  131   -69.00    -145.0    0.302    0.7606E-02   6.248   1.287E-01   7.119E-04   1.136E-04   0.000E+00   6.483E-05
  130   -70.00    -144.0    0.302    0.7610E-02   6.250   1.287E-01   7.119E-04   7.751E-05   0.000E+00   6.483E-05
  129   -71.00    -143.0    0.303    0.7612E-02   6.252   1.287E-01   7.119E-04   4.274E-05   0.000E+00   6.483E-05
  128   -72.00    -142.0    0.303    0.7613E-02   6.254   1.287E-01   7.119E-04   9.184E-06   0.000E+00   6.483E-05
  127   -73.00    -141.0    0.303    0.7614E-02   6.255   1.287E-01   7.119E-04  -2.323E-05   0.000E+00   6.483E-05
  126   -74.00    -140.0    0.304    0.7614E-02   6.256   1.287E-01   7.119E-04  -5.707E-05   0.000E+00   6.483E-05
  125   -75.00    -139.0    0.304    0.7615E-02   6.257   1.287E-01   7.119E-04  -9.234E-05   0.000E+00   6.483E-05
  124   -76.00    -138.0    0.304    0.7615E-02   6.258   1.287E-01   7.119E-04  -1.265E-04   0.000E+00   6.483E-05
  123   -77.00    -137.1    0.305    0.7615E-02   6.260   1.287E-01   7.119E-04  -1.596E-04   0.000E+00   6.483E-05
  122   -78.00    -136.1    0.305    0.7616E-02   6.262   1.287E-01   7.119E-04  -1.916E-04   0.000E+00   6.483E-05
  121   -79.00    -135.1    0.306    0.7617E-02   6.265   1.287E-01   7.119E-04  -2.227E-04   0.000E+00   6.483E-05
  120   -80.00    -134.1    0.306    0.7618E-02   6.270   1.287E-01   7.119E-04  -2.528E-04   0.000E+00   6.483E-05
  119   -81.00    -133.1    0.307    0.7620E-02   6.277   1.287E-01   7.119E-04  -2.820E-04   0.000E+00   6.483E-05
  118   -82.00    -132.1    0.307    0.7623E-02   6.286   1.287E-01   7.119E-04  -3.101E-04   0.000E+00   6.483E-05
  117   -83.00    -131.1    0.307    0.7628E-02   6.299   1.287E-01   7.119E-04  -3.373E-04   0.000E+00   6.483E-05
  116   -84.00    -130.1    0.308    0.7636E-02   6.315   1.287E-01   7.119E-04  -3.634E-04   0.000E+00   6.483E-05
  115   -85.00    -129.1    0.308    0.7651E-02   6.336   1.287E-01   7.119E-04  -3.885E-04   0.000E+00   6.483E-05
  114   -86.00    -128.1    0.309    0.7678E-02   6.362   1.287E-01   7.119E-04  -4.124E-04   0.000E+00   6.483E-05
  113   -87.00    -127.1    0.309    0.7725E-02   6.394   1.287E-01   7.119E-04  -4.351E-04   0.000E+00   6.483E-05
  112   -88.00    -126.1    0.309    0.7800E-02   6.432   1.287E-01   7.119E-04  -4.565E-04   0.000E+00   6.483E-05
  111   -89.00    -125.1    0.310    0.7918E-02   6.477   1.287E-01   7.119E-04  -4.766E-04   0.000E+00   6.483E-05
  110   -90.00    -124.1    0.310    0.8088E-02   6.527   1.287E-01   7.119E-04  -4.952E-04   0.000E+00   6.483E-05
  109   -91.00    -123.1    0.311    0.8321E-02   6.583   1.287E-01   7.119E-04  -5.124E-04   0.000E+00   6.483E-05
  108   -92.00    -122.1    0.311    0.8621E-02   6.644   1.287E-01   7.119E-04  -5.279E-04   0.000E+00   6.483E-05
  107   -93.00    -121.1    0.311    0.8986E-02   6.710   1.287E-01   7.119E-04  -5.418E-04   0.000E+00   6.483E-05
  106   -94.00    -120.1    0.312    0.9408E-02   6.778   1.287E-01   7.119E-04  -5.539E-04   0.000E+00   6.483E-05
  105   -95.00    -119.1    0.312    0.9874E-02   6.848   1.287E-01   7.119E-04  -5.642E-04   0.000E+00   6.483E-05
  104   -96.00    -118.1    0.313    0.1037E-01   6.917   1.287E-01   7.119E-04  -5.731E-04   0.000E+00   6.483E-05
  103   -97.00    -117.1    0.313    0.1087E-01   6.985   1.287E-01   7.119E-04  -5.805E-04   0.000E+00   6.483E-05
  102   -98.00    -116.1    0.314    0.1135E-01   7.051   1.287E-01   7.119E-04  -5.854E-04   0.000E+00   6.483E-05
  101   -99.00    -115.1    0.314    0.1181E-01   7.112   1.287E-01   7.119E-04  -5.878E-04   0.000E+00   6.483E-05
  100  -100.00    -114.1    0.315    0.1222E-01   7.168   1.287E-01   7.119E-04  -5.876E-04   0.000E+00   6.483E-05
   99  -101.00    -113.1    0.315    0.1256E-01   7.218   1.287E-01   7.119E-04  -5.846E-04   0.000E+00   6.483E-05
   98  -102.00    -112.1    0.316    0.1284E-01   7.262   1.287E-01   7.119E-04  -5.788E-04   0.000E+00   6.483E-05
   97  -103.00    -111.1    0.316    0.1305E-01   7.300   1.287E-01   7.119E-04  -5.703E-04   0.000E+00   6.483E-05
   96  -104.00    -110.1    0.317    0.1320E-01   7.331   1.287E-01   7.119E-04  -5.591E-04   0.000E+00   6.483E-05
   95  -105.00    -109.2    0.317    0.1329E-01   7.357   1.287E-01   7.119E-04  -5.452E-04   0.000E+00   6.483E-05
   94  -106.00    -108.2    0.317    0.1335E-01   7.377   1.287E-01   7.119E-04  -5.286E-04   0.000E+00   6.483E-05
   93  -107.00    -107.2    0.318    0.1338E-01   7.392   1.287E-01   7.119E-04  -5.096E-04   0.000E+00   6.483E-05
   92  -108.00    -106.2    0.318    0.1340E-01   7.402   1.287E-01   7.119E-04  -4.882E-04   0.000E+00   6.483E-05
   91  -109.00    -105.2    0.319    0.1341E-01   7.409   1.287E-01   7.119E-04  -4.646E-04   0.000E+00   6.483E-05
   90  -110.00    -104.2    0.315    0.1341E-01   7.411   1.442E-01   7.119E-04  -4.392E-04   0.000E+00   6.483E-05
   89  -111.00    -103.2    0.316    0.1341E-01   7.410   1.442E-01   7.119E-04  -4.120E-04   0.000E+00   6.483E-05
   88  -112.00    -102.2    0.316    0.1341E-01   7.404   1.442E-01   7.119E-04  -3.836E-04   0.000E+00   6.483E-05
   87  -113.00    -101.2    0.317    0.1341E-01   7.394   1.442E-01   7.119E-04  -3.542E-04   0.000E+00   6.483E-05
   86  -114.00    -100.2    0.317    0.1340E-01   7.380   1.442E-01   7.119E-04  -3.217E-04   0.000E+00   6.483E-05
   85  -115.00     -99.2    0.318    0.1339E-01   7.361   1.442E-01   7.119E-04  -2.864E-04   0.000E+00   6.483E-05
   84  -116.00     -98.2    0.318    0.1337E-01   7.336   1.442E-01   7.119E-04  -2.513E-04   0.000E+00   6.483E-05
   83  -117.00     -97.2    0.319    0.1334E-01   7.304   1.442E-01   7.119E-04  -2.169E-04   0.000E+00   6.483E-05
   82  -118.00     -96.2    0.319    0.1328E-01   7.267   1.442E-01   7.119E-04  -1.840E-04   0.000E+00   6.483E-05
   81  -119.00     -95.2    0.320    0.1319E-01   7.222   1.442E-01   7.119E-04  -1.533E-04   0.000E+00   6.483E-05
   80  -120.00     -94.2    0.320    0.1304E-01   7.172   1.442E-01   7.119E-04  -1.254E-04   0.000E+00   6.483E-05
   79  -121.00     -93.2    0.321    0.1282E-01   7.115   1.442E-01   7.119E-04  -1.011E-04   0.000E+00   6.483E-05
   78  -122.00     -92.2    0.321    0.1252E-01   7.053   1.442E-01   7.119E-04  -8.115E-05   0.000E+00   6.483E-05
   77  -123.00     -91.2    0.322    0.1214E-01   6.986   1.442E-01   7.119E-04  -6.643E-05   0.000E+00   6.483E-05
   76  -124.00     -90.2    0.323    0.1170E-01   6.917   1.442E-01   7.119E-04  -5.777E-05   0.000E+00   6.483E-05
   75  -125.00     -89.2    0.323    0.1120E-01   6.846   1.442E-01   7.119E-04  -5.607E-05   0.000E+00   6.483E-05
   74  -126.00     -88.2    0.324    0.1067E-01   6.775   1.442E-01   7.119E-04  -6.225E-05   0.000E+00   6.483E-05
   73  -127.00     -87.2    0.324    0.1013E-01   6.706   1.442E-01   7.119E-04  -7.727E-05   0.000E+00   6.483E-05
   72  -128.00     -86.2    0.325    0.9605E-02   6.639   1.442E-01   7.119E-04  -1.021E-04   0.000E+00   6.483E-05
   71  -129.00     -85.2    0.325    0.9107E-02   6.577   1.442E-01   7.119E-04  -1.377E-04   0.000E+00   6.483E-05
   70  -130.00     -84.2    0.326    0.8667E-02   6.521   1.442E-01   7.119E-04  -1.882E-04   0.000E+00   6.483E-05
   69  -131.00     -83.2    0.326    0.8303E-02   6.470   1.442E-01   7.119E-04  -2.557E-04   0.000E+00   6.483E-05
   68  -132.00     -82.2    0.327    0.8029E-02   6.426   1.442E-01   7.119E-04  -3.399E-04   0.000E+00   6.483E-05
   67  -133.00     -81.2    0.328    0.7842E-02   6.388   1.442E-01   7.119E-04  -4.427E-04   0.000E+00   6.483E-05
   66  -134.00     -80.2    0.328    0.7731E-02   6.357   1.442E-01   7.119E-04  -5.663E-04   0.000E+00   6.483E-05
   65  -135.00     -79.2    0.329    0.7672E-02   6.331   1.442E-01   7.119E-04  -7.130E-04   0.000E+00   6.483E-05
   64  -136.00     -78.2    0.330    0.7645E-02   6.311   1.442E-01   7.119E-04  -8.849E-04   0.000E+00   6.483E-05
   63  -137.00     -77.2    0.330    0.7634E-02   6.295   1.442E-01   7.119E-04  -1.085E-03   0.000E+00   6.483E-05
   62  -138.00     -76.2    0.331    0.7629E-02   6.283   1.442E-01   7.119E-04  -1.315E-03   0.000E+00   6.483E-05
   61  -139.00     -75.2    0.331    0.7626E-02   6.275   1.442E-01   7.119E-04  -1.579E-03   0.000E+00   6.483E-05
   60  -140.00     -74.3    0.332    0.7624E-02   6.269   1.442E-01   7.119E-04  -1.879E-03   0.000E+00   6.483E-05
   59  -141.00     -73.3    0.333    0.7623E-02   6.264   1.442E-01   7.119E-04  -2.220E-03   0.000E+00   6.483E-05
   58  -142.00     -72.3    0.333    0.7622E-02   6.261   1.442E-01   7.119E-04  -2.603E-03   0.000E+00   6.483E-05
   57  -143.00     -71.3    0.334    0.7622E-02   6.259   1.442E-01   7.119E-04  -3.058E-03   0.000E+00   6.483E-05
   56  -144.00     -70.3    0.335    0.7622E-02   6.258   1.442E-01   7.119E-04  -3.593E-03   0.000E+00   6.483E-05
   55  -145.00     -69.4    0.335    0.7622E-02   6.257   1.442E-01   7.119E-04  -4.191E-03   0.000E+00   6.483E-05
   54  -146.00     -68.4    0.336    0.7622E-02   6.257   1.442E-01   7.119E-04  -4.861E-03   0.000E+00   6.483E-05
   53  -147.00     -67.4    0.337    0.7622E-02   6.257   1.442E-01   7.119E-04  -5.609E-03   0.000E+00   6.483E-05
   52  -148.00     -66.5    0.337    0.7622E-02   6.257   1.442E-01   7.119E-04  -6.445E-03   0.000E+00   6.483E-05
   51  -149.00     -65.5    0.338    0.7622E-02   6.257   1.442E-01   7.119E-04  -7.376E-03   0.000E+00   6.483E-05
   50  -150.00     -64.6    0.338    0.7622E-02   6.257   1.442E-01   7.119E-04  -8.413E-03   0.000E+00   6.483E-05
   49  -151.00     -63.6    0.339    0.7622E-02   6.257   1.442E-01   7.119E-04  -9.565E-03   0.000E+00   6.483E-05
   48  -152.00     -62.7    0.340    0.7622E-02   6.257   1.442E-01   7.119E-04  -1.085E-02   0.000E+00   6.483E-05
   47  -153.00     -61.8    0.340    0.7622E-02   6.257   1.442E-01   7.119E-04  -1.227E-02   0.000E+00   6.483E-05
   46  -154.00     -60.9    0.341    0.7622E-02   6.257   1.442E-01   7.119E-04  -1.385E-02   0.000E+00   6.483E-05
   45  -155.00     -60.0    0.342    0.7623E-02   6.258   1.442E-01   7.119E-04  -1.567E-02   0.000E+00   6.483E-05
   44  -156.00     -59.1    0.342    0.7623E-02   6.259   1.442E-01   7.119E-04  -1.774E-02   0.000E+00   6.483E-05
   43  -157.00     -58.2    0.343    0.7623E-02   6.260   1.442E-01   7.119E-04  -2.001E-02   0.000E+00   6.483E-05
   42  -158.00     -57.4    0.344    0.7624E-02   6.262   1.442E-01   7.119E-04  -2.250E-02   0.000E+00   6.483E-05
   41  -159.00     -56.5    0.344    0.7625E-02   6.265   1.442E-01   7.119E-04  -2.522E-02   0.000E+00   6.483E-05
   40  -160.00     -55.7    0.345    0.7626E-02   6.270   1.442E-01   7.119E-04  -2.821E-02   0.000E+00   6.483E-05
   39  -161.00     -54.9    0.346    0.7628E-02   6.276   1.442E-01   7.119E-04  -3.147E-02   0.000E+00   6.483E-05
   38  -162.00     -54.1    0.346    0.7630E-02   6.285   1.442E-01   7.119E-04  -3.502E-02   0.000E+00   6.483E-05
   37  -163.00     -53.4    0.347    0.7632E-02   6.297   1.442E-01   7.119E-04  -3.889E-02   0.000E+00   6.483E-05
   36  -164.00     -52.7    0.347    0.7636E-02   6.313   1.442E-01   7.119E-04  -4.310E-02   0.000E+00   6.483E-05
   35  -165.00     -52.0    0.348    0.7641E-02   6.333   1.442E-01   7.119E-04  -4.765E-02   0.000E+00   6.483E-05
   34  -166.00     -51.3    0.348    0.7646E-02   6.359   1.442E-01   7.119E-04  -5.277E-02   0.000E+00   6.483E-05
   33  -167.00     -50.7    0.349    0.7653E-02   6.390   1.442E-01   7.119E-04  -5.845E-02   0.000E+00   6.483E-05
   32  -168.00     -50.2    0.349    0.7660E-02   6.428   1.442E-01   7.119E-04  -6.455E-02   0.000E+00   6.483E-05
   31  -169.00     -49.6    0.350    0.7681E-02   6.472   1.442E-01   7.119E-04  -7.106E-02   0.000E+00   6.483E-05
   30  -170.00     -49.1    0.350    0.7752E-02   6.523   1.442E-01   7.119E-04  -7.800E-02   0.000E+00   6.483E-05
   29  -171.00     -48.7    0.350    0.7935E-02   6.579   1.442E-01   7.119E-04  -8.539E-02   0.000E+00   6.483E-05
   28  -172.00     -48.3    0.351    0.8269E-02   6.640   1.442E-01   7.119E-04  -9.321E-02   0.000E+00   6.483E-05
   27  -173.00     -48.0    0.351    0.8734E-02   6.706   1.442E-01   7.119E-04  -1.015E-01   0.000E+00   6.483E-05
   26  -174.00     -47.7    0.351    0.9274E-02   6.775   1.442E-01   7.119E-04  -1.101E-01   0.000E+00   6.483E-05
   25  -175.00     -47.5    0.351    0.9837E-02   6.845   1.442E-01   7.119E-04  -1.192E-01   0.000E+00   6.483E-05
   24  -176.00     -47.4    0.351    0.1040E-01   6.915   1.442E-01   7.119E-04  -1.287E-01   0.000E+00   6.483E-05
   23  -177.00     -47.3    0.352    0.1097E-01   6.983   1.442E-01   7.119E-04  -1.385E-01   0.000E+00   6.483E-05
   22  -178.00     -47.3    0.352    0.1153E-01   7.049   1.442E-01   7.119E-04  -1.487E-01   0.000E+00   6.483E-05
   21  -179.00     -47.4    0.351    0.1207E-01   7.109   1.442E-01   7.119E-04  -1.591E-01   0.000E+00   6.483E-05
   20  -180.00     -47.5    0.351    0.1256E-01   7.165   1.442E-01   7.119E-04  -1.697E-01   0.000E+00   6.483E-05
   19  -181.00     -47.7    0.351    0.1295E-01   7.214   1.442E-01   7.119E-04  -1.805E-01   0.000E+00   6.483E-05
   18  -182.00     -48.0    0.351    0.1319E-01   7.257   1.442E-01   7.119E-04  -1.914E-01   0.000E+00   6.483E-05
   17  -183.00     -48.4    0.351    0.1331E-01   7.293   1.442E-01   7.119E-04  -2.023E-01   0.000E+00   6.483E-05
   16  -184.00     -48.8    0.350    0.1336E-01   7.323   1.442E-01   7.119E-04  -2.131E-01   0.000E+00   6.483E-05
   15  -185.00     -49.3    0.350    0.1337E-01   7.347   1.442E-01   7.119E-04  -2.239E-01   0.000E+00   6.483E-05
   14  -186.00     -49.9    0.349    0.1337E-01   7.365   1.442E-01   7.119E-04  -2.344E-01   0.000E+00   6.483E-05
   13  -187.00     -50.6    0.349    0.1337E-01   7.379   1.442E-01   7.119E-04  -2.446E-01   0.000E+00   6.483E-05
   12  -188.00     -51.3    0.348    0.1337E-01   7.388   1.442E-01   7.119E-04  -2.545E-01   0.000E+00   6.483E-05
   11  -189.00     -52.1    0.348    0.1336E-01   7.395   1.442E-01   7.119E-04  -2.635E-01   0.000E+00   6.483E-05
   10  -190.00     -53.0    0.347    0.1335E-01   7.399   1.442E-01   7.119E-04  -2.717E-01   0.000E+00   6.483E-05
    9  -191.00     -53.9    0.346    0.1333E-01   7.402   1.442E-01   7.119E-04  -2.791E-01   0.000E+00   6.483E-05
    8  -192.00     -54.9    0.346    0.1331E-01   7.404   1.442E-01   7.119E-04  -2.859E-01   0.000E+00   6.483E-05
    7  -193.00     -55.9    0.345    0.1329E-01   7.405   1.442E-01   7.119E-04  -2.919E-01   0.000E+00   6.483E-05
    6  -194.00     -56.9    0.344    0.1325E-01   7.405   1.442E-01   7.119E-04  -2.971E-01   0.000E+00   6.483E-05
    5  -195.00     -58.0    0.343    0.1315E-01   7.405   1.442E-01   7.119E-04  -3.014E-01   0.000E+00   6.483E-05
    4  -196.00     -59.1    0.342    0.1295E-01   7.406   1.442E-01   7.119E-04  -3.048E-01   0.000E+00   6.483E-05
    3  -197.00     -60.2    0.342    0.1258E-01   7.406   1.442E-01   7.119E-04  -3.073E-01   0.000E+00   6.483E-05
    2  -198.00     -61.3    0.341    0.1195E-01   7.406   1.442E-01   7.119E-04  -3.087E-01   0.000E+00   6.483E-05
    1  -199.00     -62.5    0.340    0.1102E-01   7.406   1.442E-01   7.119E-04  -3.092E-01   0.000E+00   6.483E-05
#Time:      24
  222     0.00    -176.5    0.298    0.3800E-03  12.210   2.848E-01   7.140E-04  -1.050E-03   0.000E+00   6.191E-05
  221    -0.10    -176.4    0.298    0.4151E-03  12.195   2.848E-01   7.140E-04  -1.084E-03   0.000E+00   6.191E-05
  220    -0.20    -176.3    0.298    0.4502E-03  12.182   2.848E-01   7.140E-04  -1.153E-03   0.000E+00   6.191E-05
  219    -0.30    -176.2    0.298    0.4851E-03  12.171   2.848E-01   7.140E-04  -1.221E-03   0.000E+00   6.191E-05
  218    -0.40    -176.1    0.298    0.5199E-03  12.161   2.848E-01   7.140E-04  -1.289E-03   0.000E+00   6.191E-05
  217    -0.50    -176.0    0.298    0.5546E-03  12.149   2.848E-01   7.140E-04  -1.357E-03   0.000E+00   6.191E-05
  216    -0.60    -175.9    0.298    0.5892E-03  12.137   2.848E-01   7.140E-04  -1.425E-03   0.000E+00   6.191E-05
  215    -0.70    -175.8    0.298    0.6236E-03  12.125   2.848E-01   7.140E-04  -1.494E-03   0.000E+00   6.191E-05
  214    -0.80    -175.7    0.298    0.6580E-03  12.112   2.848E-01   7.140E-04  -1.562E-03   0.000E+00   6.191E-05
  213    -0.90    -175.6    0.298    0.6923E-03  12.100   2.848E-01   7.140E-04  -1.630E-03   0.000E+00   6.191E-05
  212    -1.00    -175.5    0.298    0.7264E-03  12.088   2.848E-01   7.140E-04  -1.732E-03   0.000E+00   6.191E-05
  211    -1.20    -175.3    0.298    0.7944E-03  12.063   2.848E-01   7.140E-04  -1.834E-03   0.000E+00   6.191E-05
  210    -1.40    -175.1    0.298    0.8619E-03  12.038   2.848E-01   7.140E-04  -1.970E-03   0.000E+00   6.191E-05
  209    -1.60    -174.9    0.298    0.9290E-03  12.014   2.848E-01   7.140E-04  -2.106E-03   0.000E+00   6.191E-05
  208    -1.80    -174.7    0.298    0.9956E-03  11.989   2.848E-01   7.140E-04  -2.242E-03   0.000E+00   6.191E-05
  207    -2.00    -174.5    0.298    0.1062E-02  11.964   2.848E-01   7.140E-04  -2.378E-03   0.000E+00   6.191E-05
  206    -2.20    -174.3    0.298    0.1128E-02  11.939   2.848E-01   7.140E-04  -2.514E-03   0.000E+00   6.191E-05
  205    -2.40    -174.1    0.299    0.1193E-02  11.914   2.848E-01   7.140E-04  -2.649E-03   0.000E+00   6.191E-05
  204    -2.60    -173.9    0.299    0.1258E-02  11.890   2.848E-01   7.140E-04  -2.785E-03   0.000E+00   6.191E-05
  203    -2.80    -173.7    0.299    0.1322E-02  11.865   2.848E-01   7.140E-04  -2.921E-03   0.000E+00   6.191E-05
  202    -3.00    -173.5    0.299    0.1386E-02  11.840   2.848E-01   7.140E-04  -3.158E-03   0.000E+00   6.191E-05
  201    -3.50    -173.0    0.299    0.1544E-02  11.777   2.848E-01   7.140E-04  -3.395E-03   0.000E+00   6.191E-05
  200    -4.00    -172.5    0.299    0.1700E-02  11.714   2.848E-01   7.140E-04  -3.733E-03   0.000E+00   6.191E-05
  199    -4.50    -172.0    0.299    0.1853E-02  11.650   2.848E-01   7.140E-04  -4.071E-03   0.000E+00   6.191E-05
  198    -5.00    -171.6    0.299    0.2003E-02  11.586   2.848E-01   7.140E-04  -4.408E-03   0.000E+00   6.191E-05
  197    -5.50    -171.1    0.300    0.2150E-02  11.521   2.848E-01   7.140E-04  -4.745E-03   0.000E+00   6.191E-05
  196    -6.00    -170.6    0.300    0.2295E-02  11.455   2.848E-01   7.140E-04  -5.081E-03   0.000E+00   6.191E-05
  195    -6.50    -170.1    0.300    0.2437E-02  11.389   2.848E-01   7.140E-04  -5.417E-03   0.000E+00   6.191E-05
  194    -7.00    -169.6    0.300    0.2576E-02  11.323   2.848E-01   7.140E-04  -5.752E-03   0.000E+00   6.191E-05
  193    -7.50    -169.1    0.300    0.2713E-02  11.255   2.848E-01   7.140E-04  -6.086E-03   0.000E+00   6.191E-05
  192    -8.00    -168.6    0.301    0.2847E-02  11.187   2.848E-01   7.140E-04  -6.586E-03   0.000E+00   6.191E-05
  191    -9.00    -167.6    0.301    0.3107E-02  11.050   2.848E-01   7.140E-04  -7.084E-03   0.000E+00   6.191E-05
  190   -10.00    -166.7    0.301    0.3357E-02  10.910   2.848E-01   7.140E-04  -7.744E-03   0.000E+00   6.191E-05
  189   -11.00    -165.7    0.302    0.3597E-02  10.767   2.848E-01   7.140E-04  -8.425E-03   0.000E+00   6.191E-05
  188   -12.00    -164.7    0.302    0.3826E-02  10.623   2.848E-01   7.140E-04  -9.191E-03   0.000E+00   6.191E-05
  187   -13.00    -163.8    0.302    0.4047E-02  10.478   2.848E-01   7.140E-04  -1.002E-02   0.000E+00   6.191E-05
  186   -14.00    -162.8    0.303    0.4257E-02  10.331   2.848E-01   7.140E-04  -1.084E-02   0.000E+00   6.191E-05
  185   -15.00    -161.8    0.303    0.4459E-02  10.183   2.848E-01   7.140E-04  -1.165E-02   0.000E+00   6.191E-05
  184   -16.00    -160.9    0.304    0.4651E-02  10.035   2.848E-01   7.140E-04  -1.247E-02   0.000E+00   6.191E-05
  183   -17.00    -159.9    0.304    0.4833E-02   9.887   2.848E-01   7.140E-04  -1.328E-02   0.000E+00   6.191E-05
  182   -18.00    -159.0    0.304    0.5007E-02   9.739   2.848E-01   7.140E-04  -1.408E-02   0.000E+00   6.191E-05
  181   -19.00    -158.0    0.305    0.5173E-02   9.591   2.848E-01   7.140E-04  -1.489E-02   0.000E+00   6.191E-05
  180   -20.00    -157.1    0.305    0.5329E-02   9.445   2.848E-01   7.140E-04  -1.569E-02   0.000E+00   6.191E-05
  179   -21.00    -156.1    0.306    0.5478E-02   9.301   2.848E-01   7.140E-04  -1.649E-02   0.000E+00   6.191E-05
  178   -22.00    -155.2    0.306    0.5618E-02   9.158   2.848E-01   7.140E-04  -1.729E-02   0.000E+00   6.191E-05
  177   -23.00    -154.2    0.306    0.5750E-02   9.017   2.848E-01   7.140E-04  -1.809E-02   0.000E+00   6.191E-05
  176   -24.00    -153.3    0.307    0.5874E-02   8.879   2.848E-01   7.140E-04  -1.889E-02   0.000E+00   6.191E-05
  175   -25.00    -152.4    0.307    0.5991E-02   8.743   2.848E-01   7.140E-04  -1.968E-02   0.000E+00   6.191E-05
  174   -26.00    -151.4    0.308    0.6101E-02   8.611   2.848E-01   7.140E-04  -2.048E-02   0.000E+00   6.191E-05
  173   -27.00    -150.5    0.308    0.6203E-02   8.482   2.848E-01   7.140E-04  -2.127E-02   0.000E+00   6.191E-05
  172   -28.00    -149.6    0.308    0.6299E-02   8.356   2.848E-01   7.140E-04  -2.206E-02   0.000E+00   6.191E-05
  171   -29.00    -148.7    0.309    0.6388E-02   8.235   2.848E-01   7.140E-04  -2.286E-02   0.000E+00   6.191E-05
  170   -30.00    -147.8    0.303    0.6479E-02   8.116   2.175E-01   7.140E-04  -2.363E-02   0.000E+00   6.191E-05
  169   -31.00    -146.9    0.303    0.6572E-02   8.001   2.175E-01   7.140E-04  -2.438E-02   0.000E+00   6.191E-05
  168   -32.00    -146.0    0.304    0.6659E-02   7.890   2.175E-01   7.140E-04  -2.512E-02   0.000E+00   6.191E-05
  167   -33.00    -145.1    0.304    0.6738E-02   7.783   2.175E-01   7.140E-04  -2.587E-02   0.000E+00   6.191E-05
  166   -34.00    -144.2    0.304    0.6810E-02   7.681   2.175E-01   7.140E-04  -2.661E-02   0.000E+00   6.191E-05
  165   -35.00    -143.4    0.305    0.6876E-02   7.583   2.175E-01   7.140E-04  -2.735E-02   0.000E+00   6.191E-05
  164   -36.00    -142.5    0.305    0.6936E-02   7.489   2.175E-01   7.140E-04  -2.808E-02   0.000E+00   6.191E-05
  163   -37.00    -141.6    0.306    0.6990E-02   7.399   2.175E-01   7.140E-04  -2.881E-02   0.000E+00   6.191E-05
  162   -38.00    -140.7    0.306    0.7038E-02   7.314   2.175E-01   7.140E-04  -2.953E-02   0.000E+00   6.191E-05
  161   -39.00    -139.9    0.306    0.7081E-02   7.233   2.175E-01   7.140E-04  -3.034E-02   0.000E+00   6.191E-05
  160   -40.00    -139.0    0.307    0.7118E-02   7.156   2.175E-01   7.140E-04  -3.122E-02   0.000E+00   6.191E-05
  159   -41.00    -138.2    0.307    0.7150E-02   7.084   2.175E-01   7.140E-04  -3.210E-02   0.000E+00   6.191E-05
  158   -42.00    -137.3    0.307    0.7176E-02   7.015   2.175E-01   7.140E-04  -3.297E-02   0.000E+00   6.191E-05
  157   -43.00    -136.5    0.308    0.7198E-02   6.951   2.175E-01   7.140E-04  -3.384E-02   0.000E+00   6.191E-05
  156   -44.00    -135.6    0.308    0.7214E-02   6.890   2.175E-01   7.140E-04  -3.470E-02   0.000E+00   6.191E-05
  155   -45.00    -134.8    0.306    0.7229E-02   6.833   1.287E-01   7.140E-04  -3.549E-02   0.000E+00   6.191E-05
  154   -46.00    -134.1    0.306    0.7253E-02   6.780   1.287E-01   7.140E-04  -3.621E-02   0.000E+00   6.191E-05
  153   -47.00    -133.4    0.306    0.7281E-02   6.731   1.287E-01   7.140E-04  -3.693E-02   0.000E+00   6.191E-05
  152   -48.00    -132.7    0.307    0.7314E-02   6.685   1.287E-01   7.140E-04  -3.764E-02   0.000E+00   6.191E-05
  151   -49.00    -132.0    0.307    0.7352E-02   6.642   1.287E-01   7.140E-04  -3.835E-02   0.000E+00   6.191E-05
  150   -50.00    -131.3    0.307    0.7395E-02   6.603   1.287E-01   7.140E-04  -3.906E-02   0.000E+00   6.191E-05
  149   -51.00    -130.6    0.308    0.7444E-02   6.567   1.287E-01   7.140E-04  -3.976E-02   0.000E+00   6.191E-05
  148   -52.00    -129.9    0.308    0.7498E-02   6.533   1.287E-01   7.140E-04  -4.045E-02   0.000E+00   6.191E-05
  147   -53.00    -129.2    0.308    0.7557E-02   6.503   1.287E-01   7.140E-04  -4.115E-02   0.000E+00   6.191E-05
  146   -54.00    -128.5    0.308    0.7622E-02   6.476   1.287E-01   7.140E-04  -4.183E-02   0.000E+00   6.191E-05
  145   -55.00    -127.9    0.309    0.7691E-02   6.451   1.287E-01   7.140E-04  -4.251E-02   0.000E+00   6.191E-05
  144   -56.00    -127.2    0.309    0.7764E-02   6.429   1.287E-01   7.140E-04  -4.319E-02   0.000E+00   6.191E-05
  143   -57.00    -126.5    0.309    0.7842E-02   6.409   1.287E-01   7.140E-04  -4.386E-02   0.000E+00   6.191E-05
  142   -58.00    -125.9    0.309    0.7923E-02   6.392   1.287E-01   7.140E-04  -4.453E-02   0.000E+00   6.191E-05
  141   -59.00    -125.2    0.310    0.8008E-02   6.377   1.287E-01   7.140E-04  -4.519E-02   0.000E+00   6.191E-05
  140   -60.00    -124.6    0.310    0.8096E-02   6.364   1.287E-01   7.140E-04  -4.585E-02   0.000E+00   6.191E-05
  139   -61.00    -123.9    0.310    0.8187E-02   6.353   1.287E-01   7.140E-04  -4.650E-02   0.000E+00   6.191E-05
  138   -62.00    -123.3    0.311    0.8280E-02   6.344   1.287E-01   7.140E-04  -4.715E-02   0.000E+00   6.191E-05
  137   -63.00    -122.7    0.311    0.8375E-02   6.337   1.287E-01   7.140E-04  -4.779E-02   0.000E+00   6.191E-05
  136   -64.00    -122.1    0.311    0.8471E-02   6.332   1.287E-01   7.140E-04  -4.842E-02   0.000E+00   6.191E-05
  135   -65.00    -121.4    0.311    0.8568E-02   6.328   1.287E-01   7.140E-04  -4.905E-02   0.000E+00   6.191E-05
  134   -66.00    -120.8    0.312    0.8666E-02   6.326   1.287E-01   7.140E-04  -4.968E-02   0.000E+00   6.191E-05
  133   -67.00    -120.2    0.312    0.8764E-02   6.325   1.287E-01   7.140E-04  -5.029E-02   0.000E+00   6.191E-05
  132   -68.00    -119.6    0.312    0.8863E-02   6.326   1.287E-01   7.140E-04  -5.090E-02   0.000E+00   6.191E-05
  131   -69.00    -119.0    0.312    0.8961E-02   6.327   1.287E-01   7.140E-04  -5.151E-02   0.000E+00   6.191E-05
  130   -70.00    -118.4    0.313    0.9060E-02   6.330   1.287E-01   7.140E-04  -5.215E-02   0.000E+00   6.191E-05
  129   -71.00    -117.8    0.313    0.9158E-02   6.334   1.287E-01   7.140E-04  -5.285E-02   0.000E+00   6.191E-05
  128   -72.00    -117.2    0.313    0.9255E-02   6.339   1.287E-01   7.140E-04  -5.353E-02   0.000E+00   6.191E-05
  127   -73.00    -116.6    0.313    0.9352E-02   6.345   1.287E-01   7.140E-04  -5.421E-02   0.000E+00   6.191E-05
  126   -74.00    -116.1    0.314    0.9449E-02   6.352   1.287E-01   7.140E-04  -5.488E-02   0.000E+00   6.191E-05
  125   -75.00    -115.5    0.314    0.9546E-02   6.359   1.287E-01   7.140E-04  -5.554E-02   0.000E+00   6.191E-05
  124   -76.00    -114.9    0.314    0.9642E-02   6.368   1.287E-01   7.140E-04  -5.619E-02   0.000E+00   6.191E-05
  123   -77.00    -114.4    0.315    0.9738E-02   6.376   1.287E-01   7.140E-04  -5.683E-02   0.000E+00   6.191E-05
  122   -78.00    -113.8    0.315    0.9834E-02   6.386   1.287E-01   7.140E-04  -5.746E-02   0.000E+00   6.191E-05
  121   -79.00    -113.3    0.315    0.9931E-02   6.396   1.287E-01   7.140E-04  -5.809E-02   0.000E+00   6.191E-05
  120   -80.00    -112.7    0.315    0.1003E-01   6.406   1.287E-01   7.140E-04  -5.871E-02   0.000E+00   6.191E-05
  119   -81.00    -112.2    0.316    0.1013E-01   6.417   1.287E-01   7.140E-04  -5.932E-02   0.000E+00   6.191E-05
  118   -82.00    -111.6    0.316    0.1023E-01   6.428   1.287E-01   7.140E-04  -5.993E-02   0.000E+00   6.191E-05
  117   -83.00    -111.1    0.316    0.1033E-01   6.439   1.287E-01   7.140E-04  -6.053E-02   0.000E+00   6.191E-05
  116   -84.00    -110.6    0.316    0.1043E-01   6.451   1.287E-01   7.140E-04  -6.112E-02   0.000E+00   6.191E-05
  115   -85.00    -110.0    0.317    0.1054E-01   6.462   1.287E-01   7.140E-04  -6.170E-02   0.000E+00   6.191E-05
  114   -86.00    -109.5    0.317    0.1065E-01   6.474   1.287E-01   7.140E-04  -6.227E-02   0.000E+00   6.191E-05
  113   -87.00    -109.0    0.317    0.1076E-01   6.486   1.287E-01   7.140E-04  -6.284E-02   0.000E+00   6.191E-05
  112   -88.00    -108.5    0.317    0.1087E-01   6.498   1.287E-01   7.140E-04  -6.340E-02   0.000E+00   6.191E-05
  111   -89.00    -108.0    0.318    0.1099E-01   6.510   1.287E-01   7.140E-04  -6.396E-02   0.000E+00   6.191E-05
  110   -90.00    -107.5    0.318    0.1111E-01   6.521   1.287E-01   7.140E-04  -6.450E-02   0.000E+00   6.191E-05
  109   -91.00    -107.0    0.318    0.1124E-01   6.533   1.287E-01   7.140E-04  -6.504E-02   0.000E+00   6.191E-05
  108   -92.00    -106.5    0.318    0.1137E-01   6.544   1.287E-01   7.140E-04  -6.557E-02   0.000E+00   6.191E-05
  107   -93.00    -106.0    0.318    0.1150E-01   6.556   1.287E-01   7.140E-04  -6.609E-02   0.000E+00   6.191E-05
  106   -94.00    -105.5    0.319    0.1163E-01   6.567   1.287E-01   7.140E-04  -6.661E-02   0.000E+00   6.191E-05
  105   -95.00    -105.1    0.319    0.1177E-01   6.578   1.287E-01   7.140E-04  -6.711E-02   0.000E+00   6.191E-05
  104   -96.00    -104.6    0.319    0.1191E-01   6.588   1.287E-01   7.140E-04  -6.761E-02   0.000E+00   6.191E-05
  103   -97.00    -104.1    0.319    0.1205E-01   6.598   1.287E-01   7.140E-04  -6.811E-02   0.000E+00   6.191E-05
  102   -98.00    -103.6    0.320    0.1220E-01   6.608   1.287E-01   7.140E-04  -6.859E-02   0.000E+00   6.191E-05
  101   -99.00    -103.2    0.320    0.1235E-01   6.618   1.287E-01   7.140E-04  -6.907E-02   0.000E+00   6.191E-05
  100  -100.00    -102.7    0.320    0.1249E-01   6.627   1.287E-01   7.140E-04  -6.954E-02   0.000E+00   6.191E-05
   99  -101.00    -102.3    0.320    0.1264E-01   6.636   1.287E-01   7.140E-04  -7.000E-02   0.000E+00   6.191E-05
   98  -102.00    -101.8    0.320    0.1278E-01   6.644   1.287E-01   7.140E-04  -7.045E-02   0.000E+00   6.191E-05
   97  -103.00    -101.3    0.321    0.1293E-01   6.652   1.287E-01   7.140E-04  -7.090E-02   0.000E+00   6.191E-05
   96  -104.00    -100.9    0.321    0.1307E-01   6.659   1.287E-01   7.140E-04  -7.134E-02   0.000E+00   6.191E-05
   95  -105.00    -100.5    0.321    0.1321E-01   6.666   1.287E-01   7.140E-04  -7.177E-02   0.000E+00   6.191E-05
   94  -106.00    -100.0    0.321    0.1334E-01   6.673   1.287E-01   7.140E-04  -7.222E-02   0.000E+00   6.191E-05
   93  -107.00     -99.6    0.322    0.1347E-01   6.679   1.287E-01   7.140E-04  -7.270E-02   0.000E+00   6.191E-05
   92  -108.00     -99.1    0.322    0.1360E-01   6.685   1.287E-01   7.140E-04  -7.317E-02   0.000E+00   6.191E-05
   91  -109.00     -98.7    0.322    0.1371E-01   6.690   1.287E-01   7.140E-04  -7.363E-02   0.000E+00   6.191E-05
   90  -110.00     -98.3    0.318    0.1382E-01   6.694   1.442E-01   7.140E-04  -7.408E-02   0.000E+00   6.191E-05
   89  -111.00     -97.8    0.318    0.1391E-01   6.699   1.442E-01   7.140E-04  -7.452E-02   0.000E+00   6.191E-05
   88  -112.00     -97.3    0.319    0.1399E-01   6.702   1.442E-01   7.140E-04  -7.496E-02   0.000E+00   6.191E-05
   87  -113.00     -96.8    0.319    0.1406E-01   6.705   1.442E-01   7.140E-04  -7.539E-02   0.000E+00   6.191E-05
   86  -114.00     -96.3    0.319    0.1412E-01   6.708   1.442E-01   7.140E-04  -7.580E-02   0.000E+00   6.191E-05
   85  -115.00     -95.9    0.319    0.1416E-01   6.710   1.442E-01   7.140E-04  -7.622E-02   0.000E+00   6.191E-05
   84  -116.00     -95.4    0.320    0.1420E-01   6.712   1.442E-01   7.140E-04  -7.662E-02   0.000E+00   6.191E-05
   83  -117.00     -94.9    0.320    0.1422E-01   6.713   1.442E-01   7.140E-04  -7.702E-02   0.000E+00   6.191E-05
   82  -118.00     -94.5    0.320    0.1423E-01   6.714   1.442E-01   7.140E-04  -7.741E-02   0.000E+00   6.191E-05
   81  -119.00     -94.0    0.320    0.1422E-01   6.715   1.442E-01   7.140E-04  -7.779E-02   0.000E+00   6.191E-05
   80  -120.00     -93.5    0.321    0.1421E-01   6.715   1.442E-01   7.140E-04  -7.816E-02   0.000E+00   6.191E-05
   79  -121.00     -93.1    0.321    0.1418E-01   6.714   1.442E-01   7.140E-04  -7.853E-02   0.000E+00   6.191E-05
   78  -122.00     -92.6    0.321    0.1413E-01   6.714   1.442E-01   7.140E-04  -7.889E-02   0.000E+00   6.191E-05
   77  -123.00     -92.2    0.321    0.1408E-01   6.712   1.442E-01   7.140E-04  -7.924E-02   0.000E+00   6.191E-05
   76  -124.00     -91.7    0.322    0.1401E-01   6.711   1.442E-01   7.140E-04  -7.959E-02   0.000E+00   6.191E-05
   75  -125.00     -91.3    0.322    0.1393E-01   6.709   1.442E-01   7.140E-04  -7.992E-02   0.000E+00   6.191E-05
   74  -126.00     -90.8    0.322    0.1384E-01   6.708   1.442E-01   7.140E-04  -8.026E-02   0.000E+00   6.191E-05
   73  -127.00     -90.4    0.322    0.1374E-01   6.705   1.442E-01   7.140E-04  -8.058E-02   0.000E+00   6.191E-05
   72  -128.00     -90.0    0.323    0.1363E-01   6.703   1.442E-01   7.140E-04  -8.090E-02   0.000E+00   6.191E-05
   71  -129.00     -89.5    0.323    0.1351E-01   6.701   1.442E-01   7.140E-04  -8.121E-02   0.000E+00   6.191E-05
   70  -130.00     -89.1    0.323    0.1338E-01   6.698   1.442E-01   7.140E-04  -8.151E-02   0.000E+00   6.191E-05
   69  -131.00     -88.6    0.323    0.1325E-01   6.695   1.442E-01   7.140E-04  -8.181E-02   0.000E+00   6.191E-05
   68  -132.00     -88.2    0.324    0.1311E-01   6.692   1.442E-01   7.140E-04  -8.210E-02   0.000E+00   6.191E-05
   67  -133.00     -87.8    0.324    0.1296E-01   6.689   1.442E-01   7.140E-04  -8.238E-02   0.000E+00   6.191E-05
   66  -134.00     -87.4    0.324    0.1282E-01   6.686   1.442E-01   7.140E-04  -8.266E-02   0.000E+00   6.191E-05
   65  -135.00     -86.9    0.324    0.1267E-01   6.683   1.442E-01   7.140E-04  -8.293E-02   0.000E+00   6.191E-05
   64  -136.00     -86.5    0.325    0.1252E-01   6.680   1.442E-01   7.140E-04  -8.319E-02   0.000E+00   6.191E-05
   63  -137.00     -86.1    0.325    0.1237E-01   6.678   1.442E-01   7.140E-04  -8.344E-02   0.000E+00   6.191E-05
   62  -138.00     -85.7    0.325    0.1223E-01   6.675   1.442E-01   7.140E-04  -8.369E-02   0.000E+00   6.191E-05
   61  -139.00     -85.2    0.325    0.1208E-01   6.672   1.442E-01   7.140E-04  -8.393E-02   0.000E+00   6.191E-05
   60  -140.00     -84.8    0.325    0.1194E-01   6.670   1.442E-01   7.140E-04  -8.418E-02   0.000E+00   6.191E-05
   59  -141.00     -84.4    0.326    0.1180E-01   6.668   1.442E-01   7.140E-04  -8.445E-02   0.000E+00   6.191E-05
   58  -142.00     -84.0    0.326    0.1167E-01   6.666   1.442E-01   7.140E-04  -8.470E-02   0.000E+00   6.191E-05
   57  -143.00     -83.6    0.326    0.1155E-01   6.664   1.442E-01   7.140E-04  -8.495E-02   0.000E+00   6.191E-05
   56  -144.00     -83.2    0.326    0.1143E-01   6.662   1.442E-01   7.140E-04  -8.519E-02   0.000E+00   6.191E-05
   55  -145.00     -82.8    0.327    0.1132E-01   6.661   1.442E-01   7.140E-04  -8.543E-02   0.000E+00   6.191E-05
   54  -146.00     -82.4    0.327    0.1121E-01   6.660   1.442E-01   7.140E-04  -8.566E-02   0.000E+00   6.191E-05
   53  -147.00     -82.0    0.327    0.1111E-01   6.659   1.442E-01   7.140E-04  -8.588E-02   0.000E+00   6.191E-05
   52  -148.00     -81.6    0.327    0.1103E-01   6.659   1.442E-01   7.140E-04  -8.609E-02   0.000E+00   6.191E-05
   51  -149.00     -81.2    0.328    0.1094E-01   6.659   1.442E-01   7.140E-04  -8.630E-02   0.000E+00   6.191E-05
   50  -150.00     -80.8    0.328    0.1087E-01   6.659   1.442E-01   7.140E-04  -8.650E-02   0.000E+00   6.191E-05
   49  -151.00     -80.4    0.328    0.1081E-01   6.660   1.442E-01   7.140E-04  -8.670E-02   0.000E+00   6.191E-05
   48  -152.00     -80.0    0.328    0.1075E-01   6.661   1.442E-01   7.140E-04  -8.689E-02   0.000E+00   6.191E-05
   47  -153.00     -79.6    0.329    0.1070E-01   6.662   1.442E-01   7.140E-04  -8.707E-02   0.000E+00   6.191E-05
   46  -154.00     -79.2    0.329    0.1066E-01   6.664   1.442E-01   7.140E-04  -8.725E-02   0.000E+00   6.191E-05
   45  -155.00     -78.8    0.329    0.1063E-01   6.666   1.442E-01   7.140E-04  -8.742E-02   0.000E+00   6.191E-05
   44  -156.00     -78.4    0.329    0.1060E-01   6.669   1.442E-01   7.140E-04  -8.759E-02   0.000E+00   6.191E-05
   43  -157.00     -78.0    0.330    0.1059E-01   6.672   1.442E-01   7.140E-04  -8.775E-02   0.000E+00   6.191E-05
   42  -158.00     -77.6    0.330    0.1058E-01   6.675   1.442E-01   7.140E-04  -8.791E-02   0.000E+00   6.191E-05
   41  -159.00     -77.2    0.330    0.1057E-01   6.679   1.442E-01   7.140E-04  -8.806E-02   0.000E+00   6.191E-05
   40  -160.00     -76.8    0.330    0.1058E-01   6.683   1.442E-01   7.140E-04  -8.821E-02   0.000E+00   6.191E-05
   39  -161.00     -76.4    0.331    0.1059E-01   6.688   1.442E-01   7.140E-04  -8.835E-02   0.000E+00   6.191E-05
   38  -162.00     -76.0    0.331    0.1061E-01   6.693   1.442E-01   7.140E-04  -8.848E-02   0.000E+00   6.191E-05
   37  -163.00     -75.7    0.331    0.1064E-01   6.698   1.442E-01   7.140E-04  -8.862E-02   0.000E+00   6.191E-05
   36  -164.00     -75.3    0.331    0.1068E-01   6.704   1.442E-01   7.140E-04  -8.874E-02   0.000E+00   6.191E-05
   35  -165.00     -74.9    0.332    0.1073E-01   6.710   1.442E-01   7.140E-04  -8.886E-02   0.000E+00   6.191E-05
   34  -166.00     -74.5    0.332    0.1078E-01   6.716   1.442E-01   7.140E-04  -8.898E-02   0.000E+00   6.191E-05
   33  -167.00     -74.1    0.332    0.1085E-01   6.722   1.442E-01   7.140E-04  -8.909E-02   0.000E+00   6.191E-05
   32  -168.00     -73.7    0.332    0.1092E-01   6.729   1.442E-01   7.140E-04  -8.920E-02   0.000E+00   6.191E-05
   31  -169.00     -73.4    0.333    0.1100E-01   6.736   1.442E-01   7.140E-04  -8.930E-02   0.000E+00   6.191E-05
   30  -170.00     -73.0    0.333    0.1110E-01   6.743   1.442E-01   7.140E-04  -8.940E-02   0.000E+00   6.191E-05
   29  -171.00     -72.6    0.333    0.1120E-01   6.750   1.442E-01   7.140E-04  -8.949E-02   0.000E+00   6.191E-05
   28  -172.00     -72.2    0.333    0.1132E-01   6.757   1.442E-01   7.140E-04  -8.958E-02   0.000E+00   6.191E-05
   27  -173.00     -71.8    0.333    0.1145E-01   6.765   1.442E-01   7.140E-04  -8.967E-02   0.000E+00   6.191E-05
   26  -174.00     -71.5    0.334    0.1158E-01   6.772   1.442E-01   7.140E-04  -8.976E-02   0.000E+00   6.191E-05
   25  -175.00     -71.1    0.334    0.1173E-01   6.780   1.442E-01   7.140E-04  -8.985E-02   0.000E+00   6.191E-05
   24  -176.00     -70.7    0.334    0.1188E-01   6.787   1.442E-01   7.140E-04  -8.993E-02   0.000E+00   6.191E-05
   23  -177.00     -70.3    0.335    0.1205E-01   6.795   1.442E-01   7.140E-04  -9.001E-02   0.000E+00   6.191E-05
   22  -178.00     -70.0    0.335    0.1222E-01   6.802   1.442E-01   7.140E-04  -9.008E-02   0.000E+00   6.191E-05
   21  -179.00     -69.6    0.335    0.1239E-01   6.810   1.442E-01   7.140E-04  -9.015E-02   0.000E+00   6.191E-05
   20  -180.00     -69.2    0.335    0.1257E-01   6.817   1.442E-01   7.140E-04  -9.022E-02   0.000E+00   6.191E-05
   19  -181.00     -68.8    0.336    0.1275E-01   6.824   1.442E-01   7.140E-04  -9.028E-02   0.000E+00   6.191E-05
   18  -182.00     -68.5    0.336    0.1293E-01   6.831   1.442E-01   7.140E-04  -9.033E-02   0.000E+00   6.191E-05
   17  -183.00     -68.1    0.336    0.1311E-01   6.838   1.442E-01   7.140E-04  -9.039E-02   0.000E+00   6.191E-05
   16  -184.00     -67.7    0.336    0.1328E-01   6.844   1.442E-01   7.140E-04  -9.044E-02   0.000E+00   6.191E-05
   15  -185.00     -67.3    0.337    0.1344E-01   6.851   1.442E-01   7.140E-04  -9.048E-02   0.000E+00   6.191E-05
   14  -186.00     -67.0    0.337    0.1359E-01   6.856   1.442E-01   7.140E-04  -9.053E-02   0.000E+00   6.191E-05
   13  -187.00     -66.6    0.337    0.1373E-01   6.862   1.442E-01   7.140E-04  -9.057E-02   0.000E+00   6.191E-05
   12  -188.00     -66.2    0.337    0.1384E-01   6.867   1.442E-01   7.140E-04  -9.060E-02   0.000E+00   6.191E-05
   11  -189.00     -65.9    0.338    0.1394E-01   6.872   1.442E-01   7.140E-04  -9.064E-02   0.000E+00   6.191E-05
   10  -190.00     -65.5    0.338    0.1400E-01   6.877   1.442E-01   7.140E-04  -9.066E-02   0.000E+00   6.191E-05
    9  -191.00     -65.1    0.338    0.1403E-01   6.881   1.442E-01   7.140E-04  -9.069E-02   0.000E+00   6.191E-05
    8  -192.00     -64.7    0.338    0.1403E-01   6.884   1.442E-01   7.140E-04  -9.071E-02   0.000E+00   6.191E-05
    7  -193.00     -64.4    0.339    0.1398E-01   6.887   1.442E-01   7.140E-04  -9.073E-02   0.000E+00   6.191E-05
    6  -194.00     -64.0    0.339    0.1388E-01   6.890   1.442E-01   7.140E-04  -9.075E-02   0.000E+00   6.191E-05
    5  -195.00     -63.6    0.339    0.1372E-01   6.892   1.442E-01   7.140E-04  -9.076E-02   0.000E+00   6.191E-05
    4  -196.00     -63.3    0.339    0.1350E-01   6.894   1.442E-01   7.140E-04  -9.078E-02   0.000E+00   6.191E-05
    3  -197.00     -62.9    0.340    0.1320E-01   6.895   1.442E-01   7.140E-04  -9.078E-02   0.000E+00   6.191E-05
    2  -198.00     -62.5    0.340    0.1281E-01   6.895   1.442E-01   7.140E-04  -9.079E-02   0.000E+00   6.191E-05
    1  -199.00     -62.1    0.340    0.1233E-01   6.895   1.442E-01   7.140E-04  -9.079E-02   0.000E+00   6.191E-05
#Time:      48
  222     0.00    -190.2    0.293    0.3800E-03  12.225   2.848E-01   7.162E-04  -1.791E-03   0.000E+00   6.125E-05
  221    -0.10    -190.1    0.293    0.4231E-03  12.216   2.848E-01   7.162E-04  -1.819E-03   0.000E+00   6.125E-05
  220    -0.20    -190.0    0.293    0.4661E-03  12.214   2.848E-01   7.162E-04  -1.874E-03   0.000E+00   6.125E-05
  219    -0.30    -189.9    0.293    0.5090E-03  12.215   2.848E-01   7.162E-04  -1.929E-03   0.000E+00   6.125E-05
  218    -0.40    -189.8    0.293    0.5518E-03  12.217   2.848E-01   7.162E-04  -1.984E-03   0.000E+00   6.125E-05
  217    -0.50    -189.7    0.293    0.5945E-03  12.218   2.848E-01   7.162E-04  -2.040E-03   0.000E+00   6.125E-05
  216    -0.60    -189.7    0.293    0.6371E-03  12.218   2.848E-01   7.162E-04  -2.095E-03   0.000E+00   6.125E-05
  215    -0.70    -189.6    0.293    0.6797E-03  12.218   2.848E-01   7.162E-04  -2.150E-03   0.000E+00   6.125E-05
  214    -0.80    -189.5    0.293    0.7221E-03  12.217   2.848E-01   7.162E-04  -2.205E-03   0.000E+00   6.125E-05
  213    -0.90    -189.4    0.293    0.7644E-03  12.216   2.848E-01   7.162E-04  -2.261E-03   0.000E+00   6.125E-05
  212    -1.00    -189.3    0.293    0.8067E-03  12.215   2.848E-01   7.162E-04  -2.344E-03   0.000E+00   6.125E-05
  211    -1.20    -189.1    0.293    0.8908E-03  12.212   2.848E-01   7.162E-04  -2.427E-03   0.000E+00   6.125E-05
  210    -1.40    -188.9    0.293    0.9746E-03  12.209   2.848E-01   7.162E-04  -2.537E-03   0.000E+00   6.125E-05
  209    -1.60    -188.7    0.293    0.1058E-02  12.206   2.848E-01   7.162E-04  -2.648E-03   0.000E+00   6.125E-05
  208    -1.80    -188.5    0.293    0.1141E-02  12.203   2.848E-01   7.162E-04  -2.759E-03   0.000E+00   6.125E-05
  207    -2.00    -188.3    0.294    0.1224E-02  12.200   2.848E-01   7.162E-04  -2.870E-03   0.000E+00   6.125E-05
  206    -2.20    -188.1    0.294    0.1306E-02  12.196   2.848E-01   7.162E-04  -2.981E-03   0.000E+00   6.125E-05
  205    -2.40    -187.9    0.294    0.1388E-02  12.193   2.848E-01   7.162E-04  -3.092E-03   0.000E+00   6.125E-05
  204    -2.60    -187.7    0.294    0.1469E-02  12.190   2.848E-01   7.162E-04  -3.203E-03   0.000E+00   6.125E-05
  203    -2.80    -187.5    0.294    0.1550E-02  12.186   2.848E-01   7.162E-04  -3.315E-03   0.000E+00   6.125E-05
  202    -3.00    -187.3    0.294    0.1631E-02  12.182   2.848E-01   7.162E-04  -3.510E-03   0.000E+00   6.125E-05
  201    -3.50    -186.8    0.294    0.1831E-02  12.171   2.848E-01   7.162E-04  -3.705E-03   0.000E+00   6.125E-05
  200    -4.00    -186.3    0.294    0.2028E-02  12.158   2.848E-01   7.162E-04  -3.984E-03   0.000E+00   6.125E-05
  199    -4.50    -185.8    0.294    0.2223E-02  12.143   2.848E-01   7.162E-04  -4.264E-03   0.000E+00   6.125E-05
  198    -5.00    -185.3    0.295    0.2416E-02  12.126   2.848E-01   7.162E-04  -4.544E-03   0.000E+00   6.125E-05
  197    -5.50    -184.8    0.295    0.2606E-02  12.107   2.848E-01   7.162E-04  -4.825E-03   0.000E+00   6.125E-05
  196    -6.00    -184.3    0.295    0.2793E-02  12.086   2.848E-01   7.162E-04  -5.106E-03   0.000E+00   6.125E-05
  195    -6.50    -183.8    0.295    0.2978E-02  12.062   2.848E-01   7.162E-04  -5.388E-03   0.000E+00   6.125E-05
  194    -7.00    -183.3    0.295    0.3161E-02  12.036   2.848E-01   7.162E-04  -5.671E-03   0.000E+00   6.125E-05
  193    -7.50    -182.8    0.295    0.3341E-02  12.008   2.848E-01   7.162E-04  -5.954E-03   0.000E+00   6.125E-05
  192    -8.00    -182.4    0.296    0.3518E-02  11.977   2.848E-01   7.162E-04  -6.379E-03   0.000E+00   6.125E-05
  191    -9.00    -181.4    0.296    0.3866E-02  11.909   2.848E-01   7.162E-04  -6.806E-03   0.000E+00   6.125E-05
  190   -10.00    -180.4    0.296    0.4204E-02  11.833   2.848E-01   7.162E-04  -7.377E-03   0.000E+00   6.125E-05
  189   -11.00    -179.4    0.297    0.4532E-02  11.748   2.848E-01   7.162E-04  -7.950E-03   0.000E+00   6.125E-05
  188   -12.00    -178.5    0.297    0.4850E-02  11.657   2.848E-01   7.162E-04  -8.524E-03   0.000E+00   6.125E-05
  187   -13.00    -177.5    0.297    0.5158E-02  11.559   2.848E-01   7.162E-04  -9.101E-03   0.000E+00   6.125E-05
  186   -14.00    -176.5    0.298    0.5456E-02  11.455   2.848E-01   7.162E-04  -9.680E-03   0.000E+00   6.125E-05
  185   -15.00    -175.6    0.298    0.5743E-02  11.348   2.848E-01   7.162E-04  -1.026E-02   0.000E+00   6.125E-05
  184   -16.00    -174.6    0.298    0.6021E-02  11.236   2.848E-01   7.162E-04  -1.084E-02   0.000E+00   6.125E-05
  183   -17.00    -173.6    0.299    0.6289E-02  11.122   2.848E-01   7.162E-04  -1.143E-02   0.000E+00   6.125E-05
  182   -18.00    -172.7    0.299    0.6547E-02  11.006   2.848E-01   7.162E-04  -1.201E-02   0.000E+00   6.125E-05
  181   -19.00    -171.7    0.299    0.6795E-02  10.887   2.848E-01   7.162E-04  -1.260E-02   0.000E+00   6.125E-05
  180   -20.00    -170.8    0.300    0.7034E-02  10.768   2.848E-01   7.162E-04  -1.318E-02   0.000E+00   6.125E-05
  179   -21.00    -169.8    0.300    0.7262E-02  10.648   2.848E-01   7.162E-04  -1.377E-02   0.000E+00   6.125E-05
  178   -22.00    -168.9    0.300    0.7481E-02  10.529   2.848E-01   7.162E-04  -1.436E-02   0.000E+00   6.125E-05
  177   -23.00    -167.9    0.301    0.7690E-02  10.409   2.848E-01   7.162E-04  -1.495E-02   0.000E+00   6.125E-05
  176   -24.00    -167.0    0.301    0.7890E-02  10.290   2.848E-01   7.162E-04  -1.554E-02   0.000E+00   6.125E-05
  175   -25.00    -166.0    0.301    0.8080E-02  10.171   2.848E-01   7.162E-04  -1.613E-02   0.000E+00   6.125E-05
  174   -26.00    -165.1    0.302    0.8261E-02  10.054   2.848E-01   7.162E-04  -1.675E-02   0.000E+00   6.125E-05
  173   -27.00    -164.1    0.302    0.8433E-02   9.939   2.848E-01   7.162E-04  -1.741E-02   0.000E+00   6.125E-05
  172   -28.00    -163.2    0.303    0.8596E-02   9.825   2.848E-01   7.162E-04  -1.806E-02   0.000E+00   6.125E-05
  171   -29.00    -162.3    0.303    0.8750E-02   9.712   2.848E-01   7.162E-04  -1.871E-02   0.000E+00   6.125E-05
  170   -30.00    -161.3    0.297    0.8910E-02   9.601   2.175E-01   7.162E-04  -1.935E-02   0.000E+00   6.125E-05
  169   -31.00    -160.4    0.298    0.9076E-02   9.492   2.175E-01   7.162E-04  -1.998E-02   0.000E+00   6.125E-05
  168   -32.00    -159.5    0.298    0.9231E-02   9.385   2.175E-01   7.162E-04  -2.061E-02   0.000E+00   6.125E-05
  167   -33.00    -158.6    0.299    0.9376E-02   9.280   2.175E-01   7.162E-04  -2.123E-02   0.000E+00   6.125E-05
  166   -34.00    -157.7    0.299    0.9512E-02   9.177   2.175E-01   7.162E-04  -2.186E-02   0.000E+00   6.125E-05
  165   -35.00    -156.8    0.299    0.9636E-02   9.077   2.175E-01   7.162E-04  -2.249E-02   0.000E+00   6.125E-05
  164   -36.00    -155.9    0.300    0.9751E-02   8.979   2.175E-01   7.162E-04  -2.312E-02   0.000E+00   6.125E-05
  163   -37.00    -155.0    0.300    0.9856E-02   8.883   2.175E-01   7.162E-04  -2.375E-02   0.000E+00   6.125E-05
  162   -38.00    -154.1    0.300    0.9952E-02   8.790   2.175E-01   7.162E-04  -2.438E-02   0.000E+00   6.125E-05
  161   -39.00    -153.3    0.301    0.1004E-01   8.700   2.175E-01   7.162E-04  -2.501E-02   0.000E+00   6.125E-05
  160   -40.00    -152.4    0.301    0.1011E-01   8.611   2.175E-01   7.162E-04  -2.564E-02   0.000E+00   6.125E-05
  159   -41.00    -151.5    0.302    0.1018E-01   8.526   2.175E-01   7.162E-04  -2.627E-02   0.000E+00   6.125E-05
  158   -42.00    -150.6    0.302    0.1024E-01   8.443   2.175E-01   7.162E-04  -2.691E-02   0.000E+00   6.125E-05
  157   -43.00    -149.7    0.302    0.1028E-01   8.362   2.175E-01   7.162E-04  -2.754E-02   0.000E+00   6.125E-05
  156   -44.00    -148.9    0.303    0.1032E-01   8.283   2.175E-01   7.162E-04  -2.817E-02   0.000E+00   6.125E-05
  155   -45.00    -148.0    0.301    0.1036E-01   8.207   1.287E-01   7.162E-04  -2.876E-02   0.000E+00   6.125E-05
  154   -46.00    -147.3    0.301    0.1040E-01   8.133   1.287E-01   7.162E-04  -2.931E-02   0.000E+00   6.125E-05
  153   -47.00    -146.5    0.301    0.1044E-01   8.062   1.287E-01   7.162E-04  -2.986E-02   0.000E+00   6.125E-05
  152   -48.00    -145.7    0.302    0.1048E-01   7.993   1.287E-01   7.162E-04  -3.040E-02   0.000E+00   6.125E-05
  151   -49.00    -145.0    0.302    0.1052E-01   7.926   1.287E-01   7.162E-04  -3.094E-02   0.000E+00   6.125E-05
  150   -50.00    -144.2    0.302    0.1056E-01   7.861   1.287E-01   7.162E-04  -3.149E-02   0.000E+00   6.125E-05
  149   -51.00    -143.5    0.302    0.1060E-01   7.798   1.287E-01   7.162E-04  -3.202E-02   0.000E+00   6.125E-05
  148   -52.00    -142.7    0.303    0.1064E-01   7.738   1.287E-01   7.162E-04  -3.256E-02   0.000E+00   6.125E-05
  147   -53.00    -142.0    0.303    0.1068E-01   7.680   1.287E-01   7.162E-04  -3.310E-02   0.000E+00   6.125E-05
  146   -54.00    -141.2    0.303    0.1072E-01   7.624   1.287E-01   7.162E-04  -3.363E-02   0.000E+00   6.125E-05
  145   -55.00    -140.5    0.304    0.1076E-01   7.570   1.287E-01   7.162E-04  -3.416E-02   0.000E+00   6.125E-05
  144   -56.00    -139.8    0.304    0.1080E-01   7.517   1.287E-01   7.162E-04  -3.472E-02   0.000E+00   6.125E-05
  143   -57.00    -139.0    0.304    0.1084E-01   7.467   1.287E-01   7.162E-04  -3.529E-02   0.000E+00   6.125E-05
  142   -58.00    -138.3    0.304    0.1088E-01   7.419   1.287E-01   7.162E-04  -3.586E-02   0.000E+00   6.125E-05
  141   -59.00    -137.6    0.305    0.1093E-01   7.373   1.287E-01   7.162E-04  -3.642E-02   0.000E+00   6.125E-05
  140   -60.00    -136.9    0.305    0.1097E-01   7.328   1.287E-01   7.162E-04  -3.698E-02   0.000E+00   6.125E-05
  139   -61.00    -136.2    0.305    0.1102E-01   7.286   1.287E-01   7.162E-04  -3.754E-02   0.000E+00   6.125E-05
  138   -62.00    -135.4    0.306    0.1107E-01   7.245   1.287E-01   7.162E-04  -3.810E-02   0.000E+00   6.125E-05
  137   -63.00    -134.7    0.306    0.1113E-01   7.206   1.287E-01   7.162E-04  -3.865E-02   0.000E+00   6.125E-05
  136   -64.00    -134.0    0.306    0.1118E-01   7.169   1.287E-01   7.162E-04  -3.921E-02   0.000E+00   6.125E-05
  135   -65.00    -133.4    0.306    0.1124E-01   7.133   1.287E-01   7.162E-04  -3.975E-02   0.000E+00   6.125E-05
  134   -66.00    -132.7    0.307    0.1130E-01   7.099   1.287E-01   7.162E-04  -4.030E-02   0.000E+00   6.125E-05
  133   -67.00    -132.0    0.307    0.1136E-01   7.066   1.287E-01   7.162E-04  -4.084E-02   0.000E+00   6.125E-05
  132   -68.00    -131.3    0.307    0.1142E-01   7.035   1.287E-01   7.162E-04  -4.138E-02   0.000E+00   6.125E-05
  131   -69.00    -130.6    0.308    0.1148E-01   7.006   1.287E-01   7.162E-04  -4.192E-02   0.000E+00   6.125E-05
  130   -70.00    -130.0    0.308    0.1155E-01   6.978   1.287E-01   7.162E-04  -4.245E-02   0.000E+00   6.125E-05
  129   -71.00    -129.3    0.308    0.1162E-01   6.951   1.287E-01   7.162E-04  -4.298E-02   0.000E+00   6.125E-05
  128   -72.00    -128.6    0.308    0.1169E-01   6.926   1.287E-01   7.162E-04  -4.351E-02   0.000E+00   6.125E-05
  127   -73.00    -128.0    0.309    0.1177E-01   6.902   1.287E-01   7.162E-04  -4.403E-02   0.000E+00   6.125E-05
  126   -74.00    -127.3    0.309    0.1184E-01   6.880   1.287E-01   7.162E-04  -4.455E-02   0.000E+00   6.125E-05
  125   -75.00    -126.7    0.309    0.1192E-01   6.858   1.287E-01   7.162E-04  -4.507E-02   0.000E+00   6.125E-05
  124   -76.00    -126.0    0.309    0.1200E-01   6.838   1.287E-01   7.162E-04  -4.558E-02   0.000E+00   6.125E-05
  123   -77.00    -125.4    0.310    0.1208E-01   6.819   1.287E-01   7.162E-04  -4.609E-02   0.000E+00   6.125E-05
  122   -78.00    -124.7    0.310    0.1217E-01   6.802   1.287E-01   7.162E-04  -4.659E-02   0.000E+00   6.125E-05
  121   -79.00    -124.1    0.310    0.1225E-01   6.785   1.287E-01   7.162E-04  -4.709E-02   0.000E+00   6.125E-05
  120   -80.00    -123.5    0.311    0.1234E-01   6.770   1.287E-01   7.162E-04  -4.759E-02   0.000E+00   6.125E-05
  119   -81.00    -122.8    0.311    0.1243E-01   6.755   1.287E-01   7.162E-04  -4.809E-02   0.000E+00   6.125E-05
  118   -82.00    -122.2    0.311    0.1252E-01   6.741   1.287E-01   7.162E-04  -4.858E-02   0.000E+00   6.125E-05
  117   -83.00    -121.6    0.311    0.1261E-01   6.729   1.287E-01   7.162E-04  -4.906E-02   0.000E+00   6.125E-05
  116   -84.00    -121.0    0.312    0.1271E-01   6.717   1.287E-01   7.162E-04  -4.954E-02   0.000E+00   6.125E-05
  115   -85.00    -120.4    0.312    0.1280E-01   6.706   1.287E-01   7.162E-04  -5.002E-02   0.000E+00   6.125E-05
  114   -86.00    -119.7    0.312    0.1290E-01   6.696   1.287E-01   7.162E-04  -5.049E-02   0.000E+00   6.125E-05
  113   -87.00    -119.1    0.312    0.1300E-01   6.687   1.287E-01   7.162E-04  -5.096E-02   0.000E+00   6.125E-05
  112   -88.00    -118.5    0.313    0.1310E-01   6.679   1.287E-01   7.162E-04  -5.144E-02   0.000E+00   6.125E-05
  111   -89.00    -117.9    0.313    0.1320E-01   6.671   1.287E-01   7.162E-04  -5.193E-02   0.000E+00   6.125E-05
  110   -90.00    -117.3    0.313    0.1330E-01   6.664   1.287E-01   7.162E-04  -5.241E-02   0.000E+00   6.125E-05
  109   -91.00    -116.7    0.313    0.1341E-01   6.658   1.287E-01   7.162E-04  -5.289E-02   0.000E+00   6.125E-05
  108   -92.00    -116.2    0.314    0.1351E-01   6.652   1.287E-01   7.162E-04  -5.336E-02   0.000E+00   6.125E-05
  107   -93.00    -115.6    0.314    0.1362E-01   6.647   1.287E-01   7.162E-04  -5.383E-02   0.000E+00   6.125E-05
  106   -94.00    -115.0    0.314    0.1372E-01   6.643   1.287E-01   7.162E-04  -5.429E-02   0.000E+00   6.125E-05
  105   -95.00    -114.4    0.315    0.1383E-01   6.639   1.287E-01   7.162E-04  -5.475E-02   0.000E+00   6.125E-05
  104   -96.00    -113.8    0.315    0.1394E-01   6.635   1.287E-01   7.162E-04  -5.521E-02   0.000E+00   6.125E-05
  103   -97.00    -113.3    0.315    0.1405E-01   6.633   1.287E-01   7.162E-04  -5.566E-02   0.000E+00   6.125E-05
  102   -98.00    -112.7    0.315    0.1415E-01   6.630   1.287E-01   7.162E-04  -5.610E-02   0.000E+00   6.125E-05
  101   -99.00    -112.2    0.316    0.1426E-01   6.628   1.287E-01   7.162E-04  -5.654E-02   0.000E+00   6.125E-05
  100  -100.00    -111.6    0.316    0.1437E-01   6.626   1.287E-01   7.162E-04  -5.698E-02   0.000E+00   6.125E-05
   99  -101.00    -111.0    0.316    0.1448E-01   6.625   1.287E-01   7.162E-04  -5.741E-02   0.000E+00   6.125E-05
   98  -102.00    -110.5    0.316    0.1458E-01   6.624   1.287E-01   7.162E-04  -5.783E-02   0.000E+00   6.125E-05
   97  -103.00    -109.9    0.317    0.1469E-01   6.623   1.287E-01   7.162E-04  -5.825E-02   0.000E+00   6.125E-05
   96  -104.00    -109.4    0.317    0.1479E-01   6.623   1.287E-01   7.162E-04  -5.867E-02   0.000E+00   6.125E-05
   95  -105.00    -108.8    0.317    0.1489E-01   6.623   1.287E-01   7.162E-04  -5.907E-02   0.000E+00   6.125E-05
   94  -106.00    -108.3    0.317    0.1500E-01   6.623   1.287E-01   7.162E-04  -5.948E-02   0.000E+00   6.125E-05
   93  -107.00    -107.8    0.318    0.1509E-01   6.623   1.287E-01   7.162E-04  -5.988E-02   0.000E+00   6.125E-05
   92  -108.00    -107.2    0.318    0.1519E-01   6.624   1.287E-01   7.162E-04  -6.027E-02   0.000E+00   6.125E-05
   91  -109.00    -106.7    0.318    0.1529E-01   6.625   1.287E-01   7.162E-04  -6.066E-02   0.000E+00   6.125E-05
   90  -110.00    -106.2    0.314    0.1537E-01   6.626   1.442E-01   7.162E-04  -6.104E-02   0.000E+00   6.125E-05
   89  -111.00    -105.6    0.315    0.1545E-01   6.627   1.442E-01   7.162E-04  -6.142E-02   0.000E+00   6.125E-05
   88  -112.00    -105.0    0.315    0.1553E-01   6.628   1.442E-01   7.162E-04  -6.180E-02   0.000E+00   6.125E-05
   87  -113.00    -104.4    0.315    0.1560E-01   6.630   1.442E-01   7.162E-04  -6.217E-02   0.000E+00   6.125E-05
   86  -114.00    -103.9    0.315    0.1567E-01   6.631   1.442E-01   7.162E-04  -6.253E-02   0.000E+00   6.125E-05
   85  -115.00    -103.3    0.316    0.1573E-01   6.633   1.442E-01   7.162E-04  -6.290E-02   0.000E+00   6.125E-05
   84  -116.00    -102.7    0.316    0.1579E-01   6.635   1.442E-01   7.162E-04  -6.325E-02   0.000E+00   6.125E-05
   83  -117.00    -102.2    0.316    0.1584E-01   6.636   1.442E-01   7.162E-04  -6.360E-02   0.000E+00   6.125E-05
   82  -118.00    -101.6    0.316    0.1588E-01   6.638   1.442E-01   7.162E-04  -6.395E-02   0.000E+00   6.125E-05
   81  -119.00    -101.1    0.317    0.1592E-01   6.640   1.442E-01   7.162E-04  -6.429E-02   0.000E+00   6.125E-05
   80  -120.00    -100.5    0.317    0.1596E-01   6.642   1.442E-01   7.162E-04  -6.463E-02   0.000E+00   6.125E-05
   79  -121.00    -100.0    0.317    0.1599E-01   6.644   1.442E-01   7.162E-04  -6.497E-02   0.000E+00   6.125E-05
   78  -122.00     -99.4    0.318    0.1601E-01   6.646   1.442E-01   7.162E-04  -6.531E-02   0.000E+00   6.125E-05
   77  -123.00     -98.9    0.318    0.1602E-01   6.648   1.442E-01   7.162E-04  -6.565E-02   0.000E+00   6.125E-05
   76  -124.00     -98.3    0.318    0.1603E-01   6.651   1.442E-01   7.162E-04  -6.598E-02   0.000E+00   6.125E-05
   75  -125.00     -97.8    0.318    0.1603E-01   6.653   1.442E-01   7.162E-04  -6.630E-02   0.000E+00   6.125E-05
   74  -126.00     -97.2    0.319    0.1603E-01   6.655   1.442E-01   7.162E-04  -6.663E-02   0.000E+00   6.125E-05
   73  -127.00     -96.7    0.319    0.1602E-01   6.657   1.442E-01   7.162E-04  -6.694E-02   0.000E+00   6.125E-05
   72  -128.00     -96.2    0.319    0.1600E-01   6.659   1.442E-01   7.162E-04  -6.725E-02   0.000E+00   6.125E-05
   71  -129.00     -95.6    0.320    0.1597E-01   6.661   1.442E-01   7.162E-04  -6.756E-02   0.000E+00   6.125E-05
   70  -130.00     -95.1    0.320    0.1594E-01   6.664   1.442E-01   7.162E-04  -6.786E-02   0.000E+00   6.125E-05
   69  -131.00     -94.6    0.320    0.1591E-01   6.666   1.442E-01   7.162E-04  -6.816E-02   0.000E+00   6.125E-05
   68  -132.00     -94.1    0.320    0.1587E-01   6.668   1.442E-01   7.162E-04  -6.845E-02   0.000E+00   6.125E-05
   67  -133.00     -93.5    0.321    0.1582E-01   6.670   1.442E-01   7.162E-04  -6.874E-02   0.000E+00   6.125E-05
   66  -134.00     -93.0    0.321    0.1577E-01   6.672   1.442E-01   7.162E-04  -6.902E-02   0.000E+00   6.125E-05
   65  -135.00     -92.5    0.321    0.1571E-01   6.674   1.442E-01   7.162E-04  -6.930E-02   0.000E+00   6.125E-05
   64  -136.00     -92.0    0.322    0.1565E-01   6.676   1.442E-01   7.162E-04  -6.958E-02   0.000E+00   6.125E-05
   63  -137.00     -91.5    0.322    0.1558E-01   6.679   1.442E-01   7.162E-04  -6.985E-02   0.000E+00   6.125E-05
   62  -138.00     -90.9    0.322    0.1551E-01   6.681   1.442E-01   7.162E-04  -7.011E-02   0.000E+00   6.125E-05
   61  -139.00     -90.4    0.322    0.1544E-01   6.683   1.442E-01   7.162E-04  -7.037E-02   0.000E+00   6.125E-05
   60  -140.00     -89.9    0.323    0.1536E-01   6.685   1.442E-01   7.162E-04  -7.062E-02   0.000E+00   6.125E-05
   59  -141.00     -89.4    0.323    0.1528E-01   6.687   1.442E-01   7.162E-04  -7.087E-02   0.000E+00   6.125E-05
   58  -142.00     -88.9    0.323    0.1520E-01   6.689   1.442E-01   7.162E-04  -7.112E-02   0.000E+00   6.125E-05
   57  -143.00     -88.4    0.324    0.1512E-01   6.691   1.442E-01   7.162E-04  -7.136E-02   0.000E+00   6.125E-05
   56  -144.00     -87.9    0.324    0.1504E-01   6.693   1.442E-01   7.162E-04  -7.159E-02   0.000E+00   6.125E-05
   55  -145.00     -87.4    0.324    0.1496E-01   6.695   1.442E-01   7.162E-04  -7.182E-02   0.000E+00   6.125E-05
   54  -146.00     -86.9    0.324    0.1487E-01   6.698   1.442E-01   7.162E-04  -7.205E-02   0.000E+00   6.125E-05
   53  -147.00     -86.4    0.325    0.1479E-01   6.700   1.442E-01   7.162E-04  -7.227E-02   0.000E+00   6.125E-05
   52  -148.00     -85.9    0.325    0.1471E-01   6.702   1.442E-01   7.162E-04  -7.248E-02   0.000E+00   6.125E-05
   51  -149.00     -85.4    0.325    0.1463E-01   6.704   1.442E-01   7.162E-04  -7.269E-02   0.000E+00   6.125E-05
   50  -150.00     -84.9    0.325    0.1456E-01   6.706   1.442E-01   7.162E-04  -7.290E-02   0.000E+00   6.125E-05
   49  -151.00     -84.4    0.326    0.1448E-01   6.708   1.442E-01   7.162E-04  -7.310E-02   0.000E+00   6.125E-05
   48  -152.00     -83.9    0.326    0.1441E-01   6.710   1.442E-01   7.162E-04  -7.331E-02   0.000E+00   6.125E-05
   47  -153.00     -83.4    0.326    0.1434E-01   6.712   1.442E-01   7.162E-04  -7.350E-02   0.000E+00   6.125E-05
   46  -154.00     -82.9    0.327    0.1428E-01   6.715   1.442E-01   7.162E-04  -7.369E-02   0.000E+00   6.125E-05
   45  -155.00     -82.4    0.327    0.1422E-01   6.717   1.442E-01   7.162E-04  -7.388E-02   0.000E+00   6.125E-05
   44  -156.00     -82.0    0.327    0.1417E-01   6.719   1.442E-01   7.162E-04  -7.406E-02   0.000E+00   6.125E-05
   43  -157.00     -81.5    0.328    0.1412E-01   6.721   1.442E-01   7.162E-04  -7.424E-02   0.000E+00   6.125E-05
   42  -158.00     -81.0    0.328    0.1407E-01   6.723   1.442E-01   7.162E-04  -7.441E-02   0.000E+00   6.125E-05
   41  -159.00     -80.5    0.328    0.1404E-01   6.725   1.442E-01   7.162E-04  -7.458E-02   0.000E+00   6.125E-05
   40  -160.00     -80.0    0.328    0.1400E-01   6.728   1.442E-01   7.162E-04  -7.475E-02   0.000E+00   6.125E-05
   39  -161.00     -79.5    0.329    0.1398E-01   6.730   1.442E-01   7.162E-04  -7.491E-02   0.000E+00   6.125E-05
   38  -162.00     -79.1    0.329    0.1396E-01   6.732   1.442E-01   7.162E-04  -7.506E-02   0.000E+00   6.125E-05
   37  -163.00     -78.6    0.329    0.1395E-01   6.734   1.442E-01   7.162E-04  -7.521E-02   0.000E+00   6.125E-05
   36  -164.00     -78.1    0.330    0.1394E-01   6.736   1.442E-01   7.162E-04  -7.536E-02   0.000E+00   6.125E-05
   35  -165.00     -77.6    0.330    0.1394E-01   6.738   1.442E-01   7.162E-04  -7.550E-02   0.000E+00   6.125E-05
   34  -166.00     -77.1    0.330    0.1395E-01   6.741   1.442E-01   7.162E-04  -7.564E-02   0.000E+00   6.125E-05
   33  -167.00     -76.7    0.331    0.1396E-01   6.743   1.442E-01   7.162E-04  -7.577E-02   0.000E+00   6.125E-05
   32  -168.00     -76.2    0.331    0.1398E-01   6.745   1.442E-01   7.162E-04  -7.590E-02   0.000E+00   6.125E-05
   31  -169.00     -75.7    0.331    0.1401E-01   6.747   1.442E-01   7.162E-04  -7.602E-02   0.000E+00   6.125E-05
   30  -170.00     -75.3    0.331    0.1405E-01   6.749   1.442E-01   7.162E-04  -7.614E-02   0.000E+00   6.125E-05
   29  -171.00     -74.8    0.332    0.1409E-01   6.751   1.442E-01   7.162E-04  -7.626E-02   0.000E+00   6.125E-05
   28  -172.00     -74.3    0.332    0.1414E-01   6.753   1.442E-01   7.162E-04  -7.637E-02   0.000E+00   6.125E-05
   27  -173.00     -73.8    0.332    0.1419E-01   6.755   1.442E-01   7.162E-04  -7.647E-02   0.000E+00   6.125E-05
   26  -174.00     -73.4    0.333    0.1425E-01   6.757   1.442E-01   7.162E-04  -7.658E-02   0.000E+00   6.125E-05
   25  -175.00     -72.9    0.333    0.1432E-01   6.759   1.442E-01   7.162E-04  -7.667E-02   0.000E+00   6.125E-05
   24  -176.00     -72.4    0.333    0.1439E-01   6.761   1.442E-01   7.162E-04  -7.677E-02   0.000E+00   6.125E-05
   23  -177.00     -72.0    0.333    0.1446E-01   6.763   1.442E-01   7.162E-04  -7.685E-02   0.000E+00   6.125E-05
   22  -178.00     -71.5    0.334    0.1454E-01   6.765   1.442E-01   7.162E-04  -7.694E-02   0.000E+00   6.125E-05
   21  -179.00     -71.0    0.334    0.1462E-01   6.767   1.442E-01   7.162E-04  -7.702E-02   0.000E+00   6.125E-05
   20  -180.00     -70.6    0.334    0.1470E-01   6.769   1.442E-01   7.162E-04  -7.709E-02   0.000E+00   6.125E-05
   19  -181.00     -70.1    0.335    0.1478E-01   6.770   1.442E-01   7.162E-04  -7.717E-02   0.000E+00   6.125E-05
   18  -182.00     -69.6    0.335    0.1486E-01   6.772   1.442E-01   7.162E-04  -7.723E-02   0.000E+00   6.125E-05
   17  -183.00     -69.2    0.335    0.1493E-01   6.773   1.442E-01   7.162E-04  -7.730E-02   0.000E+00   6.125E-05
   16  -184.00     -68.7    0.336    0.1500E-01   6.775   1.442E-01   7.162E-04  -7.736E-02   0.000E+00   6.125E-05
   15  -185.00     -68.2    0.336    0.1507E-01   6.776   1.442E-01   7.162E-04  -7.741E-02   0.000E+00   6.125E-05
   14  -186.00     -67.8    0.336    0.1512E-01   6.778   1.442E-01   7.162E-04  -7.746E-02   0.000E+00   6.125E-05
   13  -187.00     -67.3    0.337    0.1517E-01   6.779   1.442E-01   7.162E-04  -7.751E-02   0.000E+00   6.125E-05
   12  -188.00     -66.9    0.337    0.1519E-01   6.780   1.442E-01   7.162E-04  -7.755E-02   0.000E+00   6.125E-05
   11  -189.00     -66.4    0.337    0.1520E-01   6.781   1.442E-01   7.162E-04  -7.758E-02   0.000E+00   6.125E-05
   10  -190.00     -65.9    0.338    0.1519E-01   6.782   1.442E-01   7.162E-04  -7.762E-02   0.000E+00   6.125E-05
    9  -191.00     -65.5    0.338    0.1515E-01   6.783   1.442E-01   7.162E-04  -7.765E-02   0.000E+00   6.125E-05
    8  -192.00     -65.0    0.338    0.1508E-01   6.784   1.442E-01   7.162E-04  -7.767E-02   0.000E+00   6.125E-05
    7  -193.00     -64.6    0.339    0.1498E-01   6.784   1.442E-01   7.162E-04  -7.769E-02   0.000E+00   6.125E-05
    6  -194.00     -64.1    0.339    0.1483E-01   6.785   1.442E-01   7.162E-04  -7.771E-02   0.000E+00   6.125E-05
    5  -195.00     -63.6    0.339    0.1463E-01   6.785   1.442E-01   7.162E-04  -7.772E-02   0.000E+00   6.125E-05
    4  -196.00     -63.2    0.339    0.1438E-01   6.786   1.442E-01   7.162E-04  -7.773E-02   0.000E+00   6.125E-05
    3  -197.00     -62.7    0.340    0.1406E-01   6.786   1.442E-01   7.162E-04  -7.774E-02   0.000E+00   6.125E-05
    2  -198.00     -62.2    0.340    0.1367E-01   6.786   1.442E-01   7.162E-04  -7.775E-02   0.000E+00   6.125E-05
    1  -199.00     -61.8    0.340    0.1319E-01   6.786   1.442E-01   7.162E-04  -7.775E-02   0.000E+00   6.125E-05
#Time:     192
  222     0.00    -257.8    0.274    0.3800E-03   9.695   2.848E-01   7.303E-04  -1.913E-03   0.000E+00   6.109E-05
  221    -0.10    -257.7    0.274    0.4371E-03   9.700   2.848E-01   7.303E-04  -1.911E-03   0.000E+00   6.109E-05
  220    -0.20    -257.6    0.274    0.4941E-03   9.720   2.848E-01   7.303E-04  -1.907E-03   0.000E+00   6.109E-05
  219    -0.30    -257.5    0.274    0.5510E-03   9.743   2.848E-01   7.303E-04  -1.903E-03   0.000E+00   6.109E-05
  218    -0.40    -257.4    0.274    0.6079E-03   9.765   2.848E-01   7.303E-04  -1.899E-03   0.000E+00   6.109E-05
  217    -0.50    -257.3    0.274    0.6647E-03   9.786   2.848E-01   7.303E-04  -1.896E-03   0.000E+00   6.109E-05
  216    -0.60    -257.2    0.274    0.7214E-03   9.805   2.848E-01   7.303E-04  -1.892E-03   0.000E+00   6.109E-05
  215    -0.70    -257.1    0.274    0.7780E-03   9.824   2.848E-01   7.303E-04  -1.888E-03   0.000E+00   6.109E-05
  214    -0.80    -257.0    0.274    0.8346E-03   9.842   2.848E-01   7.303E-04  -1.884E-03   0.000E+00   6.109E-05
  213    -0.90    -256.9    0.274    0.8911E-03   9.860   2.848E-01   7.303E-04  -1.881E-03   0.000E+00   6.109E-05
  212    -1.00    -256.8    0.274    0.9475E-03   9.878   2.848E-01   7.303E-04  -1.875E-03   0.000E+00   6.109E-05
  211    -1.20    -256.6    0.274    0.1060E-02   9.914   2.848E-01   7.303E-04  -1.870E-03   0.000E+00   6.109E-05
  210    -1.40    -256.4    0.274    0.1172E-02   9.949   2.848E-01   7.303E-04  -1.862E-03   0.000E+00   6.109E-05
  209    -1.60    -256.2    0.274    0.1284E-02   9.985   2.848E-01   7.303E-04  -1.855E-03   0.000E+00   6.109E-05
  208    -1.80    -256.0    0.274    0.1396E-02  10.020   2.848E-01   7.303E-04  -1.848E-03   0.000E+00   6.109E-05
  207    -2.00    -255.8    0.274    0.1507E-02  10.055   2.848E-01   7.303E-04  -1.841E-03   0.000E+00   6.109E-05
  206    -2.20    -255.6    0.274    0.1618E-02  10.090   2.848E-01   7.303E-04  -1.834E-03   0.000E+00   6.109E-05
  205    -2.40    -255.4    0.274    0.1729E-02  10.125   2.848E-01   7.303E-04  -1.826E-03   0.000E+00   6.109E-05
  204    -2.60    -255.2    0.274    0.1839E-02  10.160   2.848E-01   7.303E-04  -1.819E-03   0.000E+00   6.109E-05
  203    -2.80    -255.0    0.274    0.1949E-02  10.194   2.848E-01   7.303E-04  -1.812E-03   0.000E+00   6.109E-05
  202    -3.00    -254.8    0.274    0.2059E-02  10.228   2.848E-01   7.303E-04  -1.800E-03   0.000E+00   6.109E-05
  201    -3.50    -254.3    0.275    0.2331E-02  10.312   2.848E-01   7.303E-04  -1.788E-03   0.000E+00   6.109E-05
  200    -4.00    -253.8    0.275    0.2602E-02  10.393   2.848E-01   7.303E-04  -1.771E-03   0.000E+00   6.109E-05
  199    -4.50    -253.3    0.275    0.2871E-02  10.471   2.848E-01   7.303E-04  -1.754E-03   0.000E+00   6.109E-05
  198    -5.00    -252.8    0.275    0.3137E-02  10.547   2.848E-01   7.303E-04  -1.737E-03   0.000E+00   6.109E-05
  197    -5.50    -252.3    0.275    0.3402E-02  10.619   2.848E-01   7.303E-04  -1.720E-03   0.000E+00   6.109E-05
  196    -6.00    -251.8    0.275    0.3665E-02  10.689   2.848E-01   7.303E-04  -1.703E-03   0.000E+00   6.109E-05
  195    -6.50    -251.4    0.275    0.3925E-02  10.754   2.848E-01   7.303E-04  -1.687E-03   0.000E+00   6.109E-05
  194    -7.00    -250.9    0.275    0.4184E-02  10.817   2.848E-01   7.303E-04  -1.670E-03   0.000E+00   6.109E-05
  193    -7.50    -250.4    0.276    0.4441E-02  10.875   2.848E-01   7.303E-04  -1.654E-03   0.000E+00   6.109E-05
  192    -8.00    -249.9    0.276    0.4695E-02  10.931   2.848E-01   7.303E-04  -1.629E-03   0.000E+00   6.109E-05
  191    -9.00    -248.9    0.276    0.5198E-02  11.030   2.848E-01   7.303E-04  -1.605E-03   0.000E+00   6.109E-05
  190   -10.00    -247.9    0.276    0.5693E-02  11.116   2.848E-01   7.303E-04  -1.573E-03   0.000E+00   6.109E-05
  189   -11.00    -246.9    0.276    0.6180E-02  11.187   2.848E-01   7.303E-04  -1.542E-03   0.000E+00   6.109E-05
  188   -12.00    -245.9    0.277    0.6659E-02  11.246   2.848E-01   7.303E-04  -1.510E-03   0.000E+00   6.109E-05
  187   -13.00    -244.9    0.277    0.7130E-02  11.291   2.848E-01   7.303E-04  -1.479E-03   0.000E+00   6.109E-05
  186   -14.00    -243.9    0.277    0.7592E-02  11.326   2.848E-01   7.303E-04  -1.449E-03   0.000E+00   6.109E-05
  185   -15.00    -242.9    0.277    0.8047E-02  11.349   2.848E-01   7.303E-04  -1.419E-03   0.000E+00   6.109E-05
  184   -16.00    -241.9    0.278    0.8492E-02  11.363   2.848E-01   7.303E-04  -1.390E-03   0.000E+00   6.109E-05
  183   -17.00    -240.9    0.278    0.8930E-02  11.367   2.848E-01   7.303E-04  -1.361E-03   0.000E+00   6.109E-05
  182   -18.00    -239.9    0.278    0.9358E-02  11.363   2.848E-01   7.303E-04  -1.334E-03   0.000E+00   6.109E-05
  181   -19.00    -238.9    0.278    0.9778E-02  11.351   2.848E-01   7.303E-04  -1.308E-03   0.000E+00   6.109E-05
  180   -20.00    -237.9    0.279    0.1019E-01  11.333   2.848E-01   7.303E-04  -1.283E-03   0.000E+00   6.109E-05
  179   -21.00    -236.9    0.279    0.1059E-01  11.309   2.848E-01   7.303E-04  -1.260E-03   0.000E+00   6.109E-05
  178   -22.00    -235.9    0.279    0.1099E-01  11.280   2.848E-01   7.303E-04  -1.240E-03   0.000E+00   6.109E-05
  177   -23.00    -234.9    0.279    0.1137E-01  11.245   2.848E-01   7.303E-04  -1.222E-03   0.000E+00   6.109E-05
  176   -24.00    -233.9    0.280    0.1175E-01  11.207   2.848E-01   7.303E-04  -1.207E-03   0.000E+00   6.109E-05
  175   -25.00    -232.9    0.280    0.1212E-01  11.165   2.848E-01   7.303E-04  -1.196E-03   0.000E+00   6.109E-05
  174   -26.00    -231.9    0.280    0.1247E-01  11.121   2.848E-01   7.303E-04  -1.189E-03   0.000E+00   6.109E-05
  173   -27.00    -231.0    0.280    0.1282E-01  11.073   2.848E-01   7.303E-04  -1.155E-03   0.000E+00   6.109E-05
  172   -28.00    -230.0    0.281    0.1316E-01  11.024   2.848E-01   7.303E-04  -1.094E-03   0.000E+00   6.109E-05
  171   -29.00    -229.0    0.281    0.1350E-01  10.973   2.848E-01   7.303E-04  -1.038E-03   0.000E+00   6.109E-05
  170   -30.00    -228.0    0.276    0.1385E-01  10.921   2.175E-01   7.303E-04  -9.873E-04   0.000E+00   6.109E-05
  169   -31.00    -227.0    0.276    0.1422E-01  10.868   2.175E-01   7.303E-04  -9.418E-04   0.000E+00   6.109E-05
  168   -32.00    -226.0    0.277    0.1458E-01  10.814   2.175E-01   7.303E-04  -8.998E-04   0.000E+00   6.109E-05
  167   -33.00    -225.0    0.277    0.1494E-01  10.760   2.175E-01   7.303E-04  -8.605E-04   0.000E+00   6.109E-05
  166   -34.00    -224.0    0.277    0.1528E-01  10.705   2.175E-01   7.303E-04  -8.236E-04   0.000E+00   6.109E-05
  165   -35.00    -223.0    0.278    0.1561E-01  10.651   2.175E-01   7.303E-04  -7.886E-04   0.000E+00   6.109E-05
  164   -36.00    -222.0    0.278    0.1593E-01  10.597   2.175E-01   7.303E-04  -7.552E-04   0.000E+00   6.109E-05
  163   -37.00    -221.0    0.278    0.1624E-01  10.543   2.175E-01   7.303E-04  -7.230E-04   0.000E+00   6.109E-05
  162   -38.00    -220.0    0.278    0.1654E-01  10.489   2.175E-01   7.303E-04  -6.918E-04   0.000E+00   6.109E-05
  161   -39.00    -219.0    0.279    0.1683E-01  10.436   2.175E-01   7.303E-04  -6.616E-04   0.000E+00   6.109E-05
  160   -40.00    -218.0    0.279    0.1711E-01  10.384   2.175E-01   7.303E-04  -6.320E-04   0.000E+00   6.109E-05
  159   -41.00    -217.0    0.279    0.1738E-01  10.333   2.175E-01   7.303E-04  -6.030E-04   0.000E+00   6.109E-05
  158   -42.00    -216.0    0.280    0.1764E-01  10.282   2.175E-01   7.303E-04  -5.745E-04   0.000E+00   6.109E-05
  157   -43.00    -215.0    0.280    0.1788E-01  10.231   2.175E-01   7.303E-04  -5.466E-04   0.000E+00   6.109E-05
  156   -44.00    -214.0    0.280    0.1812E-01  10.182   2.175E-01   7.303E-04  -5.191E-04   0.000E+00   6.109E-05
  155   -45.00    -213.0    0.281    0.1840E-01  10.133   1.287E-01   7.303E-04  -4.935E-04   0.000E+00   6.109E-05
  154   -46.00    -212.0    0.282    0.1875E-01  10.085   1.287E-01   7.303E-04  -4.695E-04   0.000E+00   6.109E-05
  153   -47.00    -211.0    0.282    0.1910E-01  10.037   1.287E-01   7.303E-04  -4.453E-04   0.000E+00   6.109E-05
  152   -48.00    -210.0    0.282    0.1944E-01   9.990   1.287E-01   7.303E-04  -4.212E-04   0.000E+00   6.109E-05
  151   -49.00    -209.0    0.282    0.1978E-01   9.944   1.287E-01   7.303E-04  -3.971E-04   0.000E+00   6.109E-05
  150   -50.00    -208.0    0.283    0.2011E-01   9.898   1.287E-01   7.303E-04  -3.732E-04   0.000E+00   6.109E-05
  149   -51.00    -207.0    0.283    0.2043E-01   9.853   1.287E-01   7.303E-04  -3.496E-04   0.000E+00   6.109E-05
  148   -52.00    -206.0    0.283    0.2074E-01   9.809   1.287E-01   7.303E-04  -3.264E-04   0.000E+00   6.109E-05
  147   -53.00    -205.0    0.283    0.2105E-01   9.764   1.287E-01   7.303E-04  -3.038E-04   0.000E+00   6.109E-05
  146   -54.00    -204.0    0.284    0.2135E-01   9.721   1.287E-01   7.303E-04  -2.819E-04   0.000E+00   6.109E-05
  145   -55.00    -203.0    0.284    0.2164E-01   9.678   1.287E-01   7.303E-04  -2.609E-04   0.000E+00   6.109E-05
  144   -56.00    -202.0    0.284    0.2193E-01   9.635   1.287E-01   7.303E-04  -2.412E-04   0.000E+00   6.109E-05
  143   -57.00    -201.0    0.284    0.2222E-01   9.593   1.287E-01   7.303E-04  -2.229E-04   0.000E+00   6.109E-05
  142   -58.00    -200.0    0.285    0.2249E-01   9.551   1.287E-01   7.303E-04  -2.066E-04   0.000E+00   6.109E-05
  141   -59.00    -199.0    0.285    0.2276E-01   9.509   1.287E-01   7.303E-04  -1.926E-04   0.000E+00   6.109E-05
  140   -60.00    -198.0    0.285    0.2302E-01   9.468   1.287E-01   7.303E-04  -1.815E-04   0.000E+00   6.109E-05
  139   -61.00    -197.1    0.285    0.2328E-01   9.427   1.287E-01   7.303E-04  -1.739E-04   0.000E+00   6.109E-05
  138   -62.00    -196.1    0.286    0.2353E-01   9.387   1.287E-01   7.303E-04  -1.707E-04   0.000E+00   6.109E-05
  137   -63.00    -195.1    0.286    0.2378E-01   9.346   1.287E-01   7.303E-04  -1.523E-04   0.000E+00   6.109E-05
  136   -64.00    -194.1    0.286    0.2402E-01   9.306   1.287E-01   7.303E-04  -1.193E-04   0.000E+00   6.109E-05
  135   -65.00    -193.1    0.286    0.2426E-01   9.267   1.287E-01   7.303E-04  -9.135E-05   0.000E+00   6.109E-05
  134   -66.00    -192.1    0.287    0.2449E-01   9.227   1.287E-01   7.303E-04  -6.763E-05   0.000E+00   6.109E-05
  133   -67.00    -191.1    0.287    0.2471E-01   9.188   1.287E-01   7.303E-04  -4.732E-05   0.000E+00   6.109E-05
  132   -68.00    -190.1    0.287    0.2493E-01   9.149   1.287E-01   7.303E-04  -2.974E-05   0.000E+00   6.109E-05
  131   -69.00    -189.1    0.288    0.2514E-01   9.111   1.287E-01   7.303E-04  -1.435E-05   0.000E+00   6.109E-05
  130   -70.00    -188.1    0.288    0.2535E-01   9.072   1.287E-01   7.303E-04  -7.237E-07   0.000E+00   6.109E-05
  129   -71.00    -187.1    0.288    0.2556E-01   9.034   1.287E-01   7.303E-04   1.149E-05   0.000E+00   6.109E-05
  128   -72.00    -186.1    0.289    0.2575E-01   8.996   1.287E-01   7.303E-04   2.258E-05   0.000E+00   6.109E-05
  127   -73.00    -185.1    0.289    0.2595E-01   8.959   1.287E-01   7.303E-04   3.274E-05   0.000E+00   6.109E-05
  126   -74.00    -184.1    0.289    0.2614E-01   8.922   1.287E-01   7.303E-04   4.214E-05   0.000E+00   6.109E-05
  125   -75.00    -183.1    0.289    0.2632E-01   8.885   1.287E-01   7.303E-04   5.090E-05   0.000E+00   6.109E-05
  124   -76.00    -182.1    0.290    0.2650E-01   8.848   1.287E-01   7.303E-04   5.910E-05   0.000E+00   6.109E-05
  123   -77.00    -181.1    0.290    0.2668E-01   8.811   1.287E-01   7.303E-04   6.679E-05   0.000E+00   6.109E-05
  122   -78.00    -180.1    0.290    0.2685E-01   8.775   1.287E-01   7.303E-04   7.401E-05   0.000E+00   6.109E-05
  121   -79.00    -179.1    0.291    0.2701E-01   8.740   1.287E-01   7.303E-04   8.076E-05   0.000E+00   6.109E-05
  120   -80.00    -178.1    0.291    0.2717E-01   8.704   1.287E-01   7.303E-04   8.704E-05   0.000E+00   6.109E-05
  119   -81.00    -177.1    0.291    0.2733E-01   8.669   1.287E-01   7.303E-04   9.281E-05   0.000E+00   6.109E-05
  118   -82.00    -176.1    0.292    0.2748E-01   8.634   1.287E-01   7.303E-04   9.804E-05   0.000E+00   6.109E-05
  117   -83.00    -175.1    0.292    0.2763E-01   8.599   1.287E-01   7.303E-04   1.027E-04   0.000E+00   6.109E-05
  116   -84.00    -174.1    0.292    0.2778E-01   8.565   1.287E-01   7.303E-04   1.066E-04   0.000E+00   6.109E-05
  115   -85.00    -173.0    0.292    0.2792E-01   8.531   1.287E-01   7.303E-04   1.097E-04   0.000E+00   6.109E-05
  114   -86.00    -172.0    0.293    0.2805E-01   8.497   1.287E-01   7.303E-04   1.119E-04   0.000E+00   6.109E-05
  113   -87.00    -171.0    0.293    0.2819E-01   8.464   1.287E-01   7.303E-04   1.129E-04   0.000E+00   6.109E-05
  112   -88.00    -170.0    0.293    0.2832E-01   8.431   1.287E-01   7.303E-04   1.127E-04   0.000E+00   6.109E-05
  111   -89.00    -169.0    0.294    0.2844E-01   8.399   1.287E-01   7.303E-04   1.108E-04   0.000E+00   6.109E-05
  110   -90.00    -168.0    0.294    0.2856E-01   8.366   1.287E-01   7.303E-04   1.070E-04   0.000E+00   6.109E-05
  109   -91.00    -167.0    0.294    0.2868E-01   8.334   1.287E-01   7.303E-04   1.008E-04   0.000E+00   6.109E-05
  108   -92.00    -166.0    0.295    0.2880E-01   8.303   1.287E-01   7.303E-04   9.179E-05   0.000E+00   6.109E-05
  107   -93.00    -165.0    0.295    0.2891E-01   8.272   1.287E-01   7.303E-04   9.015E-05   0.000E+00   6.109E-05
  106   -94.00    -164.0    0.295    0.2902E-01   8.241   1.287E-01   7.303E-04   9.547E-05   0.000E+00   6.109E-05
  105   -95.00    -163.0    0.296    0.2912E-01   8.210   1.287E-01   7.303E-04   9.722E-05   0.000E+00   6.109E-05
  104   -96.00    -162.0    0.296    0.2923E-01   8.180   1.287E-01   7.303E-04   9.610E-05   0.000E+00   6.109E-05
  103   -97.00    -161.0    0.296    0.2933E-01   8.151   1.287E-01   7.303E-04   9.266E-05   0.000E+00   6.109E-05
  102   -98.00    -160.0    0.297    0.2942E-01   8.121   1.287E-01   7.303E-04   8.737E-05   0.000E+00   6.109E-05
  101   -99.00    -159.0    0.297    0.2952E-01   8.092   1.287E-01   7.303E-04   8.060E-05   0.000E+00   6.109E-05
  100  -100.00    -158.0    0.297    0.2961E-01   8.064   1.287E-01   7.303E-04   7.263E-05   0.000E+00   6.109E-05
   99  -101.00    -157.0    0.298    0.2970E-01   8.036   1.287E-01   7.303E-04   6.370E-05   0.000E+00   6.109E-05
   98  -102.00    -156.0    0.298    0.2979E-01   8.008   1.287E-01   7.303E-04   5.396E-05   0.000E+00   6.109E-05
   97  -103.00    -155.0    0.298    0.2987E-01   7.980   1.287E-01   7.303E-04   4.356E-05   0.000E+00   6.109E-05
   96  -104.00    -154.0    0.299    0.2995E-01   7.953   1.287E-01   7.303E-04   3.259E-05   0.000E+00   6.109E-05
   95  -105.00    -153.0    0.299    0.3003E-01   7.927   1.287E-01   7.303E-04   2.111E-05   0.000E+00   6.109E-05
   94  -106.00    -152.0    0.299    0.3011E-01   7.900   1.287E-01   7.303E-04   9.158E-06   0.000E+00   6.109E-05
   93  -107.00    -151.0    0.300    0.3018E-01   7.874   1.287E-01   7.303E-04  -3.232E-06   0.000E+00   6.109E-05
   92  -108.00    -150.0    0.300    0.3026E-01   7.849   1.287E-01   7.303E-04  -1.606E-05   0.000E+00   6.109E-05
   91  -109.00    -149.0    0.300    0.3033E-01   7.824   1.287E-01   7.303E-04  -2.932E-05   0.000E+00   6.109E-05
   90  -110.00    -148.0    0.297    0.3040E-01   7.799   1.442E-01   7.303E-04  -4.306E-05   0.000E+00   6.109E-05
   89  -111.00    -147.0    0.297    0.3046E-01   7.775   1.442E-01   7.303E-04  -5.730E-05   0.000E+00   6.109E-05
   88  -112.00    -146.0    0.297    0.3052E-01   7.751   1.442E-01   7.303E-04  -7.208E-05   0.000E+00   6.109E-05
   87  -113.00    -145.0    0.298    0.3057E-01   7.727   1.442E-01   7.303E-04  -8.747E-05   0.000E+00   6.109E-05
   86  -114.00    -144.0    0.298    0.3063E-01   7.704   1.442E-01   7.303E-04  -1.036E-04   0.000E+00   6.109E-05
   85  -115.00    -143.0    0.298    0.3068E-01   7.681   1.442E-01   7.303E-04  -1.204E-04   0.000E+00   6.109E-05
   84  -116.00    -142.0    0.299    0.3073E-01   7.658   1.442E-01   7.303E-04  -1.382E-04   0.000E+00   6.109E-05
   83  -117.00    -141.0    0.299    0.3078E-01   7.636   1.442E-01   7.303E-04  -1.571E-04   0.000E+00   6.109E-05
   82  -118.00    -140.0    0.299    0.3083E-01   7.614   1.442E-01   7.303E-04  -1.747E-04   0.000E+00   6.109E-05
   81  -119.00    -139.0    0.300    0.3087E-01   7.593   1.442E-01   7.303E-04  -1.914E-04   0.000E+00   6.109E-05
   80  -120.00    -138.0    0.300    0.3092E-01   7.572   1.442E-01   7.303E-04  -2.097E-04   0.000E+00   6.109E-05
   79  -121.00    -137.0    0.301    0.3096E-01   7.552   1.442E-01   7.303E-04  -2.291E-04   0.000E+00   6.109E-05
   78  -122.00    -136.0    0.301    0.3100E-01   7.531   1.442E-01   7.303E-04  -2.495E-04   0.000E+00   6.109E-05
   77  -123.00    -135.0    0.301    0.3104E-01   7.512   1.442E-01   7.303E-04  -2.707E-04   0.000E+00   6.109E-05
   76  -124.00    -134.1    0.302    0.3107E-01   7.492   1.442E-01   7.303E-04  -2.924E-04   0.000E+00   6.109E-05
   75  -125.00    -133.1    0.302    0.3111E-01   7.473   1.442E-01   7.303E-04  -3.146E-04   0.000E+00   6.109E-05
   74  -126.00    -132.1    0.303    0.3114E-01   7.455   1.442E-01   7.303E-04  -3.372E-04   0.000E+00   6.109E-05
   73  -127.00    -131.1    0.303    0.3117E-01   7.436   1.442E-01   7.303E-04  -3.601E-04   0.000E+00   6.109E-05
   72  -128.00    -130.1    0.304    0.3120E-01   7.418   1.442E-01   7.303E-04  -3.832E-04   0.000E+00   6.109E-05
   71  -129.00    -129.1    0.304    0.3123E-01   7.401   1.442E-01   7.303E-04  -4.065E-04   0.000E+00   6.109E-05
   70  -130.00    -128.1    0.304    0.3125E-01   7.384   1.442E-01   7.303E-04  -4.299E-04   0.000E+00   6.109E-05
   69  -131.00    -127.1    0.305    0.3128E-01   7.367   1.442E-01   7.303E-04  -4.535E-04   0.000E+00   6.109E-05
   68  -132.00    -126.1    0.305    0.3130E-01   7.350   1.442E-01   7.303E-04  -4.771E-04   0.000E+00   6.109E-05
   67  -133.00    -125.1    0.306    0.3132E-01   7.334   1.442E-01   7.303E-04  -5.008E-04   0.000E+00   6.109E-05
   66  -134.00    -124.1    0.306    0.3134E-01   7.319   1.442E-01   7.303E-04  -5.245E-04   0.000E+00   6.109E-05
   65  -135.00    -123.1    0.306    0.3136E-01   7.303   1.442E-01   7.303E-04  -5.482E-04   0.000E+00   6.109E-05
   64  -136.00    -122.1    0.307    0.3138E-01   7.288   1.442E-01   7.303E-04  -5.719E-04   0.000E+00   6.109E-05
   63  -137.00    -121.1    0.307    0.3140E-01   7.273   1.442E-01   7.303E-04  -5.955E-04   0.000E+00   6.109E-05
   62  -138.00    -120.1    0.308    0.3141E-01   7.259   1.442E-01   7.303E-04  -6.190E-04   0.000E+00   6.109E-05
   61  -139.00    -119.1    0.308    0.3142E-01   7.245   1.442E-01   7.303E-04  -6.423E-04   0.000E+00   6.109E-05
   60  -140.00    -118.1    0.309    0.3144E-01   7.231   1.442E-01   7.303E-04  -6.677E-04   0.000E+00   6.109E-05
   59  -141.00    -117.1    0.309    0.3145E-01   7.218   1.442E-01   7.303E-04  -6.954E-04   0.000E+00   6.109E-05
   58  -142.00    -116.1    0.309    0.3146E-01   7.205   1.442E-01   7.303E-04  -7.230E-04   0.000E+00   6.109E-05
   57  -143.00    -115.1    0.310    0.3146E-01   7.192   1.442E-01   7.303E-04  -7.505E-04   0.000E+00   6.109E-05
   56  -144.00    -114.1    0.310    0.3147E-01   7.179   1.442E-01   7.303E-04  -7.779E-04   0.000E+00   6.109E-05
   55  -145.00    -113.1    0.311    0.3148E-01   7.167   1.442E-01   7.303E-04  -8.051E-04   0.000E+00   6.109E-05
   54  -146.00    -112.1    0.311    0.3148E-01   7.155   1.442E-01   7.303E-04  -8.321E-04   0.000E+00   6.109E-05
   53  -147.00    -111.1    0.312    0.3148E-01   7.144   1.442E-01   7.303E-04  -8.590E-04   0.000E+00   6.109E-05
   52  -148.00    -110.1    0.312    0.3148E-01   7.132   1.442E-01   7.303E-04  -8.856E-04   0.000E+00   6.109E-05
   51  -149.00    -109.2    0.313    0.3148E-01   7.121   1.442E-01   7.303E-04  -9.119E-04   0.000E+00   6.109E-05
   50  -150.00    -108.2    0.313    0.3148E-01   7.111   1.442E-01   7.303E-04  -9.380E-04   0.000E+00   6.109E-05
   49  -151.00    -107.2    0.314    0.3148E-01   7.100   1.442E-01   7.303E-04  -9.637E-04   0.000E+00   6.109E-05
   48  -152.00    -106.2    0.314    0.3148E-01   7.090   1.442E-01   7.303E-04  -9.891E-04   0.000E+00   6.109E-05
   47  -153.00    -105.2    0.315    0.3147E-01   7.080   1.442E-01   7.303E-04  -1.014E-03   0.000E+00   6.109E-05
   46  -154.00    -104.2    0.315    0.3147E-01   7.071   1.442E-01   7.303E-04  -1.038E-03   0.000E+00   6.109E-05
   45  -155.00    -103.2    0.316    0.3146E-01   7.062   1.442E-01   7.303E-04  -1.062E-03   0.000E+00   6.109E-05
   44  -156.00    -102.2    0.316    0.3145E-01   7.053   1.442E-01   7.303E-04  -1.085E-03   0.000E+00   6.109E-05
   43  -157.00    -101.2    0.317    0.3144E-01   7.044   1.442E-01   7.303E-04  -1.108E-03   0.000E+00   6.109E-05
   42  -158.00    -100.2    0.317    0.3143E-01   7.035   1.442E-01   7.303E-04  -1.132E-03   0.000E+00   6.109E-05
   41  -159.00     -99.2    0.318    0.3141E-01   7.027   1.442E-01   7.303E-04  -1.160E-03   0.000E+00   6.109E-05
   40  -160.00     -98.2    0.318    0.3140E-01   7.019   1.442E-01   7.303E-04  -1.186E-03   0.000E+00   6.109E-05
   39  -161.00     -97.2    0.319    0.3138E-01   7.011   1.442E-01   7.303E-04  -1.212E-03   0.000E+00   6.109E-05
   38  -162.00     -96.3    0.319    0.3137E-01   7.004   1.442E-01   7.303E-04  -1.237E-03   0.000E+00   6.109E-05
   37  -163.00     -95.3    0.320    0.3135E-01   6.997   1.442E-01   7.303E-04  -1.261E-03   0.000E+00   6.109E-05
   36  -164.00     -94.3    0.320    0.3133E-01   6.990   1.442E-01   7.303E-04  -1.284E-03   0.000E+00   6.109E-05
   35  -165.00     -93.3    0.321    0.3130E-01   6.983   1.442E-01   7.303E-04  -1.307E-03   0.000E+00   6.109E-05
   34  -166.00     -92.3    0.321    0.3128E-01   6.976   1.442E-01   7.303E-04  -1.329E-03   0.000E+00   6.109E-05
   33  -167.00     -91.3    0.322    0.3126E-01   6.970   1.442E-01   7.303E-04  -1.350E-03   0.000E+00   6.109E-05
   32  -168.00     -90.3    0.322    0.3123E-01   6.964   1.442E-01   7.303E-04  -1.371E-03   0.000E+00   6.109E-05
   31  -169.00     -89.3    0.323    0.3120E-01   6.958   1.442E-01   7.303E-04  -1.391E-03   0.000E+00   6.109E-05
   30  -170.00     -88.3    0.324    0.3117E-01   6.952   1.442E-01   7.303E-04  -1.410E-03   0.000E+00   6.109E-05
   29  -171.00     -87.3    0.324    0.3114E-01   6.947   1.442E-01   7.303E-04  -1.428E-03   0.000E+00   6.109E-05
   28  -172.00     -86.3    0.325    0.3111E-01   6.942   1.442E-01   7.303E-04  -1.446E-03   0.000E+00   6.109E-05
   27  -173.00     -85.4    0.325    0.3107E-01   6.937   1.442E-01   7.303E-04  -1.462E-03   0.000E+00   6.109E-05
   26  -174.00     -84.4    0.326    0.3104E-01   6.932   1.442E-01   7.303E-04  -1.480E-03   0.000E+00   6.109E-05
   25  -175.00     -83.4    0.326    0.3100E-01   6.928   1.442E-01   7.303E-04  -1.499E-03   0.000E+00   6.109E-05
   24  -176.00     -82.4    0.327    0.3096E-01   6.923   1.442E-01   7.303E-04  -1.517E-03   0.000E+00   6.109E-05
   23  -177.00     -81.4    0.328    0.3091E-01   6.919   1.442E-01   7.303E-04  -1.534E-03   0.000E+00   6.109E-05
   22  -178.00     -80.4    0.328    0.3087E-01   6.915   1.442E-01   7.303E-04  -1.550E-03   0.000E+00   6.109E-05
   21  -179.00     -79.4    0.329    0.3083E-01   6.911   1.442E-01   7.303E-04  -1.565E-03   0.000E+00   6.109E-05
   20  -180.00     -78.4    0.329    0.3078E-01   6.908   1.442E-01   7.303E-04  -1.579E-03   0.000E+00   6.109E-05
   19  -181.00     -77.4    0.330    0.3073E-01   6.904   1.442E-01   7.303E-04  -1.593E-03   0.000E+00   6.109E-05
   18  -182.00     -76.5    0.331    0.3068E-01   6.901   1.442E-01   7.303E-04  -1.605E-03   0.000E+00   6.109E-05
   17  -183.00     -75.5    0.331    0.3063E-01   6.898   1.442E-01   7.303E-04  -1.617E-03   0.000E+00   6.109E-05
   16  -184.00     -74.5    0.332    0.3057E-01   6.896   1.442E-01   7.303E-04  -1.628E-03   0.000E+00   6.109E-05
   15  -185.00     -73.5    0.332    0.3052E-01   6.893   1.442E-01   7.303E-04  -1.638E-03   0.000E+00   6.109E-05
   14  -186.00     -72.5    0.333    0.3046E-01   6.891   1.442E-01   7.303E-04  -1.647E-03   0.000E+00   6.109E-05
   13  -187.00     -71.5    0.334    0.3040E-01   6.888   1.442E-01   7.303E-04  -1.656E-03   0.000E+00   6.109E-05
   12  -188.00     -70.5    0.334    0.3035E-01   6.886   1.442E-01   7.303E-04  -1.666E-03   0.000E+00   6.109E-05
   11  -189.00     -69.5    0.335    0.3029E-01   6.885   1.442E-01   7.303E-04  -1.674E-03   0.000E+00   6.109E-05
   10  -190.00     -68.5    0.336    0.3023E-01   6.883   1.442E-01   7.303E-04  -1.681E-03   0.000E+00   6.109E-05
    9  -191.00     -67.6    0.336    0.3017E-01   6.882   1.442E-01   7.303E-04  -1.688E-03   0.000E+00   6.109E-05
    8  -192.00     -66.6    0.337    0.3011E-01   6.880   1.442E-01   7.303E-04  -1.694E-03   0.000E+00   6.109E-05
    7  -193.00     -65.6    0.338    0.3005E-01   6.879   1.442E-01   7.303E-04  -1.699E-03   0.000E+00   6.109E-05
    6  -194.00     -64.6    0.338    0.2999E-01   6.878   1.442E-01   7.303E-04  -1.703E-03   0.000E+00   6.109E-05
    5  -195.00     -63.6    0.339    0.2994E-01   6.878   1.442E-01   7.303E-04  -1.706E-03   0.000E+00   6.109E-05
    4  -196.00     -62.6    0.340    0.2988E-01   6.877   1.442E-01   7.303E-04  -1.709E-03   0.000E+00   6.109E-05
    3  -197.00     -61.6    0.341    0.2983E-01   6.877   1.442E-01   7.303E-04  -1.711E-03   0.000E+00   6.109E-05
    2  -198.00     -60.6    0.341    0.2979E-01   6.876   1.442E-01   7.303E-04  -1.712E-03   0.000E+00   6.109E-05
    1  -199.00     -59.6    0.342    0.2975E-01   6.876   1.442E-01   7.303E-04  -1.713E-03   0.000E+00   6.109E-05
#Time:     912
  222     0.00    -225.0    0.282    0.3800E-03   9.955   2.848E-01   7.986E-04   1.073E-03   0.000E+00   7.750E-05
  221    -0.10    -224.9    0.282    0.6010E-03   9.958   2.848E-01   7.986E-04   1.067E-03   0.000E+00   7.750E-05
  220    -0.20    -224.8    0.282    0.8205E-03   9.965   2.848E-01   7.986E-04   1.055E-03   0.000E+00   7.750E-05
  219    -0.30    -224.7    0.282    0.1039E-02   9.977   2.848E-01   7.986E-04   1.041E-03   0.000E+00   7.750E-05
  218    -0.40    -224.6    0.282    0.1255E-02   9.989   2.848E-01   7.986E-04   1.026E-03   0.000E+00   7.750E-05
  217    -0.50    -224.5    0.282    0.1471E-02   9.999   2.848E-01   7.986E-04   1.011E-03   0.000E+00   7.750E-05
  216    -0.60    -224.4    0.282    0.1685E-02  10.009   2.848E-01   7.986E-04   9.946E-04   0.000E+00   7.750E-05
  215    -0.70    -224.3    0.282    0.1897E-02  10.018   2.848E-01   7.986E-04   9.778E-04   0.000E+00   7.750E-05
  214    -0.80    -224.2    0.282    0.2108E-02  10.026   2.848E-01   7.986E-04   9.606E-04   0.000E+00   7.750E-05
  213    -0.90    -224.1    0.282    0.2318E-02  10.035   2.848E-01   7.986E-04   9.430E-04   0.000E+00   7.750E-05
  212    -1.00    -224.0    0.282    0.2526E-02  10.043   2.848E-01   7.986E-04   9.159E-04   0.000E+00   7.750E-05
  211    -1.20    -223.8    0.282    0.2938E-02  10.060   2.848E-01   7.986E-04   8.883E-04   0.000E+00   7.750E-05
  210    -1.40    -223.6    0.283    0.3345E-02  10.077   2.848E-01   7.986E-04   8.508E-04   0.000E+00   7.750E-05
  209    -1.60    -223.4    0.283    0.3745E-02  10.094   2.848E-01   7.986E-04   8.128E-04   0.000E+00   7.750E-05
  208    -1.80    -223.2    0.283    0.4140E-02  10.111   2.848E-01   7.986E-04   7.745E-04   0.000E+00   7.750E-05
  207    -2.00    -223.0    0.283    0.4529E-02  10.128   2.848E-01   7.986E-04   7.358E-04   0.000E+00   7.750E-05
  206    -2.20    -222.8    0.283    0.4912E-02  10.145   2.848E-01   7.986E-04   6.970E-04   0.000E+00   7.750E-05
  205    -2.40    -222.6    0.283    0.5290E-02  10.161   2.848E-01   7.986E-04   6.580E-04   0.000E+00   7.750E-05
  204    -2.60    -222.4    0.283    0.5661E-02  10.178   2.848E-01   7.986E-04   6.190E-04   0.000E+00   7.750E-05
  203    -2.80    -222.2    0.283    0.6026E-02  10.194   2.848E-01   7.986E-04   5.799E-04   0.000E+00   7.750E-05
  202    -3.00    -222.0    0.283    0.6386E-02  10.211   2.848E-01   7.986E-04   5.114E-04   0.000E+00   7.750E-05
  201    -3.50    -221.5    0.283    0.7258E-02  10.250   2.848E-01   7.986E-04   4.429E-04   0.000E+00   7.750E-05
  200    -4.00    -221.0    0.283    0.8093E-02  10.289   2.848E-01   7.986E-04   3.450E-04   0.000E+00   7.750E-05
  199    -4.50    -220.5    0.283    0.8890E-02  10.326   2.848E-01   7.986E-04   2.473E-04   0.000E+00   7.750E-05
  198    -5.00    -220.0    0.284    0.9648E-02  10.361   2.848E-01   7.986E-04   1.497E-04   0.000E+00   7.750E-05
  197    -5.50    -219.5    0.284    0.1037E-01  10.395   2.848E-01   7.986E-04   5.226E-05   0.000E+00   7.750E-05
  196    -6.00    -219.0    0.284    0.1105E-01  10.427   2.848E-01   7.986E-04  -4.499E-05   0.000E+00   7.750E-05
  195    -6.50    -218.5    0.284    0.1169E-01  10.458   2.848E-01   7.986E-04  -1.421E-04   0.000E+00   7.750E-05
  194    -7.00    -218.0    0.284    0.1229E-01  10.486   2.848E-01   7.986E-04  -2.389E-04   0.000E+00   7.750E-05
  193    -7.50    -217.5    0.284    0.1285E-01  10.513   2.848E-01   7.986E-04  -3.356E-04   0.000E+00   7.750E-05
  192    -8.00    -217.0    0.284    0.1337E-01  10.537   2.848E-01   7.986E-04  -4.802E-04   0.000E+00   7.750E-05
  191    -9.00    -216.0    0.285    0.1430E-01  10.581   2.848E-01   7.986E-04  -6.242E-04   0.000E+00   7.750E-05
  190   -10.00    -215.0    0.285    0.1508E-01  10.616   2.848E-01   7.986E-04  -8.155E-04   0.000E+00   7.750E-05
  189   -11.00    -214.0    0.285    0.1583E-01  10.645   2.848E-01   7.986E-04  -1.006E-03   0.000E+00   7.750E-05
  188   -12.00    -213.0    0.286    0.1657E-01  10.666   2.848E-01   7.986E-04  -1.195E-03   0.000E+00   7.750E-05
  187   -13.00    -212.0    0.286    0.1730E-01  10.681   2.848E-01   7.986E-04  -1.383E-03   0.000E+00   7.750E-05
  186   -14.00    -211.0    0.286    0.1803E-01  10.690   2.848E-01   7.986E-04  -1.571E-03   0.000E+00   7.750E-05
  185   -15.00    -210.0    0.287    0.1874E-01  10.693   2.848E-01   7.986E-04  -1.757E-03   0.000E+00   7.750E-05
  184   -16.00    -209.0    0.287    0.1945E-01  10.692   2.848E-01   7.986E-04  -1.942E-03   0.000E+00   7.750E-05
  183   -17.00    -208.0    0.287    0.2015E-01  10.687   2.848E-01   7.986E-04  -2.127E-03   0.000E+00   7.750E-05
  182   -18.00    -207.0    0.287    0.2085E-01  10.678   2.848E-01   7.986E-04  -2.311E-03   0.000E+00   7.750E-05
  181   -19.00    -206.0    0.288    0.2153E-01  10.667   2.848E-01   7.986E-04  -2.493E-03   0.000E+00   7.750E-05
  180   -20.00    -205.0    0.288    0.2221E-01  10.653   2.848E-01   7.986E-04  -2.676E-03   0.000E+00   7.750E-05
  179   -21.00    -204.1    0.288    0.2288E-01  10.638   2.848E-01   7.986E-04  -2.857E-03   0.000E+00   7.750E-05
  178   -22.00    -203.1    0.289    0.2353E-01  10.622   2.848E-01   7.986E-04  -3.038E-03   0.000E+00   7.750E-05
  177   -23.00    -202.1    0.289    0.2418E-01  10.604   2.848E-01   7.986E-04  -3.219E-03   0.000E+00   7.750E-05
  176   -24.00    -201.1    0.289    0.2483E-01  10.587   2.848E-01   7.986E-04  -3.400E-03   0.000E+00   7.750E-05
  175   -25.00    -200.1    0.290    0.2546E-01  10.569   2.848E-01   7.986E-04  -3.580E-03   0.000E+00   7.750E-05
  174   -26.00    -199.1    0.290    0.2608E-01  10.551   2.848E-01   7.986E-04  -3.761E-03   0.000E+00   7.750E-05
  173   -27.00    -198.1    0.290    0.2670E-01  10.535   2.848E-01   7.986E-04  -3.942E-03   0.000E+00   7.750E-05
  172   -28.00    -197.1    0.290    0.2730E-01  10.518   2.848E-01   7.986E-04  -4.124E-03   0.000E+00   7.750E-05
  171   -29.00    -196.2    0.291    0.2790E-01  10.503   2.848E-01   7.986E-04  -4.306E-03   0.000E+00   7.750E-05
  170   -30.00    -195.2    0.286    0.2854E-01  10.489   2.175E-01   7.986E-04  -4.505E-03   0.000E+00   7.750E-05
  169   -31.00    -194.2    0.286    0.2924E-01  10.476   2.175E-01   7.986E-04  -4.718E-03   0.000E+00   7.750E-05
  168   -32.00    -193.2    0.286    0.2993E-01  10.465   2.175E-01   7.986E-04  -4.934E-03   0.000E+00   7.750E-05
  167   -33.00    -192.2    0.287    0.3061E-01  10.455   2.175E-01   7.986E-04  -5.149E-03   0.000E+00   7.750E-05
  166   -34.00    -191.3    0.287    0.3128E-01  10.446   2.175E-01   7.986E-04  -5.366E-03   0.000E+00   7.750E-05
  165   -35.00    -190.3    0.287    0.3194E-01  10.439   2.175E-01   7.986E-04  -5.582E-03   0.000E+00   7.750E-05
  164   -36.00    -189.3    0.288    0.3259E-01  10.433   2.175E-01   7.986E-04  -5.799E-03   0.000E+00   7.750E-05
  163   -37.00    -188.3    0.288    0.3323E-01  10.429   2.175E-01   7.986E-04  -6.015E-03   0.000E+00   7.750E-05
  162   -38.00    -187.4    0.288    0.3385E-01  10.426   2.175E-01   7.986E-04  -6.232E-03   0.000E+00   7.750E-05
  161   -39.00    -186.4    0.289    0.3447E-01  10.425   2.175E-01   7.986E-04  -6.447E-03   0.000E+00   7.750E-05
  160   -40.00    -185.4    0.289    0.3508E-01  10.425   2.175E-01   7.986E-04  -6.662E-03   0.000E+00   7.750E-05
  159   -41.00    -184.5    0.289    0.3568E-01  10.426   2.175E-01   7.986E-04  -6.876E-03   0.000E+00   7.750E-05
  158   -42.00    -183.5    0.290    0.3627E-01  10.429   2.175E-01   7.986E-04  -7.089E-03   0.000E+00   7.750E-05
  157   -43.00    -182.5    0.290    0.3685E-01  10.433   2.175E-01   7.986E-04  -7.302E-03   0.000E+00   7.750E-05
  156   -44.00    -181.6    0.290    0.3742E-01  10.438   2.175E-01   7.986E-04  -7.514E-03   0.000E+00   7.750E-05
  155   -45.00    -180.6    0.290    0.3811E-01  10.444   1.287E-01   7.986E-04  -7.711E-03   0.000E+00   7.750E-05
  154   -46.00    -179.7    0.290    0.3902E-01  10.451   1.287E-01   7.986E-04  -7.894E-03   0.000E+00   7.750E-05
  153   -47.00    -178.7    0.291    0.3992E-01  10.459   1.287E-01   7.986E-04  -8.075E-03   0.000E+00   7.750E-05
  152   -48.00    -177.8    0.291    0.4083E-01  10.468   1.287E-01   7.986E-04  -8.256E-03   0.000E+00   7.750E-05
  151   -49.00    -176.9    0.291    0.4173E-01  10.477   1.287E-01   7.986E-04  -8.434E-03   0.000E+00   7.750E-05
  150   -50.00    -175.9    0.292    0.4263E-01  10.488   1.287E-01   7.986E-04  -8.612E-03   0.000E+00   7.750E-05
  149   -51.00    -175.0    0.292    0.4352E-01  10.498   1.287E-01   7.986E-04  -8.789E-03   0.000E+00   7.750E-05
  148   -52.00    -174.1    0.292    0.4441E-01  10.510   1.287E-01   7.986E-04  -8.964E-03   0.000E+00   7.750E-05
  147   -53.00    -173.1    0.292    0.4530E-01  10.521   1.287E-01   7.986E-04  -9.139E-03   0.000E+00   7.750E-05
  146   -54.00    -172.2    0.293    0.4619E-01  10.533   1.287E-01   7.986E-04  -9.312E-03   0.000E+00   7.750E-05
  145   -55.00    -171.3    0.293    0.4707E-01  10.546   1.287E-01   7.986E-04  -9.485E-03   0.000E+00   7.750E-05
  144   -56.00    -170.3    0.293    0.4795E-01  10.558   1.287E-01   7.986E-04  -9.657E-03   0.000E+00   7.750E-05
  143   -57.00    -169.4    0.293    0.4883E-01  10.571   1.287E-01   7.986E-04  -9.829E-03   0.000E+00   7.750E-05
  142   -58.00    -168.5    0.294    0.4970E-01  10.584   1.287E-01   7.986E-04  -1.000E-02   0.000E+00   7.750E-05
  141   -59.00    -167.6    0.294    0.5057E-01  10.597   1.287E-01   7.986E-04  -1.017E-02   0.000E+00   7.750E-05
  140   -60.00    -166.7    0.294    0.5144E-01  10.610   1.287E-01   7.986E-04  -1.034E-02   0.000E+00   7.750E-05
  139   -61.00    -165.7    0.295    0.5230E-01  10.623   1.287E-01   7.986E-04  -1.052E-02   0.000E+00   7.750E-05
  138   -62.00    -164.8    0.295    0.5316E-01  10.636   1.287E-01   7.986E-04  -1.071E-02   0.000E+00   7.750E-05
  137   -63.00    -163.9    0.295    0.5402E-01  10.649   1.287E-01   7.986E-04  -1.092E-02   0.000E+00   7.750E-05
  136   -64.00    -163.0    0.296    0.5487E-01  10.662   1.287E-01   7.986E-04  -1.113E-02   0.000E+00   7.750E-05
  135   -65.00    -162.1    0.296    0.5572E-01  10.675   1.287E-01   7.986E-04  -1.134E-02   0.000E+00   7.750E-05
  134   -66.00    -161.2    0.296    0.5657E-01  10.687   1.287E-01   7.986E-04  -1.154E-02   0.000E+00   7.750E-05
  133   -67.00    -160.3    0.297    0.5741E-01  10.699   1.287E-01   7.986E-04  -1.175E-02   0.000E+00   7.750E-05
  132   -68.00    -159.3    0.297    0.5825E-01  10.711   1.287E-01   7.986E-04  -1.196E-02   0.000E+00   7.750E-05
  131   -69.00    -158.4    0.297    0.5909E-01  10.723   1.287E-01   7.986E-04  -1.217E-02   0.000E+00   7.750E-05
  130   -70.00    -157.5    0.297    0.5992E-01  10.735   1.287E-01   7.986E-04  -1.237E-02   0.000E+00   7.750E-05
  129   -71.00    -156.6    0.298    0.6075E-01  10.746   1.287E-01   7.986E-04  -1.257E-02   0.000E+00   7.750E-05
  128   -72.00    -155.7    0.298    0.6158E-01  10.757   1.287E-01   7.986E-04  -1.277E-02   0.000E+00   7.750E-05
  127   -73.00    -154.8    0.298    0.6240E-01  10.767   1.287E-01   7.986E-04  -1.297E-02   0.000E+00   7.750E-05
  126   -74.00    -153.9    0.299    0.6322E-01  10.778   1.287E-01   7.986E-04  -1.317E-02   0.000E+00   7.750E-05
  125   -75.00    -153.0    0.299    0.6404E-01  10.788   1.287E-01   7.986E-04  -1.336E-02   0.000E+00   7.750E-05
  124   -76.00    -152.1    0.299    0.6485E-01  10.797   1.287E-01   7.986E-04  -1.356E-02   0.000E+00   7.750E-05
  123   -77.00    -151.2    0.300    0.6565E-01  10.807   1.287E-01   7.986E-04  -1.375E-02   0.000E+00   7.750E-05
  122   -78.00    -150.4    0.300    0.6645E-01  10.816   1.287E-01   7.986E-04  -1.393E-02   0.000E+00   7.750E-05
  121   -79.00    -149.5    0.300    0.6725E-01  10.824   1.287E-01   7.986E-04  -1.412E-02   0.000E+00   7.750E-05
  120   -80.00    -148.6    0.301    0.6805E-01  10.832   1.287E-01   7.986E-04  -1.431E-02   0.000E+00   7.750E-05
  119   -81.00    -147.7    0.301    0.6883E-01  10.840   1.287E-01   7.986E-04  -1.449E-02   0.000E+00   7.750E-05
  118   -82.00    -146.8    0.301    0.6962E-01  10.848   1.287E-01   7.986E-04  -1.467E-02   0.000E+00   7.750E-05
  117   -83.00    -145.9    0.302    0.7040E-01  10.855   1.287E-01   7.986E-04  -1.485E-02   0.000E+00   7.750E-05
  116   -84.00    -145.0    0.302    0.7118E-01  10.862   1.287E-01   7.986E-04  -1.503E-02   0.000E+00   7.750E-05
  115   -85.00    -144.1    0.302    0.7195E-01  10.868   1.287E-01   7.986E-04  -1.520E-02   0.000E+00   7.750E-05
  114   -86.00    -143.3    0.303    0.7271E-01  10.874   1.287E-01   7.986E-04  -1.538E-02   0.000E+00   7.750E-05
  113   -87.00    -142.4    0.303    0.7348E-01  10.880   1.287E-01   7.986E-04  -1.555E-02   0.000E+00   7.750E-05
  112   -88.00    -141.5    0.303    0.7423E-01  10.885   1.287E-01   7.986E-04  -1.573E-02   0.000E+00   7.750E-05
  111   -89.00    -140.6    0.303    0.7499E-01  10.890   1.287E-01   7.986E-04  -1.591E-02   0.000E+00   7.750E-05
  110   -90.00    -139.8    0.304    0.7573E-01  10.895   1.287E-01   7.986E-04  -1.610E-02   0.000E+00   7.750E-05
  109   -91.00    -138.9    0.304    0.7648E-01  10.899   1.287E-01   7.986E-04  -1.631E-02   0.000E+00   7.750E-05
  108   -92.00    -138.0    0.305    0.7722E-01  10.903   1.287E-01   7.986E-04  -1.652E-02   0.000E+00   7.750E-05
  107   -93.00    -137.1    0.305    0.7796E-01  10.907   1.287E-01   7.986E-04  -1.672E-02   0.000E+00   7.750E-05
  106   -94.00    -136.3    0.305    0.7869E-01  10.910   1.287E-01   7.986E-04  -1.693E-02   0.000E+00   7.750E-05
  105   -95.00    -135.4    0.306    0.7942E-01  10.913   1.287E-01   7.986E-04  -1.714E-02   0.000E+00   7.750E-05
  104   -96.00    -134.5    0.306    0.8015E-01  10.916   1.287E-01   7.986E-04  -1.734E-02   0.000E+00   7.750E-05
  103   -97.00    -133.7    0.306    0.8087E-01  10.918   1.287E-01   7.986E-04  -1.754E-02   0.000E+00   7.750E-05
  102   -98.00    -132.8    0.307    0.8159E-01  10.920   1.287E-01   7.986E-04  -1.774E-02   0.000E+00   7.750E-05
  101   -99.00    -131.9    0.307    0.8230E-01  10.922   1.287E-01   7.986E-04  -1.794E-02   0.000E+00   7.750E-05
  100  -100.00    -131.1    0.307    0.8301E-01  10.923   1.287E-01   7.986E-04  -1.814E-02   0.000E+00   7.750E-05
   99  -101.00    -130.2    0.308    0.8372E-01  10.924   1.287E-01   7.986E-04  -1.833E-02   0.000E+00   7.750E-05
   98  -102.00    -129.4    0.308    0.8442E-01  10.925   1.287E-01   7.986E-04  -1.852E-02   0.000E+00   7.750E-05
   97  -103.00    -128.5    0.308    0.8512E-01  10.925   1.287E-01   7.986E-04  -1.871E-02   0.000E+00   7.750E-05
   96  -104.00    -127.7    0.309    0.8582E-01  10.926   1.287E-01   7.986E-04  -1.889E-02   0.000E+00   7.750E-05
   95  -105.00    -126.8    0.309    0.8651E-01  10.925   1.287E-01   7.986E-04  -1.907E-02   0.000E+00   7.750E-05
   94  -106.00    -126.0    0.309    0.8720E-01  10.925   1.287E-01   7.986E-04  -1.925E-02   0.000E+00   7.750E-05
   93  -107.00    -125.1    0.310    0.8788E-01  10.925   1.287E-01   7.986E-04  -1.942E-02   0.000E+00   7.750E-05
   92  -108.00    -124.3    0.310    0.8856E-01  10.924   1.287E-01   7.986E-04  -1.960E-02   0.000E+00   7.750E-05
   91  -109.00    -123.4    0.311    0.8923E-01  10.923   1.287E-01   7.986E-04  -1.977E-02   0.000E+00   7.750E-05
   90  -110.00    -122.6    0.307    0.8987E-01  10.921   1.442E-01   7.986E-04  -1.994E-02   0.000E+00   7.750E-05
   89  -111.00    -121.7    0.307    0.9049E-01  10.920   1.442E-01   7.986E-04  -2.011E-02   0.000E+00   7.750E-05
   88  -112.00    -120.8    0.307    0.9109E-01  10.918   1.442E-01   7.986E-04  -2.027E-02   0.000E+00   7.750E-05
   87  -113.00    -120.0    0.308    0.9169E-01  10.916   1.442E-01   7.986E-04  -2.044E-02   0.000E+00   7.750E-05
   86  -114.00    -119.1    0.308    0.9229E-01  10.914   1.442E-01   7.986E-04  -2.061E-02   0.000E+00   7.750E-05
   85  -115.00    -118.3    0.308    0.9288E-01  10.911   1.442E-01   7.986E-04  -2.079E-02   0.000E+00   7.750E-05
   84  -116.00    -117.4    0.309    0.9347E-01  10.908   1.442E-01   7.986E-04  -2.098E-02   0.000E+00   7.750E-05
   83  -117.00    -116.6    0.309    0.9405E-01  10.905   1.442E-01   7.986E-04  -2.117E-02   0.000E+00   7.750E-05
   82  -118.00    -115.7    0.310    0.9462E-01  10.902   1.442E-01   7.986E-04  -2.137E-02   0.000E+00   7.750E-05
   81  -119.00    -114.9    0.310    0.9520E-01  10.899   1.442E-01   7.986E-04  -2.156E-02   0.000E+00   7.750E-05
   80  -120.00    -114.0    0.310    0.9576E-01  10.896   1.442E-01   7.986E-04  -2.175E-02   0.000E+00   7.750E-05
   79  -121.00    -113.2    0.311    0.9633E-01  10.892   1.442E-01   7.986E-04  -2.193E-02   0.000E+00   7.750E-05
   78  -122.00    -112.3    0.311    0.9689E-01  10.888   1.442E-01   7.986E-04  -2.212E-02   0.000E+00   7.750E-05
   77  -123.00    -111.5    0.312    0.9744E-01  10.884   1.442E-01   7.986E-04  -2.230E-02   0.000E+00   7.750E-05
   76  -124.00    -110.6    0.312    0.9799E-01  10.880   1.442E-01   7.986E-04  -2.248E-02   0.000E+00   7.750E-05
   75  -125.00    -109.8    0.312    0.9853E-01  10.876   1.442E-01   7.986E-04  -2.265E-02   0.000E+00   7.750E-05
   74  -126.00    -108.9    0.313    0.9907E-01  10.872   1.442E-01   7.986E-04  -2.282E-02   0.000E+00   7.750E-05
   73  -127.00    -108.1    0.313    0.9961E-01  10.867   1.442E-01   7.986E-04  -2.299E-02   0.000E+00   7.750E-05
   72  -128.00    -107.2    0.314    0.1001E+00  10.862   1.442E-01   7.986E-04  -2.316E-02   0.000E+00   7.750E-05
   71  -129.00    -106.4    0.314    0.1007E+00  10.858   1.442E-01   7.986E-04  -2.332E-02   0.000E+00   7.750E-05
   70  -130.00    -105.6    0.314    0.1012E+00  10.853   1.442E-01   7.986E-04  -2.348E-02   0.000E+00   7.750E-05
   69  -131.00    -104.7    0.315    0.1017E+00  10.848   1.442E-01   7.986E-04  -2.363E-02   0.000E+00   7.750E-05
   68  -132.00    -103.9    0.315    0.1022E+00  10.843   1.442E-01   7.986E-04  -2.379E-02   0.000E+00   7.750E-05
   67  -133.00    -103.1    0.316    0.1027E+00  10.838   1.442E-01   7.986E-04  -2.394E-02   0.000E+00   7.750E-05
   66  -134.00    -102.2    0.316    0.1032E+00  10.833   1.442E-01   7.986E-04  -2.409E-02   0.000E+00   7.750E-05
   65  -135.00    -101.4    0.316    0.1037E+00  10.827   1.442E-01   7.986E-04  -2.424E-02   0.000E+00   7.750E-05
   64  -136.00    -100.6    0.317    0.1042E+00  10.822   1.442E-01   7.986E-04  -2.438E-02   0.000E+00   7.750E-05
   63  -137.00     -99.7    0.317    0.1047E+00  10.817   1.442E-01   7.986E-04  -2.454E-02   0.000E+00   7.750E-05
   62  -138.00     -98.9    0.318    0.1051E+00  10.811   1.442E-01   7.986E-04  -2.471E-02   0.000E+00   7.750E-05
   61  -139.00     -98.1    0.318    0.1056E+00  10.806   1.442E-01   7.986E-04  -2.487E-02   0.000E+00   7.750E-05
   60  -140.00     -97.3    0.319    0.1061E+00  10.800   1.442E-01   7.986E-04  -2.504E-02   0.000E+00   7.750E-05
   59  -141.00     -96.4    0.319    0.1065E+00  10.794   1.442E-01   7.986E-04  -2.520E-02   0.000E+00   7.750E-05
   58  -142.00     -95.6    0.320    0.1070E+00  10.789   1.442E-01   7.986E-04  -2.536E-02   0.000E+00   7.750E-05
   57  -143.00     -94.8    0.320    0.1074E+00  10.783   1.442E-01   7.986E-04  -2.551E-02   0.000E+00   7.750E-05
   56  -144.00     -94.0    0.320    0.1079E+00  10.778   1.442E-01   7.986E-04  -2.567E-02   0.000E+00   7.750E-05
   55  -145.00     -93.1    0.321    0.1083E+00  10.772   1.442E-01   7.986E-04  -2.582E-02   0.000E+00   7.750E-05
   54  -146.00     -92.3    0.321    0.1088E+00  10.766   1.442E-01   7.986E-04  -2.596E-02   0.000E+00   7.750E-05
   53  -147.00     -91.5    0.322    0.1092E+00  10.761   1.442E-01   7.986E-04  -2.610E-02   0.000E+00   7.750E-05
   52  -148.00     -90.7    0.322    0.1096E+00  10.755   1.442E-01   7.986E-04  -2.624E-02   0.000E+00   7.750E-05
   51  -149.00     -89.9    0.323    0.1100E+00  10.750   1.442E-01   7.986E-04  -2.638E-02   0.000E+00   7.750E-05
   50  -150.00     -89.0    0.323    0.1104E+00  10.744   1.442E-01   7.986E-04  -2.651E-02   0.000E+00   7.750E-05
   49  -151.00     -88.2    0.324    0.1109E+00  10.738   1.442E-01   7.986E-04  -2.664E-02   0.000E+00   7.750E-05
   48  -152.00     -87.4    0.324    0.1113E+00  10.733   1.442E-01   7.986E-04  -2.676E-02   0.000E+00   7.750E-05
   47  -153.00     -86.6    0.325    0.1117E+00  10.727   1.442E-01   7.986E-04  -2.688E-02   0.000E+00   7.750E-05
   46  -154.00     -85.8    0.325    0.1120E+00  10.722   1.442E-01   7.986E-04  -2.701E-02   0.000E+00   7.750E-05
   45  -155.00     -85.0    0.325    0.1124E+00  10.717   1.442E-01   7.986E-04  -2.712E-02   0.000E+00   7.750E-05
   44  -156.00     -84.2    0.326    0.1128E+00  10.711   1.442E-01   7.986E-04  -2.725E-02   0.000E+00   7.750E-05
   43  -157.00     -83.4    0.326    0.1132E+00  10.706   1.442E-01   7.986E-04  -2.738E-02   0.000E+00   7.750E-05
   42  -158.00     -82.5    0.327    0.1135E+00  10.701   1.442E-01   7.986E-04  -2.751E-02   0.000E+00   7.750E-05
   41  -159.00     -81.7    0.327    0.1139E+00  10.696   1.442E-01   7.986E-04  -2.763E-02   0.000E+00   7.750E-05
   40  -160.00     -80.9    0.328    0.1142E+00  10.690   1.442E-01   7.986E-04  -2.776E-02   0.000E+00   7.750E-05
   39  -161.00     -80.1    0.328    0.1146E+00  10.685   1.442E-01   7.986E-04  -2.787E-02   0.000E+00   7.750E-05
   38  -162.00     -79.3    0.329    0.1149E+00  10.680   1.442E-01   7.986E-04  -2.799E-02   0.000E+00   7.750E-05
   37  -163.00     -78.5    0.329    0.1152E+00  10.676   1.442E-01   7.986E-04  -2.810E-02   0.000E+00   7.750E-05
   36  -164.00     -77.7    0.330    0.1156E+00  10.671   1.442E-01   7.986E-04  -2.821E-02   0.000E+00   7.750E-05
   35  -165.00     -76.9    0.330    0.1159E+00  10.666   1.442E-01   7.986E-04  -2.831E-02   0.000E+00   7.750E-05
   34  -166.00     -76.1    0.331    0.1162E+00  10.662   1.442E-01   7.986E-04  -2.841E-02   0.000E+00   7.750E-05
   33  -167.00     -75.3    0.331    0.1165E+00  10.657   1.442E-01   7.986E-04  -2.851E-02   0.000E+00   7.750E-05
   32  -168.00     -74.5    0.332    0.1167E+00  10.653   1.442E-01   7.986E-04  -2.860E-02   0.000E+00   7.750E-05
   31  -169.00     -73.7    0.332    0.1170E+00  10.648   1.442E-01   7.986E-04  -2.869E-02   0.000E+00   7.750E-05
   30  -170.00     -72.9    0.333    0.1173E+00  10.644   1.442E-01   7.986E-04  -2.877E-02   0.000E+00   7.750E-05
   29  -171.00     -72.1    0.333    0.1175E+00  10.640   1.442E-01   7.986E-04  -2.886E-02   0.000E+00   7.750E-05
   28  -172.00     -71.3    0.334    0.1178E+00  10.636   1.442E-01   7.986E-04  -2.894E-02   0.000E+00   7.750E-05
   27  -173.00     -70.5    0.334    0.1180E+00  10.632   1.442E-01   7.986E-04  -2.903E-02   0.000E+00   7.750E-05
   26  -174.00     -69.7    0.335    0.1182E+00  10.629   1.442E-01   7.986E-04  -2.912E-02   0.000E+00   7.750E-05
   25  -175.00     -68.9    0.336    0.1184E+00  10.625   1.442E-01   7.986E-04  -2.920E-02   0.000E+00   7.750E-05
   24  -176.00     -68.1    0.336    0.1185E+00  10.622   1.442E-01   7.986E-04  -2.928E-02   0.000E+00   7.750E-05
   23  -177.00     -67.3    0.337    0.1187E+00  10.618   1.442E-01   7.986E-04  -2.935E-02   0.000E+00   7.750E-05
   22  -178.00     -66.5    0.337    0.1188E+00  10.615   1.442E-01   7.986E-04  -2.942E-02   0.000E+00   7.750E-05
   21  -179.00     -65.7    0.338    0.1189E+00  10.612   1.442E-01   7.986E-04  -2.949E-02   0.000E+00   7.750E-05
   20  -180.00     -64.9    0.338    0.1190E+00  10.609   1.442E-01   7.986E-04  -2.955E-02   0.000E+00   7.750E-05
   19  -181.00     -64.1    0.339    0.1191E+00  10.606   1.442E-01   7.986E-04  -2.961E-02   0.000E+00   7.750E-05
   18  -182.00     -63.3    0.339    0.1191E+00  10.604   1.442E-01   7.986E-04  -2.966E-02   0.000E+00   7.750E-05
   17  -183.00     -62.5    0.340    0.1191E+00  10.601   1.442E-01   7.986E-04  -2.972E-02   0.000E+00   7.750E-05
   16  -184.00     -61.7    0.340    0.1191E+00  10.599   1.442E-01   7.986E-04  -2.976E-02   0.000E+00   7.750E-05
   15  -185.00     -60.9    0.341    0.1190E+00  10.597   1.442E-01   7.986E-04  -2.981E-02   0.000E+00   7.750E-05
   14  -186.00     -60.1    0.342    0.1189E+00  10.594   1.442E-01   7.986E-04  -2.985E-02   0.000E+00   7.750E-05
   13  -187.00     -59.4    0.342    0.1187E+00  10.593   1.442E-01   7.986E-04  -2.989E-02   0.000E+00   7.750E-05
   12  -188.00     -58.6    0.343    0.1184E+00  10.591   1.442E-01   7.986E-04  -2.993E-02   0.000E+00   7.750E-05
   11  -189.00     -57.8    0.343    0.1182E+00  10.589   1.442E-01   7.986E-04  -2.996E-02   0.000E+00   7.750E-05
   10  -190.00     -57.0    0.344    0.1178E+00  10.588   1.442E-01   7.986E-04  -2.999E-02   0.000E+00   7.750E-05
    9  -191.00     -56.2    0.345    0.1173E+00  10.586   1.442E-01   7.986E-04  -3.001E-02   0.000E+00   7.750E-05
    8  -192.00     -55.4    0.345    0.1168E+00  10.585   1.442E-01   7.986E-04  -3.003E-02   0.000E+00   7.750E-05
    7  -193.00     -54.6    0.346    0.1162E+00  10.584   1.442E-01   7.986E-04  -3.005E-02   0.000E+00   7.750E-05
    6  -194.00     -53.8    0.346    0.1154E+00  10.584   1.442E-01   7.986E-04  -3.006E-02   0.000E+00   7.750E-05
    5  -195.00     -53.0    0.347    0.1146E+00  10.583   1.442E-01   7.986E-04  -3.007E-02   0.000E+00   7.750E-05
    4  -196.00     -52.2    0.348    0.1136E+00  10.582   1.442E-01   7.986E-04  -3.007E-02   0.000E+00   7.750E-05
    3  -197.00     -51.4    0.348    0.1124E+00  10.582   1.442E-01   7.986E-04  -3.008E-02   0.000E+00   7.750E-05
    2  -198.00     -50.6    0.349    0.1112E+00  10.582   1.442E-01   7.986E-04  -3.008E-02   0.000E+00   7.750E-05
    1  -199.00     -49.9    0.349    0.1098E+00  10.582   1.442E-01   7.986E-04  -3.008E-02   0.000E+00   7.750E-05
#Time:    1656
  222     0.00    -173.5    0.299    0.3800E-03   1.835   2.848E-01   8.471E-04   4.107E-04   0.000E+00   6.461E-05
  221    -0.10    -173.4    0.299    0.4892E-03   1.845   2.848E-01   8.471E-04   3.862E-04   0.000E+00   6.461E-05
  220    -0.20    -173.3    0.299    0.5979E-03   1.862   2.848E-01   8.471E-04   3.371E-04   0.000E+00   6.461E-05
  219    -0.30    -173.2    0.299    0.7061E-03   1.880   2.848E-01   8.471E-04   2.875E-04   0.000E+00   6.461E-05
  218    -0.40    -173.1    0.299    0.8137E-03   1.897   2.848E-01   8.471E-04   2.375E-04   0.000E+00   6.461E-05
  217    -0.50    -173.0    0.299    0.9208E-03   1.914   2.848E-01   8.471E-04   1.871E-04   0.000E+00   6.461E-05
  216    -0.60    -172.9    0.299    0.1027E-02   1.930   2.848E-01   8.471E-04   1.366E-04   0.000E+00   6.461E-05
  215    -0.70    -172.8    0.299    0.1133E-02   1.945   2.848E-01   8.471E-04   8.581E-05   0.000E+00   6.461E-05
  214    -0.80    -172.7    0.299    0.1239E-02   1.961   2.848E-01   8.471E-04   3.484E-05   0.000E+00   6.461E-05
  213    -0.90    -172.6    0.299    0.1344E-02   1.976   2.848E-01   8.471E-04  -1.626E-05   0.000E+00   6.461E-05
  212    -1.00    -172.5    0.299    0.1448E-02   1.992   2.848E-01   8.471E-04  -9.317E-05   0.000E+00   6.461E-05
  211    -1.20    -172.3    0.299    0.1655E-02   2.023   2.848E-01   8.471E-04  -1.703E-04   0.000E+00   6.461E-05
  210    -1.40    -172.1    0.299    0.1860E-02   2.053   2.848E-01   8.471E-04  -2.733E-04   0.000E+00   6.461E-05
  209    -1.60    -171.9    0.299    0.2062E-02   2.084   2.848E-01   8.471E-04  -3.765E-04   0.000E+00   6.461E-05
  208    -1.80    -171.7    0.299    0.2262E-02   2.115   2.848E-01   8.471E-04  -4.799E-04   0.000E+00   6.461E-05
  207    -2.00    -171.5    0.299    0.2460E-02   2.146   2.848E-01   8.471E-04  -5.833E-04   0.000E+00   6.461E-05
  206    -2.20    -171.3    0.300    0.2655E-02   2.177   2.848E-01   8.471E-04  -6.868E-04   0.000E+00   6.461E-05
  205    -2.40    -171.1    0.300    0.2848E-02   2.208   2.848E-01   8.471E-04  -7.903E-04   0.000E+00   6.461E-05
  204    -2.60    -170.9    0.300    0.3039E-02   2.238   2.848E-01   8.471E-04  -8.938E-04   0.000E+00   6.461E-05
  203    -2.80    -170.7    0.300    0.3227E-02   2.269   2.848E-01   8.471E-04  -9.973E-04   0.000E+00   6.461E-05
  202    -3.00    -170.5    0.300    0.3413E-02   2.299   2.848E-01   8.471E-04  -1.178E-03   0.000E+00   6.461E-05
  201    -3.50    -170.0    0.300    0.3867E-02   2.375   2.848E-01   8.471E-04  -1.359E-03   0.000E+00   6.461E-05
  200    -4.00    -169.5    0.300    0.4305E-02   2.449   2.848E-01   8.471E-04  -1.618E-03   0.000E+00   6.461E-05
  199    -4.50    -169.0    0.300    0.4727E-02   2.522   2.848E-01   8.471E-04  -1.876E-03   0.000E+00   6.461E-05
  198    -5.00    -168.5    0.301    0.5133E-02   2.595   2.848E-01   8.471E-04  -2.134E-03   0.000E+00   6.461E-05
  197    -5.50    -168.0    0.301    0.5522E-02   2.666   2.848E-01   8.471E-04  -2.392E-03   0.000E+00   6.461E-05
  196    -6.00    -167.5    0.301    0.5895E-02   2.735   2.848E-01   8.471E-04  -2.650E-03   0.000E+00   6.461E-05
  195    -6.50    -167.0    0.301    0.6250E-02   2.804   2.848E-01   8.471E-04  -2.907E-03   0.000E+00   6.461E-05
  194    -7.00    -166.6    0.301    0.6588E-02   2.871   2.848E-01   8.471E-04  -3.165E-03   0.000E+00   6.461E-05
  193    -7.50    -166.1    0.301    0.6909E-02   2.936   2.848E-01   8.471E-04  -3.422E-03   0.000E+00   6.461E-05
  192    -8.00    -165.6    0.302    0.7211E-02   3.001   2.848E-01   8.471E-04  -3.860E-03   0.000E+00   6.461E-05
  191    -9.00    -164.6    0.302    0.7761E-02   3.124   2.848E-01   8.471E-04  -4.338E-03   0.000E+00   6.461E-05
  190   -10.00    -163.6    0.302    0.8249E-02   3.241   2.848E-01   8.471E-04  -4.985E-03   0.000E+00   6.461E-05
  189   -11.00    -162.6    0.303    0.8721E-02   3.352   2.848E-01   8.471E-04  -5.630E-03   0.000E+00   6.461E-05
  188   -12.00    -161.6    0.303    0.9188E-02   3.456   2.848E-01   8.471E-04  -6.273E-03   0.000E+00   6.461E-05
  187   -13.00    -160.7    0.304    0.9652E-02   3.555   2.848E-01   8.471E-04  -6.915E-03   0.000E+00   6.461E-05
  186   -14.00    -159.7    0.304    0.1011E-01   3.647   2.848E-01   8.471E-04  -7.554E-03   0.000E+00   6.461E-05
  185   -15.00    -158.7    0.305    0.1057E-01   3.733   2.848E-01   8.471E-04  -8.192E-03   0.000E+00   6.461E-05
  184   -16.00    -157.7    0.305    0.1102E-01   3.815   2.848E-01   8.471E-04  -8.827E-03   0.000E+00   6.461E-05
  183   -17.00    -156.8    0.305    0.1146E-01   3.891   2.848E-01   8.471E-04  -9.460E-03   0.000E+00   6.461E-05
  182   -18.00    -155.8    0.306    0.1190E-01   3.962   2.848E-01   8.471E-04  -1.009E-02   0.000E+00   6.461E-05
  181   -19.00    -154.8    0.306    0.1234E-01   4.029   2.848E-01   8.471E-04  -1.072E-02   0.000E+00   6.461E-05
  180   -20.00    -153.9    0.307    0.1277E-01   4.092   2.848E-01   8.471E-04  -1.135E-02   0.000E+00   6.461E-05
  179   -21.00    -152.9    0.307    0.1319E-01   4.151   2.848E-01   8.471E-04  -1.197E-02   0.000E+00   6.461E-05
  178   -22.00    -152.0    0.307    0.1361E-01   4.206   2.848E-01   8.471E-04  -1.259E-02   0.000E+00   6.461E-05
  177   -23.00    -151.0    0.308    0.1402E-01   4.259   2.848E-01   8.471E-04  -1.321E-02   0.000E+00   6.461E-05
  176   -24.00    -150.1    0.308    0.1443E-01   4.308   2.848E-01   8.471E-04  -1.383E-02   0.000E+00   6.461E-05
  175   -25.00    -149.1    0.309    0.1483E-01   4.355   2.848E-01   8.471E-04  -1.444E-02   0.000E+00   6.461E-05
  174   -26.00    -148.2    0.309    0.1522E-01   4.400   2.848E-01   8.471E-04  -1.505E-02   0.000E+00   6.461E-05
  173   -27.00    -147.2    0.309    0.1561E-01   4.443   2.848E-01   8.471E-04  -1.566E-02   0.000E+00   6.461E-05
  172   -28.00    -146.3    0.310    0.1599E-01   4.483   2.848E-01   8.471E-04  -1.627E-02   0.000E+00   6.461E-05
  171   -29.00    -145.3    0.310    0.1636E-01   4.522   2.848E-01   8.471E-04  -1.687E-02   0.000E+00   6.461E-05
  170   -30.00    -144.4    0.304    0.1676E-01   4.560   2.175E-01   8.471E-04  -1.746E-02   0.000E+00   6.461E-05
  169   -31.00    -143.5    0.305    0.1720E-01   4.596   2.175E-01   8.471E-04  -1.803E-02   0.000E+00   6.461E-05
  168   -32.00    -142.6    0.305    0.1763E-01   4.632   2.175E-01   8.471E-04  -1.860E-02   0.000E+00   6.461E-05
  167   -33.00    -141.6    0.305    0.1805E-01   4.666   2.175E-01   8.471E-04  -1.917E-02   0.000E+00   6.461E-05
  166   -34.00    -140.7    0.306    0.1846E-01   4.699   2.175E-01   8.471E-04  -1.973E-02   0.000E+00   6.461E-05
  165   -35.00    -139.8    0.306    0.1887E-01   4.732   2.175E-01   8.471E-04  -2.036E-02   0.000E+00   6.461E-05
  164   -36.00    -138.9    0.307    0.1926E-01   4.763   2.175E-01   8.471E-04  -2.106E-02   0.000E+00   6.461E-05
  163   -37.00    -138.0    0.307    0.1965E-01   4.795   2.175E-01   8.471E-04  -2.175E-02   0.000E+00   6.461E-05
  162   -38.00    -137.1    0.308    0.2003E-01   4.825   2.175E-01   8.471E-04  -2.244E-02   0.000E+00   6.461E-05
  161   -39.00    -136.2    0.308    0.2040E-01   4.856   2.175E-01   8.471E-04  -2.312E-02   0.000E+00   6.461E-05
  160   -40.00    -135.3    0.308    0.2075E-01   4.886   2.175E-01   8.471E-04  -2.381E-02   0.000E+00   6.461E-05
  159   -41.00    -134.4    0.309    0.2110E-01   4.916   2.175E-01   8.471E-04  -2.449E-02   0.000E+00   6.461E-05
  158   -42.00    -133.6    0.309    0.2144E-01   4.945   2.175E-01   8.471E-04  -2.517E-02   0.000E+00   6.461E-05
  157   -43.00    -132.7    0.310    0.2176E-01   4.975   2.175E-01   8.471E-04  -2.584E-02   0.000E+00   6.461E-05
  156   -44.00    -131.8    0.310    0.2208E-01   5.004   2.175E-01   8.471E-04  -2.651E-02   0.000E+00   6.461E-05
  155   -45.00    -131.0    0.307    0.2246E-01   5.033   1.287E-01   8.471E-04  -2.713E-02   0.000E+00   6.461E-05
  154   -46.00    -130.2    0.308    0.2297E-01   5.063   1.287E-01   8.471E-04  -2.770E-02   0.000E+00   6.461E-05
  153   -47.00    -129.4    0.308    0.2347E-01   5.093   1.287E-01   8.471E-04  -2.826E-02   0.000E+00   6.461E-05
  152   -48.00    -128.6    0.308    0.2398E-01   5.122   1.287E-01   8.471E-04  -2.882E-02   0.000E+00   6.461E-05
  151   -49.00    -127.8    0.309    0.2449E-01   5.152   1.287E-01   8.471E-04  -2.937E-02   0.000E+00   6.461E-05
  150   -50.00    -127.1    0.309    0.2499E-01   5.182   1.287E-01   8.471E-04  -2.992E-02   0.000E+00   6.461E-05
  149   -51.00    -126.3    0.309    0.2550E-01   5.211   1.287E-01   8.471E-04  -3.047E-02   0.000E+00   6.461E-05
  148   -52.00    -125.5    0.310    0.2601E-01   5.242   1.287E-01   8.471E-04  -3.101E-02   0.000E+00   6.461E-05
  147   -53.00    -124.8    0.310    0.2651E-01   5.272   1.287E-01   8.471E-04  -3.154E-02   0.000E+00   6.461E-05
  146   -54.00    -124.0    0.310    0.2702E-01   5.302   1.287E-01   8.471E-04  -3.208E-02   0.000E+00   6.461E-05
  145   -55.00    -123.3    0.311    0.2753E-01   5.332   1.287E-01   8.471E-04  -3.261E-02   0.000E+00   6.461E-05
  144   -56.00    -122.5    0.311    0.2805E-01   5.363   1.287E-01   8.471E-04  -3.313E-02   0.000E+00   6.461E-05
  143   -57.00    -121.8    0.311    0.2856E-01   5.394   1.287E-01   8.471E-04  -3.365E-02   0.000E+00   6.461E-05
  142   -58.00    -121.1    0.311    0.2908E-01   5.424   1.287E-01   8.471E-04  -3.417E-02   0.000E+00   6.461E-05
  141   -59.00    -120.3    0.312    0.2961E-01   5.455   1.287E-01   8.471E-04  -3.468E-02   0.000E+00   6.461E-05
  140   -60.00    -119.6    0.312    0.3013E-01   5.487   1.287E-01   8.471E-04  -3.519E-02   0.000E+00   6.461E-05
  139   -61.00    -118.9    0.312    0.3066E-01   5.518   1.287E-01   8.471E-04  -3.569E-02   0.000E+00   6.461E-05
  138   -62.00    -118.2    0.313    0.3119E-01   5.549   1.287E-01   8.471E-04  -3.624E-02   0.000E+00   6.461E-05
  137   -63.00    -117.4    0.313    0.3173E-01   5.581   1.287E-01   8.471E-04  -3.683E-02   0.000E+00   6.461E-05
  136   -64.00    -116.7    0.313    0.3228E-01   5.612   1.287E-01   8.471E-04  -3.742E-02   0.000E+00   6.461E-05
  135   -65.00    -116.0    0.314    0.3283E-01   5.644   1.287E-01   8.471E-04  -3.801E-02   0.000E+00   6.461E-05
  134   -66.00    -115.3    0.314    0.3338E-01   5.676   1.287E-01   8.471E-04  -3.858E-02   0.000E+00   6.461E-05
  133   -67.00    -114.6    0.314    0.3394E-01   5.708   1.287E-01   8.471E-04  -3.915E-02   0.000E+00   6.461E-05
  132   -68.00    -113.9    0.315    0.3450E-01   5.740   1.287E-01   8.471E-04  -3.972E-02   0.000E+00   6.461E-05
  131   -69.00    -113.2    0.315    0.3507E-01   5.772   1.287E-01   8.471E-04  -4.027E-02   0.000E+00   6.461E-05
  130   -70.00    -112.5    0.315    0.3565E-01   5.804   1.287E-01   8.471E-04  -4.082E-02   0.000E+00   6.461E-05
  129   -71.00    -111.9    0.316    0.3623E-01   5.836   1.287E-01   8.471E-04  -4.137E-02   0.000E+00   6.461E-05
  128   -72.00    -111.2    0.316    0.3682E-01   5.869   1.287E-01   8.471E-04  -4.191E-02   0.000E+00   6.461E-05
  127   -73.00    -110.5    0.316    0.3741E-01   5.901   1.287E-01   8.471E-04  -4.244E-02   0.000E+00   6.461E-05
  126   -74.00    -109.9    0.317    0.3801E-01   5.933   1.287E-01   8.471E-04  -4.296E-02   0.000E+00   6.461E-05
  125   -75.00    -109.2    0.317    0.3862E-01   5.966   1.287E-01   8.471E-04  -4.348E-02   0.000E+00   6.461E-05
  124   -76.00    -108.5    0.317    0.3923E-01   5.999   1.287E-01   8.471E-04  -4.400E-02   0.000E+00   6.461E-05
  123   -77.00    -107.9    0.318    0.3985E-01   6.031   1.287E-01   8.471E-04  -4.450E-02   0.000E+00   6.461E-05
  122   -78.00    -107.2    0.318    0.4048E-01   6.064   1.287E-01   8.471E-04  -4.500E-02   0.000E+00   6.461E-05
  121   -79.00    -106.6    0.318    0.4111E-01   6.096   1.287E-01   8.471E-04  -4.550E-02   0.000E+00   6.461E-05
  120   -80.00    -105.9    0.319    0.4175E-01   6.129   1.287E-01   8.471E-04  -4.599E-02   0.000E+00   6.461E-05
  119   -81.00    -105.3    0.319    0.4239E-01   6.162   1.287E-01   8.471E-04  -4.647E-02   0.000E+00   6.461E-05
  118   -82.00    -104.6    0.319    0.4304E-01   6.194   1.287E-01   8.471E-04  -4.695E-02   0.000E+00   6.461E-05
  117   -83.00    -104.0    0.319    0.4369E-01   6.227   1.287E-01   8.471E-04  -4.742E-02   0.000E+00   6.461E-05
  116   -84.00    -103.4    0.320    0.4435E-01   6.260   1.287E-01   8.471E-04  -4.788E-02   0.000E+00   6.461E-05
  115   -85.00    -102.8    0.320    0.4502E-01   6.292   1.287E-01   8.471E-04  -4.834E-02   0.000E+00   6.461E-05
  114   -86.00    -102.1    0.320    0.4569E-01   6.325   1.287E-01   8.471E-04  -4.880E-02   0.000E+00   6.461E-05
  113   -87.00    -101.5    0.321    0.4637E-01   6.357   1.287E-01   8.471E-04  -4.924E-02   0.000E+00   6.461E-05
  112   -88.00    -100.9    0.321    0.4705E-01   6.390   1.287E-01   8.471E-04  -4.969E-02   0.000E+00   6.461E-05
  111   -89.00    -100.3    0.321    0.4774E-01   6.422   1.287E-01   8.471E-04  -5.016E-02   0.000E+00   6.461E-05
  110   -90.00     -99.7    0.322    0.4844E-01   6.455   1.287E-01   8.471E-04  -5.067E-02   0.000E+00   6.461E-05
  109   -91.00     -99.1    0.322    0.4913E-01   6.487   1.287E-01   8.471E-04  -5.117E-02   0.000E+00   6.461E-05
  108   -92.00     -98.5    0.322    0.4984E-01   6.519   1.287E-01   8.471E-04  -5.166E-02   0.000E+00   6.461E-05
  107   -93.00     -97.9    0.323    0.5055E-01   6.551   1.287E-01   8.471E-04  -5.214E-02   0.000E+00   6.461E-05
  106   -94.00     -97.3    0.323    0.5126E-01   6.584   1.287E-01   8.471E-04  -5.262E-02   0.000E+00   6.461E-05
  105   -95.00     -96.7    0.323    0.5198E-01   6.616   1.287E-01   8.471E-04  -5.309E-02   0.000E+00   6.461E-05
  104   -96.00     -96.1    0.323    0.5271E-01   6.647   1.287E-01   8.471E-04  -5.356E-02   0.000E+00   6.461E-05
  103   -97.00     -95.5    0.324    0.5344E-01   6.679   1.287E-01   8.471E-04  -5.402E-02   0.000E+00   6.461E-05
  102   -98.00     -95.0    0.324    0.5417E-01   6.711   1.287E-01   8.471E-04  -5.447E-02   0.000E+00   6.461E-05
  101   -99.00     -94.4    0.324    0.5491E-01   6.742   1.287E-01   8.471E-04  -5.491E-02   0.000E+00   6.461E-05
  100  -100.00     -93.8    0.325    0.5565E-01   6.774   1.287E-01   8.471E-04  -5.535E-02   0.000E+00   6.461E-05
   99  -101.00     -93.2    0.325    0.5640E-01   6.805   1.287E-01   8.471E-04  -5.578E-02   0.000E+00   6.461E-05
   98  -102.00     -92.7    0.325    0.5715E-01   6.836   1.287E-01   8.471E-04  -5.620E-02   0.000E+00   6.461E-05
   97  -103.00     -92.1    0.326    0.5791E-01   6.867   1.287E-01   8.471E-04  -5.662E-02   0.000E+00   6.461E-05
   96  -104.00     -91.6    0.326    0.5867E-01   6.898   1.287E-01   8.471E-04  -5.703E-02   0.000E+00   6.461E-05
   95  -105.00     -91.0    0.326    0.5944E-01   6.928   1.287E-01   8.471E-04  -5.743E-02   0.000E+00   6.461E-05
   94  -106.00     -90.4    0.327    0.6021E-01   6.959   1.287E-01   8.471E-04  -5.783E-02   0.000E+00   6.461E-05
   93  -107.00     -89.9    0.327    0.6099E-01   6.989   1.287E-01   8.471E-04  -5.822E-02   0.000E+00   6.461E-05
   92  -108.00     -89.3    0.327    0.6177E-01   7.019   1.287E-01   8.471E-04  -5.861E-02   0.000E+00   6.461E-05
   91  -109.00     -88.8    0.327    0.6256E-01   7.049   1.287E-01   8.471E-04  -5.899E-02   0.000E+00   6.461E-05
   90  -110.00     -88.2    0.324    0.6332E-01   7.079   1.442E-01   8.471E-04  -5.936E-02   0.000E+00   6.461E-05
   89  -111.00     -87.7    0.324    0.6404E-01   7.108   1.442E-01   8.471E-04  -5.973E-02   0.000E+00   6.461E-05
   88  -112.00     -87.1    0.324    0.6477E-01   7.138   1.442E-01   8.471E-04  -6.010E-02   0.000E+00   6.461E-05
   87  -113.00     -86.5    0.325    0.6550E-01   7.167   1.442E-01   8.471E-04  -6.046E-02   0.000E+00   6.461E-05
   86  -114.00     -85.9    0.325    0.6622E-01   7.196   1.442E-01   8.471E-04  -6.082E-02   0.000E+00   6.461E-05
   85  -115.00     -85.3    0.325    0.6695E-01   7.225   1.442E-01   8.471E-04  -6.116E-02   0.000E+00   6.461E-05
   84  -116.00     -84.8    0.326    0.6768E-01   7.253   1.442E-01   8.471E-04  -6.153E-02   0.000E+00   6.461E-05
   83  -117.00     -84.2    0.326    0.6841E-01   7.281   1.442E-01   8.471E-04  -6.192E-02   0.000E+00   6.461E-05
   82  -118.00     -83.6    0.326    0.6914E-01   7.309   1.442E-01   8.471E-04  -6.230E-02   0.000E+00   6.461E-05
   81  -119.00     -83.0    0.327    0.6988E-01   7.337   1.442E-01   8.471E-04  -6.268E-02   0.000E+00   6.461E-05
   80  -120.00     -82.5    0.327    0.7061E-01   7.364   1.442E-01   8.471E-04  -6.305E-02   0.000E+00   6.461E-05
   79  -121.00     -81.9    0.327    0.7134E-01   7.391   1.442E-01   8.471E-04  -6.341E-02   0.000E+00   6.461E-05
   78  -122.00     -81.4    0.328    0.7208E-01   7.418   1.442E-01   8.471E-04  -6.376E-02   0.000E+00   6.461E-05
   77  -123.00     -80.8    0.328    0.7281E-01   7.445   1.442E-01   8.471E-04  -6.411E-02   0.000E+00   6.461E-05
   76  -124.00     -80.3    0.328    0.7355E-01   7.471   1.442E-01   8.471E-04  -6.446E-02   0.000E+00   6.461E-05
   75  -125.00     -79.7    0.329    0.7429E-01   7.497   1.442E-01   8.471E-04  -6.480E-02   0.000E+00   6.461E-05
   74  -126.00     -79.1    0.329    0.7502E-01   7.523   1.442E-01   8.471E-04  -6.513E-02   0.000E+00   6.461E-05
   73  -127.00     -78.6    0.329    0.7576E-01   7.548   1.442E-01   8.471E-04  -6.545E-02   0.000E+00   6.461E-05
   72  -128.00     -78.1    0.330    0.7649E-01   7.574   1.442E-01   8.471E-04  -6.578E-02   0.000E+00   6.461E-05
   71  -129.00     -77.5    0.330    0.7723E-01   7.598   1.442E-01   8.471E-04  -6.609E-02   0.000E+00   6.461E-05
   70  -130.00     -77.0    0.330    0.7796E-01   7.623   1.442E-01   8.471E-04  -6.640E-02   0.000E+00   6.461E-05
   69  -131.00     -76.4    0.331    0.7870E-01   7.647   1.442E-01   8.471E-04  -6.670E-02   0.000E+00   6.461E-05
   68  -132.00     -75.9    0.331    0.7943E-01   7.671   1.442E-01   8.471E-04  -6.700E-02   0.000E+00   6.461E-05
   67  -133.00     -75.4    0.331    0.8017E-01   7.695   1.442E-01   8.471E-04  -6.729E-02   0.000E+00   6.461E-05
   66  -134.00     -74.8    0.332    0.8090E-01   7.718   1.442E-01   8.471E-04  -6.758E-02   0.000E+00   6.461E-05
   65  -135.00     -74.3    0.332    0.8164E-01   7.741   1.442E-01   8.471E-04  -6.786E-02   0.000E+00   6.461E-05
   64  -136.00     -73.8    0.332    0.8237E-01   7.764   1.442E-01   8.471E-04  -6.814E-02   0.000E+00   6.461E-05
   63  -137.00     -73.2    0.333    0.8310E-01   7.786   1.442E-01   8.471E-04  -6.841E-02   0.000E+00   6.461E-05
   62  -138.00     -72.7    0.333    0.8383E-01   7.808   1.442E-01   8.471E-04  -6.868E-02   0.000E+00   6.461E-05
   61  -139.00     -72.2    0.333    0.8456E-01   7.830   1.442E-01   8.471E-04  -6.894E-02   0.000E+00   6.461E-05
   60  -140.00     -71.7    0.334    0.8529E-01   7.851   1.442E-01   8.471E-04  -6.921E-02   0.000E+00   6.461E-05
   59  -141.00     -71.2    0.334    0.8602E-01   7.872   1.442E-01   8.471E-04  -6.948E-02   0.000E+00   6.461E-05
   58  -142.00     -70.6    0.334    0.8675E-01   7.893   1.442E-01   8.471E-04  -6.976E-02   0.000E+00   6.461E-05
   57  -143.00     -70.1    0.335    0.8748E-01   7.913   1.442E-01   8.471E-04  -7.002E-02   0.000E+00   6.461E-05
   56  -144.00     -69.6    0.335    0.8821E-01   7.933   1.442E-01   8.471E-04  -7.029E-02   0.000E+00   6.461E-05
   55  -145.00     -69.1    0.335    0.8894E-01   7.953   1.442E-01   8.471E-04  -7.054E-02   0.000E+00   6.461E-05
   54  -146.00     -68.6    0.336    0.8967E-01   7.972   1.442E-01   8.471E-04  -7.079E-02   0.000E+00   6.461E-05
   53  -147.00     -68.1    0.336    0.9040E-01   7.991   1.442E-01   8.471E-04  -7.104E-02   0.000E+00   6.461E-05
   52  -148.00     -67.6    0.336    0.9112E-01   8.010   1.442E-01   8.471E-04  -7.127E-02   0.000E+00   6.461E-05
   51  -149.00     -67.1    0.337    0.9185E-01   8.028   1.442E-01   8.471E-04  -7.151E-02   0.000E+00   6.461E-05
   50  -150.00     -66.6    0.337    0.9258E-01   8.046   1.442E-01   8.471E-04  -7.174E-02   0.000E+00   6.461E-05
   49  -151.00     -66.1    0.337    0.9330E-01   8.064   1.442E-01   8.471E-04  -7.196E-02   0.000E+00   6.461E-05
   48  -152.00     -65.6    0.338    0.9403E-01   8.081   1.442E-01   8.471E-04  -7.218E-02   0.000E+00   6.461E-05
   47  -153.00     -65.1    0.338    0.9475E-01   8.098   1.442E-01   8.471E-04  -7.239E-02   0.000E+00   6.461E-05
   46  -154.00     -64.6    0.338    0.9547E-01   8.115   1.442E-01   8.471E-04  -7.259E-02   0.000E+00   6.461E-05
   45  -155.00     -64.1    0.339    0.9619E-01   8.131   1.442E-01   8.471E-04  -7.280E-02   0.000E+00   6.461E-05
   44  -156.00     -63.6    0.339    0.9691E-01   8.147   1.442E-01   8.471E-04  -7.299E-02   0.000E+00   6.461E-05
   43  -157.00     -63.1    0.340    0.9763E-01   8.163   1.442E-01   8.471E-04  -7.318E-02   0.000E+00   6.461E-05
   42  -158.00     -62.6    0.340    0.9835E-01   8.178   1.442E-01   8.471E-04  -7.337E-02   0.000E+00   6.461E-05
   41  -159.00     -62.1    0.340    0.9906E-01   8.193   1.442E-01   8.471E-04  -7.355E-02   0.000E+00   6.461E-05
   40  -160.00     -61.6    0.341    0.9977E-01   8.207   1.442E-01   8.471E-04  -7.373E-02   0.000E+00   6.461E-05
   39  -161.00     -61.1    0.341    0.1005E+00   8.222   1.442E-01   8.471E-04  -7.390E-02   0.000E+00   6.461E-05
   38  -162.00     -60.6    0.341    0.1012E+00   8.235   1.442E-01   8.471E-04  -7.407E-02   0.000E+00   6.461E-05
   37  -163.00     -60.2    0.342    0.1019E+00   8.249   1.442E-01   8.471E-04  -7.425E-02   0.000E+00   6.461E-05
   36  -164.00     -59.7    0.342    0.1026E+00   8.262   1.442E-01   8.471E-04  -7.442E-02   0.000E+00   6.461E-05
   35  -165.00     -59.2    0.342    0.1033E+00   8.275   1.442E-01   8.471E-04  -7.458E-02   0.000E+00   6.461E-05
   34  -166.00     -58.7    0.343    0.1040E+00   8.287   1.442E-01   8.471E-04  -7.474E-02   0.000E+00   6.461E-05
   33  -167.00     -58.2    0.343    0.1047E+00   8.299   1.442E-01   8.471E-04  -7.490E-02   0.000E+00   6.461E-05
   32  -168.00     -57.7    0.343    0.1054E+00   8.311   1.442E-01   8.471E-04  -7.505E-02   0.000E+00   6.461E-05
   31  -169.00     -57.3    0.344    0.1061E+00   8.322   1.442E-01   8.471E-04  -7.519E-02   0.000E+00   6.461E-05
   30  -170.00     -56.8    0.344    0.1068E+00   8.333   1.442E-01   8.471E-04  -7.533E-02   0.000E+00   6.461E-05
   29  -171.00     -56.3    0.344    0.1075E+00   8.344   1.442E-01   8.471E-04  -7.547E-02   0.000E+00   6.461E-05
   28  -172.00     -55.8    0.345    0.1082E+00   8.354   1.442E-01   8.471E-04  -7.560E-02   0.000E+00   6.461E-05
   27  -173.00     -55.4    0.345    0.1088E+00   8.364   1.442E-01   8.471E-04  -7.572E-02   0.000E+00   6.461E-05
   26  -174.00     -54.9    0.346    0.1095E+00   8.374   1.442E-01   8.471E-04  -7.584E-02   0.000E+00   6.461E-05
   25  -175.00     -54.4    0.346    0.1101E+00   8.383   1.442E-01   8.471E-04  -7.595E-02   0.000E+00   6.461E-05
   24  -176.00     -53.9    0.346    0.1108E+00   8.392   1.442E-01   8.471E-04  -7.606E-02   0.000E+00   6.461E-05
   23  -177.00     -53.5    0.347    0.1114E+00   8.400   1.442E-01   8.471E-04  -7.617E-02   0.000E+00   6.461E-05
   22  -178.00     -53.0    0.347    0.1120E+00   8.408   1.442E-01   8.471E-04  -7.627E-02   0.000E+00   6.461E-05
   21  -179.00     -52.5    0.347    0.1126E+00   8.416   1.442E-01   8.471E-04  -7.636E-02   0.000E+00   6.461E-05
   20  -180.00     -52.1    0.348    0.1131E+00   8.424   1.442E-01   8.471E-04  -7.645E-02   0.000E+00   6.461E-05
   19  -181.00     -51.6    0.348    0.1137E+00   8.431   1.442E-01   8.471E-04  -7.654E-02   0.000E+00   6.461E-05
   18  -182.00     -51.1    0.348    0.1142E+00   8.437   1.442E-01   8.471E-04  -7.662E-02   0.000E+00   6.461E-05
   17  -183.00     -50.6    0.349    0.1146E+00   8.443   1.442E-01   8.471E-04  -7.670E-02   0.000E+00   6.461E-05
   16  -184.00     -50.2    0.349    0.1150E+00   8.449   1.442E-01   8.471E-04  -7.678E-02   0.000E+00   6.461E-05
   15  -185.00     -49.7    0.350    0.1154E+00   8.455   1.442E-01   8.471E-04  -7.685E-02   0.000E+00   6.461E-05
   14  -186.00     -49.2    0.350    0.1157E+00   8.460   1.442E-01   8.471E-04  -7.691E-02   0.000E+00   6.461E-05
   13  -187.00     -48.8    0.350    0.1158E+00   8.465   1.442E-01   8.471E-04  -7.697E-02   0.000E+00   6.461E-05
   12  -188.00     -48.3    0.351    0.1159E+00   8.469   1.442E-01   8.471E-04  -7.703E-02   0.000E+00   6.461E-05
   11  -189.00     -47.8    0.351    0.1158E+00   8.473   1.442E-01   8.471E-04  -7.708E-02   0.000E+00   6.461E-05
   10  -190.00     -47.4    0.351    0.1156E+00   8.477   1.442E-01   8.471E-04  -7.712E-02   0.000E+00   6.461E-05
    9  -191.00     -46.9    0.352    0.1151E+00   8.480   1.442E-01   8.471E-04  -7.716E-02   0.000E+00   6.461E-05
    8  -192.00     -46.5    0.352    0.1144E+00   8.483   1.442E-01   8.471E-04  -7.720E-02   0.000E+00   6.461E-05
    7  -193.00     -46.0    0.353    0.1134E+00   8.485   1.442E-01   8.471E-04  -7.723E-02   0.000E+00   6.461E-05
    6  -194.00     -45.5    0.353    0.1121E+00   8.487   1.442E-01   8.471E-04  -7.725E-02   0.000E+00   6.461E-05
    5  -195.00     -45.1    0.353    0.1102E+00   8.489   1.442E-01   8.471E-04  -7.727E-02   0.000E+00   6.461E-05
    4  -196.00     -44.6    0.354    0.1078E+00   8.490   1.442E-01   8.471E-04  -7.729E-02   0.000E+00   6.461E-05
    3  -197.00     -44.1    0.354    0.1048E+00   8.491   1.442E-01   8.471E-04  -7.730E-02   0.000E+00   6.461E-05
    2  -198.00     -43.7    0.354    0.1010E+00   8.491   1.442E-01   8.471E-04  -7.730E-02   0.000E+00   6.461E-05
    1  -199.00     -43.2    0.355    0.9614E-01   8.491   1.442E-01   8.471E-04  -7.731E-02   0.000E+00   6.461E-05
#Time:    2376
  222     0.00    -219.7    0.284    0.3800E-03   8.035   2.848E-01   8.571E-04   2.233E-03   0.000E+00   5.191E-05
  221    -0.10    -219.6    0.284    0.4903E-03   8.035   2.848E-01   8.571E-04   2.229E-03   0.000E+00   5.191E-05
  220    -0.20    -219.5    0.284    0.6002E-03   8.036   2.848E-01   8.571E-04   2.221E-03   0.000E+00   5.191E-05
  219    -0.30    -219.4    0.284    0.7096E-03   8.036   2.848E-01   8.571E-04   2.213E-03   0.000E+00   5.191E-05
  218    -0.40    -219.3    0.284    0.8185E-03   8.035   2.848E-01   8.571E-04   2.204E-03   0.000E+00   5.191E-05
  217    -0.50    -219.2    0.284    0.9268E-03   8.035   2.848E-01   8.571E-04   2.195E-03   0.000E+00   5.191E-05
  216    -0.60    -219.1    0.284    0.1034E-02   8.034   2.848E-01   8.571E-04   2.186E-03   0.000E+00   5.191E-05
  215    -0.70    -219.0    0.284    0.1142E-02   8.033   2.848E-01   8.571E-04   2.176E-03   0.000E+00   5.191E-05
  214    -0.80    -218.9    0.284    0.1248E-02   8.033   2.848E-01   8.571E-04   2.166E-03   0.000E+00   5.191E-05
  213    -0.90    -218.8    0.284    0.1354E-02   8.033   2.848E-01   8.571E-04   2.156E-03   0.000E+00   5.191E-05
  212    -1.00    -218.7    0.284    0.1460E-02   8.033   2.848E-01   8.571E-04   2.139E-03   0.000E+00   5.191E-05
  211    -1.20    -218.5    0.284    0.1669E-02   8.032   2.848E-01   8.571E-04   2.122E-03   0.000E+00   5.191E-05
  210    -1.40    -218.3    0.284    0.1877E-02   8.032   2.848E-01   8.571E-04   2.098E-03   0.000E+00   5.191E-05
  209    -1.60    -218.1    0.284    0.2082E-02   8.032   2.848E-01   8.571E-04   2.074E-03   0.000E+00   5.191E-05
  208    -1.80    -217.9    0.284    0.2285E-02   8.032   2.848E-01   8.571E-04   2.049E-03   0.000E+00   5.191E-05
  207    -2.00    -217.7    0.284    0.2486E-02   8.031   2.848E-01   8.571E-04   2.023E-03   0.000E+00   5.191E-05
  206    -2.20    -217.5    0.284    0.2684E-02   8.031   2.848E-01   8.571E-04   1.996E-03   0.000E+00   5.191E-05
  205    -2.40    -217.3    0.284    0.2881E-02   8.031   2.848E-01   8.571E-04   1.968E-03   0.000E+00   5.191E-05
  204    -2.60    -217.1    0.284    0.3075E-02   8.031   2.848E-01   8.571E-04   1.940E-03   0.000E+00   5.191E-05
  203    -2.80    -216.9    0.285    0.3267E-02   8.030   2.848E-01   8.571E-04   1.912E-03   0.000E+00   5.191E-05
  202    -3.00    -216.7    0.285    0.3457E-02   8.030   2.848E-01   8.571E-04   1.861E-03   0.000E+00   5.191E-05
  201    -3.50    -216.2    0.285    0.3922E-02   8.030   2.848E-01   8.571E-04   1.808E-03   0.000E+00   5.191E-05
  200    -4.00    -215.7    0.285    0.4373E-02   8.030   2.848E-01   8.571E-04   1.732E-03   0.000E+00   5.191E-05
  199    -4.50    -215.2    0.285    0.4810E-02   8.030   2.848E-01   8.571E-04   1.655E-03   0.000E+00   5.191E-05
  198    -5.00    -214.6    0.285    0.5233E-02   8.031   2.848E-01   8.571E-04   1.576E-03   0.000E+00   5.191E-05
  197    -5.50    -214.1    0.285    0.5641E-02   8.031   2.848E-01   8.571E-04   1.496E-03   0.000E+00   5.191E-05
  196    -6.00    -213.6    0.285    0.6036E-02   8.032   2.848E-01   8.571E-04   1.416E-03   0.000E+00   5.191E-05
  195    -6.50    -213.1    0.286    0.6416E-02   8.033   2.848E-01   8.571E-04   1.335E-03   0.000E+00   5.191E-05
  194    -7.00    -212.6    0.286    0.6782E-02   8.035   2.848E-01   8.571E-04   1.254E-03   0.000E+00   5.191E-05
  193    -7.50    -212.1    0.286    0.7133E-02   8.036   2.848E-01   8.571E-04   1.172E-03   0.000E+00   5.191E-05
  192    -8.00    -211.6    0.286    0.7470E-02   8.038   2.848E-01   8.571E-04   1.049E-03   0.000E+00   5.191E-05
  191    -9.00    -210.6    0.286    0.8099E-02   8.042   2.848E-01   8.571E-04   9.268E-04   0.000E+00   5.191E-05
  190   -10.00    -209.6    0.287    0.8678E-02   8.047   2.848E-01   8.571E-04   7.633E-04   0.000E+00   5.191E-05
  189   -11.00    -208.6    0.287    0.9241E-02   8.051   2.848E-01   8.571E-04   6.001E-04   0.000E+00   5.191E-05
  188   -12.00    -207.6    0.287    0.9799E-02   8.056   2.848E-01   8.571E-04   4.372E-04   0.000E+00   5.191E-05
  187   -13.00    -206.6    0.288    0.1035E-01   8.060   2.848E-01   8.571E-04   2.746E-04   0.000E+00   5.191E-05
  186   -14.00    -205.6    0.288    0.1089E-01   8.064   2.848E-01   8.571E-04   1.125E-04   0.000E+00   5.191E-05
  185   -15.00    -204.6    0.288    0.1143E-01   8.067   2.848E-01   8.571E-04  -4.909E-05   0.000E+00   5.191E-05
  184   -16.00    -203.6    0.288    0.1197E-01   8.069   2.848E-01   8.571E-04  -2.102E-04   0.000E+00   5.191E-05
  183   -17.00    -202.6    0.289    0.1249E-01   8.070   2.848E-01   8.571E-04  -3.710E-04   0.000E+00   5.191E-05
  182   -18.00    -201.6    0.289    0.1301E-01   8.069   2.848E-01   8.571E-04  -5.316E-04   0.000E+00   5.191E-05
  181   -19.00    -200.6    0.289    0.1352E-01   8.068   2.848E-01   8.571E-04  -6.921E-04   0.000E+00   5.191E-05
  180   -20.00    -199.6    0.290    0.1403E-01   8.065   2.848E-01   8.571E-04  -8.528E-04   0.000E+00   5.191E-05
  179   -21.00    -198.6    0.290    0.1453E-01   8.061   2.848E-01   8.571E-04  -1.014E-03   0.000E+00   5.191E-05
  178   -22.00    -197.6    0.290    0.1502E-01   8.056   2.848E-01   8.571E-04  -1.176E-03   0.000E+00   5.191E-05
  177   -23.00    -196.6    0.291    0.1550E-01   8.050   2.848E-01   8.571E-04  -1.339E-03   0.000E+00   5.191E-05
  176   -24.00    -195.6    0.291    0.1598E-01   8.042   2.848E-01   8.571E-04  -1.520E-03   0.000E+00   5.191E-05
  175   -25.00    -194.7    0.291    0.1645E-01   8.033   2.848E-01   8.571E-04  -1.719E-03   0.000E+00   5.191E-05
  174   -26.00    -193.7    0.292    0.1691E-01   8.022   2.848E-01   8.571E-04  -1.922E-03   0.000E+00   5.191E-05
  173   -27.00    -192.7    0.292    0.1737E-01   8.011   2.848E-01   8.571E-04  -2.125E-03   0.000E+00   5.191E-05
  172   -28.00    -191.7    0.292    0.1782E-01   7.999   2.848E-01   8.571E-04  -2.329E-03   0.000E+00   5.191E-05
  171   -29.00    -190.7    0.293    0.1826E-01   7.985   2.848E-01   8.571E-04  -2.533E-03   0.000E+00   5.191E-05
  170   -30.00    -189.7    0.287    0.1874E-01   7.971   2.175E-01   8.571E-04  -2.732E-03   0.000E+00   5.191E-05
  169   -31.00    -188.7    0.288    0.1925E-01   7.955   2.175E-01   8.571E-04  -2.927E-03   0.000E+00   5.191E-05
  168   -32.00    -187.7    0.288    0.1976E-01   7.939   2.175E-01   8.571E-04  -3.121E-03   0.000E+00   5.191E-05
  167   -33.00    -186.7    0.288    0.2026E-01   7.922   2.175E-01   8.571E-04  -3.315E-03   0.000E+00   5.191E-05
  166   -34.00    -185.7    0.289    0.2075E-01   7.904   2.175E-01   8.571E-04  -3.509E-03   0.000E+00   5.191E-05
  165   -35.00    -184.8    0.289    0.2123E-01   7.886   2.175E-01   8.571E-04  -3.702E-03   0.000E+00   5.191E-05
  164   -36.00    -183.8    0.289    0.2171E-01   7.867   2.175E-01   8.571E-04  -3.895E-03   0.000E+00   5.191E-05
  163   -37.00    -182.8    0.290    0.2217E-01   7.848   2.175E-01   8.571E-04  -4.087E-03   0.000E+00   5.191E-05
  162   -38.00    -181.8    0.290    0.2262E-01   7.828   2.175E-01   8.571E-04  -4.279E-03   0.000E+00   5.191E-05
  161   -39.00    -180.8    0.290    0.2307E-01   7.808   2.175E-01   8.571E-04  -4.470E-03   0.000E+00   5.191E-05
  160   -40.00    -179.9    0.291    0.2350E-01   7.788   2.175E-01   8.571E-04  -4.661E-03   0.000E+00   5.191E-05
  159   -41.00    -178.9    0.291    0.2393E-01   7.767   2.175E-01   8.571E-04  -4.852E-03   0.000E+00   5.191E-05
  158   -42.00    -177.9    0.291    0.2435E-01   7.746   2.175E-01   8.571E-04  -5.042E-03   0.000E+00   5.191E-05
  157   -43.00    -176.9    0.292    0.2475E-01   7.725   2.175E-01   8.571E-04  -5.232E-03   0.000E+00   5.191E-05
  156   -44.00    -176.0    0.292    0.2515E-01   7.704   2.175E-01   8.571E-04  -5.421E-03   0.000E+00   5.191E-05
  155   -45.00    -175.0    0.292    0.2563E-01   7.683   1.287E-01   8.571E-04  -5.598E-03   0.000E+00   5.191E-05
  154   -46.00    -174.0    0.292    0.2626E-01   7.661   1.287E-01   8.571E-04  -5.762E-03   0.000E+00   5.191E-05
  153   -47.00    -173.1    0.292    0.2689E-01   7.640   1.287E-01   8.571E-04  -5.926E-03   0.000E+00   5.191E-05
  152   -48.00    -172.1    0.293    0.2751E-01   7.618   1.287E-01   8.571E-04  -6.089E-03   0.000E+00   5.191E-05
  151   -49.00    -171.2    0.293    0.2813E-01   7.596   1.287E-01   8.571E-04  -6.252E-03   0.000E+00   5.191E-05
  150   -50.00    -170.2    0.293    0.2874E-01   7.575   1.287E-01   8.571E-04  -6.414E-03   0.000E+00   5.191E-05
  149   -51.00    -169.3    0.294    0.2934E-01   7.553   1.287E-01   8.571E-04  -6.576E-03   0.000E+00   5.191E-05
  148   -52.00    -168.3    0.294    0.2995E-01   7.531   1.287E-01   8.571E-04  -6.738E-03   0.000E+00   5.191E-05
  147   -53.00    -167.4    0.294    0.3054E-01   7.509   1.287E-01   8.571E-04  -6.900E-03   0.000E+00   5.191E-05
  146   -54.00    -166.4    0.294    0.3114E-01   7.487   1.287E-01   8.571E-04  -7.063E-03   0.000E+00   5.191E-05
  145   -55.00    -165.5    0.295    0.3173E-01   7.466   1.287E-01   8.571E-04  -7.243E-03   0.000E+00   5.191E-05
  144   -56.00    -164.5    0.295    0.3231E-01   7.444   1.287E-01   8.571E-04  -7.439E-03   0.000E+00   5.191E-05
  143   -57.00    -163.6    0.295    0.3289E-01   7.422   1.287E-01   8.571E-04  -7.636E-03   0.000E+00   5.191E-05
  142   -58.00    -162.7    0.296    0.3346E-01   7.400   1.287E-01   8.571E-04  -7.833E-03   0.000E+00   5.191E-05
  141   -59.00    -161.7    0.296    0.3403E-01   7.379   1.287E-01   8.571E-04  -8.029E-03   0.000E+00   5.191E-05
  140   -60.00    -160.8    0.296    0.3460E-01   7.357   1.287E-01   8.571E-04  -8.225E-03   0.000E+00   5.191E-05
  139   -61.00    -159.9    0.297    0.3516E-01   7.335   1.287E-01   8.571E-04  -8.419E-03   0.000E+00   5.191E-05
  138   -62.00    -158.9    0.297    0.3572E-01   7.314   1.287E-01   8.571E-04  -8.613E-03   0.000E+00   5.191E-05
  137   -63.00    -158.0    0.297    0.3627E-01   7.292   1.287E-01   8.571E-04  -8.805E-03   0.000E+00   5.191E-05
  136   -64.00    -157.1    0.298    0.3682E-01   7.271   1.287E-01   8.571E-04  -8.997E-03   0.000E+00   5.191E-05
  135   -65.00    -156.1    0.298    0.3736E-01   7.249   1.287E-01   8.571E-04  -9.188E-03   0.000E+00   5.191E-05
  134   -66.00    -155.2    0.298    0.3790E-01   7.228   1.287E-01   8.571E-04  -9.377E-03   0.000E+00   5.191E-05
  133   -67.00    -154.3    0.299    0.3843E-01   7.207   1.287E-01   8.571E-04  -9.566E-03   0.000E+00   5.191E-05
  132   -68.00    -153.3    0.299    0.3895E-01   7.186   1.287E-01   8.571E-04  -9.754E-03   0.000E+00   5.191E-05
  131   -69.00    -152.4    0.299    0.3947E-01   7.165   1.287E-01   8.571E-04  -9.942E-03   0.000E+00   5.191E-05
  130   -70.00    -151.5    0.300    0.3999E-01   7.144   1.287E-01   8.571E-04  -1.013E-02   0.000E+00   5.191E-05
  129   -71.00    -150.6    0.300    0.4050E-01   7.123   1.287E-01   8.571E-04  -1.031E-02   0.000E+00   5.191E-05
  128   -72.00    -149.7    0.300    0.4100E-01   7.102   1.287E-01   8.571E-04  -1.050E-02   0.000E+00   5.191E-05
  127   -73.00    -148.7    0.301    0.4150E-01   7.081   1.287E-01   8.571E-04  -1.068E-02   0.000E+00   5.191E-05
  126   -74.00    -147.8    0.301    0.4199E-01   7.061   1.287E-01   8.571E-04  -1.086E-02   0.000E+00   5.191E-05
  125   -75.00    -146.9    0.301    0.4248E-01   7.040   1.287E-01   8.571E-04  -1.105E-02   0.000E+00   5.191E-05
  124   -76.00    -146.0    0.302    0.4296E-01   7.020   1.287E-01   8.571E-04  -1.123E-02   0.000E+00   5.191E-05
  123   -77.00    -145.1    0.302    0.4343E-01   7.000   1.287E-01   8.571E-04  -1.140E-02   0.000E+00   5.191E-05
  122   -78.00    -144.2    0.302    0.4390E-01   6.980   1.287E-01   8.571E-04  -1.158E-02   0.000E+00   5.191E-05
  121   -79.00    -143.3    0.303    0.4436E-01   6.960   1.287E-01   8.571E-04  -1.176E-02   0.000E+00   5.191E-05
  120   -80.00    -142.4    0.303    0.4482E-01   6.940   1.287E-01   8.571E-04  -1.193E-02   0.000E+00   5.191E-05
  119   -81.00    -141.5    0.303    0.4527E-01   6.920   1.287E-01   8.571E-04  -1.211E-02   0.000E+00   5.191E-05
  118   -82.00    -140.5    0.303    0.4571E-01   6.901   1.287E-01   8.571E-04  -1.228E-02   0.000E+00   5.191E-05
  117   -83.00    -139.6    0.304    0.4615E-01   6.881   1.287E-01   8.571E-04  -1.248E-02   0.000E+00   5.191E-05
  116   -84.00    -138.7    0.304    0.4658E-01   6.862   1.287E-01   8.571E-04  -1.268E-02   0.000E+00   5.191E-05
  115   -85.00    -137.8    0.305    0.4701E-01   6.843   1.287E-01   8.571E-04  -1.289E-02   0.000E+00   5.191E-05
  114   -86.00    -136.9    0.305    0.4743E-01   6.824   1.287E-01   8.571E-04  -1.309E-02   0.000E+00   5.191E-05
  113   -87.00    -136.0    0.305    0.4785E-01   6.805   1.287E-01   8.571E-04  -1.330E-02   0.000E+00   5.191E-05
  112   -88.00    -135.1    0.306    0.4825E-01   6.787   1.287E-01   8.571E-04  -1.350E-02   0.000E+00   5.191E-05
  111   -89.00    -134.3    0.306    0.4866E-01   6.769   1.287E-01   8.571E-04  -1.370E-02   0.000E+00   5.191E-05
  110   -90.00    -133.4    0.306    0.4905E-01   6.750   1.287E-01   8.571E-04  -1.390E-02   0.000E+00   5.191E-05
  109   -91.00    -132.5    0.307    0.4944E-01   6.732   1.287E-01   8.571E-04  -1.409E-02   0.000E+00   5.191E-05
  108   -92.00    -131.6    0.307    0.4983E-01   6.715   1.287E-01   8.571E-04  -1.429E-02   0.000E+00   5.191E-05
  107   -93.00    -130.7    0.308    0.5021E-01   6.697   1.287E-01   8.571E-04  -1.448E-02   0.000E+00   5.191E-05
  106   -94.00    -129.8    0.308    0.5058E-01   6.679   1.287E-01   8.571E-04  -1.467E-02   0.000E+00   5.191E-05
  105   -95.00    -128.9    0.308    0.5094E-01   6.662   1.287E-01   8.571E-04  -1.486E-02   0.000E+00   5.191E-05
  104   -96.00    -128.0    0.309    0.5130E-01   6.645   1.287E-01   8.571E-04  -1.505E-02   0.000E+00   5.191E-05
  103   -97.00    -127.2    0.309    0.5166E-01   6.628   1.287E-01   8.571E-04  -1.523E-02   0.000E+00   5.191E-05
  102   -98.00    -126.3    0.309    0.5200E-01   6.611   1.287E-01   8.571E-04  -1.542E-02   0.000E+00   5.191E-05
  101   -99.00    -125.4    0.310    0.5235E-01   6.595   1.287E-01   8.571E-04  -1.560E-02   0.000E+00   5.191E-05
  100  -100.00    -124.5    0.310    0.5268E-01   6.578   1.287E-01   8.571E-04  -1.578E-02   0.000E+00   5.191E-05
   99  -101.00    -123.6    0.310    0.5301E-01   6.562   1.287E-01   8.571E-04  -1.596E-02   0.000E+00   5.191E-05
   98  -102.00    -122.8    0.311    0.5333E-01   6.546   1.287E-01   8.571E-04  -1.614E-02   0.000E+00   5.191E-05
   97  -103.00    -121.9    0.311    0.5365E-01   6.530   1.287E-01   8.571E-04  -1.632E-02   0.000E+00   5.191E-05
   96  -104.00    -121.0    0.312    0.5397E-01   6.514   1.287E-01   8.571E-04  -1.649E-02   0.000E+00   5.191E-05
   95  -105.00    -120.1    0.312    0.5427E-01   6.499   1.287E-01   8.571E-04  -1.666E-02   0.000E+00   5.191E-05
   94  -106.00    -119.3    0.312    0.5457E-01   6.484   1.287E-01   8.571E-04  -1.684E-02   0.000E+00   5.191E-05
   93  -107.00    -118.4    0.313    0.5487E-01   6.468   1.287E-01   8.571E-04  -1.702E-02   0.000E+00   5.191E-05
   92  -108.00    -117.5    0.313    0.5516E-01   6.453   1.287E-01   8.571E-04  -1.722E-02   0.000E+00   5.191E-05
   91  -109.00    -116.7    0.313    0.5545E-01   6.439   1.287E-01   8.571E-04  -1.742E-02   0.000E+00   5.191E-05
   90  -110.00    -115.8    0.310    0.5572E-01   6.424   1.442E-01   8.571E-04  -1.761E-02   0.000E+00   5.191E-05
   89  -111.00    -114.9    0.310    0.5597E-01   6.410   1.442E-01   8.571E-04  -1.781E-02   0.000E+00   5.191E-05
   88  -112.00    -114.0    0.310    0.5622E-01   6.395   1.442E-01   8.571E-04  -1.800E-02   0.000E+00   5.191E-05
   87  -113.00    -113.2    0.311    0.5646E-01   6.381   1.442E-01   8.571E-04  -1.819E-02   0.000E+00   5.191E-05
   86  -114.00    -112.3    0.311    0.5670E-01   6.367   1.442E-01   8.571E-04  -1.838E-02   0.000E+00   5.191E-05
   85  -115.00    -111.4    0.312    0.5693E-01   6.353   1.442E-01   8.571E-04  -1.856E-02   0.000E+00   5.191E-05
   84  -116.00    -110.6    0.312    0.5716E-01   6.340   1.442E-01   8.571E-04  -1.875E-02   0.000E+00   5.191E-05
   83  -117.00    -109.7    0.313    0.5739E-01   6.326   1.442E-01   8.571E-04  -1.893E-02   0.000E+00   5.191E-05
   82  -118.00    -108.8    0.313    0.5761E-01   6.313   1.442E-01   8.571E-04  -1.911E-02   0.000E+00   5.191E-05
   81  -119.00    -108.0    0.313    0.5782E-01   6.300   1.442E-01   8.571E-04  -1.929E-02   0.000E+00   5.191E-05
   80  -120.00    -107.1    0.314    0.5803E-01   6.287   1.442E-01   8.571E-04  -1.946E-02   0.000E+00   5.191E-05
   79  -121.00    -106.2    0.314    0.5824E-01   6.274   1.442E-01   8.571E-04  -1.964E-02   0.000E+00   5.191E-05
   78  -122.00    -105.4    0.315    0.5844E-01   6.262   1.442E-01   8.571E-04  -1.981E-02   0.000E+00   5.191E-05
   77  -123.00    -104.5    0.315    0.5864E-01   6.249   1.442E-01   8.571E-04  -1.998E-02   0.000E+00   5.191E-05
   76  -124.00    -103.6    0.315    0.5884E-01   6.237   1.442E-01   8.571E-04  -2.015E-02   0.000E+00   5.191E-05
   75  -125.00    -102.8    0.316    0.5903E-01   6.225   1.442E-01   8.571E-04  -2.031E-02   0.000E+00   5.191E-05
   74  -126.00    -101.9    0.316    0.5922E-01   6.213   1.442E-01   8.571E-04  -2.047E-02   0.000E+00   5.191E-05
   73  -127.00    -101.1    0.317    0.5941E-01   6.202   1.442E-01   8.571E-04  -2.064E-02   0.000E+00   5.191E-05
   72  -128.00    -100.2    0.317    0.5960E-01   6.190   1.442E-01   8.571E-04  -2.081E-02   0.000E+00   5.191E-05
   71  -129.00     -99.4    0.318    0.5978E-01   6.179   1.442E-01   8.571E-04  -2.099E-02   0.000E+00   5.191E-05
   70  -130.00     -98.5    0.318    0.5996E-01   6.168   1.442E-01   8.571E-04  -2.118E-02   0.000E+00   5.191E-05
   69  -131.00     -97.6    0.318    0.6014E-01   6.157   1.442E-01   8.571E-04  -2.136E-02   0.000E+00   5.191E-05
   68  -132.00     -96.8    0.319    0.6032E-01   6.146   1.442E-01   8.571E-04  -2.153E-02   0.000E+00   5.191E-05
   67  -133.00     -95.9    0.319    0.6049E-01   6.135   1.442E-01   8.571E-04  -2.171E-02   0.000E+00   5.191E-05
   66  -134.00     -95.1    0.320    0.6067E-01   6.125   1.442E-01   8.571E-04  -2.188E-02   0.000E+00   5.191E-05
   65  -135.00     -94.2    0.320    0.6084E-01   6.114   1.442E-01   8.571E-04  -2.205E-02   0.000E+00   5.191E-05
   64  -136.00     -93.4    0.321    0.6102E-01   6.104   1.442E-01   8.571E-04  -2.222E-02   0.000E+00   5.191E-05
   63  -137.00     -92.6    0.321    0.6119E-01   6.094   1.442E-01   8.571E-04  -2.239E-02   0.000E+00   5.191E-05
   62  -138.00     -91.7    0.322    0.6136E-01   6.084   1.442E-01   8.571E-04  -2.255E-02   0.000E+00   5.191E-05
   61  -139.00     -90.9    0.322    0.6154E-01   6.074   1.442E-01   8.571E-04  -2.271E-02   0.000E+00   5.191E-05
   60  -140.00     -90.0    0.323    0.6171E-01   6.065   1.442E-01   8.571E-04  -2.286E-02   0.000E+00   5.191E-05
   59  -141.00     -89.2    0.323    0.6188E-01   6.056   1.442E-01   8.571E-04  -2.302E-02   0.000E+00   5.191E-05
   58  -142.00     -88.3    0.324    0.6206E-01   6.046   1.442E-01   8.571E-04  -2.317E-02   0.000E+00   5.191E-05
   57  -143.00     -87.5    0.324    0.6224E-01   6.037   1.442E-01   8.571E-04  -2.332E-02   0.000E+00   5.191E-05
   56  -144.00     -86.7    0.324    0.6241E-01   6.028   1.442E-01   8.571E-04  -2.347E-02   0.000E+00   5.191E-05
   55  -145.00     -85.8    0.325    0.6259E-01   6.020   1.442E-01   8.571E-04  -2.361E-02   0.000E+00   5.191E-05
   54  -146.00     -85.0    0.325    0.6278E-01   6.011   1.442E-01   8.571E-04  -2.375E-02   0.000E+00   5.191E-05
   53  -147.00     -84.2    0.326    0.6296E-01   6.003   1.442E-01   8.571E-04  -2.390E-02   0.000E+00   5.191E-05
   52  -148.00     -83.3    0.326    0.6315E-01   5.995   1.442E-01   8.571E-04  -2.406E-02   0.000E+00   5.191E-05
   51  -149.00     -82.5    0.327    0.6334E-01   5.986   1.442E-01   8.571E-04  -2.421E-02   0.000E+00   5.191E-05
   50  -150.00     -81.7    0.327    0.6353E-01   5.979   1.442E-01   8.571E-04  -2.436E-02   0.000E+00   5.191E-05
   49  -151.00     -80.8    0.328    0.6373E-01   5.971   1.442E-01   8.571E-04  -2.451E-02   0.000E+00   5.191E-05
   48  -152.00     -80.0    0.328    0.6393E-01   5.963   1.442E-01   8.571E-04  -2.466E-02   0.000E+00   5.191E-05
   47  -153.00     -79.2    0.329    0.6413E-01   5.956   1.442E-01   8.571E-04  -2.480E-02   0.000E+00   5.191E-05
   46  -154.00     -78.3    0.329    0.6434E-01   5.948   1.442E-01   8.571E-04  -2.494E-02   0.000E+00   5.191E-05
   45  -155.00     -77.5    0.330    0.6455E-01   5.941   1.442E-01   8.571E-04  -2.508E-02   0.000E+00   5.191E-05
   44  -156.00     -76.7    0.330    0.6476E-01   5.934   1.442E-01   8.571E-04  -2.521E-02   0.000E+00   5.191E-05
   43  -157.00     -75.9    0.331    0.6498E-01   5.928   1.442E-01   8.571E-04  -2.534E-02   0.000E+00   5.191E-05
   42  -158.00     -75.0    0.332    0.6521E-01   5.921   1.442E-01   8.571E-04  -2.547E-02   0.000E+00   5.191E-05
   41  -159.00     -74.2    0.332    0.6544E-01   5.914   1.442E-01   8.571E-04  -2.559E-02   0.000E+00   5.191E-05
   40  -160.00     -73.4    0.333    0.6567E-01   5.908   1.442E-01   8.571E-04  -2.571E-02   0.000E+00   5.191E-05
   39  -161.00     -72.6    0.333    0.6591E-01   5.902   1.442E-01   8.571E-04  -2.583E-02   0.000E+00   5.191E-05
   38  -162.00     -71.8    0.334    0.6615E-01   5.896   1.442E-01   8.571E-04  -2.596E-02   0.000E+00   5.191E-05
   37  -163.00     -70.9    0.334    0.6640E-01   5.890   1.442E-01   8.571E-04  -2.608E-02   0.000E+00   5.191E-05
   36  -164.00     -70.1    0.335    0.6665E-01   5.884   1.442E-01   8.571E-04  -2.620E-02   0.000E+00   5.191E-05
   35  -165.00     -69.3    0.335    0.6690E-01   5.879   1.442E-01   8.571E-04  -2.632E-02   0.000E+00   5.191E-05
   34  -166.00     -68.5    0.336    0.6716E-01   5.873   1.442E-01   8.571E-04  -2.644E-02   0.000E+00   5.191E-05
   33  -167.00     -67.7    0.336    0.6742E-01   5.868   1.442E-01   8.571E-04  -2.655E-02   0.000E+00   5.191E-05
   32  -168.00     -66.9    0.337    0.6768E-01   5.863   1.442E-01   8.571E-04  -2.666E-02   0.000E+00   5.191E-05
   31  -169.00     -66.0    0.337    0.6795E-01   5.858   1.442E-01   8.571E-04  -2.677E-02   0.000E+00   5.191E-05
   30  -170.00     -65.2    0.338    0.6821E-01   5.853   1.442E-01   8.571E-04  -2.687E-02   0.000E+00   5.191E-05
   29  -171.00     -64.4    0.339    0.6848E-01   5.849   1.442E-01   8.571E-04  -2.697E-02   0.000E+00   5.191E-05
   28  -172.00     -63.6    0.339    0.6875E-01   5.844   1.442E-01   8.571E-04  -2.707E-02   0.000E+00   5.191E-05
   27  -173.00     -62.8    0.340    0.6901E-01   5.840   1.442E-01   8.571E-04  -2.716E-02   0.000E+00   5.191E-05
   26  -174.00     -62.0    0.340    0.6927E-01   5.836   1.442E-01   8.571E-04  -2.725E-02   0.000E+00   5.191E-05
   25  -175.00     -61.2    0.341    0.6953E-01   5.832   1.442E-01   8.571E-04  -2.733E-02   0.000E+00   5.191E-05
   24  -176.00     -60.4    0.341    0.6978E-01   5.828   1.442E-01   8.571E-04  -2.742E-02   0.000E+00   5.191E-05
   23  -177.00     -59.5    0.342    0.7002E-01   5.825   1.442E-01   8.571E-04  -2.751E-02   0.000E+00   5.191E-05
   22  -178.00     -58.7    0.343    0.7025E-01   5.821   1.442E-01   8.571E-04  -2.759E-02   0.000E+00   5.191E-05
   21  -179.00     -57.9    0.343    0.7046E-01   5.818   1.442E-01   8.571E-04  -2.767E-02   0.000E+00   5.191E-05
   20  -180.00     -57.1    0.344    0.7066E-01   5.815   1.442E-01   8.571E-04  -2.774E-02   0.000E+00   5.191E-05
   19  -181.00     -56.3    0.344    0.7083E-01   5.812   1.442E-01   8.571E-04  -2.782E-02   0.000E+00   5.191E-05
   18  -182.00     -55.5    0.345    0.7098E-01   5.809   1.442E-01   8.571E-04  -2.788E-02   0.000E+00   5.191E-05
   17  -183.00     -54.7    0.346    0.7109E-01   5.806   1.442E-01   8.571E-04  -2.795E-02   0.000E+00   5.191E-05
   16  -184.00     -53.9    0.346    0.7117E-01   5.804   1.442E-01   8.571E-04  -2.801E-02   0.000E+00   5.191E-05
   15  -185.00     -53.1    0.347    0.7120E-01   5.802   1.442E-01   8.571E-04  -2.806E-02   0.000E+00   5.191E-05
   14  -186.00     -52.3    0.348    0.7117E-01   5.799   1.442E-01   8.571E-04  -2.812E-02   0.000E+00   5.191E-05
   13  -187.00     -51.5    0.348    0.7108E-01   5.797   1.442E-01   8.571E-04  -2.817E-02   0.000E+00   5.191E-05
   12  -188.00     -50.7    0.349    0.7091E-01   5.796   1.442E-01   8.571E-04  -2.821E-02   0.000E+00   5.191E-05
   11  -189.00     -49.9    0.349    0.7066E-01   5.794   1.442E-01   8.571E-04  -2.826E-02   0.000E+00   5.191E-05
   10  -190.00     -49.1    0.350    0.7030E-01   5.792   1.442E-01   8.571E-04  -2.830E-02   0.000E+00   5.191E-05
    9  -191.00     -48.3    0.351    0.6981E-01   5.791   1.442E-01   8.571E-04  -2.833E-02   0.000E+00   5.191E-05
    8  -192.00     -47.5    0.351    0.6919E-01   5.790   1.442E-01   8.571E-04  -2.837E-02   0.000E+00   5.191E-05
    7  -193.00     -46.7    0.352    0.6840E-01   5.789   1.442E-01   8.571E-04  -2.839E-02   0.000E+00   5.191E-05
    6  -194.00     -45.9    0.353    0.6742E-01   5.788   1.442E-01   8.571E-04  -2.842E-02   0.000E+00   5.191E-05
    5  -195.00     -45.0    0.353    0.6624E-01   5.787   1.442E-01   8.571E-04  -2.844E-02   0.000E+00   5.191E-05
    4  -196.00     -44.2    0.354    0.6483E-01   5.787   1.442E-01   8.571E-04  -2.845E-02   0.000E+00   5.191E-05
    3  -197.00     -43.4    0.355    0.6317E-01   5.787   1.442E-01   8.571E-04  -2.846E-02   0.000E+00   5.191E-05
    2  -198.00     -42.6    0.355    0.6123E-01   5.786   1.442E-01   8.571E-04  -2.847E-02   0.000E+00   5.191E-05
    1  -199.00     -41.8    0.356    0.5902E-01   5.786   1.442E-01   8.571E-04  -2.847E-02   0.000E+00   5.191E-05
#Time:    3120
  222     0.00    -200.5    0.289    0.3800E-03   0.815   2.848E-01   8.263E-04   5.570E-04   0.000E+00   4.618E-05
  221    -0.10    -200.4    0.289    0.4518E-03   0.826   2.848E-01   8.263E-04   5.438E-04   0.000E+00   4.618E-05
  220    -0.20    -200.3    0.289    0.5235E-03   0.845   2.848E-01   8.263E-04   5.174E-04   0.000E+00   4.618E-05
  219    -0.30    -200.2    0.289    0.5950E-03   0.865   2.848E-01   8.263E-04   4.910E-04   0.000E+00   4.618E-05
  218    -0.40    -200.1    0.290    0.6663E-03   0.885   2.848E-01   8.263E-04   4.645E-04   0.000E+00   4.618E-05
  217    -0.50    -200.0    0.290    0.7373E-03   0.904   2.848E-01   8.263E-04   4.380E-04   0.000E+00   4.618E-05
  216    -0.60    -199.9    0.290    0.8080E-03   0.923   2.848E-01   8.263E-04   4.115E-04   0.000E+00   4.618E-05
  215    -0.70    -199.8    0.290    0.8785E-03   0.941   2.848E-01   8.263E-04   3.849E-04   0.000E+00   4.618E-05
  214    -0.80    -199.7    0.290    0.9488E-03   0.958   2.848E-01   8.263E-04   3.583E-04   0.000E+00   4.618E-05
  213    -0.90    -199.6    0.290    0.1019E-02   0.976   2.848E-01   8.263E-04   3.316E-04   0.000E+00   4.618E-05
  212    -1.00    -199.5    0.290    0.1089E-02   0.993   2.848E-01   8.263E-04   2.916E-04   0.000E+00   4.618E-05
  211    -1.20    -199.3    0.290    0.1228E-02   1.029   2.848E-01   8.263E-04   2.514E-04   0.000E+00   4.618E-05
  210    -1.40    -199.1    0.290    0.1365E-02   1.064   2.848E-01   8.263E-04   1.977E-04   0.000E+00   4.618E-05
  209    -1.60    -198.9    0.290    0.1502E-02   1.099   2.848E-01   8.263E-04   1.439E-04   0.000E+00   4.618E-05
  208    -1.80    -198.7    0.290    0.1638E-02   1.134   2.848E-01   8.263E-04   8.986E-05   0.000E+00   4.618E-05
  207    -2.00    -198.5    0.290    0.1773E-02   1.169   2.848E-01   8.263E-04   3.569E-05   0.000E+00   4.618E-05
  206    -2.20    -198.3    0.290    0.1907E-02   1.204   2.848E-01   8.263E-04  -1.864E-05   0.000E+00   4.618E-05
  205    -2.40    -198.1    0.290    0.2040E-02   1.239   2.848E-01   8.263E-04  -7.313E-05   0.000E+00   4.618E-05
  204    -2.60    -197.9    0.290    0.2172E-02   1.274   2.848E-01   8.263E-04  -1.278E-04   0.000E+00   4.618E-05
  203    -2.80    -197.7    0.290    0.2303E-02   1.308   2.848E-01   8.263E-04  -1.826E-04   0.000E+00   4.618E-05
  202    -3.00    -197.5    0.290    0.2433E-02   1.343   2.848E-01   8.263E-04  -2.789E-04   0.000E+00   4.618E-05
  201    -3.50    -197.0    0.290    0.2752E-02   1.428   2.848E-01   8.263E-04  -3.758E-04   0.000E+00   4.618E-05
  200    -4.00    -196.5    0.291    0.3066E-02   1.512   2.848E-01   8.263E-04  -5.149E-04   0.000E+00   4.618E-05
  199    -4.50    -196.0    0.291    0.3372E-02   1.594   2.848E-01   8.263E-04  -6.548E-04   0.000E+00   4.618E-05
  198    -5.00    -195.5    0.291    0.3672E-02   1.675   2.848E-01   8.263E-04  -8.051E-04   0.000E+00   4.618E-05
  197    -5.50    -195.0    0.291    0.3964E-02   1.755   2.848E-01   8.263E-04  -9.657E-04   0.000E+00   4.618E-05
  196    -6.00    -194.5    0.291    0.4250E-02   1.832   2.848E-01   8.263E-04  -1.127E-03   0.000E+00   4.618E-05
  195    -6.50    -194.0    0.291    0.4529E-02   1.909   2.848E-01   8.263E-04  -1.289E-03   0.000E+00   4.618E-05
  194    -7.00    -193.5    0.292    0.4800E-02   1.983   2.848E-01   8.263E-04  -1.452E-03   0.000E+00   4.618E-05
  193    -7.50    -193.0    0.292    0.5064E-02   2.055   2.848E-01   8.263E-04  -1.615E-03   0.000E+00   4.618E-05
  192    -8.00    -192.5    0.292    0.5320E-02   2.126   2.848E-01   8.263E-04  -1.861E-03   0.000E+00   4.618E-05
  191    -9.00    -191.5    0.292    0.5810E-02   2.261   2.848E-01   8.263E-04  -2.108E-03   0.000E+00   4.618E-05
  190   -10.00    -190.5    0.293    0.6273E-02   2.389   2.848E-01   8.263E-04  -2.440E-03   0.000E+00   4.618E-05
  189   -11.00    -189.5    0.293    0.6725E-02   2.509   2.848E-01   8.263E-04  -2.773E-03   0.000E+00   4.618E-05
  188   -12.00    -188.5    0.293    0.7171E-02   2.623   2.848E-01   8.263E-04  -3.108E-03   0.000E+00   4.618E-05
  187   -13.00    -187.5    0.294    0.7610E-02   2.729   2.848E-01   8.263E-04  -3.445E-03   0.000E+00   4.618E-05
  186   -14.00    -186.6    0.294    0.8042E-02   2.829   2.848E-01   8.263E-04  -3.784E-03   0.000E+00   4.618E-05
  185   -15.00    -185.6    0.294    0.8468E-02   2.923   2.848E-01   8.263E-04  -4.123E-03   0.000E+00   4.618E-05
  184   -16.00    -184.6    0.295    0.8886E-02   3.011   2.848E-01   8.263E-04  -4.464E-03   0.000E+00   4.618E-05
  183   -17.00    -183.6    0.295    0.9296E-02   3.093   2.848E-01   8.263E-04  -4.807E-03   0.000E+00   4.618E-05
  182   -18.00    -182.6    0.296    0.9699E-02   3.171   2.848E-01   8.263E-04  -5.150E-03   0.000E+00   4.618E-05
  181   -19.00    -181.6    0.296    0.1010E-01   3.244   2.848E-01   8.263E-04  -5.495E-03   0.000E+00   4.618E-05
  180   -20.00    -180.7    0.296    0.1048E-01   3.312   2.848E-01   8.263E-04  -5.841E-03   0.000E+00   4.618E-05
  179   -21.00    -179.7    0.297    0.1086E-01   3.377   2.848E-01   8.263E-04  -6.187E-03   0.000E+00   4.618E-05
  178   -22.00    -178.7    0.297    0.1124E-01   3.437   2.848E-01   8.263E-04  -6.535E-03   0.000E+00   4.618E-05
  177   -23.00    -177.7    0.297    0.1160E-01   3.495   2.848E-01   8.263E-04  -6.883E-03   0.000E+00   4.618E-05
  176   -24.00    -176.7    0.298    0.1196E-01   3.549   2.848E-01   8.263E-04  -7.233E-03   0.000E+00   4.618E-05
  175   -25.00    -175.8    0.298    0.1231E-01   3.601   2.848E-01   8.263E-04  -7.583E-03   0.000E+00   4.618E-05
  174   -26.00    -174.8    0.298    0.1265E-01   3.650   2.848E-01   8.263E-04  -7.934E-03   0.000E+00   4.618E-05
  173   -27.00    -173.8    0.299    0.1299E-01   3.697   2.848E-01   8.263E-04  -8.285E-03   0.000E+00   4.618E-05
  172   -28.00    -172.9    0.299    0.1332E-01   3.742   2.848E-01   8.263E-04  -8.637E-03   0.000E+00   4.618E-05
  171   -29.00    -171.9    0.299    0.1364E-01   3.785   2.848E-01   8.263E-04  -8.990E-03   0.000E+00   4.618E-05
  170   -30.00    -170.9    0.294    0.1398E-01   3.827   2.175E-01   8.263E-04  -9.335E-03   0.000E+00   4.618E-05
  169   -31.00    -170.0    0.294    0.1436E-01   3.867   2.175E-01   8.263E-04  -9.673E-03   0.000E+00   4.618E-05
  168   -32.00    -169.0    0.295    0.1472E-01   3.906   2.175E-01   8.263E-04  -1.001E-02   0.000E+00   4.618E-05
  167   -33.00    -168.1    0.295    0.1508E-01   3.944   2.175E-01   8.263E-04  -1.035E-02   0.000E+00   4.618E-05
  166   -34.00    -167.1    0.295    0.1544E-01   3.980   2.175E-01   8.263E-04  -1.069E-02   0.000E+00   4.618E-05
  165   -35.00    -166.2    0.296    0.1578E-01   4.016   2.175E-01   8.263E-04  -1.103E-02   0.000E+00   4.618E-05
  164   -36.00    -165.2    0.296    0.1612E-01   4.050   2.175E-01   8.263E-04  -1.139E-02   0.000E+00   4.618E-05
  163   -37.00    -164.3    0.296    0.1645E-01   4.084   2.175E-01   8.263E-04  -1.177E-02   0.000E+00   4.618E-05
  162   -38.00    -163.3    0.297    0.1678E-01   4.116   2.175E-01   8.263E-04  -1.215E-02   0.000E+00   4.618E-05
  161   -39.00    -162.4    0.297    0.1710E-01   4.148   2.175E-01   8.263E-04  -1.254E-02   0.000E+00   4.618E-05
  160   -40.00    -161.4    0.297    0.1741E-01   4.178   2.175E-01   8.263E-04  -1.292E-02   0.000E+00   4.618E-05
  159   -41.00    -160.5    0.298    0.1772E-01   4.208   2.175E-01   8.263E-04  -1.330E-02   0.000E+00   4.618E-05
  158   -42.00    -159.6    0.298    0.1802E-01   4.237   2.175E-01   8.263E-04  -1.369E-02   0.000E+00   4.618E-05
  157   -43.00    -158.6    0.299    0.1831E-01   4.265   2.175E-01   8.263E-04  -1.407E-02   0.000E+00   4.618E-05
  156   -44.00    -157.7    0.299    0.1860E-01   4.293   2.175E-01   8.263E-04  -1.446E-02   0.000E+00   4.618E-05
  155   -45.00    -156.8    0.298    0.1895E-01   4.319   1.287E-01   8.263E-04  -1.481E-02   0.000E+00   4.618E-05
  154   -46.00    -155.9    0.298    0.1941E-01   4.345   1.287E-01   8.263E-04  -1.515E-02   0.000E+00   4.618E-05
  153   -47.00    -155.0    0.298    0.1988E-01   4.369   1.287E-01   8.263E-04  -1.548E-02   0.000E+00   4.618E-05
  152   -48.00    -154.1    0.299    0.2035E-01   4.393   1.287E-01   8.263E-04  -1.582E-02   0.000E+00   4.618E-05
  151   -49.00    -153.3    0.299    0.2081E-01   4.416   1.287E-01   8.263E-04  -1.615E-02   0.000E+00   4.618E-05
  150   -50.00    -152.4    0.299    0.2128E-01   4.438   1.287E-01   8.263E-04  -1.648E-02   0.000E+00   4.618E-05
  149   -51.00    -151.5    0.300    0.2175E-01   4.459   1.287E-01   8.263E-04  -1.682E-02   0.000E+00   4.618E-05
  148   -52.00    -150.6    0.300    0.2221E-01   4.479   1.287E-01   8.263E-04  -1.715E-02   0.000E+00   4.618E-05
  147   -53.00    -149.8    0.300    0.2268E-01   4.498   1.287E-01   8.263E-04  -1.749E-02   0.000E+00   4.618E-05
  146   -54.00    -148.9    0.301    0.2315E-01   4.516   1.287E-01   8.263E-04  -1.782E-02   0.000E+00   4.618E-05
  145   -55.00    -148.1    0.301    0.2362E-01   4.533   1.287E-01   8.263E-04  -1.815E-02   0.000E+00   4.618E-05
  144   -56.00    -147.2    0.301    0.2409E-01   4.549   1.287E-01   8.263E-04  -1.849E-02   0.000E+00   4.618E-05
  143   -57.00    -146.3    0.301    0.2456E-01   4.565   1.287E-01   8.263E-04  -1.882E-02   0.000E+00   4.618E-05
  142   -58.00    -145.5    0.302    0.2503E-01   4.579   1.287E-01   8.263E-04  -1.915E-02   0.000E+00   4.618E-05
  141   -59.00    -144.6    0.302    0.2550E-01   4.592   1.287E-01   8.263E-04  -1.948E-02   0.000E+00   4.618E-05
  140   -60.00    -143.8    0.302    0.2597E-01   4.605   1.287E-01   8.263E-04  -1.982E-02   0.000E+00   4.618E-05
  139   -61.00    -142.9    0.303    0.2644E-01   4.617   1.287E-01   8.263E-04  -2.015E-02   0.000E+00   4.618E-05
  138   -62.00    -142.1    0.303    0.2691E-01   4.628   1.287E-01   8.263E-04  -2.048E-02   0.000E+00   4.618E-05
  137   -63.00    -141.3    0.303    0.2738E-01   4.638   1.287E-01   8.263E-04  -2.081E-02   0.000E+00   4.618E-05
  136   -64.00    -140.4    0.304    0.2786E-01   4.647   1.287E-01   8.263E-04  -2.113E-02   0.000E+00   4.618E-05
  135   -65.00    -139.6    0.304    0.2833E-01   4.656   1.287E-01   8.263E-04  -2.148E-02   0.000E+00   4.618E-05
  134   -66.00    -138.8    0.304    0.2880E-01   4.664   1.287E-01   8.263E-04  -2.184E-02   0.000E+00   4.618E-05
  133   -67.00    -137.9    0.305    0.2928E-01   4.671   1.287E-01   8.263E-04  -2.220E-02   0.000E+00   4.618E-05
  132   -68.00    -137.1    0.305    0.2975E-01   4.677   1.287E-01   8.263E-04  -2.255E-02   0.000E+00   4.618E-05
  131   -69.00    -136.3    0.305    0.3023E-01   4.683   1.287E-01   8.263E-04  -2.291E-02   0.000E+00   4.618E-05
  130   -70.00    -135.5    0.306    0.3071E-01   4.688   1.287E-01   8.263E-04  -2.327E-02   0.000E+00   4.618E-05
  129   -71.00    -134.6    0.306    0.3119E-01   4.693   1.287E-01   8.263E-04  -2.363E-02   0.000E+00   4.618E-05
  128   -72.00    -133.8    0.306    0.3167E-01   4.697   1.287E-01   8.263E-04  -2.398E-02   0.000E+00   4.618E-05
  127   -73.00    -133.0    0.307    0.3215E-01   4.700   1.287E-01   8.263E-04  -2.434E-02   0.000E+00   4.618E-05
  126   -74.00    -132.2    0.307    0.3263E-01   4.703   1.287E-01   8.263E-04  -2.469E-02   0.000E+00   4.618E-05
  125   -75.00    -131.4    0.307    0.3312E-01   4.706   1.287E-01   8.263E-04  -2.505E-02   0.000E+00   4.618E-05
  124   -76.00    -130.6    0.308    0.3360E-01   4.708   1.287E-01   8.263E-04  -2.540E-02   0.000E+00   4.618E-05
  123   -77.00    -129.8    0.308    0.3409E-01   4.709   1.287E-01   8.263E-04  -2.575E-02   0.000E+00   4.618E-05
  122   -78.00    -129.0    0.308    0.3458E-01   4.710   1.287E-01   8.263E-04  -2.611E-02   0.000E+00   4.618E-05
  121   -79.00    -128.2    0.309    0.3506E-01   4.711   1.287E-01   8.263E-04  -2.646E-02   0.000E+00   4.618E-05
  120   -80.00    -127.4    0.309    0.3555E-01   4.711   1.287E-01   8.263E-04  -2.681E-02   0.000E+00   4.618E-05
  119   -81.00    -126.6    0.309    0.3604E-01   4.711   1.287E-01   8.263E-04  -2.715E-02   0.000E+00   4.618E-05
  118   -82.00    -125.8    0.310    0.3654E-01   4.711   1.287E-01   8.263E-04  -2.750E-02   0.000E+00   4.618E-05
  117   -83.00    -125.0    0.310    0.3703E-01   4.711   1.287E-01   8.263E-04  -2.785E-02   0.000E+00   4.618E-05
  116   -84.00    -124.3    0.310    0.3752E-01   4.710   1.287E-01   8.263E-04  -2.819E-02   0.000E+00   4.618E-05
  115   -85.00    -123.5    0.311    0.3802E-01   4.709   1.287E-01   8.263E-04  -2.854E-02   0.000E+00   4.618E-05
  114   -86.00    -122.7    0.311    0.3851E-01   4.707   1.287E-01   8.263E-04  -2.888E-02   0.000E+00   4.618E-05
  113   -87.00    -121.9    0.311    0.3901E-01   4.706   1.287E-01   8.263E-04  -2.922E-02   0.000E+00   4.618E-05
  112   -88.00    -121.2    0.311    0.3951E-01   4.704   1.287E-01   8.263E-04  -2.956E-02   0.000E+00   4.618E-05
  111   -89.00    -120.4    0.312    0.4001E-01   4.702   1.287E-01   8.263E-04  -2.990E-02   0.000E+00   4.618E-05
  110   -90.00    -119.6    0.312    0.4050E-01   4.700   1.287E-01   8.263E-04  -3.023E-02   0.000E+00   4.618E-05
  109   -91.00    -118.9    0.312    0.4101E-01   4.698   1.287E-01   8.263E-04  -3.057E-02   0.000E+00   4.618E-05
  108   -92.00    -118.1    0.313    0.4151E-01   4.695   1.287E-01   8.263E-04  -3.091E-02   0.000E+00   4.618E-05
  107   -93.00    -117.3    0.313    0.4201E-01   4.693   1.287E-01   8.263E-04  -3.127E-02   0.000E+00   4.618E-05
  106   -94.00    -116.6    0.313    0.4252E-01   4.690   1.287E-01   8.263E-04  -3.162E-02   0.000E+00   4.618E-05
  105   -95.00    -115.8    0.314    0.4302E-01   4.688   1.287E-01   8.263E-04  -3.197E-02   0.000E+00   4.618E-05
  104   -96.00    -115.1    0.314    0.4353E-01   4.685   1.287E-01   8.263E-04  -3.232E-02   0.000E+00   4.618E-05
  103   -97.00    -114.3    0.315    0.4404E-01   4.682   1.287E-01   8.263E-04  -3.267E-02   0.000E+00   4.618E-05
  102   -98.00    -113.6    0.315    0.4455E-01   4.679   1.287E-01   8.263E-04  -3.302E-02   0.000E+00   4.618E-05
  101   -99.00    -112.8    0.315    0.4506E-01   4.676   1.287E-01   8.263E-04  -3.336E-02   0.000E+00   4.618E-05
  100  -100.00    -112.1    0.316    0.4557E-01   4.674   1.287E-01   8.263E-04  -3.371E-02   0.000E+00   4.618E-05
   99  -101.00    -111.4    0.316    0.4609E-01   4.671   1.287E-01   8.263E-04  -3.405E-02   0.000E+00   4.618E-05
   98  -102.00    -110.6    0.316    0.4660E-01   4.668   1.287E-01   8.263E-04  -3.439E-02   0.000E+00   4.618E-05
   97  -103.00    -109.9    0.317    0.4712E-01   4.665   1.287E-01   8.263E-04  -3.473E-02   0.000E+00   4.618E-05
   96  -104.00    -109.2    0.317    0.4764E-01   4.662   1.287E-01   8.263E-04  -3.507E-02   0.000E+00   4.618E-05
   95  -105.00    -108.5    0.317    0.4816E-01   4.659   1.287E-01   8.263E-04  -3.541E-02   0.000E+00   4.618E-05
   94  -106.00    -107.7    0.318    0.4868E-01   4.656   1.287E-01   8.263E-04  -3.574E-02   0.000E+00   4.618E-05
   93  -107.00    -107.0    0.318    0.4920E-01   4.653   1.287E-01   8.263E-04  -3.608E-02   0.000E+00   4.618E-05
   92  -108.00    -106.3    0.318    0.4973E-01   4.650   1.287E-01   8.263E-04  -3.641E-02   0.000E+00   4.618E-05
   91  -109.00    -105.6    0.319    0.5025E-01   4.648   1.287E-01   8.263E-04  -3.674E-02   0.000E+00   4.618E-05
   90  -110.00    -104.8    0.315    0.5076E-01   4.645   1.442E-01   8.263E-04  -3.706E-02   0.000E+00   4.618E-05
   89  -111.00    -104.1    0.315    0.5124E-01   4.642   1.442E-01   8.263E-04  -3.739E-02   0.000E+00   4.618E-05
   88  -112.00    -103.4    0.316    0.5172E-01   4.639   1.442E-01   8.263E-04  -3.772E-02   0.000E+00   4.618E-05
   87  -113.00    -102.6    0.316    0.5220E-01   4.637   1.442E-01   8.263E-04  -3.804E-02   0.000E+00   4.618E-05
   86  -114.00    -101.9    0.316    0.5268E-01   4.634   1.442E-01   8.263E-04  -3.837E-02   0.000E+00   4.618E-05
   85  -115.00    -101.2    0.317    0.5316E-01   4.632   1.442E-01   8.263E-04  -3.869E-02   0.000E+00   4.618E-05
   84  -116.00    -100.4    0.317    0.5364E-01   4.630   1.442E-01   8.263E-04  -3.900E-02   0.000E+00   4.618E-05
   83  -117.00     -99.7    0.317    0.5412E-01   4.627   1.442E-01   8.263E-04  -3.933E-02   0.000E+00   4.618E-05
   82  -118.00     -99.0    0.318    0.5460E-01   4.625   1.442E-01   8.263E-04  -3.966E-02   0.000E+00   4.618E-05
   81  -119.00     -98.2    0.318    0.5508E-01   4.623   1.442E-01   8.263E-04  -3.998E-02   0.000E+00   4.618E-05
   80  -120.00     -97.5    0.319    0.5556E-01   4.621   1.442E-01   8.263E-04  -4.031E-02   0.000E+00   4.618E-05
   79  -121.00     -96.8    0.319    0.5604E-01   4.619   1.442E-01   8.263E-04  -4.063E-02   0.000E+00   4.618E-05
   78  -122.00     -96.1    0.319    0.5652E-01   4.618   1.442E-01   8.263E-04  -4.095E-02   0.000E+00   4.618E-05
   77  -123.00     -95.4    0.320    0.5699E-01   4.616   1.442E-01   8.263E-04  -4.127E-02   0.000E+00   4.618E-05
   76  -124.00     -94.7    0.320    0.5747E-01   4.614   1.442E-01   8.263E-04  -4.158E-02   0.000E+00   4.618E-05
   75  -125.00     -94.0    0.321    0.5795E-01   4.613   1.442E-01   8.263E-04  -4.190E-02   0.000E+00   4.618E-05
   74  -126.00     -93.2    0.321    0.5842E-01   4.611   1.442E-01   8.263E-04  -4.221E-02   0.000E+00   4.618E-05
   73  -127.00     -92.5    0.321    0.5890E-01   4.610   1.442E-01   8.263E-04  -4.252E-02   0.000E+00   4.618E-05
   72  -128.00     -91.8    0.322    0.5937E-01   4.609   1.442E-01   8.263E-04  -4.283E-02   0.000E+00   4.618E-05
   71  -129.00     -91.1    0.322    0.5985E-01   4.608   1.442E-01   8.263E-04  -4.313E-02   0.000E+00   4.618E-05
   70  -130.00     -90.4    0.322    0.6032E-01   4.607   1.442E-01   8.263E-04  -4.344E-02   0.000E+00   4.618E-05
   69  -131.00     -89.7    0.323    0.6079E-01   4.606   1.442E-01   8.263E-04  -4.374E-02   0.000E+00   4.618E-05
   68  -132.00     -89.0    0.323    0.6126E-01   4.605   1.442E-01   8.263E-04  -4.404E-02   0.000E+00   4.618E-05
   67  -133.00     -88.3    0.324    0.6173E-01   4.604   1.442E-01   8.263E-04  -4.433E-02   0.000E+00   4.618E-05
   66  -134.00     -87.7    0.324    0.6220E-01   4.604   1.442E-01   8.263E-04  -4.463E-02   0.000E+00   4.618E-05
   65  -135.00     -87.0    0.324    0.6267E-01   4.603   1.442E-01   8.263E-04  -4.492E-02   0.000E+00   4.618E-05
   64  -136.00     -86.3    0.325    0.6314E-01   4.603   1.442E-01   8.263E-04  -4.521E-02   0.000E+00   4.618E-05
   63  -137.00     -85.6    0.325    0.6360E-01   4.602   1.442E-01   8.263E-04  -4.549E-02   0.000E+00   4.618E-05
   62  -138.00     -84.9    0.325    0.6407E-01   4.602   1.442E-01   8.263E-04  -4.578E-02   0.000E+00   4.618E-05
   61  -139.00     -84.2    0.326    0.6453E-01   4.602   1.442E-01   8.263E-04  -4.606E-02   0.000E+00   4.618E-05
   60  -140.00     -83.5    0.326    0.6500E-01   4.602   1.442E-01   8.263E-04  -4.635E-02   0.000E+00   4.618E-05
   59  -141.00     -82.9    0.327    0.6546E-01   4.602   1.442E-01   8.263E-04  -4.663E-02   0.000E+00   4.618E-05
   58  -142.00     -82.2    0.327    0.6592E-01   4.602   1.442E-01   8.263E-04  -4.691E-02   0.000E+00   4.618E-05
   57  -143.00     -81.5    0.328    0.6638E-01   4.602   1.442E-01   8.263E-04  -4.719E-02   0.000E+00   4.618E-05
   56  -144.00     -80.8    0.328    0.6685E-01   4.602   1.442E-01   8.263E-04  -4.746E-02   0.000E+00   4.618E-05
   55  -145.00     -80.2    0.328    0.6730E-01   4.603   1.442E-01   8.263E-04  -4.773E-02   0.000E+00   4.618E-05
   54  -146.00     -79.5    0.329    0.6776E-01   4.603   1.442E-01   8.263E-04  -4.800E-02   0.000E+00   4.618E-05
   53  -147.00     -78.8    0.329    0.6822E-01   4.604   1.442E-01   8.263E-04  -4.826E-02   0.000E+00   4.618E-05
   52  -148.00     -78.2    0.330    0.6868E-01   4.604   1.442E-01   8.263E-04  -4.852E-02   0.000E+00   4.618E-05
   51  -149.00     -77.5    0.330    0.6913E-01   4.605   1.442E-01   8.263E-04  -4.878E-02   0.000E+00   4.618E-05
   50  -150.00     -76.9    0.330    0.6958E-01   4.606   1.442E-01   8.263E-04  -4.903E-02   0.000E+00   4.618E-05
   49  -151.00     -76.2    0.331    0.7003E-01   4.606   1.442E-01   8.263E-04  -4.928E-02   0.000E+00   4.618E-05
   48  -152.00     -75.5    0.331    0.7048E-01   4.607   1.442E-01   8.263E-04  -4.952E-02   0.000E+00   4.618E-05
   47  -153.00     -74.9    0.332    0.7093E-01   4.608   1.442E-01   8.263E-04  -4.977E-02   0.000E+00   4.618E-05
   46  -154.00     -74.2    0.332    0.7137E-01   4.609   1.442E-01   8.263E-04  -5.000E-02   0.000E+00   4.618E-05
   45  -155.00     -73.6    0.332    0.7181E-01   4.610   1.442E-01   8.263E-04  -5.024E-02   0.000E+00   4.618E-05
   44  -156.00     -72.9    0.333    0.7225E-01   4.611   1.442E-01   8.263E-04  -5.047E-02   0.000E+00   4.618E-05
   43  -157.00     -72.3    0.333    0.7269E-01   4.612   1.442E-01   8.263E-04  -5.069E-02   0.000E+00   4.618E-05
   42  -158.00     -71.6    0.334    0.7312E-01   4.613   1.442E-01   8.263E-04  -5.092E-02   0.000E+00   4.618E-05
   41  -159.00     -71.0    0.334    0.7356E-01   4.614   1.442E-01   8.263E-04  -5.114E-02   0.000E+00   4.618E-05
   40  -160.00     -70.3    0.335    0.7398E-01   4.615   1.442E-01   8.263E-04  -5.136E-02   0.000E+00   4.618E-05
   39  -161.00     -69.7    0.335    0.7441E-01   4.616   1.442E-01   8.263E-04  -5.158E-02   0.000E+00   4.618E-05
   38  -162.00     -69.1    0.335    0.7483E-01   4.617   1.442E-01   8.263E-04  -5.179E-02   0.000E+00   4.618E-05
   37  -163.00     -68.4    0.336    0.7525E-01   4.619   1.442E-01   8.263E-04  -5.200E-02   0.000E+00   4.618E-05
   36  -164.00     -67.8    0.336    0.7566E-01   4.620   1.442E-01   8.263E-04  -5.220E-02   0.000E+00   4.618E-05
   35  -165.00     -67.1    0.337    0.7607E-01   4.621   1.442E-01   8.263E-04  -5.240E-02   0.000E+00   4.618E-05
   34  -166.00     -66.5    0.337    0.7647E-01   4.622   1.442E-01   8.263E-04  -5.260E-02   0.000E+00   4.618E-05
   33  -167.00     -65.9    0.338    0.7687E-01   4.623   1.442E-01   8.263E-04  -5.279E-02   0.000E+00   4.618E-05
   32  -168.00     -65.2    0.338    0.7726E-01   4.625   1.442E-01   8.263E-04  -5.297E-02   0.000E+00   4.618E-05
   31  -169.00     -64.6    0.338    0.7764E-01   4.626   1.442E-01   8.263E-04  -5.315E-02   0.000E+00   4.618E-05
   30  -170.00     -64.0    0.339    0.7801E-01   4.627   1.442E-01   8.263E-04  -5.333E-02   0.000E+00   4.618E-05
   29  -171.00     -63.3    0.339    0.7838E-01   4.628   1.442E-01   8.263E-04  -5.350E-02   0.000E+00   4.618E-05
   28  -172.00     -62.7    0.340    0.7873E-01   4.630   1.442E-01   8.263E-04  -5.366E-02   0.000E+00   4.618E-05
   27  -173.00     -62.1    0.340    0.7907E-01   4.631   1.442E-01   8.263E-04  -5.382E-02   0.000E+00   4.618E-05
   26  -174.00     -61.5    0.341    0.7940E-01   4.632   1.442E-01   8.263E-04  -5.398E-02   0.000E+00   4.618E-05
   25  -175.00     -60.8    0.341    0.7971E-01   4.633   1.442E-01   8.263E-04  -5.413E-02   0.000E+00   4.618E-05
   24  -176.00     -60.2    0.342    0.8001E-01   4.634   1.442E-01   8.263E-04  -5.428E-02   0.000E+00   4.618E-05
   23  -177.00     -59.6    0.342    0.8029E-01   4.635   1.442E-01   8.263E-04  -5.442E-02   0.000E+00   4.618E-05
   22  -178.00     -59.0    0.342    0.8055E-01   4.636   1.442E-01   8.263E-04  -5.456E-02   0.000E+00   4.618E-05
   21  -179.00     -58.3    0.343    0.8078E-01   4.637   1.442E-01   8.263E-04  -5.469E-02   0.000E+00   4.618E-05
   20  -180.00     -57.7    0.343    0.8098E-01   4.638   1.442E-01   8.263E-04  -5.482E-02   0.000E+00   4.618E-05
   19  -181.00     -57.1    0.344    0.8115E-01   4.639   1.442E-01   8.263E-04  -5.494E-02   0.000E+00   4.618E-05
   18  -182.00     -56.5    0.344    0.8128E-01   4.640   1.442E-01   8.263E-04  -5.506E-02   0.000E+00   4.618E-05
   17  -183.00     -55.9    0.345    0.8136E-01   4.641   1.442E-01   8.263E-04  -5.517E-02   0.000E+00   4.618E-05
   16  -184.00     -55.2    0.345    0.8139E-01   4.642   1.442E-01   8.263E-04  -5.527E-02   0.000E+00   4.618E-05
   15  -185.00     -54.6    0.346    0.8135E-01   4.643   1.442E-01   8.263E-04  -5.537E-02   0.000E+00   4.618E-05
   14  -186.00     -54.0    0.346    0.8124E-01   4.644   1.442E-01   8.263E-04  -5.546E-02   0.000E+00   4.618E-05
   13  -187.00     -53.4    0.347    0.8103E-01   4.644   1.442E-01   8.263E-04  -5.555E-02   0.000E+00   4.618E-05
   12  -188.00     -52.8    0.347    0.8072E-01   4.645   1.442E-01   8.263E-04  -5.563E-02   0.000E+00   4.618E-05
   11  -189.00     -52.2    0.348    0.8028E-01   4.645   1.442E-01   8.263E-04  -5.570E-02   0.000E+00   4.618E-05
   10  -190.00     -51.6    0.348    0.7969E-01   4.646   1.442E-01   8.263E-04  -5.577E-02   0.000E+00   4.618E-05
    9  -191.00     -50.9    0.349    0.7892E-01   4.647   1.442E-01   8.263E-04  -5.583E-02   0.000E+00   4.618E-05
    8  -192.00     -50.3    0.349    0.7794E-01   4.647   1.442E-01   8.263E-04  -5.589E-02   0.000E+00   4.618E-05
    7  -193.00     -49.7    0.350    0.7671E-01   4.647   1.442E-01   8.263E-04  -5.594E-02   0.000E+00   4.618E-05
    6  -194.00     -49.1    0.350    0.7518E-01   4.648   1.442E-01   8.263E-04  -5.598E-02   0.000E+00   4.618E-05
    5  -195.00     -48.5    0.351    0.7331E-01   4.648   1.442E-01   8.263E-04  -5.602E-02   0.000E+00   4.618E-05
    4  -196.00     -47.9    0.351    0.7104E-01   4.648   1.442E-01   8.263E-04  -5.604E-02   0.000E+00   4.618E-05
    3  -197.00     -47.3    0.352    0.6831E-01   4.648   1.442E-01   8.263E-04  -5.606E-02   0.000E+00   4.618E-05
    2  -198.00     -46.7    0.352    0.6505E-01   4.648   1.442E-01   8.263E-04  -5.608E-02   0.000E+00   4.618E-05
    1  -199.00     -46.1    0.353    0.6120E-01   4.648   1.442E-01   8.263E-04  -5.608E-02   0.000E+00   4.618E-05
#Time:    3121
  222     0.00    -201.4    0.289    0.3800E-03   0.650   2.848E-01   8.262E-04   4.663E-04   0.000E+00   4.617E-05
  221    -0.10    -201.3    0.289    0.4508E-03   0.661   2.848E-01   8.262E-04   4.533E-04   0.000E+00   4.617E-05
  220    -0.20    -201.2    0.289    0.5214E-03   0.681   2.848E-01   8.262E-04   4.273E-04   0.000E+00   4.617E-05
  219    -0.30    -201.1    0.289    0.5918E-03   0.701   2.848E-01   8.262E-04   4.013E-04   0.000E+00   4.617E-05
  218    -0.40    -201.0    0.289    0.6619E-03   0.721   2.848E-01   8.262E-04   3.753E-04   0.000E+00   4.617E-05
  217    -0.50    -200.9    0.289    0.7318E-03   0.740   2.848E-01   8.262E-04   3.492E-04   0.000E+00   4.617E-05
  216    -0.60    -200.8    0.289    0.8015E-03   0.759   2.848E-01   8.262E-04   3.231E-04   0.000E+00   4.617E-05
  215    -0.70    -200.7    0.289    0.8710E-03   0.777   2.848E-01   8.262E-04   2.969E-04   0.000E+00   4.617E-05
  214    -0.80    -200.6    0.289    0.9402E-03   0.795   2.848E-01   8.262E-04   2.708E-04   0.000E+00   4.617E-05
  213    -0.90    -200.5    0.289    0.1009E-02   0.813   2.848E-01   8.262E-04   2.446E-04   0.000E+00   4.617E-05
  212    -1.00    -200.4    0.289    0.1078E-02   0.831   2.848E-01   8.262E-04   2.052E-04   0.000E+00   4.617E-05
  211    -1.20    -200.2    0.289    0.1215E-02   0.866   2.848E-01   8.262E-04   1.658E-04   0.000E+00   4.617E-05
  210    -1.40    -200.0    0.290    0.1351E-02   0.902   2.848E-01   8.262E-04   1.131E-04   0.000E+00   4.617E-05
  209    -1.60    -199.8    0.290    0.1485E-02   0.938   2.848E-01   8.262E-04   6.033E-05   0.000E+00   4.617E-05
  208    -1.80    -199.6    0.290    0.1619E-02   0.973   2.848E-01   8.262E-04   7.435E-06   0.000E+00   4.617E-05
  207    -2.00    -199.4    0.290    0.1752E-02   1.009   2.848E-01   8.262E-04  -4.557E-05   0.000E+00   4.617E-05
  206    -2.20    -199.2    0.290    0.1884E-02   1.044   2.848E-01   8.262E-04  -9.869E-05   0.000E+00   4.617E-05
  205    -2.40    -199.0    0.290    0.2015E-02   1.079   2.848E-01   8.262E-04  -1.519E-04   0.000E+00   4.617E-05
  204    -2.60    -198.8    0.290    0.2145E-02   1.114   2.848E-01   8.262E-04  -2.053E-04   0.000E+00   4.617E-05
  203    -2.80    -198.6    0.290    0.2274E-02   1.149   2.848E-01   8.262E-04  -2.587E-04   0.000E+00   4.617E-05
  202    -3.00    -198.4    0.290    0.2402E-02   1.184   2.848E-01   8.262E-04  -3.525E-04   0.000E+00   4.617E-05
  201    -3.50    -197.9    0.290    0.2717E-02   1.271   2.848E-01   8.262E-04  -4.467E-04   0.000E+00   4.617E-05
  200    -4.00    -197.4    0.290    0.3026E-02   1.356   2.848E-01   8.262E-04  -5.817E-04   0.000E+00   4.617E-05
  199    -4.50    -196.9    0.290    0.3328E-02   1.440   2.848E-01   8.262E-04  -7.172E-04   0.000E+00   4.617E-05
  198    -5.00    -196.4    0.291    0.3624E-02   1.522   2.848E-01   8.262E-04  -8.530E-04   0.000E+00   4.617E-05
  197    -5.50    -195.9    0.291    0.3912E-02   1.603   2.848E-01   8.262E-04  -9.891E-04   0.000E+00   4.617E-05
  196    -6.00    -195.4    0.291    0.4194E-02   1.683   2.848E-01   8.262E-04  -1.140E-03   0.000E+00   4.617E-05
  195    -6.50    -194.9    0.291    0.4469E-02   1.761   2.848E-01   8.262E-04  -1.306E-03   0.000E+00   4.617E-05
  194    -7.00    -194.4    0.291    0.4737E-02   1.837   2.848E-01   8.262E-04  -1.472E-03   0.000E+00   4.617E-05
  193    -7.50    -193.9    0.291    0.4997E-02   1.911   2.848E-01   8.262E-04  -1.638E-03   0.000E+00   4.617E-05
  192    -8.00    -193.4    0.292    0.5251E-02   1.984   2.848E-01   8.262E-04  -1.888E-03   0.000E+00   4.617E-05
  191    -9.00    -192.4    0.292    0.5735E-02   2.124   2.848E-01   8.262E-04  -2.139E-03   0.000E+00   4.617E-05
  190   -10.00    -191.4    0.292    0.6194E-02   2.256   2.848E-01   8.262E-04  -2.473E-03   0.000E+00   4.617E-05
  189   -11.00    -190.4    0.293    0.6643E-02   2.382   2.848E-01   8.262E-04  -2.809E-03   0.000E+00   4.617E-05
  188   -12.00    -189.5    0.293    0.7086E-02   2.501   2.848E-01   8.262E-04  -3.145E-03   0.000E+00   4.617E-05
  187   -13.00    -188.5    0.293    0.7523E-02   2.613   2.848E-01   8.262E-04  -3.481E-03   0.000E+00   4.617E-05
  186   -14.00    -187.5    0.294    0.7954E-02   2.718   2.848E-01   8.262E-04  -3.819E-03   0.000E+00   4.617E-05
  185   -15.00    -186.5    0.294    0.8378E-02   2.818   2.848E-01   8.262E-04  -4.156E-03   0.000E+00   4.617E-05
  184   -16.00    -185.5    0.294    0.8796E-02   2.912   2.848E-01   8.262E-04  -4.494E-03   0.000E+00   4.617E-05
  183   -17.00    -184.5    0.295    0.9207E-02   3.001   2.848E-01   8.262E-04  -4.833E-03   0.000E+00   4.617E-05
  182   -18.00    -183.5    0.295    0.9611E-02   3.084   2.848E-01   8.262E-04  -5.172E-03   0.000E+00   4.617E-05
  181   -19.00    -182.6    0.296    0.1001E-01   3.163   2.848E-01   8.262E-04  -5.511E-03   0.000E+00   4.617E-05
  180   -20.00    -181.6    0.296    0.1040E-01   3.237   2.848E-01   8.262E-04  -5.850E-03   0.000E+00   4.617E-05
  179   -21.00    -180.6    0.296    0.1078E-01   3.307   2.848E-01   8.262E-04  -6.190E-03   0.000E+00   4.617E-05
  178   -22.00    -179.6    0.297    0.1116E-01   3.374   2.848E-01   8.262E-04  -6.530E-03   0.000E+00   4.617E-05
  177   -23.00    -178.6    0.297    0.1153E-01   3.436   2.848E-01   8.262E-04  -6.869E-03   0.000E+00   4.617E-05
  176   -24.00    -177.7    0.297    0.1189E-01   3.496   2.848E-01   8.262E-04  -7.210E-03   0.000E+00   4.617E-05
  175   -25.00    -176.7    0.298    0.1224E-01   3.552   2.848E-01   8.262E-04  -7.550E-03   0.000E+00   4.617E-05
  174   -26.00    -175.7    0.298    0.1259E-01   3.606   2.848E-01   8.262E-04  -7.890E-03   0.000E+00   4.617E-05
  173   -27.00    -174.8    0.298    0.1293E-01   3.657   2.848E-01   8.262E-04  -8.230E-03   0.000E+00   4.617E-05
  172   -28.00    -173.8    0.299    0.1326E-01   3.705   2.848E-01   8.262E-04  -8.571E-03   0.000E+00   4.617E-05
  171   -29.00    -172.8    0.299    0.1359E-01   3.751   2.848E-01   8.262E-04  -8.911E-03   0.000E+00   4.617E-05
  170   -30.00    -171.8    0.294    0.1394E-01   3.796   2.175E-01   8.262E-04  -9.244E-03   0.000E+00   4.617E-05
  169   -31.00    -170.9    0.294    0.1432E-01   3.839   2.175E-01   8.262E-04  -9.570E-03   0.000E+00   4.617E-05
  168   -32.00    -169.9    0.294    0.1469E-01   3.880   2.175E-01   8.262E-04  -9.895E-03   0.000E+00   4.617E-05
  167   -33.00    -169.0    0.295    0.1505E-01   3.920   2.175E-01   8.262E-04  -1.022E-02   0.000E+00   4.617E-05
  166   -34.00    -168.0    0.295    0.1541E-01   3.958   2.175E-01   8.262E-04  -1.055E-02   0.000E+00   4.617E-05
  165   -35.00    -167.1    0.295    0.1575E-01   3.995   2.175E-01   8.262E-04  -1.087E-02   0.000E+00   4.617E-05
  164   -36.00    -166.1    0.296    0.1610E-01   4.030   2.175E-01   8.262E-04  -1.119E-02   0.000E+00   4.617E-05
  163   -37.00    -165.2    0.296    0.1643E-01   4.064   2.175E-01   8.262E-04  -1.155E-02   0.000E+00   4.617E-05
  162   -38.00    -164.2    0.296    0.1676E-01   4.098   2.175E-01   8.262E-04  -1.193E-02   0.000E+00   4.617E-05
  161   -39.00    -163.3    0.297    0.1708E-01   4.130   2.175E-01   8.262E-04  -1.231E-02   0.000E+00   4.617E-05
  160   -40.00    -162.3    0.297    0.1740E-01   4.161   2.175E-01   8.262E-04  -1.270E-02   0.000E+00   4.617E-05
  159   -41.00    -161.4    0.297    0.1770E-01   4.191   2.175E-01   8.262E-04  -1.308E-02   0.000E+00   4.617E-05
  158   -42.00    -160.5    0.298    0.1801E-01   4.220   2.175E-01   8.262E-04  -1.346E-02   0.000E+00   4.617E-05
  157   -43.00    -159.5    0.298    0.1830E-01   4.248   2.175E-01   8.262E-04  -1.384E-02   0.000E+00   4.617E-05
  156   -44.00    -158.6    0.299    0.1859E-01   4.276   2.175E-01   8.262E-04  -1.422E-02   0.000E+00   4.617E-05
  155   -45.00    -157.7    0.297    0.1894E-01   4.302   1.287E-01   8.262E-04  -1.457E-02   0.000E+00   4.617E-05
  154   -46.00    -156.8    0.298    0.1941E-01   4.328   1.287E-01   8.262E-04  -1.490E-02   0.000E+00   4.617E-05
  153   -47.00    -155.9    0.298    0.1987E-01   4.352   1.287E-01   8.262E-04  -1.523E-02   0.000E+00   4.617E-05
  152   -48.00    -155.0    0.298    0.2034E-01   4.376   1.287E-01   8.262E-04  -1.556E-02   0.000E+00   4.617E-05
  151   -49.00    -154.2    0.299    0.2080E-01   4.398   1.287E-01   8.262E-04  -1.588E-02   0.000E+00   4.617E-05
  150   -50.00    -153.3    0.299    0.2127E-01   4.420   1.287E-01   8.262E-04  -1.621E-02   0.000E+00   4.617E-05
  149   -51.00    -152.4    0.299    0.2174E-01   4.441   1.287E-01   8.262E-04  -1.653E-02   0.000E+00   4.617E-05
  148   -52.00    -151.5    0.300    0.2221E-01   4.461   1.287E-01   8.262E-04  -1.686E-02   0.000E+00   4.617E-05
  147   -53.00    -150.7    0.300    0.2268E-01   4.480   1.287E-01   8.262E-04  -1.718E-02   0.000E+00   4.617E-05
  146   -54.00    -149.8    0.300    0.2314E-01   4.499   1.287E-01   8.262E-04  -1.750E-02   0.000E+00   4.617E-05
  145   -55.00    -148.9    0.301    0.2361E-01   4.516   1.287E-01   8.262E-04  -1.782E-02   0.000E+00   4.617E-05
  144   -56.00    -148.1    0.301    0.2408E-01   4.532   1.287E-01   8.262E-04  -1.814E-02   0.000E+00   4.617E-05
  143   -57.00    -147.2    0.301    0.2455E-01   4.548   1.287E-01   8.262E-04  -1.846E-02   0.000E+00   4.617E-05
  142   -58.00    -146.4    0.301    0.2502E-01   4.563   1.287E-01   8.262E-04  -1.878E-02   0.000E+00   4.617E-05
  141   -59.00    -145.5    0.302    0.2549E-01   4.576   1.287E-01   8.262E-04  -1.910E-02   0.000E+00   4.617E-05
  140   -60.00    -144.7    0.302    0.2596E-01   4.589   1.287E-01   8.262E-04  -1.942E-02   0.000E+00   4.617E-05
  139   -61.00    -143.8    0.302    0.2643E-01   4.602   1.287E-01   8.262E-04  -1.974E-02   0.000E+00   4.617E-05
  138   -62.00    -143.0    0.303    0.2690E-01   4.613   1.287E-01   8.262E-04  -2.005E-02   0.000E+00   4.617E-05
  137   -63.00    -142.1    0.303    0.2738E-01   4.623   1.287E-01   8.262E-04  -2.037E-02   0.000E+00   4.617E-05
  136   -64.00    -141.3    0.303    0.2785E-01   4.633   1.287E-01   8.262E-04  -2.068E-02   0.000E+00   4.617E-05
  135   -65.00    -140.4    0.304    0.2832E-01   4.642   1.287E-01   8.262E-04  -2.099E-02   0.000E+00   4.617E-05
  134   -66.00    -139.6    0.304    0.2880E-01   4.651   1.287E-01   8.262E-04  -2.133E-02   0.000E+00   4.617E-05
  133   -67.00    -138.8    0.304    0.2927E-01   4.658   1.287E-01   8.262E-04  -2.169E-02   0.000E+00   4.617E-05
  132   -68.00    -137.9    0.305    0.2975E-01   4.665   1.287E-01   8.262E-04  -2.205E-02   0.000E+00   4.617E-05
  131   -69.00    -137.1    0.305    0.3023E-01   4.672   1.287E-01   8.262E-04  -2.240E-02   0.000E+00   4.617E-05
  130   -70.00    -136.3    0.305    0.3070E-01   4.677   1.287E-01   8.262E-04  -2.276E-02   0.000E+00   4.617E-05
  129   -71.00    -135.5    0.306    0.3118E-01   4.682   1.287E-01   8.262E-04  -2.311E-02   0.000E+00   4.617E-05
  128   -72.00    -134.7    0.306    0.3166E-01   4.687   1.287E-01   8.262E-04  -2.346E-02   0.000E+00   4.617E-05
  127   -73.00    -133.8    0.306    0.3215E-01   4.691   1.287E-01   8.262E-04  -2.381E-02   0.000E+00   4.617E-05
  126   -74.00    -133.0    0.307    0.3263E-01   4.694   1.287E-01   8.262E-04  -2.416E-02   0.000E+00   4.617E-05
  125   -75.00    -132.2    0.307    0.3311E-01   4.697   1.287E-01   8.262E-04  -2.451E-02   0.000E+00   4.617E-05
  124   -76.00    -131.4    0.307    0.3360E-01   4.699   1.287E-01   8.262E-04  -2.486E-02   0.000E+00   4.617E-05
  123   -77.00    -130.6    0.308    0.3408E-01   4.701   1.287E-01   8.262E-04  -2.520E-02   0.000E+00   4.617E-05
  122   -78.00    -129.8    0.308    0.3457E-01   4.703   1.287E-01   8.262E-04  -2.555E-02   0.000E+00   4.617E-05
  121   -79.00    -129.0    0.308    0.3506E-01   4.704   1.287E-01   8.262E-04  -2.589E-02   0.000E+00   4.617E-05
  120   -80.00    -128.2    0.309    0.3555E-01   4.705   1.287E-01   8.262E-04  -2.623E-02   0.000E+00   4.617E-05
  119   -81.00    -127.4    0.309    0.3604E-01   4.705   1.287E-01   8.262E-04  -2.657E-02   0.000E+00   4.617E-05
  118   -82.00    -126.6    0.309    0.3653E-01   4.706   1.287E-01   8.262E-04  -2.690E-02   0.000E+00   4.617E-05
  117   -83.00    -125.8    0.310    0.3702E-01   4.705   1.287E-01   8.262E-04  -2.724E-02   0.000E+00   4.617E-05
  116   -84.00    -125.0    0.310    0.3752E-01   4.705   1.287E-01   8.262E-04  -2.757E-02   0.000E+00   4.617E-05
  115   -85.00    -124.3    0.310    0.3801E-01   4.704   1.287E-01   8.262E-04  -2.790E-02   0.000E+00   4.617E-05
  114   -86.00    -123.5    0.311    0.3851E-01   4.703   1.287E-01   8.262E-04  -2.823E-02   0.000E+00   4.617E-05
  113   -87.00    -122.7    0.311    0.3900E-01   4.702   1.287E-01   8.262E-04  -2.856E-02   0.000E+00   4.617E-05
  112   -88.00    -121.9    0.311    0.3950E-01   4.701   1.287E-01   8.262E-04  -2.889E-02   0.000E+00   4.617E-05
  111   -89.00    -121.1    0.311    0.4000E-01   4.699   1.287E-01   8.262E-04  -2.921E-02   0.000E+00   4.617E-05
  110   -90.00    -120.4    0.312    0.4050E-01   4.697   1.287E-01   8.262E-04  -2.953E-02   0.000E+00   4.617E-05
  109   -91.00    -119.6    0.312    0.4100E-01   4.695   1.287E-01   8.262E-04  -2.985E-02   0.000E+00   4.617E-05
  108   -92.00    -118.8    0.312    0.4150E-01   4.693   1.287E-01   8.262E-04  -3.017E-02   0.000E+00   4.617E-05
  107   -93.00    -118.1    0.313    0.4201E-01   4.691   1.287E-01   8.262E-04  -3.051E-02   0.000E+00   4.617E-05
  106   -94.00    -117.3    0.313    0.4251E-01   4.689   1.287E-01   8.262E-04  -3.087E-02   0.000E+00   4.617E-05
  105   -95.00    -116.5    0.313    0.4302E-01   4.686   1.287E-01   8.262E-04  -3.122E-02   0.000E+00   4.617E-05
  104   -96.00    -115.8    0.314    0.4352E-01   4.684   1.287E-01   8.262E-04  -3.158E-02   0.000E+00   4.617E-05
  103   -97.00    -115.0    0.314    0.4403E-01   4.681   1.287E-01   8.262E-04  -3.193E-02   0.000E+00   4.617E-05
  102   -98.00    -114.3    0.315    0.4454E-01   4.679   1.287E-01   8.262E-04  -3.228E-02   0.000E+00   4.617E-05
  101   -99.00    -113.5    0.315    0.4506E-01   4.676   1.287E-01   8.262E-04  -3.262E-02   0.000E+00   4.617E-05
  100  -100.00    -112.8    0.315    0.4557E-01   4.673   1.287E-01   8.262E-04  -3.297E-02   0.000E+00   4.617E-05
   99  -101.00    -112.1    0.316    0.4608E-01   4.670   1.287E-01   8.262E-04  -3.331E-02   0.000E+00   4.617E-05
   98  -102.00    -111.3    0.316    0.4660E-01   4.668   1.287E-01   8.262E-04  -3.365E-02   0.000E+00   4.617E-05
   97  -103.00    -110.6    0.316    0.4711E-01   4.665   1.287E-01   8.262E-04  -3.398E-02   0.000E+00   4.617E-05
   96  -104.00    -109.8    0.317    0.4763E-01   4.662   1.287E-01   8.262E-04  -3.432E-02   0.000E+00   4.617E-05
   95  -105.00    -109.1    0.317    0.4815E-01   4.659   1.287E-01   8.262E-04  -3.465E-02   0.000E+00   4.617E-05
   94  -106.00    -108.4    0.317    0.4867E-01   4.657   1.287E-01   8.262E-04  -3.498E-02   0.000E+00   4.617E-05
   93  -107.00    -107.7    0.318    0.4920E-01   4.654   1.287E-01   8.262E-04  -3.530E-02   0.000E+00   4.617E-05
   92  -108.00    -106.9    0.318    0.4972E-01   4.651   1.287E-01   8.262E-04  -3.562E-02   0.000E+00   4.617E-05
   91  -109.00    -106.2    0.318    0.5025E-01   4.648   1.287E-01   8.262E-04  -3.594E-02   0.000E+00   4.617E-05
   90  -110.00    -105.5    0.315    0.5075E-01   4.646   1.442E-01   8.262E-04  -3.626E-02   0.000E+00   4.617E-05
   89  -111.00    -104.7    0.315    0.5123E-01   4.643   1.442E-01   8.262E-04  -3.658E-02   0.000E+00   4.617E-05
   88  -112.00    -104.0    0.315    0.5172E-01   4.641   1.442E-01   8.262E-04  -3.689E-02   0.000E+00   4.617E-05
   87  -113.00    -103.2    0.316    0.5220E-01   4.638   1.442E-01   8.262E-04  -3.720E-02   0.000E+00   4.617E-05
   86  -114.00    -102.5    0.316    0.5268E-01   4.636   1.442E-01   8.262E-04  -3.751E-02   0.000E+00   4.617E-05
   85  -115.00    -101.8    0.316    0.5316E-01   4.633   1.442E-01   8.262E-04  -3.781E-02   0.000E+00   4.617E-05
   84  -116.00    -101.0    0.317    0.5364E-01   4.631   1.442E-01   8.262E-04  -3.812E-02   0.000E+00   4.617E-05
   83  -117.00    -100.3    0.317    0.5412E-01   4.629   1.442E-01   8.262E-04  -3.844E-02   0.000E+00   4.617E-05
   82  -118.00     -99.6    0.317    0.5460E-01   4.627   1.442E-01   8.262E-04  -3.877E-02   0.000E+00   4.617E-05
   81  -119.00     -98.8    0.318    0.5508E-01   4.625   1.442E-01   8.262E-04  -3.911E-02   0.000E+00   4.617E-05
   80  -120.00     -98.1    0.318    0.5555E-01   4.623   1.442E-01   8.262E-04  -3.943E-02   0.000E+00   4.617E-05
   79  -121.00     -97.4    0.319    0.5603E-01   4.621   1.442E-01   8.262E-04  -3.976E-02   0.000E+00   4.617E-05
   78  -122.00     -96.6    0.319    0.5651E-01   4.619   1.442E-01   8.262E-04  -4.008E-02   0.000E+00   4.617E-05
   77  -123.00     -95.9    0.319    0.5699E-01   4.618   1.442E-01   8.262E-04  -4.040E-02   0.000E+00   4.617E-05
   76  -124.00     -95.2    0.320    0.5747E-01   4.616   1.442E-01   8.262E-04  -4.072E-02   0.000E+00   4.617E-05
   75  -125.00     -94.5    0.320    0.5794E-01   4.614   1.442E-01   8.262E-04  -4.103E-02   0.000E+00   4.617E-05
   74  -126.00     -93.8    0.321    0.5842E-01   4.613   1.442E-01   8.262E-04  -4.134E-02   0.000E+00   4.617E-05
   73  -127.00     -93.1    0.321    0.5889E-01   4.612   1.442E-01   8.262E-04  -4.165E-02   0.000E+00   4.617E-05
   72  -128.00     -92.4    0.321    0.5937E-01   4.611   1.442E-01   8.262E-04  -4.195E-02   0.000E+00   4.617E-05
   71  -129.00     -91.6    0.322    0.5984E-01   4.609   1.442E-01   8.262E-04  -4.225E-02   0.000E+00   4.617E-05
   70  -130.00     -90.9    0.322    0.6032E-01   4.608   1.442E-01   8.262E-04  -4.255E-02   0.000E+00   4.617E-05
   69  -131.00     -90.2    0.323    0.6079E-01   4.608   1.442E-01   8.262E-04  -4.284E-02   0.000E+00   4.617E-05
   68  -132.00     -89.5    0.323    0.6126E-01   4.607   1.442E-01   8.262E-04  -4.313E-02   0.000E+00   4.617E-05
   67  -133.00     -88.8    0.323    0.6173E-01   4.606   1.442E-01   8.262E-04  -4.342E-02   0.000E+00   4.617E-05
   66  -134.00     -88.1    0.324    0.6220E-01   4.605   1.442E-01   8.262E-04  -4.370E-02   0.000E+00   4.617E-05
   65  -135.00     -87.4    0.324    0.6267E-01   4.605   1.442E-01   8.262E-04  -4.398E-02   0.000E+00   4.617E-05
   64  -136.00     -86.7    0.324    0.6313E-01   4.604   1.442E-01   8.262E-04  -4.426E-02   0.000E+00   4.617E-05
   63  -137.00     -86.1    0.325    0.6360E-01   4.604   1.442E-01   8.262E-04  -4.453E-02   0.000E+00   4.617E-05
   62  -138.00     -85.4    0.325    0.6407E-01   4.604   1.442E-01   8.262E-04  -4.480E-02   0.000E+00   4.617E-05
   61  -139.00     -84.7    0.326    0.6453E-01   4.603   1.442E-01   8.262E-04  -4.508E-02   0.000E+00   4.617E-05
   60  -140.00     -84.0    0.326    0.6499E-01   4.603   1.442E-01   8.262E-04  -4.537E-02   0.000E+00   4.617E-05
   59  -141.00     -83.3    0.326    0.6546E-01   4.603   1.442E-01   8.262E-04  -4.566E-02   0.000E+00   4.617E-05
   58  -142.00     -82.6    0.327    0.6592E-01   4.603   1.442E-01   8.262E-04  -4.594E-02   0.000E+00   4.617E-05
   57  -143.00     -81.9    0.327    0.6638E-01   4.604   1.442E-01   8.262E-04  -4.622E-02   0.000E+00   4.617E-05
   56  -144.00     -81.3    0.328    0.6684E-01   4.604   1.442E-01   8.262E-04  -4.649E-02   0.000E+00   4.617E-05
   55  -145.00     -80.6    0.328    0.6730E-01   4.604   1.442E-01   8.262E-04  -4.676E-02   0.000E+00   4.617E-05
   54  -146.00     -79.9    0.329    0.6776E-01   4.604   1.442E-01   8.262E-04  -4.703E-02   0.000E+00   4.617E-05
   53  -147.00     -79.2    0.329    0.6822E-01   4.605   1.442E-01   8.262E-04  -4.729E-02   0.000E+00   4.617E-05
   52  -148.00     -78.6    0.329    0.6867E-01   4.605   1.442E-01   8.262E-04  -4.754E-02   0.000E+00   4.617E-05
   51  -149.00     -77.9    0.330    0.6913E-01   4.606   1.442E-01   8.262E-04  -4.780E-02   0.000E+00   4.617E-05
   50  -150.00     -77.2    0.330    0.6958E-01   4.607   1.442E-01   8.262E-04  -4.805E-02   0.000E+00   4.617E-05
   49  -151.00     -76.6    0.331    0.7003E-01   4.607   1.442E-01   8.262E-04  -4.829E-02   0.000E+00   4.617E-05
   48  -152.00     -75.9    0.331    0.7048E-01   4.608   1.442E-01   8.262E-04  -4.853E-02   0.000E+00   4.617E-05
   47  -153.00     -75.2    0.331    0.7093E-01   4.609   1.442E-01   8.262E-04  -4.877E-02   0.000E+00   4.617E-05
   46  -154.00     -74.6    0.332    0.7137E-01   4.610   1.442E-01   8.262E-04  -4.900E-02   0.000E+00   4.617E-05
   45  -155.00     -73.9    0.332    0.7181E-01   4.610   1.442E-01   8.262E-04  -4.922E-02   0.000E+00   4.617E-05
   44  -156.00     -73.3    0.333    0.7225E-01   4.611   1.442E-01   8.262E-04  -4.945E-02   0.000E+00   4.617E-05
   43  -157.00     -72.6    0.333    0.7269E-01   4.612   1.442E-01   8.262E-04  -4.966E-02   0.000E+00   4.617E-05
   42  -158.00     -71.9    0.333    0.7312E-01   4.613   1.442E-01   8.262E-04  -4.988E-02   0.000E+00   4.617E-05
   41  -159.00     -71.3    0.334    0.7356E-01   4.614   1.442E-01   8.262E-04  -5.010E-02   0.000E+00   4.617E-05
   40  -160.00     -70.6    0.334    0.7398E-01   4.615   1.442E-01   8.262E-04  -5.032E-02   0.000E+00   4.617E-05
   39  -161.00     -70.0    0.335    0.7441E-01   4.617   1.442E-01   8.262E-04  -5.054E-02   0.000E+00   4.617E-05
   38  -162.00     -69.3    0.335    0.7483E-01   4.618   1.442E-01   8.262E-04  -5.075E-02   0.000E+00   4.617E-05
   37  -163.00     -68.7    0.336    0.7525E-01   4.619   1.442E-01   8.262E-04  -5.096E-02   0.000E+00   4.617E-05
   36  -164.00     -68.1    0.336    0.7566E-01   4.620   1.442E-01   8.262E-04  -5.116E-02   0.000E+00   4.617E-05
   35  -165.00     -67.4    0.337    0.7607E-01   4.621   1.442E-01   8.262E-04  -5.136E-02   0.000E+00   4.617E-05
   34  -166.00     -66.8    0.337    0.7647E-01   4.622   1.442E-01   8.262E-04  -5.155E-02   0.000E+00   4.617E-05
   33  -167.00     -66.1    0.337    0.7687E-01   4.623   1.442E-01   8.262E-04  -5.174E-02   0.000E+00   4.617E-05
   32  -168.00     -65.5    0.338    0.7726E-01   4.625   1.442E-01   8.262E-04  -5.192E-02   0.000E+00   4.617E-05
   31  -169.00     -64.8    0.338    0.7764E-01   4.626   1.442E-01   8.262E-04  -5.210E-02   0.000E+00   4.617E-05
   30  -170.00     -64.2    0.339    0.7801E-01   4.627   1.442E-01   8.262E-04  -5.227E-02   0.000E+00   4.617E-05
   29  -171.00     -63.6    0.339    0.7837E-01   4.628   1.442E-01   8.262E-04  -5.244E-02   0.000E+00   4.617E-05
   28  -172.00     -62.9    0.340    0.7873E-01   4.629   1.442E-01   8.262E-04  -5.260E-02   0.000E+00   4.617E-05
   27  -173.00     -62.3    0.340    0.7907E-01   4.630   1.442E-01   8.262E-04  -5.275E-02   0.000E+00   4.617E-05
   26  -174.00     -61.7    0.340    0.7940E-01   4.631   1.442E-01   8.262E-04  -5.290E-02   0.000E+00   4.617E-05
   25  -175.00     -61.0    0.341    0.7971E-01   4.633   1.442E-01   8.262E-04  -5.304E-02   0.000E+00   4.617E-05
   24  -176.00     -60.4    0.341    0.8001E-01   4.634   1.442E-01   8.262E-04  -5.319E-02   0.000E+00   4.617E-05
   23  -177.00     -59.8    0.342    0.8029E-01   4.635   1.442E-01   8.262E-04  -5.333E-02   0.000E+00   4.617E-05
   22  -178.00     -59.1    0.342    0.8054E-01   4.636   1.442E-01   8.262E-04  -5.347E-02   0.000E+00   4.617E-05
   21  -179.00     -58.5    0.343    0.8078E-01   4.637   1.442E-01   8.262E-04  -5.360E-02   0.000E+00   4.617E-05
   20  -180.00     -57.9    0.343    0.8098E-01   4.638   1.442E-01   8.262E-04  -5.372E-02   0.000E+00   4.617E-05
   19  -181.00     -57.3    0.344    0.8114E-01   4.639   1.442E-01   8.262E-04  -5.384E-02   0.000E+00   4.617E-05
   18  -182.00     -56.6    0.344    0.8127E-01   4.639   1.442E-01   8.262E-04  -5.396E-02   0.000E+00   4.617E-05
   17  -183.00     -56.0    0.345    0.8135E-01   4.640   1.442E-01   8.262E-04  -5.406E-02   0.000E+00   4.617E-05
   16  -184.00     -55.4    0.345    0.8138E-01   4.641   1.442E-01   8.262E-04  -5.416E-02   0.000E+00   4.617E-05
   15  -185.00     -54.8    0.346    0.8134E-01   4.642   1.442E-01   8.262E-04  -5.426E-02   0.000E+00   4.617E-05
   14  -186.00     -54.1    0.346    0.8122E-01   4.643   1.442E-01   8.262E-04  -5.435E-02   0.000E+00   4.617E-05
   13  -187.00     -53.5    0.347    0.8101E-01   4.643   1.442E-01   8.262E-04  -5.443E-02   0.000E+00   4.617E-05
   12  -188.00     -52.9    0.347    0.8069E-01   4.644   1.442E-01   8.262E-04  -5.450E-02   0.000E+00   4.617E-05
   11  -189.00     -52.3    0.348    0.8025E-01   4.645   1.442E-01   8.262E-04  -5.457E-02   0.000E+00   4.617E-05
   10  -190.00     -51.6    0.348    0.7966E-01   4.645   1.442E-01   8.262E-04  -5.463E-02   0.000E+00   4.617E-05
    9  -191.00     -51.0    0.348    0.7889E-01   4.646   1.442E-01   8.262E-04  -5.469E-02   0.000E+00   4.617E-05
    8  -192.00     -50.4    0.349    0.7791E-01   4.646   1.442E-01   8.262E-04  -5.474E-02   0.000E+00   4.617E-05
    7  -193.00     -49.8    0.349    0.7668E-01   4.646   1.442E-01   8.262E-04  -5.479E-02   0.000E+00   4.617E-05
    6  -194.00     -49.2    0.350    0.7516E-01   4.647   1.442E-01   8.262E-04  -5.483E-02   0.000E+00   4.617E-05
    5  -195.00     -48.5    0.351    0.7330E-01   4.647   1.442E-01   8.262E-04  -5.486E-02   0.000E+00   4.617E-05
    4  -196.00     -47.9    0.351    0.7104E-01   4.647   1.442E-01   8.262E-04  -5.488E-02   0.000E+00   4.617E-05
    3  -197.00     -47.3    0.352    0.6834E-01   4.647   1.442E-01   8.262E-04  -5.490E-02   0.000E+00   4.617E-05
    2  -198.00     -46.7    0.352    0.6511E-01   4.647   1.442E-01   8.262E-04  -5.491E-02   0.000E+00   4.617E-05
    1  -199.00     -46.1    0.353    0.6131E-01   4.647   1.442E-01   8.262E-04  -5.492E-02   0.000E+00   4.617E-05
#Time:    3144
  222     0.00    -221.4    0.283    0.3800E-03   0.360   2.848E-01   8.247E-04   8.266E-04   0.000E+00   4.599E-05
  221    -0.10    -221.3    0.283    0.4480E-03   0.370   2.848E-01   8.247E-04   8.214E-04   0.000E+00   4.599E-05
  220    -0.20    -221.2    0.283    0.5159E-03   0.384   2.848E-01   8.247E-04   8.111E-04   0.000E+00   4.599E-05
  219    -0.30    -221.1    0.283    0.5836E-03   0.398   2.848E-01   8.247E-04   8.007E-04   0.000E+00   4.599E-05
  218    -0.40    -221.0    0.283    0.6511E-03   0.413   2.848E-01   8.247E-04   7.902E-04   0.000E+00   4.599E-05
  217    -0.50    -220.9    0.283    0.7183E-03   0.428   2.848E-01   8.247E-04   7.797E-04   0.000E+00   4.599E-05
  216    -0.60    -220.8    0.283    0.7853E-03   0.442   2.848E-01   8.247E-04   7.691E-04   0.000E+00   4.599E-05
  215    -0.70    -220.7    0.283    0.8521E-03   0.456   2.848E-01   8.247E-04   7.584E-04   0.000E+00   4.599E-05
  214    -0.80    -220.6    0.283    0.9187E-03   0.470   2.848E-01   8.247E-04   7.477E-04   0.000E+00   4.599E-05
  213    -0.90    -220.5    0.283    0.9851E-03   0.483   2.848E-01   8.247E-04   7.369E-04   0.000E+00   4.599E-05
  212    -1.00    -220.4    0.283    0.1051E-02   0.497   2.848E-01   8.247E-04   7.206E-04   0.000E+00   4.599E-05
  211    -1.20    -220.2    0.284    0.1183E-02   0.524   2.848E-01   8.247E-04   7.041E-04   0.000E+00   4.599E-05
  210    -1.40    -220.0    0.284    0.1314E-02   0.551   2.848E-01   8.247E-04   6.819E-04   0.000E+00   4.599E-05
  209    -1.60    -219.8    0.284    0.1443E-02   0.578   2.848E-01   8.247E-04   6.594E-04   0.000E+00   4.599E-05
  208    -1.80    -219.6    0.284    0.1572E-02   0.605   2.848E-01   8.247E-04   6.366E-04   0.000E+00   4.599E-05
  207    -2.00    -219.4    0.284    0.1701E-02   0.632   2.848E-01   8.247E-04   6.136E-04   0.000E+00   4.599E-05
  206    -2.20    -219.2    0.284    0.1828E-02   0.659   2.848E-01   8.247E-04   5.903E-04   0.000E+00   4.599E-05
  205    -2.40    -219.0    0.284    0.1954E-02   0.686   2.848E-01   8.247E-04   5.668E-04   0.000E+00   4.599E-05
  204    -2.60    -218.8    0.284    0.2079E-02   0.712   2.848E-01   8.247E-04   5.429E-04   0.000E+00   4.599E-05
  203    -2.80    -218.6    0.284    0.2204E-02   0.739   2.848E-01   8.247E-04   5.188E-04   0.000E+00   4.599E-05
  202    -3.00    -218.4    0.284    0.2327E-02   0.766   2.848E-01   8.247E-04   4.759E-04   0.000E+00   4.599E-05
  201    -3.50    -217.9    0.284    0.2632E-02   0.831   2.848E-01   8.247E-04   4.321E-04   0.000E+00   4.599E-05
  200    -4.00    -217.4    0.284    0.2930E-02   0.896   2.848E-01   8.247E-04   3.683E-04   0.000E+00   4.599E-05
  199    -4.50    -216.9    0.285    0.3223E-02   0.960   2.848E-01   8.247E-04   3.028E-04   0.000E+00   4.599E-05
  198    -5.00    -216.4    0.285    0.3509E-02   1.023   2.848E-01   8.247E-04   2.362E-04   0.000E+00   4.599E-05
  197    -5.50    -215.9    0.285    0.3790E-02   1.085   2.848E-01   8.247E-04   1.684E-04   0.000E+00   4.599E-05
  196    -6.00    -215.4    0.285    0.4064E-02   1.146   2.848E-01   8.247E-04   9.949E-05   0.000E+00   4.599E-05
  195    -6.50    -214.9    0.285    0.4331E-02   1.205   2.848E-01   8.247E-04   2.943E-05   0.000E+00   4.599E-05
  194    -7.00    -214.4    0.285    0.4593E-02   1.264   2.848E-01   8.247E-04  -4.177E-05   0.000E+00   4.599E-05
  193    -7.50    -213.9    0.285    0.4847E-02   1.321   2.848E-01   8.247E-04  -1.141E-04   0.000E+00   4.599E-05
  192    -8.00    -213.4    0.286    0.5096E-02   1.377   2.848E-01   8.247E-04  -2.248E-04   0.000E+00   4.599E-05
  191    -9.00    -212.4    0.286    0.5572E-02   1.486   2.848E-01   8.247E-04  -3.379E-04   0.000E+00   4.599E-05
  190   -10.00    -211.4    0.286    0.6024E-02   1.589   2.848E-01   8.247E-04  -4.914E-04   0.000E+00   4.599E-05
  189   -11.00    -210.4    0.286    0.6467E-02   1.689   2.848E-01   8.247E-04  -6.481E-04   0.000E+00   4.599E-05
  188   -12.00    -209.4    0.287    0.6903E-02   1.783   2.848E-01   8.247E-04  -8.081E-04   0.000E+00   4.599E-05
  187   -13.00    -208.4    0.287    0.7332E-02   1.874   2.848E-01   8.247E-04  -9.712E-04   0.000E+00   4.599E-05
  186   -14.00    -207.4    0.287    0.7754E-02   1.961   2.848E-01   8.247E-04  -1.137E-03   0.000E+00   4.599E-05
  185   -15.00    -206.4    0.288    0.8169E-02   2.044   2.848E-01   8.247E-04  -1.305E-03   0.000E+00   4.599E-05
  184   -16.00    -205.4    0.288    0.8577E-02   2.123   2.848E-01   8.247E-04  -1.475E-03   0.000E+00   4.599E-05
  183   -17.00    -204.4    0.288    0.8977E-02   2.200   2.848E-01   8.247E-04  -1.648E-03   0.000E+00   4.599E-05
  182   -18.00    -203.5    0.289    0.9371E-02   2.274   2.848E-01   8.247E-04  -1.823E-03   0.000E+00   4.599E-05
  181   -19.00    -202.5    0.289    0.9757E-02   2.345   2.848E-01   8.247E-04  -1.999E-03   0.000E+00   4.599E-05
  180   -20.00    -201.5    0.289    0.1014E-01   2.414   2.848E-01   8.247E-04  -2.177E-03   0.000E+00   4.599E-05
  179   -21.00    -200.5    0.289    0.1051E-01   2.481   2.848E-01   8.247E-04  -2.357E-03   0.000E+00   4.599E-05
  178   -22.00    -199.5    0.290    0.1087E-01   2.545   2.848E-01   8.247E-04  -2.538E-03   0.000E+00   4.599E-05
  177   -23.00    -198.5    0.290    0.1123E-01   2.608   2.848E-01   8.247E-04  -2.720E-03   0.000E+00   4.599E-05
  176   -24.00    -197.5    0.290    0.1158E-01   2.669   2.848E-01   8.247E-04  -2.904E-03   0.000E+00   4.599E-05
  175   -25.00    -196.5    0.291    0.1192E-01   2.729   2.848E-01   8.247E-04  -3.089E-03   0.000E+00   4.599E-05
  174   -26.00    -195.5    0.291    0.1226E-01   2.787   2.848E-01   8.247E-04  -3.267E-03   0.000E+00   4.599E-05
  173   -27.00    -194.5    0.291    0.1259E-01   2.844   2.848E-01   8.247E-04  -3.439E-03   0.000E+00   4.599E-05
  172   -28.00    -193.6    0.292    0.1292E-01   2.899   2.848E-01   8.247E-04  -3.613E-03   0.000E+00   4.599E-05
  171   -29.00    -192.6    0.292    0.1324E-01   2.954   2.848E-01   8.247E-04  -3.788E-03   0.000E+00   4.599E-05
  170   -30.00    -191.6    0.287    0.1358E-01   3.007   2.175E-01   8.247E-04  -3.962E-03   0.000E+00   4.599E-05
  169   -31.00    -190.6    0.287    0.1395E-01   3.060   2.175E-01   8.247E-04  -4.134E-03   0.000E+00   4.599E-05
  168   -32.00    -189.6    0.287    0.1431E-01   3.112   2.175E-01   8.247E-04  -4.307E-03   0.000E+00   4.599E-05
  167   -33.00    -188.6    0.288    0.1467E-01   3.163   2.175E-01   8.247E-04  -4.483E-03   0.000E+00   4.599E-05
  166   -34.00    -187.7    0.288    0.1502E-01   3.213   2.175E-01   8.247E-04  -4.661E-03   0.000E+00   4.599E-05
  165   -35.00    -186.7    0.289    0.1537E-01   3.263   2.175E-01   8.247E-04  -4.840E-03   0.000E+00   4.599E-05
  164   -36.00    -185.7    0.289    0.1571E-01   3.311   2.175E-01   8.247E-04  -5.022E-03   0.000E+00   4.599E-05
  163   -37.00    -184.7    0.289    0.1605E-01   3.359   2.175E-01   8.247E-04  -5.206E-03   0.000E+00   4.599E-05
  162   -38.00    -183.8    0.290    0.1638E-01   3.405   2.175E-01   8.247E-04  -5.392E-03   0.000E+00   4.599E-05
  161   -39.00    -182.8    0.290    0.1671E-01   3.451   2.175E-01   8.247E-04  -5.580E-03   0.000E+00   4.599E-05
  160   -40.00    -181.8    0.290    0.1703E-01   3.496   2.175E-01   8.247E-04  -5.770E-03   0.000E+00   4.599E-05
  159   -41.00    -180.8    0.291    0.1734E-01   3.541   2.175E-01   8.247E-04  -5.962E-03   0.000E+00   4.599E-05
  158   -42.00    -179.9    0.291    0.1766E-01   3.584   2.175E-01   8.247E-04  -6.156E-03   0.000E+00   4.599E-05
  157   -43.00    -178.9    0.291    0.1796E-01   3.626   2.175E-01   8.247E-04  -6.352E-03   0.000E+00   4.599E-05
  156   -44.00    -177.9    0.292    0.1826E-01   3.667   2.175E-01   8.247E-04  -6.549E-03   0.000E+00   4.599E-05
  155   -45.00    -177.0    0.291    0.1863E-01   3.708   1.287E-01   8.247E-04  -6.735E-03   0.000E+00   4.599E-05
  154   -46.00    -176.0    0.292    0.1912E-01   3.747   1.287E-01   8.247E-04  -6.910E-03   0.000E+00   4.599E-05
  153   -47.00    -175.1    0.292    0.1960E-01   3.786   1.287E-01   8.247E-04  -7.086E-03   0.000E+00   4.599E-05
  152   -48.00    -174.1    0.292    0.2009E-01   3.824   1.287E-01   8.247E-04  -7.263E-03   0.000E+00   4.599E-05
  151   -49.00    -173.2    0.292    0.2057E-01   3.860   1.287E-01   8.247E-04  -7.441E-03   0.000E+00   4.599E-05
  150   -50.00    -172.2    0.293    0.2106E-01   3.896   1.287E-01   8.247E-04  -7.620E-03   0.000E+00   4.599E-05
  149   -51.00    -171.3    0.293    0.2154E-01   3.930   1.287E-01   8.247E-04  -7.800E-03   0.000E+00   4.599E-05
  148   -52.00    -170.4    0.293    0.2203E-01   3.963   1.287E-01   8.247E-04  -7.980E-03   0.000E+00   4.599E-05
  147   -53.00    -169.4    0.294    0.2251E-01   3.996   1.287E-01   8.247E-04  -8.160E-03   0.000E+00   4.599E-05
  146   -54.00    -168.5    0.294    0.2300E-01   4.027   1.287E-01   8.247E-04  -8.341E-03   0.000E+00   4.599E-05
  145   -55.00    -167.5    0.294    0.2349E-01   4.058   1.287E-01   8.247E-04  -8.521E-03   0.000E+00   4.599E-05
  144   -56.00    -166.6    0.294    0.2397E-01   4.087   1.287E-01   8.247E-04  -8.702E-03   0.000E+00   4.599E-05
  143   -57.00    -165.7    0.295    0.2446E-01   4.115   1.287E-01   8.247E-04  -8.883E-03   0.000E+00   4.599E-05
  142   -58.00    -164.8    0.295    0.2494E-01   4.142   1.287E-01   8.247E-04  -9.071E-03   0.000E+00   4.599E-05
  141   -59.00    -163.8    0.295    0.2543E-01   4.168   1.287E-01   8.247E-04  -9.265E-03   0.000E+00   4.599E-05
  140   -60.00    -162.9    0.296    0.2591E-01   4.194   1.287E-01   8.247E-04  -9.459E-03   0.000E+00   4.599E-05
  139   -61.00    -162.0    0.296    0.2640E-01   4.218   1.287E-01   8.247E-04  -9.654E-03   0.000E+00   4.599E-05
  138   -62.00    -161.0    0.296    0.2688E-01   4.241   1.287E-01   8.247E-04  -9.850E-03   0.000E+00   4.599E-05
  137   -63.00    -160.1    0.297    0.2737E-01   4.264   1.287E-01   8.247E-04  -1.005E-02   0.000E+00   4.599E-05
  136   -64.00    -159.2    0.297    0.2786E-01   4.285   1.287E-01   8.247E-04  -1.024E-02   0.000E+00   4.599E-05
  135   -65.00    -158.3    0.297    0.2834E-01   4.305   1.287E-01   8.247E-04  -1.044E-02   0.000E+00   4.599E-05
  134   -66.00    -157.4    0.298    0.2883E-01   4.325   1.287E-01   8.247E-04  -1.064E-02   0.000E+00   4.599E-05
  133   -67.00    -156.4    0.298    0.2932E-01   4.344   1.287E-01   8.247E-04  -1.084E-02   0.000E+00   4.599E-05
  132   -68.00    -155.5    0.298    0.2980E-01   4.362   1.287E-01   8.247E-04  -1.104E-02   0.000E+00   4.599E-05
  131   -69.00    -154.6    0.299    0.3029E-01   4.379   1.287E-01   8.247E-04  -1.124E-02   0.000E+00   4.599E-05
  130   -70.00    -153.7    0.299    0.3078E-01   4.395   1.287E-01   8.247E-04  -1.143E-02   0.000E+00   4.599E-05
  129   -71.00    -152.8    0.299    0.3127E-01   4.410   1.287E-01   8.247E-04  -1.163E-02   0.000E+00   4.599E-05
  128   -72.00    -151.9    0.299    0.3176E-01   4.425   1.287E-01   8.247E-04  -1.183E-02   0.000E+00   4.599E-05
  127   -73.00    -151.0    0.300    0.3224E-01   4.439   1.287E-01   8.247E-04  -1.203E-02   0.000E+00   4.599E-05
  126   -74.00    -150.1    0.300    0.3273E-01   4.452   1.287E-01   8.247E-04  -1.223E-02   0.000E+00   4.599E-05
  125   -75.00    -149.2    0.300    0.3322E-01   4.465   1.287E-01   8.247E-04  -1.243E-02   0.000E+00   4.599E-05
  124   -76.00    -148.3    0.301    0.3371E-01   4.477   1.287E-01   8.247E-04  -1.262E-02   0.000E+00   4.599E-05
  123   -77.00    -147.4    0.301    0.3420E-01   4.488   1.287E-01   8.247E-04  -1.282E-02   0.000E+00   4.599E-05
  122   -78.00    -146.5    0.301    0.3469E-01   4.499   1.287E-01   8.247E-04  -1.302E-02   0.000E+00   4.599E-05
  121   -79.00    -145.6    0.302    0.3519E-01   4.509   1.287E-01   8.247E-04  -1.321E-02   0.000E+00   4.599E-05
  120   -80.00    -144.7    0.302    0.3568E-01   4.519   1.287E-01   8.247E-04  -1.341E-02   0.000E+00   4.599E-05
  119   -81.00    -143.8    0.302    0.3617E-01   4.528   1.287E-01   8.247E-04  -1.360E-02   0.000E+00   4.599E-05
  118   -82.00    -142.9    0.303    0.3666E-01   4.536   1.287E-01   8.247E-04  -1.380E-02   0.000E+00   4.599E-05
  117   -83.00    -142.0    0.303    0.3716E-01   4.544   1.287E-01   8.247E-04  -1.399E-02   0.000E+00   4.599E-05
  116   -84.00    -141.1    0.303    0.3765E-01   4.552   1.287E-01   8.247E-04  -1.418E-02   0.000E+00   4.599E-05
  115   -85.00    -140.2    0.304    0.3815E-01   4.559   1.287E-01   8.247E-04  -1.437E-02   0.000E+00   4.599E-05
  114   -86.00    -139.3    0.304    0.3864E-01   4.565   1.287E-01   8.247E-04  -1.458E-02   0.000E+00   4.599E-05
  113   -87.00    -138.4    0.304    0.3914E-01   4.572   1.287E-01   8.247E-04  -1.480E-02   0.000E+00   4.599E-05
  112   -88.00    -137.6    0.305    0.3964E-01   4.577   1.287E-01   8.247E-04  -1.502E-02   0.000E+00   4.599E-05
  111   -89.00    -136.7    0.305    0.4014E-01   4.583   1.287E-01   8.247E-04  -1.524E-02   0.000E+00   4.599E-05
  110   -90.00    -135.8    0.305    0.4064E-01   4.588   1.287E-01   8.247E-04  -1.545E-02   0.000E+00   4.599E-05
  109   -91.00    -134.9    0.306    0.4114E-01   4.592   1.287E-01   8.247E-04  -1.567E-02   0.000E+00   4.599E-05
  108   -92.00    -134.0    0.306    0.4165E-01   4.597   1.287E-01   8.247E-04  -1.588E-02   0.000E+00   4.599E-05
  107   -93.00    -133.2    0.307    0.4215E-01   4.601   1.287E-01   8.247E-04  -1.609E-02   0.000E+00   4.599E-05
  106   -94.00    -132.3    0.307    0.4266E-01   4.604   1.287E-01   8.247E-04  -1.630E-02   0.000E+00   4.599E-05
  105   -95.00    -131.4    0.307    0.4317E-01   4.608   1.287E-01   8.247E-04  -1.651E-02   0.000E+00   4.599E-05
  104   -96.00    -130.5    0.308    0.4368E-01   4.611   1.287E-01   8.247E-04  -1.672E-02   0.000E+00   4.599E-05
  103   -97.00    -129.7    0.308    0.4419E-01   4.614   1.287E-01   8.247E-04  -1.693E-02   0.000E+00   4.599E-05
  102   -98.00    -128.8    0.308    0.4470E-01   4.616   1.287E-01   8.247E-04  -1.713E-02   0.000E+00   4.599E-05
  101   -99.00    -127.9    0.309    0.4521E-01   4.619   1.287E-01   8.247E-04  -1.734E-02   0.000E+00   4.599E-05
  100  -100.00    -127.1    0.309    0.4572E-01   4.621   1.287E-01   8.247E-04  -1.754E-02   0.000E+00   4.599E-05
   99  -101.00    -126.2    0.309    0.4624E-01   4.623   1.287E-01   8.247E-04  -1.774E-02   0.000E+00   4.599E-05
   98  -102.00    -125.3    0.310    0.4675E-01   4.624   1.287E-01   8.247E-04  -1.794E-02   0.000E+00   4.599E-05
   97  -103.00    -124.5    0.310    0.4727E-01   4.626   1.287E-01   8.247E-04  -1.814E-02   0.000E+00   4.599E-05
   96  -104.00    -123.6    0.310    0.4779E-01   4.627   1.287E-01   8.247E-04  -1.834E-02   0.000E+00   4.599E-05
   95  -105.00    -122.8    0.311    0.4831E-01   4.629   1.287E-01   8.247E-04  -1.853E-02   0.000E+00   4.599E-05
   94  -106.00    -121.9    0.311    0.4883E-01   4.630   1.287E-01   8.247E-04  -1.873E-02   0.000E+00   4.599E-05
   93  -107.00    -121.1    0.311    0.4935E-01   4.631   1.287E-01   8.247E-04  -1.892E-02   0.000E+00   4.599E-05
   92  -108.00    -120.2    0.312    0.4987E-01   4.631   1.287E-01   8.247E-04  -1.911E-02   0.000E+00   4.599E-05
   91  -109.00    -119.4    0.312    0.5039E-01   4.632   1.287E-01   8.247E-04  -1.930E-02   0.000E+00   4.599E-05
   90  -110.00    -118.5    0.308    0.5090E-01   4.632   1.442E-01   8.247E-04  -1.950E-02   0.000E+00   4.599E-05
   89  -111.00    -117.6    0.309    0.5138E-01   4.633   1.442E-01   8.247E-04  -1.972E-02   0.000E+00   4.599E-05
   88  -112.00    -116.8    0.309    0.5186E-01   4.633   1.442E-01   8.247E-04  -1.993E-02   0.000E+00   4.599E-05
   87  -113.00    -115.9    0.310    0.5234E-01   4.633   1.442E-01   8.247E-04  -2.015E-02   0.000E+00   4.599E-05
   86  -114.00    -115.1    0.310    0.5282E-01   4.634   1.442E-01   8.247E-04  -2.036E-02   0.000E+00   4.599E-05
   85  -115.00    -114.2    0.310    0.5330E-01   4.634   1.442E-01   8.247E-04  -2.057E-02   0.000E+00   4.599E-05
   84  -116.00    -113.3    0.311    0.5379E-01   4.634   1.442E-01   8.247E-04  -2.078E-02   0.000E+00   4.599E-05
   83  -117.00    -112.5    0.311    0.5427E-01   4.634   1.442E-01   8.247E-04  -2.098E-02   0.000E+00   4.599E-05
   82  -118.00    -111.6    0.312    0.5475E-01   4.633   1.442E-01   8.247E-04  -2.119E-02   0.000E+00   4.599E-05
   81  -119.00    -110.8    0.312    0.5523E-01   4.633   1.442E-01   8.247E-04  -2.139E-02   0.000E+00   4.599E-05
   80  -120.00    -109.9    0.312    0.5571E-01   4.633   1.442E-01   8.247E-04  -2.159E-02   0.000E+00   4.599E-05
   79  -121.00    -109.1    0.313    0.5619E-01   4.633   1.442E-01   8.247E-04  -2.179E-02   0.000E+00   4.599E-05
   78  -122.00    -108.2    0.313    0.5667E-01   4.632   1.442E-01   8.247E-04  -2.199E-02   0.000E+00   4.599E-05
   77  -123.00    -107.4    0.314    0.5715E-01   4.632   1.442E-01   8.247E-04  -2.218E-02   0.000E+00   4.599E-05
   76  -124.00    -106.5    0.314    0.5763E-01   4.632   1.442E-01   8.247E-04  -2.238E-02   0.000E+00   4.599E-05
   75  -125.00    -105.7    0.314    0.5811E-01   4.631   1.442E-01   8.247E-04  -2.257E-02   0.000E+00   4.599E-05
   74  -126.00    -104.9    0.315    0.5859E-01   4.631   1.442E-01   8.247E-04  -2.276E-02   0.000E+00   4.599E-05
   73  -127.00    -104.0    0.315    0.5907E-01   4.630   1.442E-01   8.247E-04  -2.295E-02   0.000E+00   4.599E-05
   72  -128.00    -103.2    0.316    0.5954E-01   4.630   1.442E-01   8.247E-04  -2.313E-02   0.000E+00   4.599E-05
   71  -129.00    -102.3    0.316    0.6002E-01   4.630   1.442E-01   8.247E-04  -2.332E-02   0.000E+00   4.599E-05
   70  -130.00    -101.5    0.316    0.6049E-01   4.629   1.442E-01   8.247E-04  -2.350E-02   0.000E+00   4.599E-05
   69  -131.00    -100.7    0.317    0.6096E-01   4.629   1.442E-01   8.247E-04  -2.368E-02   0.000E+00   4.599E-05
   68  -132.00     -99.8    0.317    0.6144E-01   4.628   1.442E-01   8.247E-04  -2.387E-02   0.000E+00   4.599E-05
   67  -133.00     -99.0    0.318    0.6191E-01   4.628   1.442E-01   8.247E-04  -2.407E-02   0.000E+00   4.599E-05
   66  -134.00     -98.2    0.318    0.6238E-01   4.627   1.442E-01   8.247E-04  -2.427E-02   0.000E+00   4.599E-05
   65  -135.00     -97.3    0.319    0.6285E-01   4.627   1.442E-01   8.247E-04  -2.447E-02   0.000E+00   4.599E-05
   64  -136.00     -96.5    0.319    0.6332E-01   4.627   1.442E-01   8.247E-04  -2.466E-02   0.000E+00   4.599E-05
   63  -137.00     -95.7    0.320    0.6379E-01   4.626   1.442E-01   8.247E-04  -2.485E-02   0.000E+00   4.599E-05
   62  -138.00     -94.8    0.320    0.6426E-01   4.626   1.442E-01   8.247E-04  -2.504E-02   0.000E+00   4.599E-05
   61  -139.00     -94.0    0.320    0.6473E-01   4.626   1.442E-01   8.247E-04  -2.523E-02   0.000E+00   4.599E-05
   60  -140.00     -93.2    0.321    0.6520E-01   4.625   1.442E-01   8.247E-04  -2.541E-02   0.000E+00   4.599E-05
   59  -141.00     -92.4    0.321    0.6567E-01   4.625   1.442E-01   8.247E-04  -2.559E-02   0.000E+00   4.599E-05
   58  -142.00     -91.5    0.322    0.6613E-01   4.625   1.442E-01   8.247E-04  -2.577E-02   0.000E+00   4.599E-05
   57  -143.00     -90.7    0.322    0.6659E-01   4.624   1.442E-01   8.247E-04  -2.595E-02   0.000E+00   4.599E-05
   56  -144.00     -89.9    0.323    0.6706E-01   4.624   1.442E-01   8.247E-04  -2.612E-02   0.000E+00   4.599E-05
   55  -145.00     -89.1    0.323    0.6752E-01   4.624   1.442E-01   8.247E-04  -2.629E-02   0.000E+00   4.599E-05
   54  -146.00     -88.3    0.324    0.6798E-01   4.624   1.442E-01   8.247E-04  -2.646E-02   0.000E+00   4.599E-05
   53  -147.00     -87.5    0.324    0.6844E-01   4.624   1.442E-01   8.247E-04  -2.663E-02   0.000E+00   4.599E-05
   52  -148.00     -86.6    0.324    0.6889E-01   4.624   1.442E-01   8.247E-04  -2.679E-02   0.000E+00   4.599E-05
   51  -149.00     -85.8    0.325    0.6935E-01   4.624   1.442E-01   8.247E-04  -2.695E-02   0.000E+00   4.599E-05
   50  -150.00     -85.0    0.325    0.6980E-01   4.624   1.442E-01   8.247E-04  -2.711E-02   0.000E+00   4.599E-05
   49  -151.00     -84.2    0.326    0.7025E-01   4.623   1.442E-01   8.247E-04  -2.728E-02   0.000E+00   4.599E-05
   48  -152.00     -83.4    0.326    0.7070E-01   4.623   1.442E-01   8.247E-04  -2.745E-02   0.000E+00   4.599E-05
   47  -153.00     -82.6    0.327    0.7114E-01   4.623   1.442E-01   8.247E-04  -2.761E-02   0.000E+00   4.599E-05
   46  -154.00     -81.8    0.327    0.7159E-01   4.623   1.442E-01   8.247E-04  -2.778E-02   0.000E+00   4.599E-05
   45  -155.00     -81.0    0.328    0.7203E-01   4.624   1.442E-01   8.247E-04  -2.794E-02   0.000E+00   4.599E-05
   44  -156.00     -80.2    0.328    0.7247E-01   4.624   1.442E-01   8.247E-04  -2.810E-02   0.000E+00   4.599E-05
   43  -157.00     -79.4    0.329    0.7291E-01   4.624   1.442E-01   8.247E-04  -2.825E-02   0.000E+00   4.599E-05
   42  -158.00     -78.6    0.329    0.7335E-01   4.624   1.442E-01   8.247E-04  -2.840E-02   0.000E+00   4.599E-05
   41  -159.00     -77.8    0.330    0.7378E-01   4.624   1.442E-01   8.247E-04  -2.855E-02   0.000E+00   4.599E-05
   40  -160.00     -77.0    0.330    0.7421E-01   4.624   1.442E-01   8.247E-04  -2.870E-02   0.000E+00   4.599E-05
   39  -161.00     -76.2    0.331    0.7463E-01   4.624   1.442E-01   8.247E-04  -2.884E-02   0.000E+00   4.599E-05
   38  -162.00     -75.4    0.331    0.7505E-01   4.624   1.442E-01   8.247E-04  -2.898E-02   0.000E+00   4.599E-05
   37  -163.00     -74.6    0.332    0.7547E-01   4.625   1.442E-01   8.247E-04  -2.912E-02   0.000E+00   4.599E-05
   36  -164.00     -73.8    0.332    0.7587E-01   4.625   1.442E-01   8.247E-04  -2.925E-02   0.000E+00   4.599E-05
   35  -165.00     -73.0    0.333    0.7628E-01   4.625   1.442E-01   8.247E-04  -2.938E-02   0.000E+00   4.599E-05
   34  -166.00     -72.2    0.333    0.7668E-01   4.625   1.442E-01   8.247E-04  -2.951E-02   0.000E+00   4.599E-05
   33  -167.00     -71.4    0.334    0.7707E-01   4.626   1.442E-01   8.247E-04  -2.963E-02   0.000E+00   4.599E-05
   32  -168.00     -70.6    0.334    0.7745E-01   4.626   1.442E-01   8.247E-04  -2.977E-02   0.000E+00   4.599E-05
   31  -169.00     -69.8    0.335    0.7782E-01   4.626   1.442E-01   8.247E-04  -2.989E-02   0.000E+00   4.599E-05
   30  -170.00     -69.0    0.335    0.7819E-01   4.626   1.442E-01   8.247E-04  -3.002E-02   0.000E+00   4.599E-05
   29  -171.00     -68.2    0.336    0.7854E-01   4.627   1.442E-01   8.247E-04  -3.014E-02   0.000E+00   4.599E-05
   28  -172.00     -67.4    0.337    0.7888E-01   4.627   1.442E-01   8.247E-04  -3.025E-02   0.000E+00   4.599E-05
   27  -173.00     -66.6    0.337    0.7921E-01   4.627   1.442E-01   8.247E-04  -3.036E-02   0.000E+00   4.599E-05
   26  -174.00     -65.8    0.338    0.7952E-01   4.628   1.442E-01   8.247E-04  -3.047E-02   0.000E+00   4.599E-05
   25  -175.00     -65.0    0.338    0.7982E-01   4.628   1.442E-01   8.247E-04  -3.058E-02   0.000E+00   4.599E-05
   24  -176.00     -64.3    0.339    0.8009E-01   4.628   1.442E-01   8.247E-04  -3.068E-02   0.000E+00   4.599E-05
   23  -177.00     -63.5    0.339    0.8034E-01   4.628   1.442E-01   8.247E-04  -3.078E-02   0.000E+00   4.599E-05
   22  -178.00     -62.7    0.340    0.8056E-01   4.629   1.442E-01   8.247E-04  -3.087E-02   0.000E+00   4.599E-05
   21  -179.00     -61.9    0.340    0.8076E-01   4.629   1.442E-01   8.247E-04  -3.096E-02   0.000E+00   4.599E-05
   20  -180.00     -61.1    0.341    0.8092E-01   4.629   1.442E-01   8.247E-04  -3.104E-02   0.000E+00   4.599E-05
   19  -181.00     -60.3    0.341    0.8104E-01   4.630   1.442E-01   8.247E-04  -3.113E-02   0.000E+00   4.599E-05
   18  -182.00     -59.5    0.342    0.8111E-01   4.630   1.442E-01   8.247E-04  -3.121E-02   0.000E+00   4.599E-05
   17  -183.00     -58.8    0.343    0.8113E-01   4.630   1.442E-01   8.247E-04  -3.129E-02   0.000E+00   4.599E-05
   16  -184.00     -58.0    0.343    0.8109E-01   4.630   1.442E-01   8.247E-04  -3.137E-02   0.000E+00   4.599E-05
   15  -185.00     -57.2    0.344    0.8099E-01   4.631   1.442E-01   8.247E-04  -3.144E-02   0.000E+00   4.599E-05
   14  -186.00     -56.4    0.344    0.8080E-01   4.631   1.442E-01   8.247E-04  -3.151E-02   0.000E+00   4.599E-05
   13  -187.00     -55.6    0.345    0.8053E-01   4.631   1.442E-01   8.247E-04  -3.157E-02   0.000E+00   4.599E-05
   12  -188.00     -54.8    0.346    0.8015E-01   4.631   1.442E-01   8.247E-04  -3.163E-02   0.000E+00   4.599E-05
   11  -189.00     -54.1    0.346    0.7965E-01   4.631   1.442E-01   8.247E-04  -3.168E-02   0.000E+00   4.599E-05
   10  -190.00     -53.3    0.347    0.7902E-01   4.631   1.442E-01   8.247E-04  -3.173E-02   0.000E+00   4.599E-05
    9  -191.00     -52.5    0.347    0.7824E-01   4.632   1.442E-01   8.247E-04  -3.178E-02   0.000E+00   4.599E-05
    8  -192.00     -51.7    0.348    0.7730E-01   4.632   1.442E-01   8.247E-04  -3.182E-02   0.000E+00   4.599E-05
    7  -193.00     -50.9    0.349    0.7616E-01   4.632   1.442E-01   8.247E-04  -3.185E-02   0.000E+00   4.599E-05
    6  -194.00     -50.2    0.349    0.7482E-01   4.632   1.442E-01   8.247E-04  -3.189E-02   0.000E+00   4.599E-05
    5  -195.00     -49.4    0.350    0.7325E-01   4.632   1.442E-01   8.247E-04  -3.191E-02   0.000E+00   4.599E-05
    4  -196.00     -48.6    0.350    0.7143E-01   4.632   1.442E-01   8.247E-04  -3.194E-02   0.000E+00   4.599E-05
    3  -197.00     -47.8    0.351    0.6935E-01   4.632   1.442E-01   8.247E-04  -3.195E-02   0.000E+00   4.599E-05
    2  -198.00     -47.1    0.352    0.6701E-01   4.632   1.442E-01   8.247E-04  -3.196E-02   0.000E+00   4.599E-05
    1  -199.00     -46.3    0.352    0.6440E-01   4.632   1.442E-01   8.247E-04  -3.197E-02   0.000E+00   4.599E-05
#Time:    3288
  222     0.00    -249.2    0.276    0.3800E-03   2.635   2.848E-01   8.142E-04   2.452E-04   0.000E+00   4.467E-05
  221    -0.10    -249.1    0.276    0.4628E-03   2.644   2.848E-01   8.142E-04   2.474E-04   0.000E+00   4.467E-05
  220    -0.20    -249.0    0.276    0.5455E-03   2.667   2.848E-01   8.142E-04   2.518E-04   0.000E+00   4.467E-05
  219    -0.30    -248.9    0.276    0.6281E-03   2.697   2.848E-01   8.142E-04   2.562E-04   0.000E+00   4.467E-05
  218    -0.40    -248.8    0.276    0.7103E-03   2.727   2.848E-01   8.142E-04   2.606E-04   0.000E+00   4.467E-05
  217    -0.50    -248.7    0.276    0.7923E-03   2.755   2.848E-01   8.142E-04   2.650E-04   0.000E+00   4.467E-05
  216    -0.60    -248.6    0.276    0.8740E-03   2.781   2.848E-01   8.142E-04   2.693E-04   0.000E+00   4.467E-05
  215    -0.70    -248.5    0.276    0.9554E-03   2.806   2.848E-01   8.142E-04   2.737E-04   0.000E+00   4.467E-05
  214    -0.80    -248.4    0.276    0.1037E-02   2.829   2.848E-01   8.142E-04   2.780E-04   0.000E+00   4.467E-05
  213    -0.90    -248.3    0.276    0.1117E-02   2.853   2.848E-01   8.142E-04   2.823E-04   0.000E+00   4.467E-05
  212    -1.00    -248.2    0.276    0.1198E-02   2.877   2.848E-01   8.142E-04   2.887E-04   0.000E+00   4.467E-05
  211    -1.20    -248.0    0.276    0.1359E-02   2.924   2.848E-01   8.142E-04   2.951E-04   0.000E+00   4.467E-05
  210    -1.40    -247.8    0.276    0.1518E-02   2.971   2.848E-01   8.142E-04   3.035E-04   0.000E+00   4.467E-05
  209    -1.60    -247.6    0.276    0.1676E-02   3.018   2.848E-01   8.142E-04   3.119E-04   0.000E+00   4.467E-05
  208    -1.80    -247.4    0.276    0.1833E-02   3.064   2.848E-01   8.142E-04   3.202E-04   0.000E+00   4.467E-05
  207    -2.00    -247.2    0.276    0.1989E-02   3.111   2.848E-01   8.142E-04   3.284E-04   0.000E+00   4.467E-05
  206    -2.20    -247.0    0.276    0.2144E-02   3.157   2.848E-01   8.142E-04   3.365E-04   0.000E+00   4.467E-05
  205    -2.40    -246.8    0.276    0.2298E-02   3.203   2.848E-01   8.142E-04   3.446E-04   0.000E+00   4.467E-05
  204    -2.60    -246.6    0.276    0.2451E-02   3.249   2.848E-01   8.142E-04   3.526E-04   0.000E+00   4.467E-05
  203    -2.80    -246.4    0.277    0.2603E-02   3.294   2.848E-01   8.142E-04   3.606E-04   0.000E+00   4.467E-05
  202    -3.00    -246.2    0.277    0.2753E-02   3.339   2.848E-01   8.142E-04   3.743E-04   0.000E+00   4.467E-05
  201    -3.50    -245.7    0.277    0.3125E-02   3.450   2.848E-01   8.142E-04   3.877E-04   0.000E+00   4.467E-05
  200    -4.00    -245.2    0.277    0.3489E-02   3.557   2.848E-01   8.142E-04   4.066E-04   0.000E+00   4.467E-05
  199    -4.50    -244.7    0.277    0.3846E-02   3.660   2.848E-01   8.142E-04   4.249E-04   0.000E+00   4.467E-05
  198    -5.00    -244.2    0.277    0.4196E-02   3.760   2.848E-01   8.142E-04   4.429E-04   0.000E+00   4.467E-05
  197    -5.50    -243.7    0.277    0.4538E-02   3.855   2.848E-01   8.142E-04   4.604E-04   0.000E+00   4.467E-05
  196    -6.00    -243.2    0.277    0.4874E-02   3.947   2.848E-01   8.142E-04   4.777E-04   0.000E+00   4.467E-05
  195    -6.50    -242.7    0.277    0.5202E-02   4.034   2.848E-01   8.142E-04   4.947E-04   0.000E+00   4.467E-05
  194    -7.00    -242.2    0.278    0.5522E-02   4.116   2.848E-01   8.142E-04   5.114E-04   0.000E+00   4.467E-05
  193    -7.50    -241.7    0.278    0.5835E-02   4.194   2.848E-01   8.142E-04   5.278E-04   0.000E+00   4.467E-05
  192    -8.00    -241.2    0.278    0.6140E-02   4.268   2.848E-01   8.142E-04   5.518E-04   0.000E+00   4.467E-05
  191    -9.00    -240.2    0.278    0.6728E-02   4.401   2.848E-01   8.142E-04   5.751E-04   0.000E+00   4.467E-05
  190   -10.00    -239.2    0.278    0.7289E-02   4.515   2.848E-01   8.142E-04   6.054E-04   0.000E+00   4.467E-05
  189   -11.00    -238.2    0.279    0.7837E-02   4.613   2.848E-01   8.142E-04   6.348E-04   0.000E+00   4.467E-05
  188   -12.00    -237.2    0.279    0.8376E-02   4.694   2.848E-01   8.142E-04   6.636E-04   0.000E+00   4.467E-05
  187   -13.00    -236.2    0.279    0.8906E-02   4.759   2.848E-01   8.142E-04   6.919E-04   0.000E+00   4.467E-05
  186   -14.00    -235.2    0.279    0.9426E-02   4.811   2.848E-01   8.142E-04   7.198E-04   0.000E+00   4.467E-05
  185   -15.00    -234.2    0.280    0.9936E-02   4.849   2.848E-01   8.142E-04   7.474E-04   0.000E+00   4.467E-05
  184   -16.00    -233.1    0.280    0.1044E-01   4.876   2.848E-01   8.142E-04   7.752E-04   0.000E+00   4.467E-05
  183   -17.00    -232.1    0.280    0.1093E-01   4.893   2.848E-01   8.142E-04   8.034E-04   0.000E+00   4.467E-05
  182   -18.00    -231.1    0.280    0.1141E-01   4.900   2.848E-01   8.142E-04   8.351E-04   0.000E+00   4.467E-05
  181   -19.00    -230.1    0.281    0.1188E-01   4.900   2.848E-01   8.142E-04   8.704E-04   0.000E+00   4.467E-05
  180   -20.00    -229.1    0.281    0.1234E-01   4.893   2.848E-01   8.142E-04   9.060E-04   0.000E+00   4.467E-05
  179   -21.00    -228.1    0.281    0.1279E-01   4.879   2.848E-01   8.142E-04   9.415E-04   0.000E+00   4.467E-05
  178   -22.00    -227.1    0.281    0.1323E-01   4.861   2.848E-01   8.142E-04   9.769E-04   0.000E+00   4.467E-05
  177   -23.00    -226.1    0.282    0.1366E-01   4.839   2.848E-01   8.142E-04   1.012E-03   0.000E+00   4.467E-05
  176   -24.00    -225.1    0.282    0.1408E-01   4.813   2.848E-01   8.142E-04   1.047E-03   0.000E+00   4.467E-05
  175   -25.00    -224.1    0.282    0.1449E-01   4.785   2.848E-01   8.142E-04   1.081E-03   0.000E+00   4.467E-05
  174   -26.00    -223.1    0.283    0.1489E-01   4.756   2.848E-01   8.142E-04   1.115E-03   0.000E+00   4.467E-05
  173   -27.00    -222.1    0.283    0.1528E-01   4.725   2.848E-01   8.142E-04   1.149E-03   0.000E+00   4.467E-05
  172   -28.00    -221.1    0.283    0.1566E-01   4.693   2.848E-01   8.142E-04   1.182E-03   0.000E+00   4.467E-05
  171   -29.00    -220.1    0.284    0.1603E-01   4.662   2.848E-01   8.142E-04   1.214E-03   0.000E+00   4.467E-05
  170   -30.00    -219.1    0.279    0.1643E-01   4.630   2.175E-01   8.142E-04   1.246E-03   0.000E+00   4.467E-05
  169   -31.00    -218.1    0.279    0.1685E-01   4.599   2.175E-01   8.142E-04   1.276E-03   0.000E+00   4.467E-05
  168   -32.00    -217.1    0.279    0.1727E-01   4.569   2.175E-01   8.142E-04   1.306E-03   0.000E+00   4.467E-05
  167   -33.00    -216.1    0.280    0.1768E-01   4.540   2.175E-01   8.142E-04   1.335E-03   0.000E+00   4.467E-05
  166   -34.00    -215.1    0.280    0.1807E-01   4.512   2.175E-01   8.142E-04   1.364E-03   0.000E+00   4.467E-05
  165   -35.00    -214.1    0.280    0.1846E-01   4.486   2.175E-01   8.142E-04   1.393E-03   0.000E+00   4.467E-05
  164   -36.00    -213.1    0.280    0.1885E-01   4.461   2.175E-01   8.142E-04   1.421E-03   0.000E+00   4.467E-05
  163   -37.00    -212.1    0.281    0.1922E-01   4.438   2.175E-01   8.142E-04   1.448E-03   0.000E+00   4.467E-05
  162   -38.00    -211.0    0.281    0.1959E-01   4.416   2.175E-01   8.142E-04   1.476E-03   0.000E+00   4.467E-05
  161   -39.00    -210.0    0.281    0.1995E-01   4.396   2.175E-01   8.142E-04   1.502E-03   0.000E+00   4.467E-05
  160   -40.00    -209.0    0.282    0.2031E-01   4.378   2.175E-01   8.142E-04   1.529E-03   0.000E+00   4.467E-05
  159   -41.00    -208.0    0.282    0.2066E-01   4.361   2.175E-01   8.142E-04   1.555E-03   0.000E+00   4.467E-05
  158   -42.00    -207.0    0.282    0.2101E-01   4.346   2.175E-01   8.142E-04   1.580E-03   0.000E+00   4.467E-05
  157   -43.00    -206.0    0.282    0.2135E-01   4.332   2.175E-01   8.142E-04   1.605E-03   0.000E+00   4.467E-05
  156   -44.00    -205.0    0.283    0.2169E-01   4.320   2.175E-01   8.142E-04   1.630E-03   0.000E+00   4.467E-05
  155   -45.00    -204.0    0.284    0.2210E-01   4.309   1.287E-01   8.142E-04   1.653E-03   0.000E+00   4.467E-05
  154   -46.00    -203.0    0.284    0.2264E-01   4.299   1.287E-01   8.142E-04   1.673E-03   0.000E+00   4.467E-05
  153   -47.00    -202.0    0.284    0.2317E-01   4.290   1.287E-01   8.142E-04   1.694E-03   0.000E+00   4.467E-05
  152   -48.00    -201.0    0.284    0.2371E-01   4.282   1.287E-01   8.142E-04   1.713E-03   0.000E+00   4.467E-05
  151   -49.00    -199.9    0.285    0.2425E-01   4.275   1.287E-01   8.142E-04   1.733E-03   0.000E+00   4.467E-05
  150   -50.00    -198.9    0.285    0.2479E-01   4.268   1.287E-01   8.142E-04   1.752E-03   0.000E+00   4.467E-05
  149   -51.00    -197.9    0.285    0.2533E-01   4.263   1.287E-01   8.142E-04   1.770E-03   0.000E+00   4.467E-05
  148   -52.00    -196.9    0.285    0.2586E-01   4.258   1.287E-01   8.142E-04   1.789E-03   0.000E+00   4.467E-05
  147   -53.00    -195.9    0.286    0.2640E-01   4.253   1.287E-01   8.142E-04   1.808E-03   0.000E+00   4.467E-05
  146   -54.00    -194.9    0.286    0.2694E-01   4.249   1.287E-01   8.142E-04   1.830E-03   0.000E+00   4.467E-05
  145   -55.00    -193.9    0.286    0.2748E-01   4.246   1.287E-01   8.142E-04   1.854E-03   0.000E+00   4.467E-05
  144   -56.00    -192.8    0.286    0.2802E-01   4.242   1.287E-01   8.142E-04   1.878E-03   0.000E+00   4.467E-05
  143   -57.00    -191.8    0.287    0.2856E-01   4.239   1.287E-01   8.142E-04   1.902E-03   0.000E+00   4.467E-05
  142   -58.00    -190.8    0.287    0.2910E-01   4.237   1.287E-01   8.142E-04   1.926E-03   0.000E+00   4.467E-05
  141   -59.00    -189.8    0.287    0.2964E-01   4.234   1.287E-01   8.142E-04   1.949E-03   0.000E+00   4.467E-05
  140   -60.00    -188.8    0.288    0.3018E-01   4.232   1.287E-01   8.142E-04   1.971E-03   0.000E+00   4.467E-05
  139   -61.00    -187.8    0.288    0.3072E-01   4.230   1.287E-01   8.142E-04   1.992E-03   0.000E+00   4.467E-05
  138   -62.00    -186.8    0.288    0.3126E-01   4.228   1.287E-01   8.142E-04   2.013E-03   0.000E+00   4.467E-05
  137   -63.00    -185.7    0.289    0.3180E-01   4.226   1.287E-01   8.142E-04   2.033E-03   0.000E+00   4.467E-05
  136   -64.00    -184.7    0.289    0.3234E-01   4.224   1.287E-01   8.142E-04   2.053E-03   0.000E+00   4.467E-05
  135   -65.00    -183.7    0.289    0.3287E-01   4.222   1.287E-01   8.142E-04   2.071E-03   0.000E+00   4.467E-05
  134   -66.00    -182.7    0.290    0.3341E-01   4.220   1.287E-01   8.142E-04   2.089E-03   0.000E+00   4.467E-05
  133   -67.00    -181.7    0.290    0.3395E-01   4.219   1.287E-01   8.142E-04   2.107E-03   0.000E+00   4.467E-05
  132   -68.00    -180.7    0.290    0.3448E-01   4.217   1.287E-01   8.142E-04   2.124E-03   0.000E+00   4.467E-05
  131   -69.00    -179.6    0.290    0.3501E-01   4.216   1.287E-01   8.142E-04   2.140E-03   0.000E+00   4.467E-05
  130   -70.00    -178.6    0.291    0.3555E-01   4.214   1.287E-01   8.142E-04   2.156E-03   0.000E+00   4.467E-05
  129   -71.00    -177.6    0.291    0.3608E-01   4.213   1.287E-01   8.142E-04   2.171E-03   0.000E+00   4.467E-05
  128   -72.00    -176.6    0.291    0.3661E-01   4.211   1.287E-01   8.142E-04   2.185E-03   0.000E+00   4.467E-05
  127   -73.00    -175.6    0.292    0.3714E-01   4.210   1.287E-01   8.142E-04   2.199E-03   0.000E+00   4.467E-05
  126   -74.00    -174.6    0.292    0.3767E-01   4.209   1.287E-01   8.142E-04   2.212E-03   0.000E+00   4.467E-05
  125   -75.00    -173.5    0.292    0.3819E-01   4.208   1.287E-01   8.142E-04   2.224E-03   0.000E+00   4.467E-05
  124   -76.00    -172.5    0.293    0.3872E-01   4.207   1.287E-01   8.142E-04   2.236E-03   0.000E+00   4.467E-05
  123   -77.00    -171.5    0.293    0.3924E-01   4.206   1.287E-01   8.142E-04   2.247E-03   0.000E+00   4.467E-05
  122   -78.00    -170.5    0.293    0.3977E-01   4.205   1.287E-01   8.142E-04   2.257E-03   0.000E+00   4.467E-05
  121   -79.00    -169.5    0.293    0.4029E-01   4.205   1.287E-01   8.142E-04   2.267E-03   0.000E+00   4.467E-05
  120   -80.00    -168.5    0.294    0.4081E-01   4.204   1.287E-01   8.142E-04   2.276E-03   0.000E+00   4.467E-05
  119   -81.00    -167.4    0.294    0.4133E-01   4.204   1.287E-01   8.142E-04   2.285E-03   0.000E+00   4.467E-05
  118   -82.00    -166.4    0.294    0.4185E-01   4.203   1.287E-01   8.142E-04   2.294E-03   0.000E+00   4.467E-05
  117   -83.00    -165.4    0.295    0.4237E-01   4.203   1.287E-01   8.142E-04   2.305E-03   0.000E+00   4.467E-05
  116   -84.00    -164.4    0.295    0.4289E-01   4.203   1.287E-01   8.142E-04   2.317E-03   0.000E+00   4.467E-05
  115   -85.00    -163.4    0.295    0.4340E-01   4.203   1.287E-01   8.142E-04   2.328E-03   0.000E+00   4.467E-05
  114   -86.00    -162.3    0.296    0.4392E-01   4.204   1.287E-01   8.142E-04   2.340E-03   0.000E+00   4.467E-05
  113   -87.00    -161.3    0.296    0.4444E-01   4.204   1.287E-01   8.142E-04   2.350E-03   0.000E+00   4.467E-05
  112   -88.00    -160.3    0.297    0.4495E-01   4.205   1.287E-01   8.142E-04   2.360E-03   0.000E+00   4.467E-05
  111   -89.00    -159.3    0.297    0.4547E-01   4.206   1.287E-01   8.142E-04   2.369E-03   0.000E+00   4.467E-05
  110   -90.00    -158.3    0.297    0.4599E-01   4.207   1.287E-01   8.142E-04   2.378E-03   0.000E+00   4.467E-05
  109   -91.00    -157.3    0.298    0.4650E-01   4.208   1.287E-01   8.142E-04   2.385E-03   0.000E+00   4.467E-05
  108   -92.00    -156.2    0.298    0.4702E-01   4.209   1.287E-01   8.142E-04   2.392E-03   0.000E+00   4.467E-05
  107   -93.00    -155.2    0.298    0.4753E-01   4.211   1.287E-01   8.142E-04   2.398E-03   0.000E+00   4.467E-05
  106   -94.00    -154.2    0.299    0.4805E-01   4.212   1.287E-01   8.142E-04   2.403E-03   0.000E+00   4.467E-05
  105   -95.00    -153.2    0.299    0.4856E-01   4.214   1.287E-01   8.142E-04   2.408E-03   0.000E+00   4.467E-05
  104   -96.00    -152.2    0.299    0.4908E-01   4.216   1.287E-01   8.142E-04   2.412E-03   0.000E+00   4.467E-05
  103   -97.00    -151.1    0.300    0.4959E-01   4.218   1.287E-01   8.142E-04   2.415E-03   0.000E+00   4.467E-05
  102   -98.00    -150.1    0.300    0.5010E-01   4.220   1.287E-01   8.142E-04   2.418E-03   0.000E+00   4.467E-05
  101   -99.00    -149.1    0.300    0.5062E-01   4.223   1.287E-01   8.142E-04   2.420E-03   0.000E+00   4.467E-05
  100  -100.00    -148.1    0.301    0.5113E-01   4.225   1.287E-01   8.142E-04   2.421E-03   0.000E+00   4.467E-05
   99  -101.00    -147.1    0.301    0.5165E-01   4.228   1.287E-01   8.142E-04   2.421E-03   0.000E+00   4.467E-05
   98  -102.00    -146.0    0.302    0.5216E-01   4.231   1.287E-01   8.142E-04   2.421E-03   0.000E+00   4.467E-05
   97  -103.00    -145.0    0.302    0.5267E-01   4.233   1.287E-01   8.142E-04   2.420E-03   0.000E+00   4.467E-05
   96  -104.00    -144.0    0.302    0.5319E-01   4.237   1.287E-01   8.142E-04   2.419E-03   0.000E+00   4.467E-05
   95  -105.00    -143.0    0.303    0.5370E-01   4.240   1.287E-01   8.142E-04   2.417E-03   0.000E+00   4.467E-05
   94  -106.00    -142.0    0.303    0.5421E-01   4.243   1.287E-01   8.142E-04   2.415E-03   0.000E+00   4.467E-05
   93  -107.00    -141.0    0.303    0.5473E-01   4.246   1.287E-01   8.142E-04   2.413E-03   0.000E+00   4.467E-05
   92  -108.00    -139.9    0.304    0.5524E-01   4.250   1.287E-01   8.142E-04   2.411E-03   0.000E+00   4.467E-05
   91  -109.00    -138.9    0.304    0.5575E-01   4.254   1.287E-01   8.142E-04   2.410E-03   0.000E+00   4.467E-05
   90  -110.00    -137.9    0.300    0.5624E-01   4.257   1.442E-01   8.142E-04   2.409E-03   0.000E+00   4.467E-05
   89  -111.00    -136.9    0.301    0.5672E-01   4.261   1.442E-01   8.142E-04   2.407E-03   0.000E+00   4.467E-05
   88  -112.00    -135.9    0.301    0.5719E-01   4.265   1.442E-01   8.142E-04   2.405E-03   0.000E+00   4.467E-05
   87  -113.00    -134.8    0.302    0.5766E-01   4.269   1.442E-01   8.142E-04   2.403E-03   0.000E+00   4.467E-05
   86  -114.00    -133.8    0.302    0.5813E-01   4.273   1.442E-01   8.142E-04   2.399E-03   0.000E+00   4.467E-05
   85  -115.00    -132.8    0.302    0.5861E-01   4.277   1.442E-01   8.142E-04   2.395E-03   0.000E+00   4.467E-05
   84  -116.00    -131.8    0.303    0.5908E-01   4.282   1.442E-01   8.142E-04   2.391E-03   0.000E+00   4.467E-05
   83  -117.00    -130.8    0.303    0.5955E-01   4.286   1.442E-01   8.142E-04   2.386E-03   0.000E+00   4.467E-05
   82  -118.00    -129.8    0.304    0.6002E-01   4.290   1.442E-01   8.142E-04   2.380E-03   0.000E+00   4.467E-05
   81  -119.00    -128.7    0.304    0.6049E-01   4.295   1.442E-01   8.142E-04   2.374E-03   0.000E+00   4.467E-05
   80  -120.00    -127.7    0.304    0.6096E-01   4.299   1.442E-01   8.142E-04   2.367E-03   0.000E+00   4.467E-05
   79  -121.00    -126.7    0.305    0.6143E-01   4.304   1.442E-01   8.142E-04   2.360E-03   0.000E+00   4.467E-05
   78  -122.00    -125.7    0.305    0.6190E-01   4.308   1.442E-01   8.142E-04   2.352E-03   0.000E+00   4.467E-05
   77  -123.00    -124.7    0.306    0.6237E-01   4.313   1.442E-01   8.142E-04   2.344E-03   0.000E+00   4.467E-05
   76  -124.00    -123.7    0.306    0.6284E-01   4.317   1.442E-01   8.142E-04   2.335E-03   0.000E+00   4.467E-05
   75  -125.00    -122.7    0.307    0.6331E-01   4.322   1.442E-01   8.142E-04   2.326E-03   0.000E+00   4.467E-05
   74  -126.00    -121.6    0.307    0.6377E-01   4.326   1.442E-01   8.142E-04   2.317E-03   0.000E+00   4.467E-05
   73  -127.00    -120.6    0.307    0.6424E-01   4.331   1.442E-01   8.142E-04   2.307E-03   0.000E+00   4.467E-05
   72  -128.00    -119.6    0.308    0.6470E-01   4.336   1.442E-01   8.142E-04   2.298E-03   0.000E+00   4.467E-05
   71  -129.00    -118.6    0.308    0.6516E-01   4.340   1.442E-01   8.142E-04   2.290E-03   0.000E+00   4.467E-05
   70  -130.00    -117.6    0.309    0.6562E-01   4.345   1.442E-01   8.142E-04   2.282E-03   0.000E+00   4.467E-05
   69  -131.00    -116.6    0.309    0.6608E-01   4.350   1.442E-01   8.142E-04   2.273E-03   0.000E+00   4.467E-05
   68  -132.00    -115.5    0.310    0.6654E-01   4.354   1.442E-01   8.142E-04   2.264E-03   0.000E+00   4.467E-05
   67  -133.00    -114.5    0.310    0.6700E-01   4.359   1.442E-01   8.142E-04   2.254E-03   0.000E+00   4.467E-05
   66  -134.00    -113.5    0.311    0.6746E-01   4.363   1.442E-01   8.142E-04   2.244E-03   0.000E+00   4.467E-05
   65  -135.00    -112.5    0.311    0.6792E-01   4.368   1.442E-01   8.142E-04   2.233E-03   0.000E+00   4.467E-05
   64  -136.00    -111.5    0.312    0.6837E-01   4.373   1.442E-01   8.142E-04   2.222E-03   0.000E+00   4.467E-05
   63  -137.00    -110.5    0.312    0.6883E-01   4.377   1.442E-01   8.142E-04   2.210E-03   0.000E+00   4.467E-05
   62  -138.00    -109.4    0.313    0.6928E-01   4.382   1.442E-01   8.142E-04   2.198E-03   0.000E+00   4.467E-05
   61  -139.00    -108.4    0.313    0.6973E-01   4.386   1.442E-01   8.142E-04   2.185E-03   0.000E+00   4.467E-05
   60  -140.00    -107.4    0.314    0.7018E-01   4.391   1.442E-01   8.142E-04   2.172E-03   0.000E+00   4.467E-05
   59  -141.00    -106.4    0.314    0.7063E-01   4.395   1.442E-01   8.142E-04   2.158E-03   0.000E+00   4.467E-05
   58  -142.00    -105.4    0.315    0.7107E-01   4.399   1.442E-01   8.142E-04   2.144E-03   0.000E+00   4.467E-05
   57  -143.00    -104.4    0.315    0.7152E-01   4.404   1.442E-01   8.142E-04   2.129E-03   0.000E+00   4.467E-05
   56  -144.00    -103.4    0.316    0.7196E-01   4.408   1.442E-01   8.142E-04   2.114E-03   0.000E+00   4.467E-05
   55  -145.00    -102.3    0.316    0.7239E-01   4.412   1.442E-01   8.142E-04   2.099E-03   0.000E+00   4.467E-05
   54  -146.00    -101.3    0.317    0.7283E-01   4.416   1.442E-01   8.142E-04   2.085E-03   0.000E+00   4.467E-05
   53  -147.00    -100.3    0.317    0.7326E-01   4.420   1.442E-01   8.142E-04   2.070E-03   0.000E+00   4.467E-05
   52  -148.00     -99.3    0.318    0.7368E-01   4.424   1.442E-01   8.142E-04   2.055E-03   0.000E+00   4.467E-05
   51  -149.00     -98.3    0.318    0.7411E-01   4.428   1.442E-01   8.142E-04   2.040E-03   0.000E+00   4.467E-05
   50  -150.00     -97.3    0.319    0.7453E-01   4.432   1.442E-01   8.142E-04   2.025E-03   0.000E+00   4.467E-05
   49  -151.00     -96.3    0.319    0.7495E-01   4.436   1.442E-01   8.142E-04   2.011E-03   0.000E+00   4.467E-05
   48  -152.00     -95.2    0.320    0.7536E-01   4.440   1.442E-01   8.142E-04   1.995E-03   0.000E+00   4.467E-05
   47  -153.00     -94.2    0.320    0.7577E-01   4.444   1.442E-01   8.142E-04   1.980E-03   0.000E+00   4.467E-05
   46  -154.00     -93.2    0.321    0.7617E-01   4.448   1.442E-01   8.142E-04   1.964E-03   0.000E+00   4.467E-05
   45  -155.00     -92.2    0.321    0.7657E-01   4.451   1.442E-01   8.142E-04   1.948E-03   0.000E+00   4.467E-05
   44  -156.00     -91.2    0.322    0.7697E-01   4.455   1.442E-01   8.142E-04   1.932E-03   0.000E+00   4.467E-05
   43  -157.00     -90.2    0.323    0.7736E-01   4.458   1.442E-01   8.142E-04   1.916E-03   0.000E+00   4.467E-05
   42  -158.00     -89.2    0.323    0.7774E-01   4.462   1.442E-01   8.142E-04   1.899E-03   0.000E+00   4.467E-05
   41  -159.00     -88.1    0.324    0.7812E-01   4.465   1.442E-01   8.142E-04   1.883E-03   0.000E+00   4.467E-05
   40  -160.00     -87.1    0.324    0.7849E-01   4.468   1.442E-01   8.142E-04   1.866E-03   0.000E+00   4.467E-05
   39  -161.00     -86.1    0.325    0.7885E-01   4.472   1.442E-01   8.142E-04   1.850E-03   0.000E+00   4.467E-05
   38  -162.00     -85.1    0.325    0.7920E-01   4.475   1.442E-01   8.142E-04   1.834E-03   0.000E+00   4.467E-05
   37  -163.00     -84.1    0.326    0.7955E-01   4.478   1.442E-01   8.142E-04   1.817E-03   0.000E+00   4.467E-05
   36  -164.00     -83.1    0.327    0.7989E-01   4.481   1.442E-01   8.142E-04   1.801E-03   0.000E+00   4.467E-05
   35  -165.00     -82.1    0.327    0.8022E-01   4.484   1.442E-01   8.142E-04   1.785E-03   0.000E+00   4.467E-05
   34  -166.00     -81.1    0.328    0.8054E-01   4.486   1.442E-01   8.142E-04   1.769E-03   0.000E+00   4.467E-05
   33  -167.00     -80.0    0.328    0.8085E-01   4.489   1.442E-01   8.142E-04   1.753E-03   0.000E+00   4.467E-05
   32  -168.00     -79.0    0.329    0.8116E-01   4.492   1.442E-01   8.142E-04   1.738E-03   0.000E+00   4.467E-05
   31  -169.00     -78.0    0.330    0.8145E-01   4.494   1.442E-01   8.142E-04   1.722E-03   0.000E+00   4.467E-05
   30  -170.00     -77.0    0.330    0.8173E-01   4.497   1.442E-01   8.142E-04   1.706E-03   0.000E+00   4.467E-05
   29  -171.00     -76.0    0.331    0.8200E-01   4.499   1.442E-01   8.142E-04   1.691E-03   0.000E+00   4.467E-05
   28  -172.00     -75.0    0.332    0.8226E-01   4.502   1.442E-01   8.142E-04   1.675E-03   0.000E+00   4.467E-05
   27  -173.00     -74.0    0.332    0.8250E-01   4.504   1.442E-01   8.142E-04   1.660E-03   0.000E+00   4.467E-05
   26  -174.00     -73.0    0.333    0.8273E-01   4.506   1.442E-01   8.142E-04   1.645E-03   0.000E+00   4.467E-05
   25  -175.00     -72.0    0.333    0.8295E-01   4.508   1.442E-01   8.142E-04   1.630E-03   0.000E+00   4.467E-05
   24  -176.00     -70.9    0.334    0.8315E-01   4.510   1.442E-01   8.142E-04   1.615E-03   0.000E+00   4.467E-05
   23  -177.00     -69.9    0.335    0.8334E-01   4.512   1.442E-01   8.142E-04   1.601E-03   0.000E+00   4.467E-05
   22  -178.00     -68.9    0.335    0.8352E-01   4.514   1.442E-01   8.142E-04   1.587E-03   0.000E+00   4.467E-05
   21  -179.00     -67.9    0.336    0.8368E-01   4.515   1.442E-01   8.142E-04   1.573E-03   0.000E+00   4.467E-05
   20  -180.00     -66.9    0.337    0.8383E-01   4.517   1.442E-01   8.142E-04   1.560E-03   0.000E+00   4.467E-05
   19  -181.00     -65.9    0.338    0.8396E-01   4.519   1.442E-01   8.142E-04   1.547E-03   0.000E+00   4.467E-05
   18  -182.00     -64.9    0.338    0.8407E-01   4.520   1.442E-01   8.142E-04   1.535E-03   0.000E+00   4.467E-05
   17  -183.00     -63.9    0.339    0.8417E-01   4.521   1.442E-01   8.142E-04   1.523E-03   0.000E+00   4.467E-05
   16  -184.00     -62.9    0.340    0.8425E-01   4.523   1.442E-01   8.142E-04   1.512E-03   0.000E+00   4.467E-05
   15  -185.00     -61.8    0.340    0.8432E-01   4.524   1.442E-01   8.142E-04   1.501E-03   0.000E+00   4.467E-05
   14  -186.00     -60.8    0.341    0.8438E-01   4.525   1.442E-01   8.142E-04   1.490E-03   0.000E+00   4.467E-05
   13  -187.00     -59.8    0.342    0.8442E-01   4.526   1.442E-01   8.142E-04   1.481E-03   0.000E+00   4.467E-05
   12  -188.00     -58.8    0.343    0.8445E-01   4.527   1.442E-01   8.142E-04   1.471E-03   0.000E+00   4.467E-05
   11  -189.00     -57.8    0.343    0.8448E-01   4.528   1.442E-01   8.142E-04   1.462E-03   0.000E+00   4.467E-05
   10  -190.00     -56.8    0.344    0.8449E-01   4.529   1.442E-01   8.142E-04   1.455E-03   0.000E+00   4.467E-05
    9  -191.00     -55.8    0.345    0.8449E-01   4.529   1.442E-01   8.142E-04   1.447E-03   0.000E+00   4.467E-05
    8  -192.00     -54.8    0.346    0.8450E-01   4.530   1.442E-01   8.142E-04   1.441E-03   0.000E+00   4.467E-05
    7  -193.00     -53.8    0.346    0.8450E-01   4.531   1.442E-01   8.142E-04   1.435E-03   0.000E+00   4.467E-05
    6  -194.00     -52.8    0.347    0.8450E-01   4.531   1.442E-01   8.142E-04   1.431E-03   0.000E+00   4.467E-05
    5  -195.00     -51.7    0.348    0.8451E-01   4.531   1.442E-01   8.142E-04   1.427E-03   0.000E+00   4.467E-05
    4  -196.00     -50.7    0.349    0.8454E-01   4.532   1.442E-01   8.142E-04   1.424E-03   0.000E+00   4.467E-05
    3  -197.00     -49.7    0.350    0.8459E-01   4.532   1.442E-01   8.142E-04   1.421E-03   0.000E+00   4.467E-05
    2  -198.00     -48.7    0.350    0.8468E-01   4.532   1.442E-01   8.142E-04   1.420E-03   0.000E+00   4.467E-05
    1  -199.00     -47.7    0.351    0.8481E-01   4.532   1.442E-01   8.142E-04   1.419E-03   0.000E+00   4.467E-05
#Time:    3864
  222     0.00      10.0    0.441    0.3800E-03   2.910   2.848E-01   7.637E-04  -2.059E-01   0.000E+00   4.570E-05
  221    -0.10      10.0    0.441    0.5265E-03   2.919   2.848E-01   7.637E-04  -2.059E-01   0.000E+00   4.570E-05
  220    -0.20      10.0    0.441    0.6756E-03   2.944   2.848E-01   7.637E-04  -2.059E-01   0.000E+00   4.570E-05
  219    -0.30      10.0    0.441    0.8275E-03   2.974   2.848E-01   7.637E-04  -2.059E-01   0.000E+00   4.570E-05
  218    -0.40      10.1    0.441    0.9818E-03   3.002   2.848E-01   7.637E-04  -2.059E-01   0.000E+00   4.570E-05
  217    -0.50      10.1    0.441    0.1139E-02   3.027   2.848E-01   7.637E-04  -2.059E-01   0.000E+00   4.570E-05
  216    -0.60      10.1    0.441    0.1298E-02   3.050   2.848E-01   7.637E-04  -2.059E-01   0.000E+00   4.570E-05
  215    -0.70      10.1    0.441    0.1460E-02   3.073   2.848E-01   7.637E-04  -2.059E-01   0.000E+00   4.570E-05
  214    -0.80      10.2    0.441    0.1625E-02   3.096   2.848E-01   7.637E-04  -2.059E-01   0.000E+00   4.570E-05
  213    -0.90      10.2    0.441    0.1792E-02   3.120   2.848E-01   7.637E-04  -2.059E-01   0.000E+00   4.570E-05
  212    -1.00      10.2    0.441    0.1963E-02   3.143   2.848E-01   7.637E-04  -2.059E-01   0.000E+00   4.570E-05
  211    -1.20      10.3    0.441    0.2311E-02   3.189   2.848E-01   7.637E-04  -2.059E-01   0.000E+00   4.570E-05
  210    -1.40      10.3    0.441    0.2670E-02   3.236   2.848E-01   7.637E-04  -2.059E-01   0.000E+00   4.570E-05
  209    -1.60      10.4    0.441    0.3040E-02   3.282   2.848E-01   7.637E-04  -2.059E-01   0.000E+00   4.570E-05
  208    -1.80      10.5    0.441    0.3420E-02   3.328   2.848E-01   7.637E-04  -2.059E-01   0.000E+00   4.570E-05
  207    -2.00      10.5    0.441    0.3811E-02   3.374   2.848E-01   7.637E-04  -2.059E-01   0.000E+00   4.570E-05
  206    -2.20      10.6    0.441    0.4212E-02   3.421   2.848E-01   7.637E-04  -2.059E-01   0.000E+00   4.570E-05
  205    -2.40      10.6    0.441    0.4623E-02   3.467   2.848E-01   7.637E-04  -2.059E-01   0.000E+00   4.570E-05
  204    -2.60      10.7    0.441    0.5043E-02   3.513   2.848E-01   7.637E-04  -2.059E-01   0.000E+00   4.570E-05
  203    -2.80      10.7    0.441    0.5472E-02   3.559   2.848E-01   7.637E-04  -2.059E-01   0.000E+00   4.570E-05
  202    -3.00      10.8    0.441    0.5910E-02   3.604   2.848E-01   7.637E-04  -2.059E-01   0.000E+00   4.570E-05
  201    -3.50      10.9    0.441    0.7038E-02   3.718   2.848E-01   7.637E-04  -2.059E-01   0.000E+00   4.570E-05
  200    -4.00      11.1    0.441    0.8205E-02   3.829   2.848E-01   7.637E-04  -2.059E-01   0.000E+00   4.570E-05
  199    -4.50      11.2    0.441    0.9397E-02   3.938   2.848E-01   7.637E-04  -2.059E-01   0.000E+00   4.570E-05
  198    -5.00      11.3    0.441    0.1060E-01   4.045   2.848E-01   7.637E-04  -2.059E-01   0.000E+00   4.570E-05
  197    -5.50      11.5    0.441    0.1180E-01   4.150   2.848E-01   7.637E-04  -2.059E-01   0.000E+00   4.570E-05
  196    -6.00      11.6    0.441    0.1299E-01   4.252   2.848E-01   7.637E-04  -2.059E-01   0.000E+00   4.570E-05
  195    -6.50      11.8    0.441    0.1415E-01   4.351   2.848E-01   7.637E-04  -2.059E-01   0.000E+00   4.570E-05
  194    -7.00      11.9    0.441    0.1525E-01   4.446   2.848E-01   7.637E-04  -2.059E-01   0.000E+00   4.570E-05
  193    -7.50      12.0    0.441    0.1630E-01   4.538   2.848E-01   7.637E-04  -2.059E-01   0.000E+00   4.570E-05
  192    -8.00      12.2    0.441    0.1726E-01   4.627   2.848E-01   7.637E-04  -2.059E-01   0.000E+00   4.570E-05
  191    -9.00      12.4    0.441    0.1886E-01   4.794   2.848E-01   7.637E-04  -2.059E-01   0.000E+00   4.570E-05
  190   -10.00      12.7    0.441    0.1995E-01   4.947   2.848E-01   7.637E-04  -2.059E-01   0.000E+00   4.570E-05
  189   -11.00      13.0    0.441    0.2077E-01   5.085   2.848E-01   7.637E-04  -2.059E-01   0.000E+00   4.570E-05
  188   -12.00      13.3    0.441    0.2141E-01   5.208   2.848E-01   7.637E-04  -2.059E-01   0.000E+00   4.570E-05
  187   -13.00      13.6    0.441    0.2189E-01   5.316   2.848E-01   7.637E-04  -2.059E-01   0.000E+00   4.570E-05
  186   -14.00      13.8    0.441    0.2226E-01   5.411   2.848E-01   7.637E-04  -2.059E-01   0.000E+00   4.570E-05
  185   -15.00      14.1    0.441    0.2255E-01   5.492   2.848E-01   7.637E-04  -2.059E-01   0.000E+00   4.570E-05
  184   -16.00      14.4    0.441    0.2278E-01   5.560   2.848E-01   7.637E-04  -2.059E-01   0.000E+00   4.570E-05
  183   -17.00      14.7    0.441    0.2295E-01   5.615   2.848E-01   7.637E-04  -2.059E-01   0.000E+00   4.570E-05
  182   -18.00      14.9    0.441    0.2309E-01   5.659   2.848E-01   7.637E-04  -2.059E-01   0.000E+00   4.570E-05
  181   -19.00      15.2    0.441    0.2320E-01   5.691   2.848E-01   7.637E-04  -2.059E-01   0.000E+00   4.570E-05
  180   -20.00      15.5    0.441    0.2327E-01   5.713   2.848E-01   7.637E-04  -2.059E-01   0.000E+00   4.570E-05
  179   -21.00      15.8    0.441    0.2331E-01   5.725   2.848E-01   7.637E-04  -2.059E-01   0.000E+00   4.570E-05
  178   -22.00      16.0    0.441    0.2331E-01   5.729   2.848E-01   7.637E-04  -2.059E-01   0.000E+00   4.570E-05
  177   -23.00      16.3    0.441    0.2329E-01   5.724   2.848E-01   7.637E-04  -2.059E-01   0.000E+00   4.570E-05
  176   -24.00      16.6    0.441    0.2325E-01   5.711   2.848E-01   7.637E-04  -2.059E-01   0.000E+00   4.570E-05
  175   -25.00      16.9    0.441    0.2318E-01   5.692   2.848E-01   7.637E-04  -2.059E-01   0.000E+00   4.570E-05
  174   -26.00      17.2    0.441    0.2310E-01   5.666   2.848E-01   7.637E-04  -2.059E-01   0.000E+00   4.570E-05
  173   -27.00      17.4    0.441    0.2300E-01   5.635   2.848E-01   7.637E-04  -2.059E-01   0.000E+00   4.570E-05
  172   -28.00      17.7    0.441    0.2289E-01   5.599   2.848E-01   7.637E-04  -2.059E-01   0.000E+00   4.570E-05
  171   -29.00      18.0    0.441    0.2279E-01   5.559   2.848E-01   7.637E-04  -2.059E-01   0.000E+00   4.570E-05
  170   -30.00      18.2    0.422    0.2269E-01   5.516   2.175E-01   7.637E-04  -2.059E-01   0.000E+00   4.570E-05
  169   -31.00      18.2    0.422    0.2259E-01   5.469   2.175E-01   7.637E-04  -2.059E-01   0.000E+00   4.570E-05
  168   -32.00      18.3    0.422    0.2250E-01   5.419   2.175E-01   7.637E-04  -2.059E-01   0.000E+00   4.570E-05
  167   -33.00      18.3    0.422    0.2241E-01   5.368   2.175E-01   7.637E-04  -2.059E-01   0.000E+00   4.570E-05
  166   -34.00      18.4    0.422    0.2234E-01   5.315   2.175E-01   7.637E-04  -2.059E-01   0.000E+00   4.570E-05
  165   -35.00      18.4    0.422    0.2227E-01   5.261   2.175E-01   7.637E-04  -2.059E-01   0.000E+00   4.570E-05
  164   -36.00      18.5    0.422    0.2222E-01   5.207   2.175E-01   7.637E-04  -2.059E-01   0.000E+00   4.570E-05
  163   -37.00      18.5    0.422    0.2218E-01   5.153   2.175E-01   7.637E-04  -2.059E-01   0.000E+00   4.570E-05
  162   -38.00      18.6    0.422    0.2215E-01   5.098   2.175E-01   7.637E-04  -2.059E-01   0.000E+00   4.570E-05
  161   -39.00      18.7    0.422    0.2214E-01   5.044   2.175E-01   7.637E-04  -2.059E-01   0.000E+00   4.570E-05
  160   -40.00      18.7    0.422    0.2215E-01   4.991   2.175E-01   7.637E-04  -2.059E-01   0.000E+00   4.570E-05
  159   -41.00      18.8    0.422    0.2216E-01   4.939   2.175E-01   7.637E-04  -2.059E-01   0.000E+00   4.570E-05
  158   -42.00      18.8    0.422    0.2219E-01   4.888   2.175E-01   7.637E-04  -2.059E-01   0.000E+00   4.570E-05
  157   -43.00      18.9    0.422    0.2222E-01   4.838   2.175E-01   7.637E-04  -2.059E-01   0.000E+00   4.570E-05
  156   -44.00      18.9    0.422    0.2225E-01   4.789   2.175E-01   7.637E-04  -2.059E-01   0.000E+00   4.570E-05
  155   -45.00      18.7    0.395    0.2225E-01   4.741   1.287E-01   7.637E-04  -2.059E-01   0.000E+00   4.570E-05
  154   -46.00      18.1    0.395    0.2226E-01   4.694   1.287E-01   7.637E-04  -2.059E-01   0.000E+00   4.570E-05
  153   -47.00      17.5    0.395    0.2230E-01   4.649   1.287E-01   7.637E-04  -2.059E-01   0.000E+00   4.570E-05
  152   -48.00      16.9    0.395    0.2235E-01   4.605   1.287E-01   7.637E-04  -2.059E-01   0.000E+00   4.570E-05
  151   -49.00      16.3    0.395    0.2242E-01   4.563   1.287E-01   7.637E-04  -2.059E-01   0.000E+00   4.570E-05
  150   -50.00      15.7    0.395    0.2252E-01   4.522   1.287E-01   7.637E-04  -2.059E-01   0.000E+00   4.570E-05
  149   -51.00      15.1    0.395    0.2263E-01   4.484   1.287E-01   7.637E-04  -2.059E-01   0.000E+00   4.570E-05
  148   -52.00      14.5    0.395    0.2276E-01   4.447   1.287E-01   7.637E-04  -2.059E-01   0.000E+00   4.570E-05
  147   -53.00      13.9    0.395    0.2291E-01   4.411   1.287E-01   7.637E-04  -2.059E-01   0.000E+00   4.570E-05
  146   -54.00      13.3    0.395    0.2308E-01   4.378   1.287E-01   7.637E-04  -2.059E-01   0.000E+00   4.570E-05
  145   -55.00      12.7    0.395    0.2326E-01   4.346   1.287E-01   7.637E-04  -2.059E-01   0.000E+00   4.570E-05
  144   -56.00      12.1    0.395    0.2346E-01   4.316   1.287E-01   7.637E-04  -2.059E-01   0.000E+00   4.570E-05
  143   -57.00      11.5    0.395    0.2368E-01   4.288   1.287E-01   7.637E-04  -2.059E-01   0.000E+00   4.570E-05
  142   -58.00      10.9    0.395    0.2391E-01   4.261   1.287E-01   7.637E-04  -2.059E-01   0.000E+00   4.570E-05
  141   -59.00      10.3    0.395    0.2415E-01   4.236   1.287E-01   7.637E-04  -2.059E-01   0.000E+00   4.570E-05
  140   -60.00       9.7    0.395    0.2441E-01   4.212   1.287E-01   7.637E-04  -2.059E-01   0.000E+00   4.570E-05
  139   -61.00       9.1    0.395    0.2468E-01   4.190   1.287E-01   7.637E-04  -2.059E-01   0.000E+00   4.570E-05
  138   -62.00       8.5    0.395    0.2497E-01   4.170   1.287E-01   7.637E-04  -2.059E-01   0.000E+00   4.570E-05
  137   -63.00       7.9    0.395    0.2527E-01   4.151   1.287E-01   7.637E-04  -2.059E-01   0.000E+00   4.570E-05
  136   -64.00       7.3    0.395    0.2558E-01   4.133   1.287E-01   7.637E-04  -2.059E-01   0.000E+00   4.570E-05
  135   -65.00       6.7    0.395    0.2590E-01   4.117   1.287E-01   7.637E-04  -2.059E-01   0.000E+00   4.570E-05
  134   -66.00       6.1    0.395    0.2624E-01   4.102   1.287E-01   7.637E-04  -2.059E-01   0.000E+00   4.570E-05
  133   -67.00       5.5    0.395    0.2659E-01   4.088   1.287E-01   7.637E-04  -2.059E-01   0.000E+00   4.570E-05
  132   -68.00       4.9    0.395    0.2695E-01   4.075   1.287E-01   7.637E-04  -2.059E-01   0.000E+00   4.570E-05
  131   -69.00       4.3    0.395    0.2732E-01   4.064   1.287E-01   7.637E-04  -2.059E-01   0.000E+00   4.570E-05
  130   -70.00       3.7    0.395    0.2771E-01   4.054   1.287E-01   7.637E-04  -2.059E-01   0.000E+00   4.570E-05
  129   -71.00       3.1    0.395    0.2811E-01   4.045   1.287E-01   7.637E-04  -2.059E-01   0.000E+00   4.570E-05
  128   -72.00       2.5    0.395    0.2853E-01   4.037   1.287E-01   7.637E-04  -2.059E-01   0.000E+00   4.570E-05
  127   -73.00       1.9    0.395    0.2896E-01   4.030   1.287E-01   7.637E-04  -2.059E-01   0.000E+00   4.570E-05
  126   -74.00       1.3    0.395    0.2940E-01   4.024   1.287E-01   7.637E-04  -2.059E-01   0.000E+00   4.570E-05
  125   -75.00       0.7    0.395    0.2985E-01   4.019   1.287E-01   7.637E-04  -2.059E-01   0.000E+00   4.570E-05
  124   -76.00       0.1    0.395    0.3032E-01   4.014   1.287E-01   7.637E-04  -2.059E-01   0.000E+00   4.570E-05
  123   -77.00      -0.5    0.395    0.3081E-01   4.011   1.287E-01   7.637E-04  -2.059E-01   0.000E+00   4.570E-05
  122   -78.00      -1.1    0.395    0.3131E-01   4.009   1.287E-01   7.637E-04  -2.059E-01   0.000E+00   4.570E-05
  121   -79.00      -1.7    0.394    0.3182E-01   4.007   1.287E-01   7.637E-04  -2.058E-01   0.000E+00   4.570E-05
  120   -80.00      -2.3    0.394    0.3235E-01   4.006   1.287E-01   7.637E-04  -2.058E-01   0.000E+00   4.570E-05
  119   -81.00      -2.9    0.394    0.3290E-01   4.006   1.287E-01   7.637E-04  -2.058E-01   0.000E+00   4.570E-05
  118   -82.00      -3.5    0.393    0.3346E-01   4.007   1.287E-01   7.637E-04  -2.058E-01   0.000E+00   4.570E-05
  117   -83.00      -4.1    0.393    0.3403E-01   4.008   1.287E-01   7.637E-04  -2.058E-01   0.000E+00   4.570E-05
  116   -84.00      -4.7    0.392    0.3462E-01   4.010   1.287E-01   7.637E-04  -2.057E-01   0.000E+00   4.570E-05
  115   -85.00      -5.2    0.392    0.3522E-01   4.012   1.287E-01   7.637E-04  -2.057E-01   0.000E+00   4.570E-05
  114   -86.00      -5.8    0.391    0.3583E-01   4.015   1.287E-01   7.637E-04  -2.057E-01   0.000E+00   4.570E-05
  113   -87.00      -6.4    0.391    0.3646E-01   4.019   1.287E-01   7.637E-04  -2.056E-01   0.000E+00   4.570E-05
  112   -88.00      -7.0    0.390    0.3710E-01   4.023   1.287E-01   7.637E-04  -2.056E-01   0.000E+00   4.570E-05
  111   -89.00      -7.6    0.390    0.3775E-01   4.027   1.287E-01   7.637E-04  -2.055E-01   0.000E+00   4.570E-05
  110   -90.00      -8.2    0.389    0.3841E-01   4.032   1.287E-01   7.637E-04  -2.055E-01   0.000E+00   4.570E-05
  109   -91.00      -8.8    0.389    0.3908E-01   4.037   1.287E-01   7.637E-04  -2.054E-01   0.000E+00   4.570E-05
  108   -92.00      -9.4    0.388    0.3975E-01   4.043   1.287E-01   7.637E-04  -2.054E-01   0.000E+00   4.570E-05
  107   -93.00     -10.0    0.388    0.4044E-01   4.049   1.287E-01   7.637E-04  -2.053E-01   0.000E+00   4.570E-05
  106   -94.00     -10.6    0.387    0.4113E-01   4.056   1.287E-01   7.637E-04  -2.052E-01   0.000E+00   4.570E-05
  105   -95.00     -11.2    0.387    0.4183E-01   4.063   1.287E-01   7.637E-04  -2.052E-01   0.000E+00   4.570E-05
  104   -96.00     -11.8    0.386    0.4253E-01   4.070   1.287E-01   7.637E-04  -2.051E-01   0.000E+00   4.570E-05
  103   -97.00     -12.4    0.386    0.4324E-01   4.077   1.287E-01   7.637E-04  -2.050E-01   0.000E+00   4.570E-05
  102   -98.00     -13.0    0.385    0.4395E-01   4.085   1.287E-01   7.637E-04  -2.050E-01   0.000E+00   4.570E-05
  101   -99.00     -13.6    0.385    0.4467E-01   4.093   1.287E-01   7.637E-04  -2.049E-01   0.000E+00   4.570E-05
  100  -100.00     -14.2    0.384    0.4539E-01   4.101   1.287E-01   7.637E-04  -2.048E-01   0.000E+00   4.570E-05
   99  -101.00     -14.8    0.384    0.4611E-01   4.110   1.287E-01   7.637E-04  -2.047E-01   0.000E+00   4.570E-05
   98  -102.00     -15.4    0.383    0.4683E-01   4.118   1.287E-01   7.637E-04  -2.047E-01   0.000E+00   4.570E-05
   97  -103.00     -16.0    0.383    0.4755E-01   4.127   1.287E-01   7.637E-04  -2.046E-01   0.000E+00   4.570E-05
   96  -104.00     -16.5    0.382    0.4827E-01   4.136   1.287E-01   7.637E-04  -2.045E-01   0.000E+00   4.570E-05
   95  -105.00     -17.1    0.381    0.4899E-01   4.145   1.287E-01   7.637E-04  -2.044E-01   0.000E+00   4.570E-05
   94  -106.00     -17.7    0.381    0.4972E-01   4.154   1.287E-01   7.637E-04  -2.043E-01   0.000E+00   4.570E-05
   93  -107.00     -18.3    0.380    0.5044E-01   4.163   1.287E-01   7.637E-04  -2.042E-01   0.000E+00   4.570E-05
   92  -108.00     -18.9    0.380    0.5116E-01   4.173   1.287E-01   7.637E-04  -2.041E-01   0.000E+00   4.570E-05
   91  -109.00     -19.5    0.379    0.5188E-01   4.182   1.287E-01   7.637E-04  -2.041E-01   0.000E+00   4.570E-05
   90  -110.00     -20.0    0.376    0.5260E-01   4.192   1.442E-01   7.637E-04  -2.040E-01   0.000E+00   4.570E-05
   89  -111.00     -20.4    0.376    0.5332E-01   4.201   1.442E-01   7.637E-04  -2.039E-01   0.000E+00   4.570E-05
   88  -112.00     -20.8    0.376    0.5403E-01   4.211   1.442E-01   7.637E-04  -2.038E-01   0.000E+00   4.570E-05
   87  -113.00     -21.2    0.375    0.5474E-01   4.220   1.442E-01   7.637E-04  -2.037E-01   0.000E+00   4.570E-05
   86  -114.00     -21.6    0.375    0.5544E-01   4.230   1.442E-01   7.637E-04  -2.036E-01   0.000E+00   4.570E-05
   85  -115.00     -22.0    0.374    0.5615E-01   4.240   1.442E-01   7.637E-04  -2.035E-01   0.000E+00   4.570E-05
   84  -116.00     -22.4    0.374    0.5685E-01   4.249   1.442E-01   7.637E-04  -2.034E-01   0.000E+00   4.570E-05
   83  -117.00     -22.9    0.374    0.5755E-01   4.259   1.442E-01   7.637E-04  -2.033E-01   0.000E+00   4.570E-05
   82  -118.00     -23.3    0.373    0.5824E-01   4.269   1.442E-01   7.637E-04  -2.032E-01   0.000E+00   4.570E-05
   81  -119.00     -23.7    0.373    0.5893E-01   4.278   1.442E-01   7.637E-04  -2.031E-01   0.000E+00   4.570E-05
   80  -120.00     -24.1    0.372    0.5962E-01   4.288   1.442E-01   7.637E-04  -2.030E-01   0.000E+00   4.570E-05
   79  -121.00     -24.5    0.372    0.6031E-01   4.298   1.442E-01   7.637E-04  -2.029E-01   0.000E+00   4.570E-05
   78  -122.00     -24.9    0.372    0.6099E-01   4.307   1.442E-01   7.637E-04  -2.028E-01   0.000E+00   4.570E-05
   77  -123.00     -25.3    0.371    0.6167E-01   4.317   1.442E-01   7.637E-04  -2.027E-01   0.000E+00   4.570E-05
   76  -124.00     -25.7    0.371    0.6234E-01   4.326   1.442E-01   7.637E-04  -2.026E-01   0.000E+00   4.570E-05
   75  -125.00     -26.1    0.370    0.6301E-01   4.335   1.442E-01   7.637E-04  -2.025E-01   0.000E+00   4.570E-05
   74  -126.00     -26.5    0.370    0.6368E-01   4.345   1.442E-01   7.637E-04  -2.024E-01   0.000E+00   4.570E-05
   73  -127.00     -26.9    0.370    0.6434E-01   4.354   1.442E-01   7.637E-04  -2.023E-01   0.000E+00   4.570E-05
   72  -128.00     -27.3    0.369    0.6500E-01   4.363   1.442E-01   7.637E-04  -2.022E-01   0.000E+00   4.570E-05
   71  -129.00     -27.7    0.369    0.6565E-01   4.372   1.442E-01   7.637E-04  -2.021E-01   0.000E+00   4.570E-05
   70  -130.00     -28.1    0.368    0.6630E-01   4.381   1.442E-01   7.637E-04  -2.020E-01   0.000E+00   4.570E-05
   69  -131.00     -28.5    0.368    0.6695E-01   4.390   1.442E-01   7.637E-04  -2.019E-01   0.000E+00   4.570E-05
   68  -132.00     -28.9    0.368    0.6759E-01   4.399   1.442E-01   7.637E-04  -2.019E-01   0.000E+00   4.570E-05
   67  -133.00     -29.3    0.367    0.6822E-01   4.407   1.442E-01   7.637E-04  -2.018E-01   0.000E+00   4.570E-05
   66  -134.00     -29.7    0.367    0.6886E-01   4.416   1.442E-01   7.637E-04  -2.017E-01   0.000E+00   4.570E-05
   65  -135.00     -30.1    0.367    0.6948E-01   4.424   1.442E-01   7.637E-04  -2.016E-01   0.000E+00   4.570E-05
   64  -136.00     -30.5    0.366    0.7011E-01   4.433   1.442E-01   7.637E-04  -2.015E-01   0.000E+00   4.570E-05
   63  -137.00     -30.9    0.366    0.7072E-01   4.441   1.442E-01   7.637E-04  -2.014E-01   0.000E+00   4.570E-05
   62  -138.00     -31.3    0.365    0.7134E-01   4.449   1.442E-01   7.637E-04  -2.013E-01   0.000E+00   4.570E-05
   61  -139.00     -31.7    0.365    0.7195E-01   4.457   1.442E-01   7.637E-04  -2.013E-01   0.000E+00   4.570E-05
   60  -140.00     -32.1    0.365    0.7255E-01   4.465   1.442E-01   7.637E-04  -2.012E-01   0.000E+00   4.570E-05
   59  -141.00     -32.5    0.364    0.7315E-01   4.473   1.442E-01   7.637E-04  -2.011E-01   0.000E+00   4.570E-05
   58  -142.00     -32.9    0.364    0.7375E-01   4.481   1.442E-01   7.637E-04  -2.010E-01   0.000E+00   4.570E-05
   57  -143.00     -33.3    0.364    0.7434E-01   4.488   1.442E-01   7.637E-04  -2.010E-01   0.000E+00   4.570E-05
   56  -144.00     -33.7    0.363    0.7493E-01   4.496   1.442E-01   7.637E-04  -2.009E-01   0.000E+00   4.570E-05
   55  -145.00     -34.1    0.363    0.7551E-01   4.503   1.442E-01   7.637E-04  -2.008E-01   0.000E+00   4.570E-05
   54  -146.00     -34.5    0.363    0.7609E-01   4.511   1.442E-01   7.637E-04  -2.007E-01   0.000E+00   4.570E-05
   53  -147.00     -34.9    0.362    0.7666E-01   4.518   1.442E-01   7.637E-04  -2.007E-01   0.000E+00   4.570E-05
   52  -148.00     -35.2    0.362    0.7723E-01   4.525   1.442E-01   7.637E-04  -2.006E-01   0.000E+00   4.570E-05
   51  -149.00     -35.6    0.362    0.7780E-01   4.532   1.442E-01   7.637E-04  -2.005E-01   0.000E+00   4.570E-05
   50  -150.00     -36.0    0.361    0.7836E-01   4.539   1.442E-01   7.637E-04  -2.005E-01   0.000E+00   4.570E-05
   49  -151.00     -36.4    0.361    0.7892E-01   4.545   1.442E-01   7.637E-04  -2.004E-01   0.000E+00   4.570E-05
   48  -152.00     -36.8    0.360    0.7948E-01   4.552   1.442E-01   7.637E-04  -2.003E-01   0.000E+00   4.570E-05
   47  -153.00     -37.2    0.360    0.8003E-01   4.558   1.442E-01   7.637E-04  -2.003E-01   0.000E+00   4.570E-05
   46  -154.00     -37.6    0.360    0.8057E-01   4.565   1.442E-01   7.637E-04  -2.002E-01   0.000E+00   4.570E-05
   45  -155.00     -38.0    0.359    0.8111E-01   4.571   1.442E-01   7.637E-04  -2.002E-01   0.000E+00   4.570E-05
   44  -156.00     -38.4    0.359    0.8165E-01   4.577   1.442E-01   7.637E-04  -2.001E-01   0.000E+00   4.570E-05
   43  -157.00     -38.8    0.359    0.8219E-01   4.583   1.442E-01   7.637E-04  -2.000E-01   0.000E+00   4.570E-05
   42  -158.00     -39.1    0.358    0.8272E-01   4.589   1.442E-01   7.637E-04  -2.000E-01   0.000E+00   4.570E-05
   41  -159.00     -39.5    0.358    0.8325E-01   4.595   1.442E-01   7.637E-04  -1.999E-01   0.000E+00   4.570E-05
   40  -160.00     -39.9    0.358    0.8377E-01   4.600   1.442E-01   7.637E-04  -1.999E-01   0.000E+00   4.570E-05
   39  -161.00     -40.3    0.357    0.8429E-01   4.606   1.442E-01   7.637E-04  -1.998E-01   0.000E+00   4.570E-05
   38  -162.00     -40.7    0.357    0.8480E-01   4.611   1.442E-01   7.637E-04  -1.998E-01   0.000E+00   4.570E-05
   37  -163.00     -41.1    0.357    0.8532E-01   4.616   1.442E-01   7.637E-04  -1.998E-01   0.000E+00   4.570E-05
   36  -164.00     -41.5    0.356    0.8582E-01   4.621   1.442E-01   7.637E-04  -1.997E-01   0.000E+00   4.570E-05
   35  -165.00     -41.8    0.356    0.8633E-01   4.626   1.442E-01   7.637E-04  -1.997E-01   0.000E+00   4.570E-05
   34  -166.00     -42.2    0.356    0.8683E-01   4.631   1.442E-01   7.637E-04  -1.996E-01   0.000E+00   4.570E-05
   33  -167.00     -42.6    0.355    0.8732E-01   4.636   1.442E-01   7.637E-04  -1.996E-01   0.000E+00   4.570E-05
   32  -168.00     -43.0    0.355    0.8781E-01   4.641   1.442E-01   7.637E-04  -1.995E-01   0.000E+00   4.570E-05
   31  -169.00     -43.4    0.355    0.8830E-01   4.645   1.442E-01   7.637E-04  -1.995E-01   0.000E+00   4.570E-05
   30  -170.00     -43.8    0.354    0.8878E-01   4.649   1.442E-01   7.637E-04  -1.995E-01   0.000E+00   4.570E-05
   29  -171.00     -44.1    0.354    0.8926E-01   4.654   1.442E-01   7.637E-04  -1.994E-01   0.000E+00   4.570E-05
   28  -172.00     -44.5    0.354    0.8973E-01   4.658   1.442E-01   7.637E-04  -1.994E-01   0.000E+00   4.570E-05
   27  -173.00     -44.9    0.353    0.9019E-01   4.662   1.442E-01   7.637E-04  -1.994E-01   0.000E+00   4.570E-05
   26  -174.00     -45.3    0.353    0.9065E-01   4.665   1.442E-01   7.637E-04  -1.994E-01   0.000E+00   4.570E-05
   25  -175.00     -45.7    0.353    0.9110E-01   4.669   1.442E-01   7.637E-04  -1.993E-01   0.000E+00   4.570E-05
   24  -176.00     -46.1    0.353    0.9155E-01   4.673   1.442E-01   7.637E-04  -1.993E-01   0.000E+00   4.570E-05
   23  -177.00     -46.4    0.352    0.9198E-01   4.676   1.442E-01   7.637E-04  -1.993E-01   0.000E+00   4.570E-05
   22  -178.00     -46.8    0.352    0.9241E-01   4.679   1.442E-01   7.637E-04  -1.993E-01   0.000E+00   4.570E-05
   21  -179.00     -47.2    0.352    0.9282E-01   4.683   1.442E-01   7.637E-04  -1.992E-01   0.000E+00   4.570E-05
   20  -180.00     -47.6    0.351    0.9322E-01   4.686   1.442E-01   7.637E-04  -1.992E-01   0.000E+00   4.570E-05
   19  -181.00     -48.0    0.351    0.9359E-01   4.688   1.442E-01   7.637E-04  -1.992E-01   0.000E+00   4.570E-05
   18  -182.00     -48.3    0.351    0.9395E-01   4.691   1.442E-01   7.637E-04  -1.992E-01   0.000E+00   4.570E-05
   17  -183.00     -48.7    0.350    0.9427E-01   4.694   1.442E-01   7.637E-04  -1.992E-01   0.000E+00   4.570E-05
   16  -184.00     -49.1    0.350    0.9455E-01   4.696   1.442E-01   7.637E-04  -1.992E-01   0.000E+00   4.570E-05
   15  -185.00     -49.5    0.350    0.9479E-01   4.699   1.442E-01   7.637E-04  -1.991E-01   0.000E+00   4.570E-05
   14  -186.00     -49.9    0.349    0.9496E-01   4.701   1.442E-01   7.637E-04  -1.991E-01   0.000E+00   4.570E-05
   13  -187.00     -50.3    0.349    0.9506E-01   4.703   1.442E-01   7.637E-04  -1.991E-01   0.000E+00   4.570E-05
   12  -188.00     -50.6    0.349    0.9504E-01   4.705   1.442E-01   7.637E-04  -1.991E-01   0.000E+00   4.570E-05
   11  -189.00     -51.0    0.348    0.9489E-01   4.706   1.442E-01   7.637E-04  -1.991E-01   0.000E+00   4.570E-05
   10  -190.00     -51.4    0.348    0.9457E-01   4.708   1.442E-01   7.637E-04  -1.991E-01   0.000E+00   4.570E-05
    9  -191.00     -51.8    0.348    0.9402E-01   4.709   1.442E-01   7.637E-04  -1.991E-01   0.000E+00   4.570E-05
    8  -192.00     -52.2    0.348    0.9317E-01   4.710   1.442E-01   7.637E-04  -1.991E-01   0.000E+00   4.570E-05
    7  -193.00     -52.5    0.347    0.9193E-01   4.711   1.442E-01   7.637E-04  -1.991E-01   0.000E+00   4.570E-05
    6  -194.00     -52.9    0.347    0.9020E-01   4.712   1.442E-01   7.637E-04  -1.991E-01   0.000E+00   4.570E-05
    5  -195.00     -53.3    0.347    0.8783E-01   4.713   1.442E-01   7.637E-04  -1.991E-01   0.000E+00   4.570E-05
    4  -196.00     -53.7    0.346    0.8462E-01   4.714   1.442E-01   7.637E-04  -1.991E-01   0.000E+00   4.570E-05
    3  -197.00     -54.1    0.346    0.8034E-01   4.714   1.442E-01   7.637E-04  -1.991E-01   0.000E+00   4.570E-05
    2  -198.00     -54.4    0.346    0.7468E-01   4.714   1.442E-01   7.637E-04  -1.991E-01   0.000E+00   4.570E-05
    1  -199.00     -54.8    0.346    0.6724E-01   4.714   1.442E-01   7.637E-04  -1.991E-01   0.000E+00   4.570E-05
#Time:    4536
  222     0.00    -214.3    0.285    0.3800E-03   7.995   2.848E-01   6.984E-04  -1.924E-05   0.000E+00   5.562E-05
  221    -0.10    -214.2    0.285    0.5028E-03   7.995   2.848E-01   6.984E-04  -3.848E-05   0.000E+00   5.562E-05
  220    -0.20    -214.1    0.285    0.6254E-03   7.999   2.848E-01   6.984E-04  -7.694E-05   0.000E+00   5.562E-05
  219    -0.30    -214.0    0.285    0.7476E-03   8.006   2.848E-01   6.984E-04  -1.154E-04   0.000E+00   5.562E-05
  218    -0.40    -213.9    0.285    0.8696E-03   8.014   2.848E-01   6.984E-04  -1.539E-04   0.000E+00   5.562E-05
  217    -0.50    -213.8    0.285    0.9913E-03   8.021   2.848E-01   6.984E-04  -1.923E-04   0.000E+00   5.562E-05
  216    -0.60    -213.7    0.285    0.1113E-02   8.027   2.848E-01   6.984E-04  -2.307E-04   0.000E+00   5.562E-05
  215    -0.70    -213.6    0.285    0.1234E-02   8.032   2.848E-01   6.984E-04  -2.691E-04   0.000E+00   5.562E-05
  214    -0.80    -213.5    0.285    0.1354E-02   8.037   2.848E-01   6.984E-04  -3.076E-04   0.000E+00   5.562E-05
  213    -0.90    -213.4    0.286    0.1475E-02   8.042   2.848E-01   6.984E-04  -3.460E-04   0.000E+00   5.562E-05
  212    -1.00    -213.3    0.286    0.1595E-02   8.047   2.848E-01   6.984E-04  -4.036E-04   0.000E+00   5.562E-05
  211    -1.20    -213.1    0.286    0.1834E-02   8.057   2.848E-01   6.984E-04  -4.612E-04   0.000E+00   5.562E-05
  210    -1.40    -212.9    0.286    0.2072E-02   8.067   2.848E-01   6.984E-04  -5.379E-04   0.000E+00   5.562E-05
  209    -1.60    -212.7    0.286    0.2309E-02   8.076   2.848E-01   6.984E-04  -6.146E-04   0.000E+00   5.562E-05
  208    -1.80    -212.5    0.286    0.2544E-02   8.086   2.848E-01   6.984E-04  -6.913E-04   0.000E+00   5.562E-05
  207    -2.00    -212.3    0.286    0.2779E-02   8.096   2.848E-01   6.984E-04  -7.680E-04   0.000E+00   5.562E-05
  206    -2.20    -212.2    0.286    0.3012E-02   8.105   2.848E-01   6.984E-04  -8.446E-04   0.000E+00   5.562E-05
  205    -2.40    -212.0    0.286    0.3243E-02   8.115   2.848E-01   6.984E-04  -9.212E-04   0.000E+00   5.562E-05
  204    -2.60    -211.8    0.286    0.3474E-02   8.124   2.848E-01   6.984E-04  -9.978E-04   0.000E+00   5.562E-05
  203    -2.80    -211.6    0.286    0.3703E-02   8.134   2.848E-01   6.984E-04  -1.074E-03   0.000E+00   5.562E-05
  202    -3.00    -211.4    0.286    0.3931E-02   8.143   2.848E-01   6.984E-04  -1.208E-03   0.000E+00   5.562E-05
  201    -3.50    -210.9    0.286    0.4495E-02   8.165   2.848E-01   6.984E-04  -1.342E-03   0.000E+00   5.562E-05
  200    -4.00    -210.4    0.286    0.5051E-02   8.186   2.848E-01   6.984E-04  -1.533E-03   0.000E+00   5.562E-05
  199    -4.50    -209.9    0.287    0.5598E-02   8.205   2.848E-01   6.984E-04  -1.724E-03   0.000E+00   5.562E-05
  198    -5.00    -209.4    0.287    0.6138E-02   8.224   2.848E-01   6.984E-04  -1.915E-03   0.000E+00   5.562E-05
  197    -5.50    -208.9    0.287    0.6669E-02   8.241   2.848E-01   6.984E-04  -2.105E-03   0.000E+00   5.562E-05
  196    -6.00    -208.4    0.287    0.7191E-02   8.256   2.848E-01   6.984E-04  -2.296E-03   0.000E+00   5.562E-05
  195    -6.50    -207.9    0.287    0.7706E-02   8.270   2.848E-01   6.984E-04  -2.486E-03   0.000E+00   5.562E-05
  194    -7.00    -207.4    0.287    0.8212E-02   8.282   2.848E-01   6.984E-04  -2.676E-03   0.000E+00   5.562E-05
  193    -7.50    -206.9    0.287    0.8709E-02   8.293   2.848E-01   6.984E-04  -2.866E-03   0.000E+00   5.562E-05
  192    -8.00    -206.4    0.288    0.9198E-02   8.302   2.848E-01   6.984E-04  -3.151E-03   0.000E+00   5.562E-05
  191    -9.00    -205.4    0.288    0.1015E-01   8.315   2.848E-01   6.984E-04  -3.435E-03   0.000E+00   5.562E-05
  190   -10.00    -204.4    0.288    0.1107E-01   8.323   2.848E-01   6.984E-04  -3.814E-03   0.000E+00   5.562E-05
  189   -11.00    -203.4    0.288    0.1197E-01   8.324   2.848E-01   6.984E-04  -4.191E-03   0.000E+00   5.562E-05
  188   -12.00    -202.4    0.289    0.1286E-01   8.320   2.848E-01   6.984E-04  -4.567E-03   0.000E+00   5.562E-05
  187   -13.00    -201.5    0.289    0.1372E-01   8.312   2.848E-01   6.984E-04  -4.943E-03   0.000E+00   5.562E-05
  186   -14.00    -200.5    0.289    0.1457E-01   8.298   2.848E-01   6.984E-04  -5.316E-03   0.000E+00   5.562E-05
  185   -15.00    -199.5    0.290    0.1540E-01   8.281   2.848E-01   6.984E-04  -5.688E-03   0.000E+00   5.562E-05
  184   -16.00    -198.5    0.290    0.1621E-01   8.261   2.848E-01   6.984E-04  -6.058E-03   0.000E+00   5.562E-05
  183   -17.00    -197.5    0.290    0.1700E-01   8.237   2.848E-01   6.984E-04  -6.426E-03   0.000E+00   5.562E-05
  182   -18.00    -196.6    0.291    0.1778E-01   8.211   2.848E-01   6.984E-04  -6.791E-03   0.000E+00   5.562E-05
  181   -19.00    -195.6    0.291    0.1853E-01   8.183   2.848E-01   6.984E-04  -7.207E-03   0.000E+00   5.562E-05
  180   -20.00    -194.6    0.291    0.1927E-01   8.154   2.848E-01   6.984E-04  -7.676E-03   0.000E+00   5.562E-05
  179   -21.00    -193.6    0.292    0.1999E-01   8.123   2.848E-01   6.984E-04  -8.141E-03   0.000E+00   5.562E-05
  178   -22.00    -192.7    0.292    0.2069E-01   8.091   2.848E-01   6.984E-04  -8.604E-03   0.000E+00   5.562E-05
  177   -23.00    -191.7    0.292    0.2137E-01   8.059   2.848E-01   6.984E-04  -9.064E-03   0.000E+00   5.562E-05
  176   -24.00    -190.7    0.293    0.2204E-01   8.027   2.848E-01   6.984E-04  -9.522E-03   0.000E+00   5.562E-05
  175   -25.00    -189.8    0.293    0.2269E-01   7.995   2.848E-01   6.984E-04  -9.978E-03   0.000E+00   5.562E-05
  174   -26.00    -188.8    0.293    0.2331E-01   7.963   2.848E-01   6.984E-04  -1.043E-02   0.000E+00   5.562E-05
  173   -27.00    -187.8    0.294    0.2393E-01   7.932   2.848E-01   6.984E-04  -1.089E-02   0.000E+00   5.562E-05
  172   -28.00    -186.9    0.294    0.2452E-01   7.901   2.848E-01   6.984E-04  -1.134E-02   0.000E+00   5.562E-05
  171   -29.00    -185.9    0.294    0.2509E-01   7.871   2.848E-01   6.984E-04  -1.179E-02   0.000E+00   5.562E-05
  170   -30.00    -185.0    0.289    0.2570E-01   7.842   2.175E-01   6.984E-04  -1.223E-02   0.000E+00   5.562E-05
  169   -31.00    -184.0    0.289    0.2636E-01   7.814   2.175E-01   6.984E-04  -1.266E-02   0.000E+00   5.562E-05
  168   -32.00    -183.1    0.290    0.2699E-01   7.788   2.175E-01   6.984E-04  -1.309E-02   0.000E+00   5.562E-05
  167   -33.00    -182.1    0.290    0.2761E-01   7.762   2.175E-01   6.984E-04  -1.352E-02   0.000E+00   5.562E-05
  166   -34.00    -181.2    0.290    0.2821E-01   7.739   2.175E-01   6.984E-04  -1.394E-02   0.000E+00   5.562E-05
  165   -35.00    -180.3    0.291    0.2879E-01   7.716   2.175E-01   6.984E-04  -1.437E-02   0.000E+00   5.562E-05
  164   -36.00    -179.3    0.291    0.2935E-01   7.695   2.175E-01   6.984E-04  -1.480E-02   0.000E+00   5.562E-05
  163   -37.00    -178.4    0.291    0.2990E-01   7.675   2.175E-01   6.984E-04  -1.522E-02   0.000E+00   5.562E-05
  162   -38.00    -177.5    0.292    0.3043E-01   7.657   2.175E-01   6.984E-04  -1.565E-02   0.000E+00   5.562E-05
  161   -39.00    -176.6    0.292    0.3094E-01   7.640   2.175E-01   6.984E-04  -1.607E-02   0.000E+00   5.562E-05
  160   -40.00    -175.6    0.292    0.3144E-01   7.624   2.175E-01   6.984E-04  -1.649E-02   0.000E+00   5.562E-05
  159   -41.00    -174.7    0.293    0.3192E-01   7.609   2.175E-01   6.984E-04  -1.692E-02   0.000E+00   5.562E-05
  158   -42.00    -173.8    0.293    0.3238E-01   7.596   2.175E-01   6.984E-04  -1.734E-02   0.000E+00   5.562E-05
  157   -43.00    -172.9    0.293    0.3283E-01   7.584   2.175E-01   6.984E-04  -1.776E-02   0.000E+00   5.562E-05
  156   -44.00    -171.9    0.294    0.3327E-01   7.573   2.175E-01   6.984E-04  -1.818E-02   0.000E+00   5.562E-05
  155   -45.00    -171.1    0.293    0.3379E-01   7.563   1.287E-01   6.984E-04  -1.857E-02   0.000E+00   5.562E-05
  154   -46.00    -170.2    0.293    0.3447E-01   7.555   1.287E-01   6.984E-04  -1.893E-02   0.000E+00   5.562E-05
  153   -47.00    -169.3    0.294    0.3514E-01   7.547   1.287E-01   6.984E-04  -1.930E-02   0.000E+00   5.562E-05
  152   -48.00    -168.5    0.294    0.3581E-01   7.540   1.287E-01   6.984E-04  -1.966E-02   0.000E+00   5.562E-05
  151   -49.00    -167.7    0.294    0.3646E-01   7.534   1.287E-01   6.984E-04  -2.002E-02   0.000E+00   5.562E-05
  150   -50.00    -166.8    0.294    0.3710E-01   7.528   1.287E-01   6.984E-04  -2.037E-02   0.000E+00   5.562E-05
  149   -51.00    -166.0    0.295    0.3774E-01   7.523   1.287E-01   6.984E-04  -2.072E-02   0.000E+00   5.562E-05
  148   -52.00    -165.1    0.295    0.3837E-01   7.519   1.287E-01   6.984E-04  -2.111E-02   0.000E+00   5.562E-05
  147   -53.00    -164.3    0.295    0.3899E-01   7.516   1.287E-01   6.984E-04  -2.153E-02   0.000E+00   5.562E-05
  146   -54.00    -163.5    0.295    0.3960E-01   7.513   1.287E-01   6.984E-04  -2.195E-02   0.000E+00   5.562E-05
  145   -55.00    -162.6    0.296    0.4020E-01   7.511   1.287E-01   6.984E-04  -2.237E-02   0.000E+00   5.562E-05
  144   -56.00    -161.8    0.296    0.4080E-01   7.509   1.287E-01   6.984E-04  -2.278E-02   0.000E+00   5.562E-05
  143   -57.00    -161.0    0.296    0.4139E-01   7.507   1.287E-01   6.984E-04  -2.319E-02   0.000E+00   5.562E-05
  142   -58.00    -160.2    0.297    0.4198E-01   7.506   1.287E-01   6.984E-04  -2.359E-02   0.000E+00   5.562E-05
  141   -59.00    -159.4    0.297    0.4255E-01   7.505   1.287E-01   6.984E-04  -2.399E-02   0.000E+00   5.562E-05
  140   -60.00    -158.5    0.297    0.4312E-01   7.505   1.287E-01   6.984E-04  -2.439E-02   0.000E+00   5.562E-05
  139   -61.00    -157.7    0.297    0.4368E-01   7.504   1.287E-01   6.984E-04  -2.479E-02   0.000E+00   5.562E-05
  138   -62.00    -156.9    0.298    0.4423E-01   7.504   1.287E-01   6.984E-04  -2.518E-02   0.000E+00   5.562E-05
  137   -63.00    -156.1    0.298    0.4478E-01   7.504   1.287E-01   6.984E-04  -2.557E-02   0.000E+00   5.562E-05
  136   -64.00    -155.3    0.298    0.4532E-01   7.504   1.287E-01   6.984E-04  -2.596E-02   0.000E+00   5.562E-05
  135   -65.00    -154.5    0.299    0.4585E-01   7.505   1.287E-01   6.984E-04  -2.635E-02   0.000E+00   5.562E-05
  134   -66.00    -153.7    0.299    0.4637E-01   7.505   1.287E-01   6.984E-04  -2.673E-02   0.000E+00   5.562E-05
  133   -67.00    -153.0    0.299    0.4689E-01   7.506   1.287E-01   6.984E-04  -2.712E-02   0.000E+00   5.562E-05
  132   -68.00    -152.2    0.299    0.4740E-01   7.506   1.287E-01   6.984E-04  -2.749E-02   0.000E+00   5.562E-05
  131   -69.00    -151.4    0.300    0.4790E-01   7.507   1.287E-01   6.984E-04  -2.787E-02   0.000E+00   5.562E-05
  130   -70.00    -150.6    0.300    0.4839E-01   7.507   1.287E-01   6.984E-04  -2.824E-02   0.000E+00   5.562E-05
  129   -71.00    -149.8    0.300    0.4888E-01   7.508   1.287E-01   6.984E-04  -2.861E-02   0.000E+00   5.562E-05
  128   -72.00    -149.0    0.300    0.4936E-01   7.509   1.287E-01   6.984E-04  -2.898E-02   0.000E+00   5.562E-05
  127   -73.00    -148.3    0.301    0.4983E-01   7.509   1.287E-01   6.984E-04  -2.935E-02   0.000E+00   5.562E-05
  126   -74.00    -147.5    0.301    0.5030E-01   7.510   1.287E-01   6.984E-04  -2.971E-02   0.000E+00   5.562E-05
  125   -75.00    -146.7    0.301    0.5076E-01   7.511   1.287E-01   6.984E-04  -3.007E-02   0.000E+00   5.562E-05
  124   -76.00    -146.0    0.302    0.5121E-01   7.511   1.287E-01   6.984E-04  -3.043E-02   0.000E+00   5.562E-05
  123   -77.00    -145.2    0.302    0.5166E-01   7.511   1.287E-01   6.984E-04  -3.078E-02   0.000E+00   5.562E-05
  122   -78.00    -144.4    0.302    0.5210E-01   7.512   1.287E-01   6.984E-04  -3.113E-02   0.000E+00   5.562E-05
  121   -79.00    -143.7    0.302    0.5253E-01   7.512   1.287E-01   6.984E-04  -3.148E-02   0.000E+00   5.562E-05
  120   -80.00    -142.9    0.303    0.5296E-01   7.512   1.287E-01   6.984E-04  -3.183E-02   0.000E+00   5.562E-05
  119   -81.00    -142.2    0.303    0.5338E-01   7.512   1.287E-01   6.984E-04  -3.217E-02   0.000E+00   5.562E-05
  118   -82.00    -141.4    0.303    0.5379E-01   7.512   1.287E-01   6.984E-04  -3.251E-02   0.000E+00   5.562E-05
  117   -83.00    -140.7    0.303    0.5420E-01   7.512   1.287E-01   6.984E-04  -3.286E-02   0.000E+00   5.562E-05
  116   -84.00    -139.9    0.304    0.5461E-01   7.512   1.287E-01   6.984E-04  -3.322E-02   0.000E+00   5.562E-05
  115   -85.00    -139.2    0.304    0.5500E-01   7.511   1.287E-01   6.984E-04  -3.360E-02   0.000E+00   5.562E-05
  114   -86.00    -138.5    0.304    0.5540E-01   7.511   1.287E-01   6.984E-04  -3.398E-02   0.000E+00   5.562E-05
  113   -87.00    -137.7    0.305    0.5578E-01   7.510   1.287E-01   6.984E-04  -3.435E-02   0.000E+00   5.562E-05
  112   -88.00    -137.0    0.305    0.5617E-01   7.509   1.287E-01   6.984E-04  -3.473E-02   0.000E+00   5.562E-05
  111   -89.00    -136.3    0.305    0.5654E-01   7.509   1.287E-01   6.984E-04  -3.510E-02   0.000E+00   5.562E-05
  110   -90.00    -135.5    0.306    0.5692E-01   7.507   1.287E-01   6.984E-04  -3.547E-02   0.000E+00   5.562E-05
  109   -91.00    -134.8    0.306    0.5728E-01   7.506   1.287E-01   6.984E-04  -3.583E-02   0.000E+00   5.562E-05
  108   -92.00    -134.1    0.306    0.5765E-01   7.505   1.287E-01   6.984E-04  -3.619E-02   0.000E+00   5.562E-05
  107   -93.00    -133.4    0.306    0.5801E-01   7.503   1.287E-01   6.984E-04  -3.655E-02   0.000E+00   5.562E-05
  106   -94.00    -132.7    0.307    0.5836E-01   7.502   1.287E-01   6.984E-04  -3.690E-02   0.000E+00   5.562E-05
  105   -95.00    -132.0    0.307    0.5871E-01   7.500   1.287E-01   6.984E-04  -3.725E-02   0.000E+00   5.562E-05
  104   -96.00    -131.2    0.307    0.5906E-01   7.498   1.287E-01   6.984E-04  -3.760E-02   0.000E+00   5.562E-05
  103   -97.00    -130.5    0.308    0.5940E-01   7.496   1.287E-01   6.984E-04  -3.794E-02   0.000E+00   5.562E-05
  102   -98.00    -129.8    0.308    0.5974E-01   7.494   1.287E-01   6.984E-04  -3.828E-02   0.000E+00   5.562E-05
  101   -99.00    -129.1    0.308    0.6007E-01   7.491   1.287E-01   6.984E-04  -3.861E-02   0.000E+00   5.562E-05
  100  -100.00    -128.4    0.308    0.6040E-01   7.488   1.287E-01   6.984E-04  -3.894E-02   0.000E+00   5.562E-05
   99  -101.00    -127.7    0.309    0.6073E-01   7.486   1.287E-01   6.984E-04  -3.927E-02   0.000E+00   5.562E-05
   98  -102.00    -127.0    0.309    0.6105E-01   7.483   1.287E-01   6.984E-04  -3.959E-02   0.000E+00   5.562E-05
   97  -103.00    -126.4    0.309    0.6137E-01   7.480   1.287E-01   6.984E-04  -3.991E-02   0.000E+00   5.562E-05
   96  -104.00    -125.7    0.310    0.6169E-01   7.477   1.287E-01   6.984E-04  -4.022E-02   0.000E+00   5.562E-05
   95  -105.00    -125.0    0.310    0.6201E-01   7.473   1.287E-01   6.984E-04  -4.053E-02   0.000E+00   5.562E-05
   94  -106.00    -124.3    0.310    0.6232E-01   7.470   1.287E-01   6.984E-04  -4.083E-02   0.000E+00   5.562E-05
   93  -107.00    -123.6    0.310    0.6263E-01   7.466   1.287E-01   6.984E-04  -4.114E-02   0.000E+00   5.562E-05
   92  -108.00    -122.9    0.311    0.6294E-01   7.462   1.287E-01   6.984E-04  -4.144E-02   0.000E+00   5.562E-05
   91  -109.00    -122.3    0.311    0.6325E-01   7.458   1.287E-01   6.984E-04  -4.173E-02   0.000E+00   5.562E-05
   90  -110.00    -121.6    0.307    0.6354E-01   7.454   1.442E-01   6.984E-04  -4.202E-02   0.000E+00   5.562E-05
   89  -111.00    -120.9    0.307    0.6382E-01   7.450   1.442E-01   6.984E-04  -4.232E-02   0.000E+00   5.562E-05
   88  -112.00    -120.2    0.308    0.6410E-01   7.445   1.442E-01   6.984E-04  -4.261E-02   0.000E+00   5.562E-05
   87  -113.00    -119.4    0.308    0.6437E-01   7.441   1.442E-01   6.984E-04  -4.290E-02   0.000E+00   5.562E-05
   86  -114.00    -118.7    0.308    0.6464E-01   7.436   1.442E-01   6.984E-04  -4.319E-02   0.000E+00   5.562E-05
   85  -115.00    -118.0    0.309    0.6491E-01   7.431   1.442E-01   6.984E-04  -4.348E-02   0.000E+00   5.562E-05
   84  -116.00    -117.4    0.309    0.6518E-01   7.426   1.442E-01   6.984E-04  -4.378E-02   0.000E+00   5.562E-05
   83  -117.00    -116.7    0.309    0.6544E-01   7.421   1.442E-01   6.984E-04  -4.409E-02   0.000E+00   5.562E-05
   82  -118.00    -116.0    0.310    0.6571E-01   7.416   1.442E-01   6.984E-04  -4.439E-02   0.000E+00   5.562E-05
   81  -119.00    -115.3    0.310    0.6597E-01   7.411   1.442E-01   6.984E-04  -4.469E-02   0.000E+00   5.562E-05
   80  -120.00    -114.6    0.310    0.6623E-01   7.405   1.442E-01   6.984E-04  -4.498E-02   0.000E+00   5.562E-05
   79  -121.00    -113.9    0.311    0.6649E-01   7.400   1.442E-01   6.984E-04  -4.528E-02   0.000E+00   5.562E-05
   78  -122.00    -113.2    0.311    0.6675E-01   7.394   1.442E-01   6.984E-04  -4.557E-02   0.000E+00   5.562E-05
   77  -123.00    -112.5    0.311    0.6701E-01   7.388   1.442E-01   6.984E-04  -4.585E-02   0.000E+00   5.562E-05
   76  -124.00    -111.8    0.312    0.6727E-01   7.383   1.442E-01   6.984E-04  -4.613E-02   0.000E+00   5.562E-05
   75  -125.00    -111.2    0.312    0.6752E-01   7.377   1.442E-01   6.984E-04  -4.641E-02   0.000E+00   5.562E-05
   74  -126.00    -110.5    0.312    0.6778E-01   7.371   1.442E-01   6.984E-04  -4.668E-02   0.000E+00   5.562E-05
   73  -127.00    -109.8    0.312    0.6803E-01   7.365   1.442E-01   6.984E-04  -4.695E-02   0.000E+00   5.562E-05
   72  -128.00    -109.1    0.313    0.6828E-01   7.358   1.442E-01   6.984E-04  -4.722E-02   0.000E+00   5.562E-05
   71  -129.00    -108.5    0.313    0.6854E-01   7.352   1.442E-01   6.984E-04  -4.748E-02   0.000E+00   5.562E-05
   70  -130.00    -107.8    0.313    0.6879E-01   7.346   1.442E-01   6.984E-04  -4.773E-02   0.000E+00   5.562E-05
   69  -131.00    -107.1    0.314    0.6904E-01   7.339   1.442E-01   6.984E-04  -4.799E-02   0.000E+00   5.562E-05
   68  -132.00    -106.5    0.314    0.6929E-01   7.333   1.442E-01   6.984E-04  -4.823E-02   0.000E+00   5.562E-05
   67  -133.00    -105.8    0.314    0.6953E-01   7.326   1.442E-01   6.984E-04  -4.848E-02   0.000E+00   5.562E-05
   66  -134.00    -105.1    0.315    0.6978E-01   7.320   1.442E-01   6.984E-04  -4.871E-02   0.000E+00   5.562E-05
   65  -135.00    -104.5    0.315    0.7003E-01   7.313   1.442E-01   6.984E-04  -4.895E-02   0.000E+00   5.562E-05
   64  -136.00    -103.8    0.315    0.7027E-01   7.307   1.442E-01   6.984E-04  -4.918E-02   0.000E+00   5.562E-05
   63  -137.00    -103.2    0.316    0.7052E-01   7.300   1.442E-01   6.984E-04  -4.941E-02   0.000E+00   5.562E-05
   62  -138.00    -102.5    0.316    0.7076E-01   7.293   1.442E-01   6.984E-04  -4.963E-02   0.000E+00   5.562E-05
   61  -139.00    -101.8    0.316    0.7100E-01   7.287   1.442E-01   6.984E-04  -4.986E-02   0.000E+00   5.562E-05
   60  -140.00    -101.2    0.317    0.7124E-01   7.280   1.442E-01   6.984E-04  -5.008E-02   0.000E+00   5.562E-05
   59  -141.00    -100.5    0.317    0.7148E-01   7.273   1.442E-01   6.984E-04  -5.030E-02   0.000E+00   5.562E-05
   58  -142.00     -99.9    0.317    0.7172E-01   7.266   1.442E-01   6.984E-04  -5.052E-02   0.000E+00   5.562E-05
   57  -143.00     -99.2    0.318    0.7196E-01   7.260   1.442E-01   6.984E-04  -5.074E-02   0.000E+00   5.562E-05
   56  -144.00     -98.6    0.318    0.7220E-01   7.253   1.442E-01   6.984E-04  -5.097E-02   0.000E+00   5.562E-05
   55  -145.00     -97.9    0.318    0.7243E-01   7.246   1.442E-01   6.984E-04  -5.119E-02   0.000E+00   5.562E-05
   54  -146.00     -97.3    0.319    0.7267E-01   7.240   1.442E-01   6.984E-04  -5.140E-02   0.000E+00   5.562E-05
   53  -147.00     -96.7    0.319    0.7290E-01   7.233   1.442E-01   6.984E-04  -5.162E-02   0.000E+00   5.562E-05
   52  -148.00     -96.0    0.319    0.7313E-01   7.226   1.442E-01   6.984E-04  -5.183E-02   0.000E+00   5.562E-05
   51  -149.00     -95.4    0.320    0.7336E-01   7.220   1.442E-01   6.984E-04  -5.204E-02   0.000E+00   5.562E-05
   50  -150.00     -94.7    0.320    0.7359E-01   7.213   1.442E-01   6.984E-04  -5.224E-02   0.000E+00   5.562E-05
   49  -151.00     -94.1    0.320    0.7381E-01   7.207   1.442E-01   6.984E-04  -5.244E-02   0.000E+00   5.562E-05
   48  -152.00     -93.5    0.321    0.7404E-01   7.200   1.442E-01   6.984E-04  -5.263E-02   0.000E+00   5.562E-05
   47  -153.00     -92.8    0.321    0.7425E-01   7.194   1.442E-01   6.984E-04  -5.282E-02   0.000E+00   5.562E-05
   46  -154.00     -92.2    0.321    0.7447E-01   7.187   1.442E-01   6.984E-04  -5.301E-02   0.000E+00   5.562E-05
   45  -155.00     -91.6    0.322    0.7468E-01   7.181   1.442E-01   6.984E-04  -5.319E-02   0.000E+00   5.562E-05
   44  -156.00     -90.9    0.322    0.7489E-01   7.175   1.442E-01   6.984E-04  -5.337E-02   0.000E+00   5.562E-05
   43  -157.00     -90.3    0.322    0.7510E-01   7.168   1.442E-01   6.984E-04  -5.354E-02   0.000E+00   5.562E-05
   42  -158.00     -89.7    0.323    0.7530E-01   7.162   1.442E-01   6.984E-04  -5.371E-02   0.000E+00   5.562E-05
   41  -159.00     -89.1    0.323    0.7550E-01   7.156   1.442E-01   6.984E-04  -5.387E-02   0.000E+00   5.562E-05
   40  -160.00     -88.4    0.324    0.7569E-01   7.150   1.442E-01   6.984E-04  -5.403E-02   0.000E+00   5.562E-05
   39  -161.00     -87.8    0.324    0.7587E-01   7.144   1.442E-01   6.984E-04  -5.419E-02   0.000E+00   5.562E-05
   38  -162.00     -87.2    0.324    0.7605E-01   7.139   1.442E-01   6.984E-04  -5.434E-02   0.000E+00   5.562E-05
   37  -163.00     -86.6    0.325    0.7623E-01   7.133   1.442E-01   6.984E-04  -5.449E-02   0.000E+00   5.562E-05
   36  -164.00     -85.9    0.325    0.7639E-01   7.127   1.442E-01   6.984E-04  -5.463E-02   0.000E+00   5.562E-05
   35  -165.00     -85.3    0.325    0.7655E-01   7.122   1.442E-01   6.984E-04  -5.478E-02   0.000E+00   5.562E-05
   34  -166.00     -84.7    0.326    0.7670E-01   7.117   1.442E-01   6.984E-04  -5.492E-02   0.000E+00   5.562E-05
   33  -167.00     -84.1    0.326    0.7684E-01   7.111   1.442E-01   6.984E-04  -5.506E-02   0.000E+00   5.562E-05
   32  -168.00     -83.5    0.326    0.7697E-01   7.106   1.442E-01   6.984E-04  -5.520E-02   0.000E+00   5.562E-05
   31  -169.00     -82.8    0.327    0.7709E-01   7.101   1.442E-01   6.984E-04  -5.534E-02   0.000E+00   5.562E-05
   30  -170.00     -82.2    0.327    0.7721E-01   7.096   1.442E-01   6.984E-04  -5.547E-02   0.000E+00   5.562E-05
   29  -171.00     -81.6    0.327    0.7730E-01   7.091   1.442E-01   6.984E-04  -5.560E-02   0.000E+00   5.562E-05
   28  -172.00     -81.0    0.328    0.7739E-01   7.087   1.442E-01   6.984E-04  -5.572E-02   0.000E+00   5.562E-05
   27  -173.00     -80.4    0.328    0.7746E-01   7.082   1.442E-01   6.984E-04  -5.584E-02   0.000E+00   5.562E-05
   26  -174.00     -79.8    0.329    0.7752E-01   7.078   1.442E-01   6.984E-04  -5.596E-02   0.000E+00   5.562E-05
   25  -175.00     -79.2    0.329    0.7756E-01   7.074   1.442E-01   6.984E-04  -5.607E-02   0.000E+00   5.562E-05
   24  -176.00     -78.6    0.329    0.7759E-01   7.070   1.442E-01   6.984E-04  -5.618E-02   0.000E+00   5.562E-05
   23  -177.00     -77.9    0.330    0.7759E-01   7.066   1.442E-01   6.984E-04  -5.628E-02   0.000E+00   5.562E-05
   22  -178.00     -77.3    0.330    0.7758E-01   7.062   1.442E-01   6.984E-04  -5.638E-02   0.000E+00   5.562E-05
   21  -179.00     -76.7    0.330    0.7754E-01   7.058   1.442E-01   6.984E-04  -5.647E-02   0.000E+00   5.562E-05
   20  -180.00     -76.1    0.331    0.7748E-01   7.055   1.442E-01   6.984E-04  -5.656E-02   0.000E+00   5.562E-05
   19  -181.00     -75.5    0.331    0.7739E-01   7.052   1.442E-01   6.984E-04  -5.664E-02   0.000E+00   5.562E-05
   18  -182.00     -74.9    0.332    0.7727E-01   7.049   1.442E-01   6.984E-04  -5.672E-02   0.000E+00   5.562E-05
   17  -183.00     -74.3    0.332    0.7712E-01   7.046   1.442E-01   6.984E-04  -5.680E-02   0.000E+00   5.562E-05
   16  -184.00     -73.7    0.332    0.7693E-01   7.043   1.442E-01   6.984E-04  -5.687E-02   0.000E+00   5.562E-05
   15  -185.00     -73.1    0.333    0.7670E-01   7.040   1.442E-01   6.984E-04  -5.694E-02   0.000E+00   5.562E-05
   14  -186.00     -72.5    0.333    0.7643E-01   7.038   1.442E-01   6.984E-04  -5.700E-02   0.000E+00   5.562E-05
   13  -187.00     -71.9    0.333    0.7611E-01   7.036   1.442E-01   6.984E-04  -5.706E-02   0.000E+00   5.562E-05
   12  -188.00     -71.3    0.334    0.7573E-01   7.034   1.442E-01   6.984E-04  -5.711E-02   0.000E+00   5.562E-05
   11  -189.00     -70.7    0.334    0.7529E-01   7.032   1.442E-01   6.984E-04  -5.717E-02   0.000E+00   5.562E-05
   10  -190.00     -70.1    0.335    0.7477E-01   7.030   1.442E-01   6.984E-04  -5.721E-02   0.000E+00   5.562E-05
    9  -191.00     -69.5    0.335    0.7417E-01   7.028   1.442E-01   6.984E-04  -5.726E-02   0.000E+00   5.562E-05
    8  -192.00     -68.9    0.336    0.7348E-01   7.027   1.442E-01   6.984E-04  -5.729E-02   0.000E+00   5.562E-05
    7  -193.00     -68.3    0.336    0.7269E-01   7.026   1.442E-01   6.984E-04  -5.733E-02   0.000E+00   5.562E-05
    6  -194.00     -67.7    0.336    0.7178E-01   7.025   1.442E-01   6.984E-04  -5.736E-02   0.000E+00   5.562E-05
    5  -195.00     -67.0    0.337    0.7075E-01   7.024   1.442E-01   6.984E-04  -5.738E-02   0.000E+00   5.562E-05
    4  -196.00     -66.4    0.337    0.6957E-01   7.024   1.442E-01   6.984E-04  -5.740E-02   0.000E+00   5.562E-05
    3  -197.00     -65.8    0.338    0.6824E-01   7.023   1.442E-01   6.984E-04  -5.741E-02   0.000E+00   5.562E-05
    2  -198.00     -65.2    0.338    0.6675E-01   7.023   1.442E-01   6.984E-04  -5.742E-02   0.000E+00   5.562E-05
    1  -199.00     -64.6    0.338    0.6507E-01   7.023   1.442E-01   6.984E-04  -5.742E-02   0.000E+00   5.562E-05
#Time:    5280
  222     0.00    -231.9    0.280    0.3800E-03  14.075   2.848E-01   6.372E-04  -1.288E-05   0.000E+00   6.395E-05
  221    -0.10    -231.8    0.280    0.5339E-03  14.073   2.848E-01   6.372E-04  -2.576E-05   0.000E+00   6.395E-05
  220    -0.20    -231.7    0.280    0.6874E-03  14.076   2.848E-01   6.372E-04  -5.153E-05   0.000E+00   6.395E-05
  219    -0.30    -231.6    0.280    0.8407E-03  14.084   2.848E-01   6.372E-04  -7.729E-05   0.000E+00   6.395E-05
  218    -0.40    -231.5    0.280    0.9936E-03  14.091   2.848E-01   6.372E-04  -1.031E-04   0.000E+00   6.395E-05
  217    -0.50    -231.4    0.280    0.1146E-02  14.098   2.848E-01   6.372E-04  -1.288E-04   0.000E+00   6.395E-05
  216    -0.60    -231.3    0.280    0.1298E-02  14.103   2.848E-01   6.372E-04  -1.551E-04   0.000E+00   6.395E-05
  215    -0.70    -231.2    0.280    0.1450E-02  14.107   2.848E-01   6.372E-04  -1.838E-04   0.000E+00   6.395E-05
  214    -0.80    -231.1    0.280    0.1601E-02  14.111   2.848E-01   6.372E-04  -2.147E-04   0.000E+00   6.395E-05
  213    -0.90    -231.0    0.280    0.1752E-02  14.115   2.848E-01   6.372E-04  -2.456E-04   0.000E+00   6.395E-05
  212    -1.00    -230.9    0.280    0.1903E-02  14.119   2.848E-01   6.372E-04  -2.920E-04   0.000E+00   6.395E-05
  211    -1.20    -230.7    0.280    0.2204E-02  14.127   2.848E-01   6.372E-04  -3.383E-04   0.000E+00   6.395E-05
  210    -1.40    -230.5    0.280    0.2502E-02  14.135   2.848E-01   6.372E-04  -4.001E-04   0.000E+00   6.395E-05
  209    -1.60    -230.3    0.281    0.2800E-02  14.144   2.848E-01   6.372E-04  -4.619E-04   0.000E+00   6.395E-05
  208    -1.80    -230.1    0.281    0.3096E-02  14.152   2.848E-01   6.372E-04  -5.237E-04   0.000E+00   6.395E-05
  207    -2.00    -229.9    0.281    0.3391E-02  14.160   2.848E-01   6.372E-04  -5.855E-04   0.000E+00   6.395E-05
  206    -2.20    -229.7    0.281    0.3684E-02  14.168   2.848E-01   6.372E-04  -6.473E-04   0.000E+00   6.395E-05
  205    -2.40    -229.5    0.281    0.3976E-02  14.176   2.848E-01   6.372E-04  -7.091E-04   0.000E+00   6.395E-05
  204    -2.60    -229.3    0.281    0.4267E-02  14.183   2.848E-01   6.372E-04  -7.709E-04   0.000E+00   6.395E-05
  203    -2.80    -229.1    0.281    0.4556E-02  14.191   2.848E-01   6.372E-04  -8.328E-04   0.000E+00   6.395E-05
  202    -3.00    -228.9    0.281    0.4844E-02  14.198   2.848E-01   6.372E-04  -9.409E-04   0.000E+00   6.395E-05
  201    -3.50    -228.4    0.281    0.5557E-02  14.216   2.848E-01   6.372E-04  -1.049E-03   0.000E+00   6.395E-05
  200    -4.00    -227.9    0.281    0.6261E-02  14.233   2.848E-01   6.372E-04  -1.204E-03   0.000E+00   6.395E-05
  199    -4.50    -227.4    0.281    0.6957E-02  14.248   2.848E-01   6.372E-04  -1.358E-03   0.000E+00   6.395E-05
  198    -5.00    -226.9    0.282    0.7643E-02  14.261   2.848E-01   6.372E-04  -1.513E-03   0.000E+00   6.395E-05
  197    -5.50    -226.4    0.282    0.8321E-02  14.273   2.848E-01   6.372E-04  -1.668E-03   0.000E+00   6.395E-05
  196    -6.00    -225.9    0.282    0.8989E-02  14.283   2.848E-01   6.372E-04  -1.822E-03   0.000E+00   6.395E-05
  195    -6.50    -225.4    0.282    0.9649E-02  14.291   2.848E-01   6.372E-04  -1.977E-03   0.000E+00   6.395E-05
  194    -7.00    -224.9    0.282    0.1030E-01  14.298   2.848E-01   6.372E-04  -2.132E-03   0.000E+00   6.395E-05
  193    -7.50    -224.4    0.282    0.1094E-01  14.302   2.848E-01   6.372E-04  -2.286E-03   0.000E+00   6.395E-05
  192    -8.00    -223.9    0.282    0.1157E-01  14.304   2.848E-01   6.372E-04  -2.518E-03   0.000E+00   6.395E-05
  191    -9.00    -222.9    0.283    0.1281E-01  14.303   2.848E-01   6.372E-04  -2.751E-03   0.000E+00   6.395E-05
  190   -10.00    -221.9    0.283    0.1401E-01  14.293   2.848E-01   6.372E-04  -3.060E-03   0.000E+00   6.395E-05
  189   -11.00    -220.9    0.283    0.1519E-01  14.276   2.848E-01   6.372E-04  -3.370E-03   0.000E+00   6.395E-05
  188   -12.00    -219.9    0.284    0.1635E-01  14.251   2.848E-01   6.372E-04  -3.680E-03   0.000E+00   6.395E-05
  187   -13.00    -219.0    0.284    0.1748E-01  14.218   2.848E-01   6.372E-04  -3.990E-03   0.000E+00   6.395E-05
  186   -14.00    -218.0    0.284    0.1859E-01  14.179   2.848E-01   6.372E-04  -4.299E-03   0.000E+00   6.395E-05
  185   -15.00    -217.0    0.284    0.1968E-01  14.133   2.848E-01   6.372E-04  -4.609E-03   0.000E+00   6.395E-05
  184   -16.00    -216.0    0.285    0.2075E-01  14.081   2.848E-01   6.372E-04  -4.919E-03   0.000E+00   6.395E-05
  183   -17.00    -215.0    0.285    0.2180E-01  14.025   2.848E-01   6.372E-04  -5.230E-03   0.000E+00   6.395E-05
  182   -18.00    -214.0    0.285    0.2282E-01  13.964   2.848E-01   6.372E-04  -5.540E-03   0.000E+00   6.395E-05
  181   -19.00    -213.1    0.286    0.2382E-01  13.899   2.848E-01   6.372E-04  -5.850E-03   0.000E+00   6.395E-05
  180   -20.00    -212.1    0.286    0.2480E-01  13.830   2.848E-01   6.372E-04  -6.160E-03   0.000E+00   6.395E-05
  179   -21.00    -211.1    0.286    0.2575E-01  13.759   2.848E-01   6.372E-04  -6.470E-03   0.000E+00   6.395E-05
  178   -22.00    -210.1    0.287    0.2668E-01  13.686   2.848E-01   6.372E-04  -6.780E-03   0.000E+00   6.395E-05
  177   -23.00    -209.1    0.287    0.2759E-01  13.611   2.848E-01   6.372E-04  -7.090E-03   0.000E+00   6.395E-05
  176   -24.00    -208.2    0.287    0.2848E-01  13.535   2.848E-01   6.372E-04  -7.400E-03   0.000E+00   6.395E-05
  175   -25.00    -207.2    0.287    0.2934E-01  13.459   2.848E-01   6.372E-04  -7.710E-03   0.000E+00   6.395E-05
  174   -26.00    -206.2    0.288    0.3017E-01  13.382   2.848E-01   6.372E-04  -8.020E-03   0.000E+00   6.395E-05
  173   -27.00    -205.3    0.288    0.3099E-01  13.305   2.848E-01   6.372E-04  -8.330E-03   0.000E+00   6.395E-05
  172   -28.00    -204.3    0.288    0.3178E-01  13.229   2.848E-01   6.372E-04  -8.640E-03   0.000E+00   6.395E-05
  171   -29.00    -203.3    0.289    0.3255E-01  13.153   2.848E-01   6.372E-04  -8.950E-03   0.000E+00   6.395E-05
  170   -30.00    -202.4    0.283    0.3336E-01  13.078   2.175E-01   6.372E-04  -9.254E-03   0.000E+00   6.395E-05
  169   -31.00    -201.4    0.284    0.3423E-01  13.004   2.175E-01   6.372E-04  -9.551E-03   0.000E+00   6.395E-05
  168   -32.00    -200.4    0.284    0.3508E-01  12.931   2.175E-01   6.372E-04  -9.849E-03   0.000E+00   6.395E-05
  167   -33.00    -199.5    0.284    0.3590E-01  12.859   2.175E-01   6.372E-04  -1.015E-02   0.000E+00   6.395E-05
  166   -34.00    -198.5    0.285    0.3669E-01  12.789   2.175E-01   6.372E-04  -1.044E-02   0.000E+00   6.395E-05
  165   -35.00    -197.6    0.285    0.3746E-01  12.720   2.175E-01   6.372E-04  -1.074E-02   0.000E+00   6.395E-05
  164   -36.00    -196.6    0.285    0.3821E-01  12.653   2.175E-01   6.372E-04  -1.104E-02   0.000E+00   6.395E-05
  163   -37.00    -195.7    0.285    0.3894E-01  12.587   2.175E-01   6.372E-04  -1.135E-02   0.000E+00   6.395E-05
  162   -38.00    -194.7    0.286    0.3964E-01  12.523   2.175E-01   6.372E-04  -1.170E-02   0.000E+00   6.395E-05
  161   -39.00    -193.8    0.286    0.4032E-01  12.460   2.175E-01   6.372E-04  -1.206E-02   0.000E+00   6.395E-05
  160   -40.00    -192.9    0.286    0.4098E-01  12.400   2.175E-01   6.372E-04  -1.241E-02   0.000E+00   6.395E-05
  159   -41.00    -191.9    0.287    0.4161E-01  12.340   2.175E-01   6.372E-04  -1.277E-02   0.000E+00   6.395E-05
  158   -42.00    -191.0    0.287    0.4223E-01  12.282   2.175E-01   6.372E-04  -1.313E-02   0.000E+00   6.395E-05
  157   -43.00    -190.0    0.287    0.4283E-01  12.226   2.175E-01   6.372E-04  -1.349E-02   0.000E+00   6.395E-05
  156   -44.00    -189.1    0.288    0.4340E-01  12.171   2.175E-01   6.372E-04  -1.385E-02   0.000E+00   6.395E-05
  155   -45.00    -188.2    0.288    0.4410E-01  12.117   1.287E-01   6.372E-04  -1.418E-02   0.000E+00   6.395E-05
  154   -46.00    -187.3    0.288    0.4499E-01  12.065   1.287E-01   6.372E-04  -1.450E-02   0.000E+00   6.395E-05
  153   -47.00    -186.4    0.288    0.4587E-01  12.014   1.287E-01   6.372E-04  -1.481E-02   0.000E+00   6.395E-05
  152   -48.00    -185.5    0.289    0.4673E-01  11.964   1.287E-01   6.372E-04  -1.512E-02   0.000E+00   6.395E-05
  151   -49.00    -184.6    0.289    0.4758E-01  11.915   1.287E-01   6.372E-04  -1.543E-02   0.000E+00   6.395E-05
  150   -50.00    -183.8    0.289    0.4842E-01  11.867   1.287E-01   6.372E-04  -1.574E-02   0.000E+00   6.395E-05
  149   -51.00    -182.9    0.289    0.4924E-01  11.820   1.287E-01   6.372E-04  -1.605E-02   0.000E+00   6.395E-05
  148   -52.00    -182.0    0.290    0.5005E-01  11.774   1.287E-01   6.372E-04  -1.636E-02   0.000E+00   6.395E-05
  147   -53.00    -181.1    0.290    0.5086E-01  11.729   1.287E-01   6.372E-04  -1.667E-02   0.000E+00   6.395E-05
  146   -54.00    -180.3    0.290    0.5165E-01  11.685   1.287E-01   6.372E-04  -1.698E-02   0.000E+00   6.395E-05
  145   -55.00    -179.4    0.290    0.5243E-01  11.642   1.287E-01   6.372E-04  -1.729E-02   0.000E+00   6.395E-05
  144   -56.00    -178.5    0.291    0.5320E-01  11.599   1.287E-01   6.372E-04  -1.760E-02   0.000E+00   6.395E-05
  143   -57.00    -177.7    0.291    0.5396E-01  11.557   1.287E-01   6.372E-04  -1.790E-02   0.000E+00   6.395E-05
  142   -58.00    -176.8    0.291    0.5472E-01  11.516   1.287E-01   6.372E-04  -1.821E-02   0.000E+00   6.395E-05
  141   -59.00    -176.0    0.292    0.5546E-01  11.475   1.287E-01   6.372E-04  -1.851E-02   0.000E+00   6.395E-05
  140   -60.00    -175.1    0.292    0.5620E-01  11.436   1.287E-01   6.372E-04  -1.882E-02   0.000E+00   6.395E-05
  139   -61.00    -174.2    0.292    0.5692E-01  11.396   1.287E-01   6.372E-04  -1.912E-02   0.000E+00   6.395E-05
  138   -62.00    -173.4    0.292    0.5764E-01  11.358   1.287E-01   6.372E-04  -1.942E-02   0.000E+00   6.395E-05
  137   -63.00    -172.5    0.293    0.5835E-01  11.319   1.287E-01   6.372E-04  -1.972E-02   0.000E+00   6.395E-05
  136   -64.00    -171.7    0.293    0.5906E-01  11.282   1.287E-01   6.372E-04  -2.001E-02   0.000E+00   6.395E-05
  135   -65.00    -170.9    0.293    0.5975E-01  11.245   1.287E-01   6.372E-04  -2.031E-02   0.000E+00   6.395E-05
  134   -66.00    -170.0    0.293    0.6044E-01  11.208   1.287E-01   6.372E-04  -2.061E-02   0.000E+00   6.395E-05
  133   -67.00    -169.2    0.294    0.6113E-01  11.172   1.287E-01   6.372E-04  -2.090E-02   0.000E+00   6.395E-05
  132   -68.00    -168.3    0.294    0.6180E-01  11.137   1.287E-01   6.372E-04  -2.119E-02   0.000E+00   6.395E-05
  131   -69.00    -167.5    0.294    0.6247E-01  11.101   1.287E-01   6.372E-04  -2.149E-02   0.000E+00   6.395E-05
  130   -70.00    -166.7    0.294    0.6313E-01  11.067   1.287E-01   6.372E-04  -2.178E-02   0.000E+00   6.395E-05
  129   -71.00    -165.8    0.295    0.6378E-01  11.033   1.287E-01   6.372E-04  -2.206E-02   0.000E+00   6.395E-05
  128   -72.00    -165.0    0.295    0.6443E-01  10.999   1.287E-01   6.372E-04  -2.239E-02   0.000E+00   6.395E-05
  127   -73.00    -164.2    0.295    0.6508E-01  10.966   1.287E-01   6.372E-04  -2.275E-02   0.000E+00   6.395E-05
  126   -74.00    -163.4    0.295    0.6571E-01  10.933   1.287E-01   6.372E-04  -2.311E-02   0.000E+00   6.395E-05
  125   -75.00    -162.6    0.296    0.6635E-01  10.900   1.287E-01   6.372E-04  -2.346E-02   0.000E+00   6.395E-05
  124   -76.00    -161.7    0.296    0.6697E-01  10.868   1.287E-01   6.372E-04  -2.382E-02   0.000E+00   6.395E-05
  123   -77.00    -160.9    0.296    0.6759E-01  10.837   1.287E-01   6.372E-04  -2.417E-02   0.000E+00   6.395E-05
  122   -78.00    -160.1    0.297    0.6821E-01  10.806   1.287E-01   6.372E-04  -2.453E-02   0.000E+00   6.395E-05
  121   -79.00    -159.3    0.297    0.6882E-01  10.775   1.287E-01   6.372E-04  -2.487E-02   0.000E+00   6.395E-05
  120   -80.00    -158.5    0.297    0.6943E-01  10.745   1.287E-01   6.372E-04  -2.522E-02   0.000E+00   6.395E-05
  119   -81.00    -157.7    0.297    0.7003E-01  10.715   1.287E-01   6.372E-04  -2.557E-02   0.000E+00   6.395E-05
  118   -82.00    -156.9    0.298    0.7063E-01  10.685   1.287E-01   6.372E-04  -2.591E-02   0.000E+00   6.395E-05
  117   -83.00    -156.1    0.298    0.7122E-01  10.656   1.287E-01   6.372E-04  -2.625E-02   0.000E+00   6.395E-05
  116   -84.00    -155.3    0.298    0.7181E-01  10.627   1.287E-01   6.372E-04  -2.659E-02   0.000E+00   6.395E-05
  115   -85.00    -154.5    0.299    0.7239E-01  10.599   1.287E-01   6.372E-04  -2.692E-02   0.000E+00   6.395E-05
  114   -86.00    -153.7    0.299    0.7297E-01  10.571   1.287E-01   6.372E-04  -2.725E-02   0.000E+00   6.395E-05
  113   -87.00    -152.9    0.299    0.7354E-01  10.543   1.287E-01   6.372E-04  -2.758E-02   0.000E+00   6.395E-05
  112   -88.00    -152.2    0.299    0.7411E-01  10.516   1.287E-01   6.372E-04  -2.791E-02   0.000E+00   6.395E-05
  111   -89.00    -151.4    0.300    0.7468E-01  10.489   1.287E-01   6.372E-04  -2.823E-02   0.000E+00   6.395E-05
  110   -90.00    -150.6    0.300    0.7524E-01  10.463   1.287E-01   6.372E-04  -2.855E-02   0.000E+00   6.395E-05
  109   -91.00    -149.8    0.300    0.7580E-01  10.437   1.287E-01   6.372E-04  -2.887E-02   0.000E+00   6.395E-05
  108   -92.00    -149.0    0.300    0.7635E-01  10.411   1.287E-01   6.372E-04  -2.919E-02   0.000E+00   6.395E-05
  107   -93.00    -148.3    0.301    0.7690E-01  10.386   1.287E-01   6.372E-04  -2.950E-02   0.000E+00   6.395E-05
  106   -94.00    -147.5    0.301    0.7745E-01  10.361   1.287E-01   6.372E-04  -2.981E-02   0.000E+00   6.395E-05
  105   -95.00    -146.7    0.301    0.7799E-01  10.336   1.287E-01   6.372E-04  -3.012E-02   0.000E+00   6.395E-05
  104   -96.00    -146.0    0.302    0.7853E-01  10.312   1.287E-01   6.372E-04  -3.042E-02   0.000E+00   6.395E-05
  103   -97.00    -145.2    0.302    0.7907E-01  10.288   1.287E-01   6.372E-04  -3.072E-02   0.000E+00   6.395E-05
  102   -98.00    -144.4    0.302    0.7961E-01  10.264   1.287E-01   6.372E-04  -3.102E-02   0.000E+00   6.395E-05
  101   -99.00    -143.7    0.302    0.8014E-01  10.241   1.287E-01   6.372E-04  -3.132E-02   0.000E+00   6.395E-05
  100  -100.00    -142.9    0.303    0.8067E-01  10.218   1.287E-01   6.372E-04  -3.161E-02   0.000E+00   6.395E-05
   99  -101.00    -142.2    0.303    0.8119E-01  10.195   1.287E-01   6.372E-04  -3.190E-02   0.000E+00   6.395E-05
   98  -102.00    -141.4    0.303    0.8171E-01  10.173   1.287E-01   6.372E-04  -3.219E-02   0.000E+00   6.395E-05
   97  -103.00    -140.7    0.303    0.8223E-01  10.151   1.287E-01   6.372E-04  -3.247E-02   0.000E+00   6.395E-05
   96  -104.00    -139.9    0.304    0.8275E-01  10.130   1.287E-01   6.372E-04  -3.279E-02   0.000E+00   6.395E-05
   95  -105.00    -139.2    0.304    0.8327E-01  10.108   1.287E-01   6.372E-04  -3.315E-02   0.000E+00   6.395E-05
   94  -106.00    -138.4    0.304    0.8378E-01  10.087   1.287E-01   6.372E-04  -3.350E-02   0.000E+00   6.395E-05
   93  -107.00    -137.7    0.305    0.8429E-01  10.066   1.287E-01   6.372E-04  -3.385E-02   0.000E+00   6.395E-05
   92  -108.00    -137.0    0.305    0.8480E-01  10.046   1.287E-01   6.372E-04  -3.419E-02   0.000E+00   6.395E-05
   91  -109.00    -136.2    0.305    0.8531E-01  10.026   1.287E-01   6.372E-04  -3.453E-02   0.000E+00   6.395E-05
   90  -110.00    -135.5    0.301    0.8579E-01  10.006   1.442E-01   6.372E-04  -3.487E-02   0.000E+00   6.395E-05
   89  -111.00    -134.7    0.302    0.8625E-01   9.986   1.442E-01   6.372E-04  -3.520E-02   0.000E+00   6.395E-05
   88  -112.00    -134.0    0.302    0.8671E-01   9.967   1.442E-01   6.372E-04  -3.553E-02   0.000E+00   6.395E-05
   87  -113.00    -133.2    0.302    0.8717E-01   9.947   1.442E-01   6.372E-04  -3.586E-02   0.000E+00   6.395E-05
   86  -114.00    -132.5    0.303    0.8762E-01   9.929   1.442E-01   6.372E-04  -3.618E-02   0.000E+00   6.395E-05
   85  -115.00    -131.7    0.303    0.8808E-01   9.910   1.442E-01   6.372E-04  -3.649E-02   0.000E+00   6.395E-05
   84  -116.00    -131.0    0.303    0.8852E-01   9.892   1.442E-01   6.372E-04  -3.681E-02   0.000E+00   6.395E-05
   83  -117.00    -130.2    0.303    0.8897E-01   9.874   1.442E-01   6.372E-04  -3.712E-02   0.000E+00   6.395E-05
   82  -118.00    -129.5    0.304    0.8941E-01   9.856   1.442E-01   6.372E-04  -3.742E-02   0.000E+00   6.395E-05
   81  -119.00    -128.8    0.304    0.8985E-01   9.839   1.442E-01   6.372E-04  -3.772E-02   0.000E+00   6.395E-05
   80  -120.00    -128.0    0.304    0.9028E-01   9.821   1.442E-01   6.372E-04  -3.802E-02   0.000E+00   6.395E-05
   79  -121.00    -127.3    0.305    0.9072E-01   9.804   1.442E-01   6.372E-04  -3.831E-02   0.000E+00   6.395E-05
   78  -122.00    -126.6    0.305    0.9114E-01   9.788   1.442E-01   6.372E-04  -3.860E-02   0.000E+00   6.395E-05
   77  -123.00    -125.8    0.305    0.9157E-01   9.771   1.442E-01   6.372E-04  -3.889E-02   0.000E+00   6.395E-05
   76  -124.00    -125.1    0.306    0.9199E-01   9.755   1.442E-01   6.372E-04  -3.917E-02   0.000E+00   6.395E-05
   75  -125.00    -124.4    0.306    0.9241E-01   9.739   1.442E-01   6.372E-04  -3.945E-02   0.000E+00   6.395E-05
   74  -126.00    -123.6    0.306    0.9283E-01   9.723   1.442E-01   6.372E-04  -3.972E-02   0.000E+00   6.395E-05
   73  -127.00    -122.9    0.306    0.9324E-01   9.708   1.442E-01   6.372E-04  -3.999E-02   0.000E+00   6.395E-05
   72  -128.00    -122.2    0.307    0.9365E-01   9.693   1.442E-01   6.372E-04  -4.026E-02   0.000E+00   6.395E-05
   71  -129.00    -121.5    0.307    0.9406E-01   9.678   1.442E-01   6.372E-04  -4.052E-02   0.000E+00   6.395E-05
   70  -130.00    -120.8    0.307    0.9446E-01   9.663   1.442E-01   6.372E-04  -4.078E-02   0.000E+00   6.395E-05
   69  -131.00    -120.0    0.308    0.9486E-01   9.649   1.442E-01   6.372E-04  -4.104E-02   0.000E+00   6.395E-05
   68  -132.00    -119.3    0.308    0.9526E-01   9.634   1.442E-01   6.372E-04  -4.129E-02   0.000E+00   6.395E-05
   67  -133.00    -118.6    0.308    0.9565E-01   9.620   1.442E-01   6.372E-04  -4.156E-02   0.000E+00   6.395E-05
   66  -134.00    -117.9    0.309    0.9604E-01   9.606   1.442E-01   6.372E-04  -4.184E-02   0.000E+00   6.395E-05
   65  -135.00    -117.2    0.309    0.9643E-01   9.593   1.442E-01   6.372E-04  -4.215E-02   0.000E+00   6.395E-05
   64  -136.00    -116.5    0.309    0.9681E-01   9.580   1.442E-01   6.372E-04  -4.245E-02   0.000E+00   6.395E-05
   63  -137.00    -115.8    0.310    0.9719E-01   9.566   1.442E-01   6.372E-04  -4.274E-02   0.000E+00   6.395E-05
   62  -138.00    -115.1    0.310    0.9756E-01   9.554   1.442E-01   6.372E-04  -4.303E-02   0.000E+00   6.395E-05
   61  -139.00    -114.4    0.310    0.9793E-01   9.541   1.442E-01   6.372E-04  -4.332E-02   0.000E+00   6.395E-05
   60  -140.00    -113.7    0.311    0.9830E-01   9.528   1.442E-01   6.372E-04  -4.360E-02   0.000E+00   6.395E-05
   59  -141.00    -113.0    0.311    0.9867E-01   9.516   1.442E-01   6.372E-04  -4.387E-02   0.000E+00   6.395E-05
   58  -142.00    -112.3    0.311    0.9902E-01   9.504   1.442E-01   6.372E-04  -4.414E-02   0.000E+00   6.395E-05
   57  -143.00    -111.6    0.312    0.9938E-01   9.492   1.442E-01   6.372E-04  -4.440E-02   0.000E+00   6.395E-05
   56  -144.00    -110.9    0.312    0.9973E-01   9.481   1.442E-01   6.372E-04  -4.466E-02   0.000E+00   6.395E-05
   55  -145.00    -110.2    0.312    0.1001E+00   9.469   1.442E-01   6.372E-04  -4.491E-02   0.000E+00   6.395E-05
   54  -146.00    -109.5    0.313    0.1004E+00   9.458   1.442E-01   6.372E-04  -4.516E-02   0.000E+00   6.395E-05
   53  -147.00    -108.8    0.313    0.1008E+00   9.447   1.442E-01   6.372E-04  -4.540E-02   0.000E+00   6.395E-05
   52  -148.00    -108.2    0.313    0.1011E+00   9.437   1.442E-01   6.372E-04  -4.564E-02   0.000E+00   6.395E-05
   51  -149.00    -107.5    0.314    0.1014E+00   9.426   1.442E-01   6.372E-04  -4.588E-02   0.000E+00   6.395E-05
   50  -150.00    -106.8    0.314    0.1017E+00   9.416   1.442E-01   6.372E-04  -4.610E-02   0.000E+00   6.395E-05
   49  -151.00    -106.1    0.314    0.1020E+00   9.406   1.442E-01   6.372E-04  -4.633E-02   0.000E+00   6.395E-05
   48  -152.00    -105.4    0.315    0.1023E+00   9.396   1.442E-01   6.372E-04  -4.654E-02   0.000E+00   6.395E-05
   47  -153.00    -104.8    0.315    0.1026E+00   9.386   1.442E-01   6.372E-04  -4.676E-02   0.000E+00   6.395E-05
   46  -154.00    -104.1    0.315    0.1029E+00   9.377   1.442E-01   6.372E-04  -4.697E-02   0.000E+00   6.395E-05
   45  -155.00    -103.4    0.316    0.1032E+00   9.367   1.442E-01   6.372E-04  -4.717E-02   0.000E+00   6.395E-05
   44  -156.00    -102.7    0.316    0.1035E+00   9.358   1.442E-01   6.372E-04  -4.737E-02   0.000E+00   6.395E-05
   43  -157.00    -102.1    0.316    0.1038E+00   9.350   1.442E-01   6.372E-04  -4.756E-02   0.000E+00   6.395E-05
   42  -158.00    -101.4    0.316    0.1040E+00   9.341   1.442E-01   6.372E-04  -4.775E-02   0.000E+00   6.395E-05
   41  -159.00    -100.7    0.317    0.1043E+00   9.332   1.442E-01   6.372E-04  -4.794E-02   0.000E+00   6.395E-05
   40  -160.00    -100.1    0.317    0.1046E+00   9.324   1.442E-01   6.372E-04  -4.814E-02   0.000E+00   6.395E-05
   39  -161.00     -99.4    0.317    0.1048E+00   9.316   1.442E-01   6.372E-04  -4.836E-02   0.000E+00   6.395E-05
   38  -162.00     -98.7    0.318    0.1050E+00   9.308   1.442E-01   6.372E-04  -4.857E-02   0.000E+00   6.395E-05
   37  -163.00     -98.1    0.318    0.1052E+00   9.301   1.442E-01   6.372E-04  -4.878E-02   0.000E+00   6.395E-05
   36  -164.00     -97.4    0.319    0.1055E+00   9.293   1.442E-01   6.372E-04  -4.898E-02   0.000E+00   6.395E-05
   35  -165.00     -96.8    0.319    0.1057E+00   9.286   1.442E-01   6.372E-04  -4.917E-02   0.000E+00   6.395E-05
   34  -166.00     -96.1    0.319    0.1058E+00   9.279   1.442E-01   6.372E-04  -4.936E-02   0.000E+00   6.395E-05
   33  -167.00     -95.4    0.320    0.1060E+00   9.272   1.442E-01   6.372E-04  -4.954E-02   0.000E+00   6.395E-05
   32  -168.00     -94.8    0.320    0.1062E+00   9.266   1.442E-01   6.372E-04  -4.972E-02   0.000E+00   6.395E-05
   31  -169.00     -94.1    0.320    0.1063E+00   9.259   1.442E-01   6.372E-04  -4.989E-02   0.000E+00   6.395E-05
   30  -170.00     -93.5    0.321    0.1065E+00   9.253   1.442E-01   6.372E-04  -5.005E-02   0.000E+00   6.395E-05
   29  -171.00     -92.8    0.321    0.1066E+00   9.247   1.442E-01   6.372E-04  -5.021E-02   0.000E+00   6.395E-05
   28  -172.00     -92.2    0.321    0.1067E+00   9.242   1.442E-01   6.372E-04  -5.037E-02   0.000E+00   6.395E-05
   27  -173.00     -91.5    0.322    0.1068E+00   9.236   1.442E-01   6.372E-04  -5.051E-02   0.000E+00   6.395E-05
   26  -174.00     -90.9    0.322    0.1068E+00   9.231   1.442E-01   6.372E-04  -5.065E-02   0.000E+00   6.395E-05
   25  -175.00     -90.2    0.323    0.1069E+00   9.225   1.442E-01   6.372E-04  -5.079E-02   0.000E+00   6.395E-05
   24  -176.00     -89.6    0.323    0.1069E+00   9.221   1.442E-01   6.372E-04  -5.092E-02   0.000E+00   6.395E-05
   23  -177.00     -88.9    0.323    0.1069E+00   9.216   1.442E-01   6.372E-04  -5.104E-02   0.000E+00   6.395E-05
   22  -178.00     -88.3    0.324    0.1069E+00   9.211   1.442E-01   6.372E-04  -5.116E-02   0.000E+00   6.395E-05
   21  -179.00     -87.6    0.324    0.1068E+00   9.207   1.442E-01   6.372E-04  -5.128E-02   0.000E+00   6.395E-05
   20  -180.00     -87.0    0.324    0.1067E+00   9.203   1.442E-01   6.372E-04  -5.138E-02   0.000E+00   6.395E-05
   19  -181.00     -86.3    0.325    0.1066E+00   9.199   1.442E-01   6.372E-04  -5.148E-02   0.000E+00   6.395E-05
   18  -182.00     -85.7    0.325    0.1065E+00   9.195   1.442E-01   6.372E-04  -5.158E-02   0.000E+00   6.395E-05
   17  -183.00     -85.1    0.325    0.1063E+00   9.192   1.442E-01   6.372E-04  -5.167E-02   0.000E+00   6.395E-05
   16  -184.00     -84.4    0.326    0.1061E+00   9.189   1.442E-01   6.372E-04  -5.177E-02   0.000E+00   6.395E-05
   15  -185.00     -83.8    0.326    0.1058E+00   9.185   1.442E-01   6.372E-04  -5.187E-02   0.000E+00   6.395E-05
   14  -186.00     -83.1    0.327    0.1055E+00   9.183   1.442E-01   6.372E-04  -5.196E-02   0.000E+00   6.395E-05
   13  -187.00     -82.5    0.327    0.1051E+00   9.180   1.442E-01   6.372E-04  -5.204E-02   0.000E+00   6.395E-05
   12  -188.00     -81.9    0.327    0.1047E+00   9.178   1.442E-01   6.372E-04  -5.212E-02   0.000E+00   6.395E-05
   11  -189.00     -81.2    0.328    0.1042E+00   9.175   1.442E-01   6.372E-04  -5.219E-02   0.000E+00   6.395E-05
   10  -190.00     -80.6    0.328    0.1037E+00   9.173   1.442E-01   6.372E-04  -5.226E-02   0.000E+00   6.395E-05
    9  -191.00     -79.9    0.328    0.1031E+00   9.172   1.442E-01   6.372E-04  -5.232E-02   0.000E+00   6.395E-05
    8  -192.00     -79.3    0.329    0.1024E+00   9.170   1.442E-01   6.372E-04  -5.237E-02   0.000E+00   6.395E-05
    7  -193.00     -78.7    0.329    0.1016E+00   9.169   1.442E-01   6.372E-04  -5.242E-02   0.000E+00   6.395E-05
    6  -194.00     -78.0    0.330    0.1008E+00   9.168   1.442E-01   6.372E-04  -5.246E-02   0.000E+00   6.395E-05
    5  -195.00     -77.4    0.330    0.9988E-01   9.167   1.442E-01   6.372E-04  -5.249E-02   0.000E+00   6.395E-05
    4  -196.00     -76.8    0.330    0.9888E-01   9.166   1.442E-01   6.372E-04  -5.252E-02   0.000E+00   6.395E-05
    3  -197.00     -76.1    0.331    0.9779E-01   9.166   1.442E-01   6.372E-04  -5.253E-02   0.000E+00   6.395E-05
    2  -198.00     -75.5    0.331    0.9662E-01   9.165   1.442E-01   6.372E-04  -5.254E-02   0.000E+00   6.395E-05
    1  -199.00     -74.9    0.332    0.9537E-01   9.165   1.442E-01   6.372E-04  -5.255E-02   0.000E+00   6.395E-05
#Time:    6000
  222     0.00    -296.6    0.265    0.3800E-03  15.315   2.848E-01   6.011E-04   7.207E-06   0.000E+00   5.892E-05
  221    -0.10    -296.5    0.265    0.5388E-03  15.318   2.848E-01   6.011E-04   1.441E-05   0.000E+00   5.892E-05
  220    -0.20    -296.4    0.265    0.6975E-03  15.333   2.848E-01   6.011E-04   2.881E-05   0.000E+00   5.892E-05
  219    -0.30    -296.3    0.265    0.8558E-03  15.354   2.848E-01   6.011E-04   4.321E-05   0.000E+00   5.892E-05
  218    -0.40    -296.2    0.265    0.1014E-02  15.376   2.848E-01   6.011E-04   5.760E-05   0.000E+00   5.892E-05
  217    -0.50    -296.1    0.265    0.1172E-02  15.397   2.848E-01   6.011E-04   7.198E-05   0.000E+00   5.892E-05
  216    -0.60    -296.0    0.265    0.1329E-02  15.416   2.848E-01   6.011E-04   8.636E-05   0.000E+00   5.892E-05
  215    -0.70    -295.9    0.265    0.1487E-02  15.434   2.848E-01   6.011E-04   1.007E-04   0.000E+00   5.892E-05
  214    -0.80    -295.8    0.265    0.1644E-02  15.451   2.848E-01   6.011E-04   1.151E-04   0.000E+00   5.892E-05
  213    -0.90    -295.7    0.265    0.1800E-02  15.468   2.848E-01   6.011E-04   1.295E-04   0.000E+00   5.892E-05
  212    -1.00    -295.6    0.265    0.1957E-02  15.484   2.848E-01   6.011E-04   1.510E-04   0.000E+00   5.892E-05
  211    -1.20    -295.4    0.265    0.2269E-02  15.517   2.848E-01   6.011E-04   1.725E-04   0.000E+00   5.892E-05
  210    -1.40    -295.2    0.266    0.2580E-02  15.549   2.848E-01   6.011E-04   2.012E-04   0.000E+00   5.892E-05
  209    -1.60    -295.0    0.266    0.2890E-02  15.581   2.848E-01   6.011E-04   2.298E-04   0.000E+00   5.892E-05
  208    -1.80    -294.8    0.266    0.3199E-02  15.613   2.848E-01   6.011E-04   2.584E-04   0.000E+00   5.892E-05
  207    -2.00    -294.6    0.266    0.3506E-02  15.645   2.848E-01   6.011E-04   2.870E-04   0.000E+00   5.892E-05
  206    -2.20    -294.4    0.266    0.3813E-02  15.677   2.848E-01   6.011E-04   3.156E-04   0.000E+00   5.892E-05
  205    -2.40    -294.2    0.266    0.4118E-02  15.709   2.848E-01   6.011E-04   3.441E-04   0.000E+00   5.892E-05
  204    -2.60    -294.0    0.266    0.4422E-02  15.740   2.848E-01   6.011E-04   3.727E-04   0.000E+00   5.892E-05
  203    -2.80    -293.8    0.266    0.4725E-02  15.771   2.848E-01   6.011E-04   4.012E-04   0.000E+00   5.892E-05
  202    -3.00    -293.6    0.266    0.5027E-02  15.801   2.848E-01   6.011E-04   4.510E-04   0.000E+00   5.892E-05
  201    -3.50    -293.1    0.266    0.5777E-02  15.875   2.848E-01   6.011E-04   5.008E-04   0.000E+00   5.892E-05
  200    -4.00    -292.6    0.266    0.6520E-02  15.946   2.848E-01   6.011E-04   5.718E-04   0.000E+00   5.892E-05
  199    -4.50    -292.1    0.266    0.7255E-02  16.013   2.848E-01   6.011E-04   6.428E-04   0.000E+00   5.892E-05
  198    -5.00    -291.6    0.266    0.7984E-02  16.076   2.848E-01   6.011E-04   7.136E-04   0.000E+00   5.892E-05
  197    -5.50    -291.1    0.266    0.8706E-02  16.135   2.848E-01   6.011E-04   7.842E-04   0.000E+00   5.892E-05
  196    -6.00    -290.6    0.266    0.9420E-02  16.191   2.848E-01   6.011E-04   8.548E-04   0.000E+00   5.892E-05
  195    -6.50    -290.1    0.267    0.1013E-01  16.242   2.848E-01   6.011E-04   9.253E-04   0.000E+00   5.892E-05
  194    -7.00    -289.6    0.267    0.1083E-01  16.288   2.848E-01   6.011E-04   9.957E-04   0.000E+00   5.892E-05
  193    -7.50    -289.1    0.267    0.1152E-01  16.330   2.848E-01   6.011E-04   1.066E-03   0.000E+00   5.892E-05
  192    -8.00    -288.6    0.267    0.1221E-01  16.368   2.848E-01   6.011E-04   1.171E-03   0.000E+00   5.892E-05
  191    -9.00    -287.6    0.267    0.1357E-01  16.431   2.848E-01   6.011E-04   1.276E-03   0.000E+00   5.892E-05
  190   -10.00    -286.6    0.267    0.1490E-01  16.477   2.848E-01   6.011E-04   1.416E-03   0.000E+00   5.892E-05
  189   -11.00    -285.6    0.267    0.1621E-01  16.506   2.848E-01   6.011E-04   1.554E-03   0.000E+00   5.892E-05
  188   -12.00    -284.6    0.268    0.1750E-01  16.522   2.848E-01   6.011E-04   1.693E-03   0.000E+00   5.892E-05
  187   -13.00    -283.6    0.268    0.1877E-01  16.524   2.848E-01   6.011E-04   1.831E-03   0.000E+00   5.892E-05
  186   -14.00    -282.6    0.268    0.2003E-01  16.515   2.848E-01   6.011E-04   1.968E-03   0.000E+00   5.892E-05
  185   -15.00    -281.6    0.268    0.2127E-01  16.495   2.848E-01   6.011E-04   2.104E-03   0.000E+00   5.892E-05
  184   -16.00    -280.6    0.268    0.2250E-01  16.466   2.848E-01   6.011E-04   2.239E-03   0.000E+00   5.892E-05
  183   -17.00    -279.6    0.269    0.2370E-01  16.429   2.848E-01   6.011E-04   2.373E-03   0.000E+00   5.892E-05
  182   -18.00    -278.5    0.269    0.2490E-01  16.385   2.848E-01   6.011E-04   2.506E-03   0.000E+00   5.892E-05
  181   -19.00    -277.5    0.269    0.2607E-01  16.336   2.848E-01   6.011E-04   2.637E-03   0.000E+00   5.892E-05
  180   -20.00    -276.5    0.269    0.2723E-01  16.283   2.848E-01   6.011E-04   2.766E-03   0.000E+00   5.892E-05
  179   -21.00    -275.5    0.269    0.2837E-01  16.226   2.848E-01   6.011E-04   2.894E-03   0.000E+00   5.892E-05
  178   -22.00    -274.5    0.270    0.2949E-01  16.165   2.848E-01   6.011E-04   3.019E-03   0.000E+00   5.892E-05
  177   -23.00    -273.5    0.270    0.3060E-01  16.103   2.848E-01   6.011E-04   3.141E-03   0.000E+00   5.892E-05
  176   -24.00    -272.5    0.270    0.3169E-01  16.039   2.848E-01   6.011E-04   3.294E-03   0.000E+00   5.892E-05
  175   -25.00    -271.5    0.270    0.3277E-01  15.974   2.848E-01   6.011E-04   3.477E-03   0.000E+00   5.892E-05
  174   -26.00    -270.5    0.271    0.3383E-01  15.908   2.848E-01   6.011E-04   3.657E-03   0.000E+00   5.892E-05
  173   -27.00    -269.4    0.271    0.3488E-01  15.843   2.848E-01   6.011E-04   3.834E-03   0.000E+00   5.892E-05
  172   -28.00    -268.4    0.271    0.3591E-01  15.777   2.848E-01   6.011E-04   4.009E-03   0.000E+00   5.892E-05
  171   -29.00    -267.4    0.271    0.3693E-01  15.713   2.848E-01   6.011E-04   4.182E-03   0.000E+00   5.892E-05
  170   -30.00    -266.4    0.267    0.3801E-01  15.649   2.175E-01   6.011E-04   4.349E-03   0.000E+00   5.892E-05
  169   -31.00    -265.4    0.267    0.3918E-01  15.586   2.175E-01   6.011E-04   4.512E-03   0.000E+00   5.892E-05
  168   -32.00    -264.4    0.267    0.4034E-01  15.524   2.175E-01   6.011E-04   4.673E-03   0.000E+00   5.892E-05
  167   -33.00    -263.3    0.268    0.4147E-01  15.463   2.175E-01   6.011E-04   4.833E-03   0.000E+00   5.892E-05
  166   -34.00    -262.3    0.268    0.4259E-01  15.404   2.175E-01   6.011E-04   4.992E-03   0.000E+00   5.892E-05
  165   -35.00    -261.3    0.268    0.4370E-01  15.346   2.175E-01   6.011E-04   5.150E-03   0.000E+00   5.892E-05
  164   -36.00    -260.3    0.268    0.4478E-01  15.290   2.175E-01   6.011E-04   5.307E-03   0.000E+00   5.892E-05
  163   -37.00    -259.2    0.269    0.4586E-01  15.236   2.175E-01   6.011E-04   5.463E-03   0.000E+00   5.892E-05
  162   -38.00    -258.2    0.269    0.4691E-01  15.183   2.175E-01   6.011E-04   5.618E-03   0.000E+00   5.892E-05
  161   -39.00    -257.2    0.269    0.4795E-01  15.131   2.175E-01   6.011E-04   5.773E-03   0.000E+00   5.892E-05
  160   -40.00    -256.2    0.269    0.4897E-01  15.081   2.175E-01   6.011E-04   5.927E-03   0.000E+00   5.892E-05
  159   -41.00    -255.1    0.270    0.4998E-01  15.032   2.175E-01   6.011E-04   6.081E-03   0.000E+00   5.892E-05
  158   -42.00    -254.1    0.270    0.5097E-01  14.985   2.175E-01   6.011E-04   6.234E-03   0.000E+00   5.892E-05
  157   -43.00    -253.1    0.270    0.5195E-01  14.939   2.175E-01   6.011E-04   6.386E-03   0.000E+00   5.892E-05
  156   -44.00    -252.1    0.270    0.5292E-01  14.894   2.175E-01   6.011E-04   6.538E-03   0.000E+00   5.892E-05
  155   -45.00    -251.0    0.272    0.5408E-01  14.850   1.287E-01   6.011E-04   6.681E-03   0.000E+00   5.892E-05
  154   -46.00    -250.0    0.273    0.5557E-01  14.808   1.287E-01   6.011E-04   6.815E-03   0.000E+00   5.892E-05
  153   -47.00    -248.9    0.273    0.5705E-01  14.766   1.287E-01   6.011E-04   6.948E-03   0.000E+00   5.892E-05
  152   -48.00    -247.9    0.273    0.5851E-01  14.725   1.287E-01   6.011E-04   7.081E-03   0.000E+00   5.892E-05
  151   -49.00    -246.8    0.273    0.5996E-01  14.686   1.287E-01   6.011E-04   7.214E-03   0.000E+00   5.892E-05
  150   -50.00    -245.7    0.274    0.6140E-01  14.647   1.287E-01   6.011E-04   7.346E-03   0.000E+00   5.892E-05
  149   -51.00    -244.7    0.274    0.6283E-01  14.609   1.287E-01   6.011E-04   7.476E-03   0.000E+00   5.892E-05
  148   -52.00    -243.6    0.274    0.6424E-01  14.571   1.287E-01   6.011E-04   7.606E-03   0.000E+00   5.892E-05
  147   -53.00    -242.6    0.274    0.6564E-01  14.535   1.287E-01   6.011E-04   7.735E-03   0.000E+00   5.892E-05
  146   -54.00    -241.5    0.274    0.6703E-01  14.499   1.287E-01   6.011E-04   7.863E-03   0.000E+00   5.892E-05
  145   -55.00    -240.4    0.275    0.6841E-01  14.463   1.287E-01   6.011E-04   7.990E-03   0.000E+00   5.892E-05
  144   -56.00    -239.4    0.275    0.6978E-01  14.428   1.287E-01   6.011E-04   8.115E-03   0.000E+00   5.892E-05
  143   -57.00    -238.3    0.275    0.7113E-01  14.394   1.287E-01   6.011E-04   8.239E-03   0.000E+00   5.892E-05
  142   -58.00    -237.3    0.275    0.7248E-01  14.360   1.287E-01   6.011E-04   8.361E-03   0.000E+00   5.892E-05
  141   -59.00    -236.2    0.276    0.7381E-01  14.326   1.287E-01   6.011E-04   8.482E-03   0.000E+00   5.892E-05
  140   -60.00    -235.1    0.276    0.7513E-01  14.293   1.287E-01   6.011E-04   8.600E-03   0.000E+00   5.892E-05
  139   -61.00    -234.1    0.276    0.7644E-01  14.260   1.287E-01   6.011E-04   8.717E-03   0.000E+00   5.892E-05
  138   -62.00    -233.0    0.276    0.7774E-01  14.228   1.287E-01   6.011E-04   8.830E-03   0.000E+00   5.892E-05
  137   -63.00    -231.9    0.276    0.7902E-01  14.196   1.287E-01   6.011E-04   8.941E-03   0.000E+00   5.892E-05
  136   -64.00    -230.8    0.277    0.8030E-01  14.165   1.287E-01   6.011E-04   9.070E-03   0.000E+00   5.892E-05
  135   -65.00    -229.8    0.277    0.8156E-01  14.134   1.287E-01   6.011E-04   9.217E-03   0.000E+00   5.892E-05
  134   -66.00    -228.7    0.277    0.8282E-01  14.103   1.287E-01   6.011E-04   9.361E-03   0.000E+00   5.892E-05
  133   -67.00    -227.6    0.278    0.8406E-01  14.073   1.287E-01   6.011E-04   9.501E-03   0.000E+00   5.892E-05
  132   -68.00    -226.6    0.278    0.8530E-01  14.043   1.287E-01   6.011E-04   9.638E-03   0.000E+00   5.892E-05
  131   -69.00    -225.5    0.278    0.8653E-01  14.013   1.287E-01   6.011E-04   9.773E-03   0.000E+00   5.892E-05
  130   -70.00    -224.4    0.278    0.8774E-01  13.984   1.287E-01   6.011E-04   9.906E-03   0.000E+00   5.892E-05
  129   -71.00    -223.3    0.279    0.8895E-01  13.955   1.287E-01   6.011E-04   1.004E-02   0.000E+00   5.892E-05
  128   -72.00    -222.2    0.279    0.9015E-01  13.926   1.287E-01   6.011E-04   1.016E-02   0.000E+00   5.892E-05
  127   -73.00    -221.2    0.279    0.9133E-01  13.898   1.287E-01   6.011E-04   1.029E-02   0.000E+00   5.892E-05
  126   -74.00    -220.1    0.279    0.9251E-01  13.870   1.287E-01   6.011E-04   1.042E-02   0.000E+00   5.892E-05
  125   -75.00    -219.0    0.280    0.9368E-01  13.842   1.287E-01   6.011E-04   1.054E-02   0.000E+00   5.892E-05
  124   -76.00    -217.9    0.280    0.9484E-01  13.815   1.287E-01   6.011E-04   1.066E-02   0.000E+00   5.892E-05
  123   -77.00    -216.8    0.280    0.9599E-01  13.788   1.287E-01   6.011E-04   1.078E-02   0.000E+00   5.892E-05
  122   -78.00    -215.8    0.281    0.9713E-01  13.762   1.287E-01   6.011E-04   1.090E-02   0.000E+00   5.892E-05
  121   -79.00    -214.7    0.281    0.9826E-01  13.736   1.287E-01   6.011E-04   1.102E-02   0.000E+00   5.892E-05
  120   -80.00    -213.6    0.281    0.9938E-01  13.710   1.287E-01   6.011E-04   1.113E-02   0.000E+00   5.892E-05
  119   -81.00    -212.5    0.281    0.1005E+00  13.684   1.287E-01   6.011E-04   1.125E-02   0.000E+00   5.892E-05
  118   -82.00    -211.4    0.282    0.1016E+00  13.659   1.287E-01   6.011E-04   1.136E-02   0.000E+00   5.892E-05
  117   -83.00    -210.3    0.282    0.1027E+00  13.634   1.287E-01   6.011E-04   1.147E-02   0.000E+00   5.892E-05
  116   -84.00    -209.2    0.282    0.1038E+00  13.610   1.287E-01   6.011E-04   1.158E-02   0.000E+00   5.892E-05
  115   -85.00    -208.1    0.282    0.1049E+00  13.586   1.287E-01   6.011E-04   1.169E-02   0.000E+00   5.892E-05
  114   -86.00    -207.0    0.283    0.1059E+00  13.562   1.287E-01   6.011E-04   1.180E-02   0.000E+00   5.892E-05
  113   -87.00    -206.0    0.283    0.1070E+00  13.539   1.287E-01   6.011E-04   1.191E-02   0.000E+00   5.892E-05
  112   -88.00    -204.9    0.283    0.1080E+00  13.516   1.287E-01   6.011E-04   1.201E-02   0.000E+00   5.892E-05
  111   -89.00    -203.8    0.284    0.1091E+00  13.493   1.287E-01   6.011E-04   1.211E-02   0.000E+00   5.892E-05
  110   -90.00    -202.7    0.284    0.1101E+00  13.470   1.287E-01   6.011E-04   1.221E-02   0.000E+00   5.892E-05
  109   -91.00    -201.6    0.284    0.1111E+00  13.448   1.287E-01   6.011E-04   1.231E-02   0.000E+00   5.892E-05
  108   -92.00    -200.5    0.284    0.1122E+00  13.426   1.287E-01   6.011E-04   1.241E-02   0.000E+00   5.892E-05
  107   -93.00    -199.4    0.285    0.1132E+00  13.405   1.287E-01   6.011E-04   1.251E-02   0.000E+00   5.892E-05
  106   -94.00    -198.3    0.285    0.1142E+00  13.384   1.287E-01   6.011E-04   1.260E-02   0.000E+00   5.892E-05
  105   -95.00    -197.2    0.285    0.1152E+00  13.363   1.287E-01   6.011E-04   1.269E-02   0.000E+00   5.892E-05
  104   -96.00    -196.1    0.286    0.1161E+00  13.343   1.287E-01   6.011E-04   1.278E-02   0.000E+00   5.892E-05
  103   -97.00    -195.0    0.286    0.1171E+00  13.322   1.287E-01   6.011E-04   1.288E-02   0.000E+00   5.892E-05
  102   -98.00    -193.9    0.286    0.1181E+00  13.303   1.287E-01   6.011E-04   1.299E-02   0.000E+00   5.892E-05
  101   -99.00    -192.8    0.286    0.1190E+00  13.283   1.287E-01   6.011E-04   1.310E-02   0.000E+00   5.892E-05
  100  -100.00    -191.7    0.287    0.1200E+00  13.264   1.287E-01   6.011E-04   1.320E-02   0.000E+00   5.892E-05
   99  -101.00    -190.6    0.287    0.1209E+00  13.245   1.287E-01   6.011E-04   1.330E-02   0.000E+00   5.892E-05
   98  -102.00    -189.5    0.287    0.1219E+00  13.226   1.287E-01   6.011E-04   1.340E-02   0.000E+00   5.892E-05
   97  -103.00    -188.4    0.288    0.1228E+00  13.208   1.287E-01   6.011E-04   1.350E-02   0.000E+00   5.892E-05
   96  -104.00    -187.3    0.288    0.1237E+00  13.190   1.287E-01   6.011E-04   1.359E-02   0.000E+00   5.892E-05
   95  -105.00    -186.2    0.288    0.1247E+00  13.172   1.287E-01   6.011E-04   1.368E-02   0.000E+00   5.892E-05
   94  -106.00    -185.1    0.289    0.1256E+00  13.154   1.287E-01   6.011E-04   1.377E-02   0.000E+00   5.892E-05
   93  -107.00    -184.0    0.289    0.1265E+00  13.137   1.287E-01   6.011E-04   1.386E-02   0.000E+00   5.892E-05
   92  -108.00    -182.8    0.289    0.1274E+00  13.120   1.287E-01   6.011E-04   1.395E-02   0.000E+00   5.892E-05
   91  -109.00    -181.7    0.290    0.1283E+00  13.103   1.287E-01   6.011E-04   1.404E-02   0.000E+00   5.892E-05
   90  -110.00    -180.6    0.286    0.1291E+00  13.087   1.442E-01   6.011E-04   1.412E-02   0.000E+00   5.892E-05
   89  -111.00    -179.5    0.286    0.1300E+00  13.070   1.442E-01   6.011E-04   1.420E-02   0.000E+00   5.892E-05
   88  -112.00    -178.4    0.287    0.1308E+00  13.054   1.442E-01   6.011E-04   1.428E-02   0.000E+00   5.892E-05
   87  -113.00    -177.3    0.287    0.1316E+00  13.039   1.442E-01   6.011E-04   1.436E-02   0.000E+00   5.892E-05
   86  -114.00    -176.2    0.287    0.1324E+00  13.023   1.442E-01   6.011E-04   1.443E-02   0.000E+00   5.892E-05
   85  -115.00    -175.1    0.288    0.1332E+00  13.008   1.442E-01   6.011E-04   1.451E-02   0.000E+00   5.892E-05
   84  -116.00    -174.0    0.288    0.1340E+00  12.993   1.442E-01   6.011E-04   1.458E-02   0.000E+00   5.892E-05
   83  -117.00    -172.9    0.288    0.1347E+00  12.978   1.442E-01   6.011E-04   1.466E-02   0.000E+00   5.892E-05
   82  -118.00    -171.8    0.289    0.1355E+00  12.963   1.442E-01   6.011E-04   1.473E-02   0.000E+00   5.892E-05
   81  -119.00    -170.7    0.289    0.1363E+00  12.949   1.442E-01   6.011E-04   1.480E-02   0.000E+00   5.892E-05
   80  -120.00    -169.6    0.289    0.1371E+00  12.935   1.442E-01   6.011E-04   1.487E-02   0.000E+00   5.892E-05
   79  -121.00    -168.5    0.290    0.1378E+00  12.921   1.442E-01   6.011E-04   1.493E-02   0.000E+00   5.892E-05
   78  -122.00    -167.4    0.290    0.1386E+00  12.908   1.442E-01   6.011E-04   1.500E-02   0.000E+00   5.892E-05
   77  -123.00    -166.3    0.290    0.1393E+00  12.894   1.442E-01   6.011E-04   1.507E-02   0.000E+00   5.892E-05
   76  -124.00    -165.2    0.291    0.1400E+00  12.881   1.442E-01   6.011E-04   1.513E-02   0.000E+00   5.892E-05
   75  -125.00    -164.1    0.291    0.1408E+00  12.868   1.442E-01   6.011E-04   1.520E-02   0.000E+00   5.892E-05
   74  -126.00    -163.0    0.291    0.1415E+00  12.856   1.442E-01   6.011E-04   1.527E-02   0.000E+00   5.892E-05
   73  -127.00    -161.9    0.292    0.1422E+00  12.843   1.442E-01   6.011E-04   1.534E-02   0.000E+00   5.892E-05
   72  -128.00    -160.8    0.292    0.1429E+00  12.831   1.442E-01   6.011E-04   1.541E-02   0.000E+00   5.892E-05
   71  -129.00    -159.7    0.292    0.1436E+00  12.819   1.442E-01   6.011E-04   1.547E-02   0.000E+00   5.892E-05
   70  -130.00    -158.6    0.293    0.1443E+00  12.807   1.442E-01   6.011E-04   1.554E-02   0.000E+00   5.892E-05
   69  -131.00    -157.5    0.293    0.1450E+00  12.796   1.442E-01   6.011E-04   1.560E-02   0.000E+00   5.892E-05
   68  -132.00    -156.4    0.294    0.1457E+00  12.784   1.442E-01   6.011E-04   1.566E-02   0.000E+00   5.892E-05
   67  -133.00    -155.2    0.294    0.1464E+00  12.773   1.442E-01   6.011E-04   1.572E-02   0.000E+00   5.892E-05
   66  -134.00    -154.1    0.294    0.1471E+00  12.762   1.442E-01   6.011E-04   1.578E-02   0.000E+00   5.892E-05
   65  -135.00    -153.0    0.295    0.1478E+00  12.751   1.442E-01   6.011E-04   1.583E-02   0.000E+00   5.892E-05
   64  -136.00    -151.9    0.295    0.1484E+00  12.741   1.442E-01   6.011E-04   1.589E-02   0.000E+00   5.892E-05
   63  -137.00    -150.8    0.296    0.1491E+00  12.730   1.442E-01   6.011E-04   1.594E-02   0.000E+00   5.892E-05
   62  -138.00    -149.7    0.296    0.1498E+00  12.720   1.442E-01   6.011E-04   1.599E-02   0.000E+00   5.892E-05
   61  -139.00    -148.6    0.296    0.1504E+00  12.710   1.442E-01   6.011E-04   1.604E-02   0.000E+00   5.892E-05
   60  -140.00    -147.5    0.297    0.1511E+00  12.700   1.442E-01   6.011E-04   1.609E-02   0.000E+00   5.892E-05
   59  -141.00    -146.4    0.297    0.1517E+00  12.691   1.442E-01   6.011E-04   1.614E-02   0.000E+00   5.892E-05
   58  -142.00    -145.3    0.298    0.1524E+00  12.681   1.442E-01   6.011E-04   1.619E-02   0.000E+00   5.892E-05
   57  -143.00    -144.1    0.298    0.1530E+00  12.672   1.442E-01   6.011E-04   1.623E-02   0.000E+00   5.892E-05
   56  -144.00    -143.0    0.298    0.1536E+00  12.663   1.442E-01   6.011E-04   1.628E-02   0.000E+00   5.892E-05
   55  -145.00    -141.9    0.299    0.1542E+00  12.654   1.442E-01   6.011E-04   1.632E-02   0.000E+00   5.892E-05
   54  -146.00    -140.8    0.299    0.1549E+00  12.646   1.442E-01   6.011E-04   1.637E-02   0.000E+00   5.892E-05
   53  -147.00    -139.7    0.300    0.1555E+00  12.637   1.442E-01   6.011E-04   1.641E-02   0.000E+00   5.892E-05
   52  -148.00    -138.6    0.300    0.1561E+00  12.629   1.442E-01   6.011E-04   1.645E-02   0.000E+00   5.892E-05
   51  -149.00    -137.5    0.300    0.1567E+00  12.621   1.442E-01   6.011E-04   1.649E-02   0.000E+00   5.892E-05
   50  -150.00    -136.3    0.301    0.1573E+00  12.613   1.442E-01   6.011E-04   1.653E-02   0.000E+00   5.892E-05
   49  -151.00    -135.2    0.301    0.1579E+00  12.606   1.442E-01   6.011E-04   1.657E-02   0.000E+00   5.892E-05
   48  -152.00    -134.1    0.302    0.1585E+00  12.598   1.442E-01   6.011E-04   1.661E-02   0.000E+00   5.892E-05
   47  -153.00    -133.0    0.302    0.1591E+00  12.591   1.442E-01   6.011E-04   1.665E-02   0.000E+00   5.892E-05
   46  -154.00    -131.9    0.303    0.1597E+00  12.584   1.442E-01   6.011E-04   1.669E-02   0.000E+00   5.892E-05
   45  -155.00    -130.8    0.303    0.1602E+00  12.577   1.442E-01   6.011E-04   1.672E-02   0.000E+00   5.892E-05
   44  -156.00    -129.7    0.304    0.1608E+00  12.570   1.442E-01   6.011E-04   1.676E-02   0.000E+00   5.892E-05
   43  -157.00    -128.5    0.304    0.1614E+00  12.563   1.442E-01   6.011E-04   1.679E-02   0.000E+00   5.892E-05
   42  -158.00    -127.4    0.305    0.1620E+00  12.557   1.442E-01   6.011E-04   1.682E-02   0.000E+00   5.892E-05
   41  -159.00    -126.3    0.305    0.1625E+00  12.550   1.442E-01   6.011E-04   1.685E-02   0.000E+00   5.892E-05
   40  -160.00    -125.2    0.306    0.1631E+00  12.544   1.442E-01   6.011E-04   1.688E-02   0.000E+00   5.892E-05
   39  -161.00    -124.1    0.306    0.1637E+00  12.538   1.442E-01   6.011E-04   1.691E-02   0.000E+00   5.892E-05
   38  -162.00    -122.9    0.306    0.1642E+00  12.533   1.442E-01   6.011E-04   1.694E-02   0.000E+00   5.892E-05
   37  -163.00    -121.8    0.307    0.1648E+00  12.527   1.442E-01   6.011E-04   1.697E-02   0.000E+00   5.892E-05
   36  -164.00    -120.7    0.307    0.1653E+00  12.522   1.442E-01   6.011E-04   1.700E-02   0.000E+00   5.892E-05
   35  -165.00    -119.6    0.308    0.1658E+00  12.516   1.442E-01   6.011E-04   1.703E-02   0.000E+00   5.892E-05
   34  -166.00    -118.5    0.308    0.1664E+00  12.511   1.442E-01   6.011E-04   1.705E-02   0.000E+00   5.892E-05
   33  -167.00    -117.4    0.309    0.1669E+00  12.506   1.442E-01   6.011E-04   1.707E-02   0.000E+00   5.892E-05
   32  -168.00    -116.2    0.309    0.1675E+00  12.502   1.442E-01   6.011E-04   1.709E-02   0.000E+00   5.892E-05
   31  -169.00    -115.1    0.310    0.1680E+00  12.497   1.442E-01   6.011E-04   1.711E-02   0.000E+00   5.892E-05
   30  -170.00    -114.0    0.310    0.1685E+00  12.493   1.442E-01   6.011E-04   1.714E-02   0.000E+00   5.892E-05
   29  -171.00    -112.9    0.311    0.1690E+00  12.488   1.442E-01   6.011E-04   1.716E-02   0.000E+00   5.892E-05
   28  -172.00    -111.8    0.312    0.1696E+00  12.484   1.442E-01   6.011E-04   1.718E-02   0.000E+00   5.892E-05
   27  -173.00    -110.6    0.312    0.1701E+00  12.480   1.442E-01   6.011E-04   1.720E-02   0.000E+00   5.892E-05
   26  -174.00    -109.5    0.313    0.1706E+00  12.476   1.442E-01   6.011E-04   1.721E-02   0.000E+00   5.892E-05
   25  -175.00    -108.4    0.313    0.1711E+00  12.473   1.442E-01   6.011E-04   1.723E-02   0.000E+00   5.892E-05
   24  -176.00    -107.3    0.314    0.1716E+00  12.469   1.442E-01   6.011E-04   1.725E-02   0.000E+00   5.892E-05
   23  -177.00    -106.2    0.314    0.1721E+00  12.466   1.442E-01   6.011E-04   1.726E-02   0.000E+00   5.892E-05
   22  -178.00    -105.0    0.315    0.1727E+00  12.463   1.442E-01   6.011E-04   1.728E-02   0.000E+00   5.892E-05
   21  -179.00    -103.9    0.315    0.1732E+00  12.460   1.442E-01   6.011E-04   1.730E-02   0.000E+00   5.892E-05
   20  -180.00    -102.8    0.316    0.1737E+00  12.457   1.442E-01   6.011E-04   1.731E-02   0.000E+00   5.892E-05
   19  -181.00    -101.7    0.316    0.1742E+00  12.454   1.442E-01   6.011E-04   1.732E-02   0.000E+00   5.892E-05
   18  -182.00    -100.6    0.317    0.1746E+00  12.452   1.442E-01   6.011E-04   1.734E-02   0.000E+00   5.892E-05
   17  -183.00     -99.4    0.317    0.1751E+00  12.449   1.442E-01   6.011E-04   1.735E-02   0.000E+00   5.892E-05
   16  -184.00     -98.3    0.318    0.1756E+00  12.447   1.442E-01   6.011E-04   1.736E-02   0.000E+00   5.892E-05
   15  -185.00     -97.2    0.319    0.1761E+00  12.445   1.442E-01   6.011E-04   1.737E-02   0.000E+00   5.892E-05
   14  -186.00     -96.1    0.319    0.1766E+00  12.443   1.442E-01   6.011E-04   1.737E-02   0.000E+00   5.892E-05
   13  -187.00     -95.0    0.320    0.1771E+00  12.441   1.442E-01   6.011E-04   1.738E-02   0.000E+00   5.892E-05
   12  -188.00     -93.8    0.321    0.1775E+00  12.440   1.442E-01   6.011E-04   1.739E-02   0.000E+00   5.892E-05
   11  -189.00     -92.7    0.321    0.1780E+00  12.438   1.442E-01   6.011E-04   1.740E-02   0.000E+00   5.892E-05
   10  -190.00     -91.6    0.322    0.1785E+00  12.437   1.442E-01   6.011E-04   1.740E-02   0.000E+00   5.892E-05
    9  -191.00     -90.5    0.322    0.1789E+00  12.436   1.442E-01   6.011E-04   1.741E-02   0.000E+00   5.892E-05
    8  -192.00     -89.4    0.323    0.1794E+00  12.435   1.442E-01   6.011E-04   1.742E-02   0.000E+00   5.892E-05
    7  -193.00     -88.2    0.324    0.1798E+00  12.434   1.442E-01   6.011E-04   1.742E-02   0.000E+00   5.892E-05
    6  -194.00     -87.1    0.324    0.1803E+00  12.433   1.442E-01   6.011E-04   1.743E-02   0.000E+00   5.892E-05
    5  -195.00     -86.0    0.325    0.1807E+00  12.432   1.442E-01   6.011E-04   1.743E-02   0.000E+00   5.892E-05
    4  -196.00     -84.9    0.325    0.1811E+00  12.432   1.442E-01   6.011E-04   1.743E-02   0.000E+00   5.892E-05
    3  -197.00     -83.8    0.326    0.1815E+00  12.432   1.442E-01   6.011E-04   1.743E-02   0.000E+00   5.892E-05
    2  -198.00     -82.6    0.327    0.1819E+00  12.432   1.442E-01   6.011E-04   1.743E-02   0.000E+00   5.892E-05
    1  -199.00     -81.5    0.328    0.1823E+00  12.432   1.442E-01   6.011E-04   1.743E-02   0.000E+00   5.892E-05
#Time:    6360
  222     0.00      13.8    0.441    0.3800E-03  18.450   2.848E-01   5.928E-04  -4.917E-01   0.000E+00   3.706E-05
  221    -0.10      13.8    0.441    0.8003E-03  18.458   2.848E-01   5.928E-04  -4.917E-01   0.000E+00   3.706E-05
  220    -0.20      13.7    0.441    0.1226E-02  18.468   2.848E-01   5.928E-04  -4.917E-01   0.000E+00   3.706E-05
  219    -0.30      13.6    0.441    0.1642E-02  18.482   2.848E-01   5.928E-04  -4.917E-01   0.000E+00   3.706E-05
  218    -0.40      13.5    0.441    0.2060E-02  18.496   2.848E-01   5.928E-04  -4.917E-01   0.000E+00   3.706E-05
  217    -0.50      13.5    0.441    0.2475E-02  18.511   2.848E-01   5.928E-04  -4.917E-01   0.000E+00   3.706E-05
  216    -0.60      13.4    0.441    0.2887E-02  18.524   2.848E-01   5.928E-04  -4.917E-01   0.000E+00   3.706E-05
  215    -0.70      13.3    0.441    0.3298E-02  18.537   2.848E-01   5.928E-04  -4.917E-01   0.000E+00   3.706E-05
  214    -0.80      13.3    0.441    0.3705E-02  18.550   2.848E-01   5.928E-04  -4.917E-01   0.000E+00   3.706E-05
  213    -0.90      13.2    0.441    0.4111E-02  18.562   2.848E-01   5.928E-04  -4.917E-01   0.000E+00   3.706E-05
  212    -1.00      13.1    0.441    0.4514E-02  18.574   2.848E-01   5.928E-04  -4.917E-01   0.000E+00   3.706E-05
  211    -1.20      13.0    0.441    0.5312E-02  18.599   2.848E-01   5.928E-04  -4.917E-01   0.000E+00   3.706E-05
  210    -1.40      12.8    0.441    0.6100E-02  18.624   2.848E-01   5.928E-04  -4.917E-01   0.000E+00   3.706E-05
  209    -1.60      12.7    0.441    0.6877E-02  18.649   2.848E-01   5.928E-04  -4.917E-01   0.000E+00   3.706E-05
  208    -1.80      12.5    0.441    0.7643E-02  18.674   2.848E-01   5.928E-04  -4.917E-01   0.000E+00   3.706E-05
  207    -2.00      12.4    0.441    0.8399E-02  18.700   2.848E-01   5.928E-04  -4.917E-01   0.000E+00   3.706E-05
  206    -2.20      12.2    0.441    0.9142E-02  18.725   2.848E-01   5.928E-04  -4.917E-01   0.000E+00   3.706E-05
  205    -2.40      12.1    0.441    0.9875E-02  18.750   2.848E-01   5.928E-04  -4.917E-01   0.000E+00   3.706E-05
  204    -2.60      11.9    0.441    0.1060E-01  18.776   2.848E-01   5.928E-04  -4.917E-01   0.000E+00   3.706E-05
  203    -2.80      11.8    0.441    0.1130E-01  18.801   2.848E-01   5.928E-04  -4.917E-01   0.000E+00   3.706E-05
  202    -3.00      11.7    0.441    0.1200E-01  18.827   2.848E-01   5.928E-04  -4.917E-01   0.000E+00   3.706E-05
  201    -3.50      11.3    0.441    0.1369E-01  18.890   2.848E-01   5.928E-04  -4.917E-01   0.000E+00   3.706E-05
  200    -4.00      10.9    0.441    0.1530E-01  18.953   2.848E-01   5.928E-04  -4.917E-01   0.000E+00   3.706E-05
  199    -4.50      10.6    0.441    0.1683E-01  19.016   2.848E-01   5.928E-04  -4.917E-01   0.000E+00   3.706E-05
  198    -5.00      10.2    0.441    0.1829E-01  19.077   2.848E-01   5.928E-04  -4.917E-01   0.000E+00   3.706E-05
  197    -5.50       9.8    0.441    0.1967E-01  19.138   2.848E-01   5.928E-04  -4.917E-01   0.000E+00   3.706E-05
  196    -6.00       9.5    0.441    0.2098E-01  19.197   2.848E-01   5.928E-04  -4.917E-01   0.000E+00   3.706E-05
  195    -6.50       9.1    0.441    0.2221E-01  19.256   2.848E-01   5.928E-04  -4.917E-01   0.000E+00   3.706E-05
  194    -7.00       8.8    0.441    0.2336E-01  19.312   2.848E-01   5.928E-04  -4.917E-01   0.000E+00   3.706E-05
  193    -7.50       8.4    0.441    0.2445E-01  19.367   2.848E-01   5.928E-04  -4.917E-01   0.000E+00   3.706E-05
  192    -8.00       8.0    0.441    0.2546E-01  19.421   2.848E-01   5.928E-04  -4.917E-01   0.000E+00   3.706E-05
  191    -9.00       7.3    0.441    0.2728E-01  19.522   2.848E-01   5.928E-04  -4.917E-01   0.000E+00   3.706E-05
  190   -10.00       6.6    0.441    0.2886E-01  19.616   2.848E-01   5.928E-04  -4.917E-01   0.000E+00   3.706E-05
  189   -11.00       5.8    0.441    0.3032E-01  19.702   2.848E-01   5.928E-04  -4.917E-01   0.000E+00   3.706E-05
  188   -12.00       5.1    0.441    0.3172E-01  19.780   2.848E-01   5.928E-04  -4.917E-01   0.000E+00   3.706E-05
  187   -13.00       4.4    0.441    0.3306E-01  19.849   2.848E-01   5.928E-04  -4.917E-01   0.000E+00   3.706E-05
  186   -14.00       3.7    0.441    0.3436E-01  19.909   2.848E-01   5.928E-04  -4.917E-01   0.000E+00   3.706E-05
  185   -15.00       2.9    0.441    0.3562E-01  19.961   2.848E-01   5.928E-04  -4.917E-01   0.000E+00   3.706E-05
  184   -16.00       2.2    0.441    0.3684E-01  20.005   2.848E-01   5.928E-04  -4.917E-01   0.000E+00   3.706E-05
  183   -17.00       1.5    0.441    0.3803E-01  20.040   2.848E-01   5.928E-04  -4.917E-01   0.000E+00   3.706E-05
  182   -18.00       0.8    0.441    0.3920E-01  20.068   2.848E-01   5.928E-04  -4.917E-01   0.000E+00   3.706E-05
  181   -19.00       0.0    0.441    0.4034E-01  20.087   2.848E-01   5.928E-04  -4.914E-01   0.000E+00   3.706E-05
  180   -20.00      -0.7    0.440    0.4146E-01  20.099   2.848E-01   5.928E-04  -4.904E-01   0.000E+00   3.706E-05
  179   -21.00      -1.4    0.440    0.4257E-01  20.103   2.848E-01   5.928E-04  -4.887E-01   0.000E+00   3.706E-05
  178   -22.00      -2.1    0.439    0.4366E-01  20.100   2.848E-01   5.928E-04  -4.866E-01   0.000E+00   3.706E-05
  177   -23.00      -2.8    0.438    0.4474E-01  20.090   2.848E-01   5.928E-04  -4.841E-01   0.000E+00   3.706E-05
  176   -24.00      -3.5    0.437    0.4581E-01  20.073   2.848E-01   5.928E-04  -4.814E-01   0.000E+00   3.706E-05
  175   -25.00      -4.2    0.437    0.4688E-01  20.051   2.848E-01   5.928E-04  -4.784E-01   0.000E+00   3.706E-05
  174   -26.00      -4.9    0.436    0.4795E-01  20.023   2.848E-01   5.928E-04  -4.751E-01   0.000E+00   3.706E-05
  173   -27.00      -5.5    0.435    0.4902E-01  19.989   2.848E-01   5.928E-04  -4.717E-01   0.000E+00   3.706E-05
  172   -28.00      -6.2    0.434    0.5010E-01  19.951   2.848E-01   5.928E-04  -4.681E-01   0.000E+00   3.706E-05
  171   -29.00      -6.8    0.433    0.5120E-01  19.908   2.848E-01   5.928E-04  -4.642E-01   0.000E+00   3.706E-05
  170   -30.00      -7.7    0.415    0.5231E-01  19.861   2.175E-01   5.928E-04  -4.605E-01   0.000E+00   3.706E-05
  169   -31.00      -8.8    0.414    0.5343E-01  19.809   2.175E-01   5.928E-04  -4.569E-01   0.000E+00   3.706E-05
  168   -32.00      -9.9    0.412    0.5455E-01  19.754   2.175E-01   5.928E-04  -4.531E-01   0.000E+00   3.706E-05
  167   -33.00     -10.9    0.411    0.5567E-01  19.696   2.175E-01   5.928E-04  -4.491E-01   0.000E+00   3.706E-05
  166   -34.00     -12.0    0.410    0.5678E-01  19.634   2.175E-01   5.928E-04  -4.449E-01   0.000E+00   3.706E-05
  165   -35.00     -13.0    0.408    0.5789E-01  19.571   2.175E-01   5.928E-04  -4.406E-01   0.000E+00   3.706E-05
  164   -36.00     -14.1    0.407    0.5899E-01  19.505   2.175E-01   5.928E-04  -4.362E-01   0.000E+00   3.706E-05
  163   -37.00     -15.1    0.406    0.6008E-01  19.438   2.175E-01   5.928E-04  -4.317E-01   0.000E+00   3.706E-05
  162   -38.00     -16.0    0.405    0.6117E-01  19.369   2.175E-01   5.928E-04  -4.271E-01   0.000E+00   3.706E-05
  161   -39.00     -17.0    0.404    0.6224E-01  19.299   2.175E-01   5.928E-04  -4.223E-01   0.000E+00   3.706E-05
  160   -40.00     -17.9    0.402    0.6330E-01  19.227   2.175E-01   5.928E-04  -4.175E-01   0.000E+00   3.706E-05
  159   -41.00     -18.8    0.401    0.6435E-01  19.155   2.175E-01   5.928E-04  -4.126E-01   0.000E+00   3.706E-05
  158   -42.00     -19.7    0.400    0.6539E-01  19.082   2.175E-01   5.928E-04  -4.077E-01   0.000E+00   3.706E-05
  157   -43.00     -20.6    0.399    0.6643E-01  19.009   2.175E-01   5.928E-04  -4.027E-01   0.000E+00   3.706E-05
  156   -44.00     -21.4    0.398    0.6745E-01  18.936   2.175E-01   5.928E-04  -3.976E-01   0.000E+00   3.706E-05
  155   -45.00     -22.7    0.376    0.6853E-01  18.862   1.287E-01   5.928E-04  -3.932E-01   0.000E+00   3.706E-05
  154   -46.00     -24.7    0.374    0.6976E-01  18.786   1.287E-01   5.928E-04  -3.893E-01   0.000E+00   3.706E-05
  153   -47.00     -26.7    0.373    0.7108E-01  18.711   1.287E-01   5.928E-04  -3.855E-01   0.000E+00   3.706E-05
  152   -48.00     -28.7    0.371    0.7247E-01  18.636   1.287E-01   5.928E-04  -3.816E-01   0.000E+00   3.706E-05
  151   -49.00     -30.7    0.369    0.7391E-01  18.561   1.287E-01   5.928E-04  -3.776E-01   0.000E+00   3.706E-05
  150   -50.00     -32.6    0.367    0.7539E-01  18.486   1.287E-01   5.928E-04  -3.737E-01   0.000E+00   3.706E-05
  149   -51.00     -34.5    0.366    0.7688E-01  18.411   1.287E-01   5.928E-04  -3.698E-01   0.000E+00   3.706E-05
  148   -52.00     -36.3    0.364    0.7838E-01  18.337   1.287E-01   5.928E-04  -3.658E-01   0.000E+00   3.706E-05
  147   -53.00     -38.2    0.363    0.7989E-01  18.264   1.287E-01   5.928E-04  -3.619E-01   0.000E+00   3.706E-05
  146   -54.00     -40.0    0.361    0.8139E-01  18.191   1.287E-01   5.928E-04  -3.580E-01   0.000E+00   3.706E-05
  145   -55.00     -41.7    0.360    0.8290E-01  18.118   1.287E-01   5.928E-04  -3.541E-01   0.000E+00   3.706E-05
  144   -56.00     -43.5    0.358    0.8439E-01  18.046   1.287E-01   5.928E-04  -3.502E-01   0.000E+00   3.706E-05
  143   -57.00     -45.2    0.357    0.8589E-01  17.975   1.287E-01   5.928E-04  -3.465E-01   0.000E+00   3.706E-05
  142   -58.00     -46.8    0.355    0.8737E-01  17.904   1.287E-01   5.928E-04  -3.427E-01   0.000E+00   3.706E-05
  141   -59.00     -48.5    0.354    0.8885E-01  17.834   1.287E-01   5.928E-04  -3.389E-01   0.000E+00   3.706E-05
  140   -60.00     -50.1    0.353    0.9031E-01  17.764   1.287E-01   5.928E-04  -3.350E-01   0.000E+00   3.706E-05
  139   -61.00     -51.7    0.352    0.9177E-01  17.696   1.287E-01   5.928E-04  -3.313E-01   0.000E+00   3.706E-05
  138   -62.00     -53.3    0.350    0.9322E-01  17.627   1.287E-01   5.928E-04  -3.277E-01   0.000E+00   3.706E-05
  137   -63.00     -54.8    0.349    0.9467E-01  17.560   1.287E-01   5.928E-04  -3.241E-01   0.000E+00   3.706E-05
  136   -64.00     -56.3    0.348    0.9610E-01  17.493   1.287E-01   5.928E-04  -3.204E-01   0.000E+00   3.706E-05
  135   -65.00     -57.8    0.347    0.9753E-01  17.427   1.287E-01   5.928E-04  -3.168E-01   0.000E+00   3.706E-05
  134   -66.00     -59.2    0.346    0.9895E-01  17.362   1.287E-01   5.928E-04  -3.131E-01   0.000E+00   3.706E-05
  133   -67.00     -60.6    0.345    0.1004E+00  17.297   1.287E-01   5.928E-04  -3.095E-01   0.000E+00   3.706E-05
  132   -68.00     -62.0    0.344    0.1018E+00  17.233   1.287E-01   5.928E-04  -3.061E-01   0.000E+00   3.706E-05
  131   -69.00     -63.4    0.343    0.1032E+00  17.170   1.287E-01   5.928E-04  -3.027E-01   0.000E+00   3.706E-05
  130   -70.00     -64.7    0.342    0.1045E+00  17.107   1.287E-01   5.928E-04  -2.994E-01   0.000E+00   3.706E-05
  129   -71.00     -66.0    0.341    0.1059E+00  17.045   1.287E-01   5.928E-04  -2.960E-01   0.000E+00   3.706E-05
  128   -72.00     -67.3    0.341    0.1073E+00  16.984   1.287E-01   5.928E-04  -2.926E-01   0.000E+00   3.706E-05
  127   -73.00     -68.6    0.340    0.1086E+00  16.924   1.287E-01   5.928E-04  -2.892E-01   0.000E+00   3.706E-05
  126   -74.00     -69.8    0.339    0.1100E+00  16.864   1.287E-01   5.928E-04  -2.858E-01   0.000E+00   3.706E-05
  125   -75.00     -71.0    0.338    0.1113E+00  16.805   1.287E-01   5.928E-04  -2.825E-01   0.000E+00   3.706E-05
  124   -76.00     -72.2    0.337    0.1127E+00  16.747   1.287E-01   5.928E-04  -2.793E-01   0.000E+00   3.706E-05
  123   -77.00     -73.4    0.337    0.1140E+00  16.689   1.287E-01   5.928E-04  -2.762E-01   0.000E+00   3.706E-05
  122   -78.00     -74.5    0.336    0.1153E+00  16.633   1.287E-01   5.928E-04  -2.732E-01   0.000E+00   3.706E-05
  121   -79.00     -75.6    0.335    0.1167E+00  16.577   1.287E-01   5.928E-04  -2.701E-01   0.000E+00   3.706E-05
  120   -80.00     -76.7    0.335    0.1180E+00  16.521   1.287E-01   5.928E-04  -2.671E-01   0.000E+00   3.706E-05
  119   -81.00     -77.8    0.334    0.1193E+00  16.466   1.287E-01   5.928E-04  -2.640E-01   0.000E+00   3.706E-05
  118   -82.00     -78.8    0.333    0.1206E+00  16.413   1.287E-01   5.928E-04  -2.610E-01   0.000E+00   3.706E-05
  117   -83.00     -79.8    0.333    0.1218E+00  16.359   1.287E-01   5.928E-04  -2.580E-01   0.000E+00   3.706E-05
  116   -84.00     -80.8    0.332    0.1231E+00  16.307   1.287E-01   5.928E-04  -2.549E-01   0.000E+00   3.706E-05
  115   -85.00     -81.8    0.331    0.1244E+00  16.255   1.287E-01   5.928E-04  -2.519E-01   0.000E+00   3.706E-05
  114   -86.00     -82.7    0.331    0.1256E+00  16.204   1.287E-01   5.928E-04  -2.489E-01   0.000E+00   3.706E-05
  113   -87.00     -83.7    0.330    0.1269E+00  16.153   1.287E-01   5.928E-04  -2.459E-01   0.000E+00   3.706E-05
  112   -88.00     -84.6    0.330    0.1281E+00  16.104   1.287E-01   5.928E-04  -2.430E-01   0.000E+00   3.706E-05
  111   -89.00     -85.4    0.329    0.1294E+00  16.055   1.287E-01   5.928E-04  -2.402E-01   0.000E+00   3.706E-05
  110   -90.00     -86.3    0.329    0.1306E+00  16.007   1.287E-01   5.928E-04  -2.376E-01   0.000E+00   3.706E-05
  109   -91.00     -87.1    0.328    0.1318E+00  15.959   1.287E-01   5.928E-04  -2.350E-01   0.000E+00   3.706E-05
  108   -92.00     -87.9    0.328    0.1331E+00  15.912   1.287E-01   5.928E-04  -2.323E-01   0.000E+00   3.706E-05
  107   -93.00     -88.7    0.327    0.1343E+00  15.866   1.287E-01   5.928E-04  -2.297E-01   0.000E+00   3.706E-05
  106   -94.00     -89.5    0.327    0.1355E+00  15.820   1.287E-01   5.928E-04  -2.271E-01   0.000E+00   3.706E-05
  105   -95.00     -90.3    0.327    0.1366E+00  15.776   1.287E-01   5.928E-04  -2.245E-01   0.000E+00   3.706E-05
  104   -96.00     -91.0    0.326    0.1378E+00  15.731   1.287E-01   5.928E-04  -2.219E-01   0.000E+00   3.706E-05
  103   -97.00     -91.7    0.326    0.1390E+00  15.688   1.287E-01   5.928E-04  -2.194E-01   0.000E+00   3.706E-05
  102   -98.00     -92.4    0.325    0.1402E+00  15.645   1.287E-01   5.928E-04  -2.168E-01   0.000E+00   3.706E-05
  101   -99.00     -93.1    0.325    0.1413E+00  15.603   1.287E-01   5.928E-04  -2.143E-01   0.000E+00   3.706E-05
  100  -100.00     -93.7    0.325    0.1425E+00  15.561   1.287E-01   5.928E-04  -2.117E-01   0.000E+00   3.706E-05
   99  -101.00     -94.4    0.324    0.1436E+00  15.520   1.287E-01   5.928E-04  -2.092E-01   0.000E+00   3.706E-05
   98  -102.00     -95.0    0.324    0.1447E+00  15.480   1.287E-01   5.928E-04  -2.067E-01   0.000E+00   3.706E-05
   97  -103.00     -95.6    0.324    0.1459E+00  15.440   1.287E-01   5.928E-04  -2.042E-01   0.000E+00   3.706E-05
   96  -104.00     -96.2    0.323    0.1470E+00  15.401   1.287E-01   5.928E-04  -2.018E-01   0.000E+00   3.706E-05
   95  -105.00     -96.7    0.323    0.1481E+00  15.363   1.287E-01   5.928E-04  -1.993E-01   0.000E+00   3.706E-05
   94  -106.00     -97.3    0.323    0.1492E+00  15.325   1.287E-01   5.928E-04  -1.969E-01   0.000E+00   3.706E-05
   93  -107.00     -97.8    0.323    0.1503E+00  15.288   1.287E-01   5.928E-04  -1.945E-01   0.000E+00   3.706E-05
   92  -108.00     -98.3    0.322    0.1514E+00  15.251   1.287E-01   5.928E-04  -1.922E-01   0.000E+00   3.706E-05
   91  -109.00     -98.8    0.322    0.1525E+00  15.215   1.287E-01   5.928E-04  -1.898E-01   0.000E+00   3.706E-05
   90  -110.00     -99.1    0.318    0.1535E+00  15.179   1.442E-01   5.928E-04  -1.875E-01   0.000E+00   3.706E-05
   89  -111.00     -99.4    0.317    0.1545E+00  15.144   1.442E-01   5.928E-04  -1.851E-01   0.000E+00   3.706E-05
   88  -112.00     -99.7    0.317    0.1555E+00  15.110   1.442E-01   5.928E-04  -1.828E-01   0.000E+00   3.706E-05
   87  -113.00    -100.0    0.317    0.1564E+00  15.076   1.442E-01   5.928E-04  -1.806E-01   0.000E+00   3.706E-05
   86  -114.00    -100.2    0.317    0.1574E+00  15.043   1.442E-01   5.928E-04  -1.784E-01   0.000E+00   3.706E-05
   85  -115.00    -100.4    0.317    0.1583E+00  15.010   1.442E-01   5.928E-04  -1.764E-01   0.000E+00   3.706E-05
   84  -116.00    -100.7    0.317    0.1593E+00  14.978   1.442E-01   5.928E-04  -1.744E-01   0.000E+00   3.706E-05
   83  -117.00    -100.9    0.317    0.1602E+00  14.947   1.442E-01   5.928E-04  -1.725E-01   0.000E+00   3.706E-05
   82  -118.00    -101.1    0.317    0.1612E+00  14.916   1.442E-01   5.928E-04  -1.705E-01   0.000E+00   3.706E-05
   81  -119.00    -101.2    0.317    0.1621E+00  14.886   1.442E-01   5.928E-04  -1.686E-01   0.000E+00   3.706E-05
   80  -120.00    -101.4    0.316    0.1630E+00  14.856   1.442E-01   5.928E-04  -1.667E-01   0.000E+00   3.706E-05
   79  -121.00    -101.5    0.316    0.1639E+00  14.826   1.442E-01   5.928E-04  -1.647E-01   0.000E+00   3.706E-05
   78  -122.00    -101.7    0.316    0.1648E+00  14.798   1.442E-01   5.928E-04  -1.628E-01   0.000E+00   3.706E-05
   77  -123.00    -101.8    0.316    0.1657E+00  14.769   1.442E-01   5.928E-04  -1.609E-01   0.000E+00   3.706E-05
   76  -124.00    -101.9    0.316    0.1666E+00  14.742   1.442E-01   5.928E-04  -1.591E-01   0.000E+00   3.706E-05
   75  -125.00    -102.0    0.316    0.1674E+00  14.714   1.442E-01   5.928E-04  -1.572E-01   0.000E+00   3.706E-05
   74  -126.00    -102.1    0.316    0.1683E+00  14.688   1.442E-01   5.928E-04  -1.553E-01   0.000E+00   3.706E-05
   73  -127.00    -102.2    0.316    0.1692E+00  14.662   1.442E-01   5.928E-04  -1.535E-01   0.000E+00   3.706E-05
   72  -128.00    -102.2    0.316    0.1700E+00  14.636   1.442E-01   5.928E-04  -1.517E-01   0.000E+00   3.706E-05
   71  -129.00    -102.3    0.316    0.1708E+00  14.611   1.442E-01   5.928E-04  -1.499E-01   0.000E+00   3.706E-05
   70  -130.00    -102.3    0.316    0.1717E+00  14.586   1.442E-01   5.928E-04  -1.481E-01   0.000E+00   3.706E-05
   69  -131.00    -102.3    0.316    0.1725E+00  14.562   1.442E-01   5.928E-04  -1.464E-01   0.000E+00   3.706E-05
   68  -132.00    -102.3    0.316    0.1733E+00  14.538   1.442E-01   5.928E-04  -1.446E-01   0.000E+00   3.706E-05
   67  -133.00    -102.3    0.316    0.1741E+00  14.514   1.442E-01   5.928E-04  -1.429E-01   0.000E+00   3.706E-05
   66  -134.00    -102.3    0.316    0.1749E+00  14.492   1.442E-01   5.928E-04  -1.412E-01   0.000E+00   3.706E-05
   65  -135.00    -102.3    0.316    0.1757E+00  14.469   1.442E-01   5.928E-04  -1.395E-01   0.000E+00   3.706E-05
   64  -136.00    -102.2    0.316    0.1765E+00  14.447   1.442E-01   5.928E-04  -1.379E-01   0.000E+00   3.706E-05
   63  -137.00    -102.2    0.316    0.1773E+00  14.426   1.442E-01   5.928E-04  -1.362E-01   0.000E+00   3.706E-05
   62  -138.00    -102.1    0.316    0.1780E+00  14.405   1.442E-01   5.928E-04  -1.346E-01   0.000E+00   3.706E-05
   61  -139.00    -102.1    0.316    0.1788E+00  14.384   1.442E-01   5.928E-04  -1.330E-01   0.000E+00   3.706E-05
   60  -140.00    -102.0    0.316    0.1795E+00  14.364   1.442E-01   5.928E-04  -1.314E-01   0.000E+00   3.706E-05
   59  -141.00    -101.9    0.316    0.1803E+00  14.344   1.442E-01   5.928E-04  -1.299E-01   0.000E+00   3.706E-05
   58  -142.00    -101.8    0.316    0.1810E+00  14.324   1.442E-01   5.928E-04  -1.284E-01   0.000E+00   3.706E-05
   57  -143.00    -101.7    0.316    0.1817E+00  14.305   1.442E-01   5.928E-04  -1.269E-01   0.000E+00   3.706E-05
   56  -144.00    -101.5    0.316    0.1824E+00  14.287   1.442E-01   5.928E-04  -1.254E-01   0.000E+00   3.706E-05
   55  -145.00    -101.4    0.316    0.1831E+00  14.269   1.442E-01   5.928E-04  -1.239E-01   0.000E+00   3.706E-05
   54  -146.00    -101.3    0.317    0.1838E+00  14.251   1.442E-01   5.928E-04  -1.225E-01   0.000E+00   3.706E-05
   53  -147.00    -101.1    0.317    0.1845E+00  14.234   1.442E-01   5.928E-04  -1.211E-01   0.000E+00   3.706E-05
   52  -148.00    -100.9    0.317    0.1852E+00  14.217   1.442E-01   5.928E-04  -1.198E-01   0.000E+00   3.706E-05
   51  -149.00    -100.8    0.317    0.1859E+00  14.200   1.442E-01   5.928E-04  -1.184E-01   0.000E+00   3.706E-05
   50  -150.00    -100.6    0.317    0.1865E+00  14.184   1.442E-01   5.928E-04  -1.171E-01   0.000E+00   3.706E-05
   49  -151.00    -100.4    0.317    0.1872E+00  14.168   1.442E-01   5.928E-04  -1.158E-01   0.000E+00   3.706E-05
   48  -152.00    -100.2    0.317    0.1878E+00  14.153   1.442E-01   5.928E-04  -1.145E-01   0.000E+00   3.706E-05
   47  -153.00    -100.0    0.317    0.1884E+00  14.138   1.442E-01   5.928E-04  -1.131E-01   0.000E+00   3.706E-05
   46  -154.00     -99.8    0.317    0.1891E+00  14.123   1.442E-01   5.928E-04  -1.118E-01   0.000E+00   3.706E-05
   45  -155.00     -99.5    0.317    0.1897E+00  14.109   1.442E-01   5.928E-04  -1.104E-01   0.000E+00   3.706E-05
   44  -156.00     -99.3    0.318    0.1903E+00  14.095   1.442E-01   5.928E-04  -1.091E-01   0.000E+00   3.706E-05
   43  -157.00     -99.0    0.318    0.1909E+00  14.081   1.442E-01   5.928E-04  -1.078E-01   0.000E+00   3.706E-05
   42  -158.00     -98.8    0.318    0.1915E+00  14.068   1.442E-01   5.928E-04  -1.065E-01   0.000E+00   3.706E-05
   41  -159.00     -98.5    0.318    0.1920E+00  14.055   1.442E-01   5.928E-04  -1.052E-01   0.000E+00   3.706E-05
   40  -160.00     -98.2    0.318    0.1926E+00  14.043   1.442E-01   5.928E-04  -1.040E-01   0.000E+00   3.706E-05
   39  -161.00     -98.0    0.318    0.1932E+00  14.031   1.442E-01   5.928E-04  -1.028E-01   0.000E+00   3.706E-05
   38  -162.00     -97.7    0.318    0.1937E+00  14.019   1.442E-01   5.928E-04  -1.017E-01   0.000E+00   3.706E-05
   37  -163.00     -97.4    0.319    0.1943E+00  14.007   1.442E-01   5.928E-04  -1.005E-01   0.000E+00   3.706E-05
   36  -164.00     -97.1    0.319    0.1948E+00  13.996   1.442E-01   5.928E-04  -9.943E-02   0.000E+00   3.706E-05
   35  -165.00     -96.8    0.319    0.1953E+00  13.986   1.442E-01   5.928E-04  -9.836E-02   0.000E+00   3.706E-05
   34  -166.00     -96.4    0.319    0.1959E+00  13.975   1.442E-01   5.928E-04  -9.731E-02   0.000E+00   3.706E-05
   33  -167.00     -96.1    0.319    0.1964E+00  13.965   1.442E-01   5.928E-04  -9.629E-02   0.000E+00   3.706E-05
   32  -168.00     -95.8    0.319    0.1969E+00  13.955   1.442E-01   5.928E-04  -9.530E-02   0.000E+00   3.706E-05
   31  -169.00     -95.4    0.320    0.1974E+00  13.946   1.442E-01   5.928E-04  -9.434E-02   0.000E+00   3.706E-05
   30  -170.00     -95.1    0.320    0.1978E+00  13.937   1.442E-01   5.928E-04  -9.341E-02   0.000E+00   3.706E-05
   29  -171.00     -94.7    0.320    0.1983E+00  13.928   1.442E-01   5.928E-04  -9.251E-02   0.000E+00   3.706E-05
   28  -172.00     -94.4    0.320    0.1988E+00  13.920   1.442E-01   5.928E-04  -9.164E-02   0.000E+00   3.706E-05
   27  -173.00     -94.0    0.320    0.1992E+00  13.912   1.442E-01   5.928E-04  -9.080E-02   0.000E+00   3.706E-05
   26  -174.00     -93.6    0.321    0.1997E+00  13.904   1.442E-01   5.928E-04  -8.998E-02   0.000E+00   3.706E-05
   25  -175.00     -93.2    0.321    0.2001E+00  13.897   1.442E-01   5.928E-04  -8.920E-02   0.000E+00   3.706E-05
   24  -176.00     -92.9    0.321    0.2005E+00  13.889   1.442E-01   5.928E-04  -8.845E-02   0.000E+00   3.706E-05
   23  -177.00     -92.5    0.321    0.2010E+00  13.883   1.442E-01   5.928E-04  -8.773E-02   0.000E+00   3.706E-05
   22  -178.00     -92.1    0.322    0.2014E+00  13.876   1.442E-01   5.928E-04  -8.705E-02   0.000E+00   3.706E-05
   21  -179.00     -91.7    0.322    0.2018E+00  13.870   1.442E-01   5.928E-04  -8.639E-02   0.000E+00   3.706E-05
   20  -180.00     -91.3    0.322    0.2022E+00  13.864   1.442E-01   5.928E-04  -8.576E-02   0.000E+00   3.706E-05
   19  -181.00     -90.9    0.322    0.2025E+00  13.859   1.442E-01   5.928E-04  -8.517E-02   0.000E+00   3.706E-05
   18  -182.00     -90.5    0.322    0.2029E+00  13.853   1.442E-01   5.928E-04  -8.460E-02   0.000E+00   3.706E-05
   17  -183.00     -90.0    0.323    0.2032E+00  13.848   1.442E-01   5.928E-04  -8.407E-02   0.000E+00   3.706E-05
   16  -184.00     -89.6    0.323    0.2036E+00  13.844   1.442E-01   5.928E-04  -8.357E-02   0.000E+00   3.706E-05
   15  -185.00     -89.2    0.323    0.2039E+00  13.840   1.442E-01   5.928E-04  -8.310E-02   0.000E+00   3.706E-05
   14  -186.00     -88.8    0.323    0.2042E+00  13.836   1.442E-01   5.928E-04  -8.267E-02   0.000E+00   3.706E-05
   13  -187.00     -88.3    0.324    0.2045E+00  13.832   1.442E-01   5.928E-04  -8.226E-02   0.000E+00   3.706E-05
   12  -188.00     -87.9    0.324    0.2047E+00  13.829   1.442E-01   5.928E-04  -8.189E-02   0.000E+00   3.706E-05
   11  -189.00     -87.5    0.324    0.2049E+00  13.825   1.442E-01   5.928E-04  -8.155E-02   0.000E+00   3.706E-05
   10  -190.00     -87.0    0.324    0.2051E+00  13.823   1.442E-01   5.928E-04  -8.124E-02   0.000E+00   3.706E-05
    9  -191.00     -86.6    0.324    0.2052E+00  13.820   1.442E-01   5.928E-04  -8.097E-02   0.000E+00   3.706E-05
    8  -192.00     -86.2    0.325    0.2052E+00  13.818   1.442E-01   5.928E-04  -8.072E-02   0.000E+00   3.706E-05
    7  -193.00     -85.7    0.325    0.2051E+00  13.816   1.442E-01   5.928E-04  -8.051E-02   0.000E+00   3.706E-05
    6  -194.00     -85.3    0.325    0.2050E+00  13.815   1.442E-01   5.928E-04  -8.033E-02   0.000E+00   3.706E-05
    5  -195.00     -84.8    0.325    0.2047E+00  13.813   1.442E-01   5.928E-04  -8.018E-02   0.000E+00   3.706E-05
    4  -196.00     -84.4    0.326    0.2043E+00  13.812   1.442E-01   5.928E-04  -8.005E-02   0.000E+00   3.706E-05
    3  -197.00     -83.9    0.326    0.2037E+00  13.812   1.442E-01   5.928E-04  -7.996E-02   0.000E+00   3.706E-05
    2  -198.00     -83.5    0.326    0.2029E+00  13.812   1.442E-01   5.928E-04  -7.991E-02   0.000E+00   3.706E-05
    1  -199.00     -83.1    0.327    0.2018E+00  13.812   1.442E-01   5.928E-04  -7.989E-02   0.000E+00   3.706E-05
#Time:    6744
  222     0.00    -288.7    0.267    0.3800E-03  20.595   2.848E-01   5.920E-04   3.798E-06   0.000E+00   6.678E-05
  221    -0.10    -288.6    0.267    0.5302E-03  20.594   2.848E-01   5.920E-04   7.596E-06   0.000E+00   6.678E-05
  220    -0.20    -288.5    0.267    0.6802E-03  20.607   2.848E-01   5.920E-04   1.519E-05   0.000E+00   6.678E-05
  219    -0.30    -288.4    0.267    0.8300E-03  20.632   2.848E-01   5.920E-04   2.279E-05   0.000E+00   6.678E-05
  218    -0.40    -288.3    0.267    0.9796E-03  20.659   2.848E-01   5.920E-04   3.038E-05   0.000E+00   6.678E-05
  217    -0.50    -288.2    0.267    0.1129E-02  20.683   2.848E-01   5.920E-04   3.797E-05   0.000E+00   6.678E-05
  216    -0.60    -288.1    0.267    0.1278E-02  20.705   2.848E-01   5.920E-04   4.556E-05   0.000E+00   6.678E-05
  215    -0.70    -288.0    0.267    0.1427E-02  20.723   2.848E-01   5.920E-04   5.315E-05   0.000E+00   6.678E-05
  214    -0.80    -287.9    0.267    0.1576E-02  20.741   2.848E-01   5.920E-04   6.074E-05   0.000E+00   6.678E-05
  213    -0.90    -287.8    0.267    0.1724E-02  20.759   2.848E-01   5.920E-04   6.833E-05   0.000E+00   6.678E-05
  212    -1.00    -287.7    0.267    0.1872E-02  20.776   2.848E-01   5.920E-04   7.971E-05   0.000E+00   6.678E-05
  211    -1.20    -287.5    0.267    0.2168E-02  20.810   2.848E-01   5.920E-04   9.109E-05   0.000E+00   6.678E-05
  210    -1.40    -287.3    0.267    0.2463E-02  20.844   2.848E-01   5.920E-04   1.063E-04   0.000E+00   6.678E-05
  209    -1.60    -287.1    0.267    0.2756E-02  20.878   2.848E-01   5.920E-04   1.214E-04   0.000E+00   6.678E-05
  208    -1.80    -286.9    0.267    0.3049E-02  20.912   2.848E-01   5.920E-04   1.366E-04   0.000E+00   6.678E-05
  207    -2.00    -286.7    0.267    0.3340E-02  20.945   2.848E-01   5.920E-04   1.517E-04   0.000E+00   6.678E-05
  206    -2.20    -286.5    0.267    0.3631E-02  20.979   2.848E-01   5.920E-04   1.668E-04   0.000E+00   6.678E-05
  205    -2.40    -286.3    0.267    0.3920E-02  21.012   2.848E-01   5.920E-04   1.820E-04   0.000E+00   6.678E-05
  204    -2.60    -286.1    0.267    0.4209E-02  21.044   2.848E-01   5.920E-04   1.971E-04   0.000E+00   6.678E-05
  203    -2.80    -285.9    0.267    0.4496E-02  21.076   2.848E-01   5.920E-04   2.122E-04   0.000E+00   6.678E-05
  202    -3.00    -285.7    0.267    0.4783E-02  21.107   2.848E-01   5.920E-04   2.386E-04   0.000E+00   6.678E-05
  201    -3.50    -285.2    0.268    0.5495E-02  21.183   2.848E-01   5.920E-04   2.650E-04   0.000E+00   6.678E-05
  200    -4.00    -284.7    0.268    0.6200E-02  21.254   2.848E-01   5.920E-04   3.026E-04   0.000E+00   6.678E-05
  199    -4.50    -284.2    0.268    0.6899E-02  21.320   2.848E-01   5.920E-04   3.402E-04   0.000E+00   6.678E-05
  198    -5.00    -283.7    0.268    0.7592E-02  21.381   2.848E-01   5.920E-04   3.777E-04   0.000E+00   6.678E-05
  197    -5.50    -283.2    0.268    0.8279E-02  21.436   2.848E-01   5.920E-04   4.151E-04   0.000E+00   6.678E-05
  196    -6.00    -282.7    0.268    0.8959E-02  21.486   2.848E-01   5.920E-04   4.525E-04   0.000E+00   6.678E-05
  195    -6.50    -282.2    0.268    0.9634E-02  21.529   2.848E-01   5.920E-04   4.898E-04   0.000E+00   6.678E-05
  194    -7.00    -281.7    0.268    0.1030E-01  21.567   2.848E-01   5.920E-04   5.270E-04   0.000E+00   6.678E-05
  193    -7.50    -281.2    0.268    0.1096E-01  21.598   2.848E-01   5.920E-04   5.641E-04   0.000E+00   6.678E-05
  192    -8.00    -280.7    0.268    0.1162E-01  21.623   2.848E-01   5.920E-04   6.198E-04   0.000E+00   6.678E-05
  191    -9.00    -279.7    0.269    0.1291E-01  21.656   2.848E-01   5.920E-04   6.753E-04   0.000E+00   6.678E-05
  190   -10.00    -278.7    0.269    0.1418E-01  21.664   2.848E-01   5.920E-04   7.492E-04   0.000E+00   6.678E-05
  189   -11.00    -277.7    0.269    0.1544E-01  21.650   2.848E-01   5.920E-04   8.232E-04   0.000E+00   6.678E-05
  188   -12.00    -276.7    0.269    0.1668E-01  21.616   2.848E-01   5.920E-04   8.972E-04   0.000E+00   6.678E-05
  187   -13.00    -275.7    0.269    0.1790E-01  21.564   2.848E-01   5.920E-04   9.716E-04   0.000E+00   6.678E-05
  186   -14.00    -274.7    0.270    0.1911E-01  21.494   2.848E-01   5.920E-04   1.046E-03   0.000E+00   6.678E-05
  185   -15.00    -273.7    0.270    0.2030E-01  21.411   2.848E-01   5.920E-04   1.122E-03   0.000E+00   6.678E-05
  184   -16.00    -272.7    0.270    0.2147E-01  21.315   2.848E-01   5.920E-04   1.208E-03   0.000E+00   6.678E-05
  183   -17.00    -271.7    0.270    0.2264E-01  21.209   2.848E-01   5.920E-04   1.303E-03   0.000E+00   6.678E-05
  182   -18.00    -270.7    0.271    0.2378E-01  21.094   2.848E-01   5.920E-04   1.399E-03   0.000E+00   6.678E-05
  181   -19.00    -269.7    0.271    0.2492E-01  20.972   2.848E-01   5.920E-04   1.495E-03   0.000E+00   6.678E-05
  180   -20.00    -268.7    0.271    0.2604E-01  20.846   2.848E-01   5.920E-04   1.591E-03   0.000E+00   6.678E-05
  179   -21.00    -267.7    0.271    0.2714E-01  20.715   2.848E-01   5.920E-04   1.687E-03   0.000E+00   6.678E-05
  178   -22.00    -266.6    0.272    0.2823E-01  20.582   2.848E-01   5.920E-04   1.783E-03   0.000E+00   6.678E-05
  177   -23.00    -265.6    0.272    0.2931E-01  20.448   2.848E-01   5.920E-04   1.878E-03   0.000E+00   6.678E-05
  176   -24.00    -264.6    0.272    0.3037E-01  20.314   2.848E-01   5.920E-04   1.972E-03   0.000E+00   6.678E-05
  175   -25.00    -263.6    0.272    0.3142E-01  20.181   2.848E-01   5.920E-04   2.067E-03   0.000E+00   6.678E-05
  174   -26.00    -262.6    0.273    0.3245E-01  20.050   2.848E-01   5.920E-04   2.160E-03   0.000E+00   6.678E-05
  173   -27.00    -261.6    0.273    0.3347E-01  19.921   2.848E-01   5.920E-04   2.253E-03   0.000E+00   6.678E-05
  172   -28.00    -260.6    0.273    0.3448E-01  19.795   2.848E-01   5.920E-04   2.345E-03   0.000E+00   6.678E-05
  171   -29.00    -259.6    0.273    0.3547E-01  19.672   2.848E-01   5.920E-04   2.437E-03   0.000E+00   6.678E-05
  170   -30.00    -258.6    0.269    0.3653E-01  19.553   2.175E-01   5.920E-04   2.526E-03   0.000E+00   6.678E-05
  169   -31.00    -257.6    0.269    0.3767E-01  19.438   2.175E-01   5.920E-04   2.613E-03   0.000E+00   6.678E-05
  168   -32.00    -256.6    0.269    0.3880E-01  19.328   2.175E-01   5.920E-04   2.700E-03   0.000E+00   6.678E-05
  167   -33.00    -255.5    0.269    0.3991E-01  19.222   2.175E-01   5.920E-04   2.785E-03   0.000E+00   6.678E-05
  166   -34.00    -254.5    0.270    0.4101E-01  19.121   2.175E-01   5.920E-04   2.870E-03   0.000E+00   6.678E-05
  165   -35.00    -253.5    0.270    0.4209E-01  19.025   2.175E-01   5.920E-04   2.954E-03   0.000E+00   6.678E-05
  164   -36.00    -252.5    0.270    0.4316E-01  18.934   2.175E-01   5.920E-04   3.037E-03   0.000E+00   6.678E-05
  163   -37.00    -251.5    0.270    0.4421E-01  18.847   2.175E-01   5.920E-04   3.120E-03   0.000E+00   6.678E-05
  162   -38.00    -250.5    0.271    0.4524E-01  18.766   2.175E-01   5.920E-04   3.202E-03   0.000E+00   6.678E-05
  161   -39.00    -249.5    0.271    0.4627E-01  18.689   2.175E-01   5.920E-04   3.283E-03   0.000E+00   6.678E-05
  160   -40.00    -248.5    0.271    0.4727E-01  18.616   2.175E-01   5.920E-04   3.364E-03   0.000E+00   6.678E-05
  159   -41.00    -247.4    0.271    0.4826E-01  18.548   2.175E-01   5.920E-04   3.444E-03   0.000E+00   6.678E-05
  158   -42.00    -246.4    0.272    0.4924E-01  18.484   2.175E-01   5.920E-04   3.523E-03   0.000E+00   6.678E-05
  157   -43.00    -245.4    0.272    0.5021E-01  18.424   2.175E-01   5.920E-04   3.601E-03   0.000E+00   6.678E-05
  156   -44.00    -244.4    0.272    0.5116E-01  18.368   2.175E-01   5.920E-04   3.679E-03   0.000E+00   6.678E-05
  155   -45.00    -243.4    0.274    0.5231E-01  18.315   1.287E-01   5.920E-04   3.752E-03   0.000E+00   6.678E-05
  154   -46.00    -242.3    0.274    0.5379E-01  18.266   1.287E-01   5.920E-04   3.819E-03   0.000E+00   6.678E-05
  153   -47.00    -241.3    0.275    0.5526E-01  18.220   1.287E-01   5.920E-04   3.886E-03   0.000E+00   6.678E-05
  152   -48.00    -240.3    0.275    0.5672E-01  18.177   1.287E-01   5.920E-04   3.951E-03   0.000E+00   6.678E-05
  151   -49.00    -239.2    0.275    0.5818E-01  18.137   1.287E-01   5.920E-04   4.015E-03   0.000E+00   6.678E-05
  150   -50.00    -238.2    0.275    0.5963E-01  18.099   1.287E-01   5.920E-04   4.079E-03   0.000E+00   6.678E-05
  149   -51.00    -237.2    0.275    0.6107E-01  18.064   1.287E-01   5.920E-04   4.141E-03   0.000E+00   6.678E-05
  148   -52.00    -236.1    0.276    0.6251E-01  18.030   1.287E-01   5.920E-04   4.202E-03   0.000E+00   6.678E-05
  147   -53.00    -235.1    0.276    0.6394E-01  17.999   1.287E-01   5.920E-04   4.262E-03   0.000E+00   6.678E-05
  146   -54.00    -234.1    0.276    0.6536E-01  17.970   1.287E-01   5.920E-04   4.321E-03   0.000E+00   6.678E-05
  145   -55.00    -233.0    0.276    0.6678E-01  17.943   1.287E-01   5.920E-04   4.380E-03   0.000E+00   6.678E-05
  144   -56.00    -232.0    0.276    0.6819E-01  17.917   1.287E-01   5.920E-04   4.439E-03   0.000E+00   6.678E-05
  143   -57.00    -231.0    0.277    0.6959E-01  17.892   1.287E-01   5.920E-04   4.504E-03   0.000E+00   6.678E-05
  142   -58.00    -229.9    0.277    0.7099E-01  17.869   1.287E-01   5.920E-04   4.575E-03   0.000E+00   6.678E-05
  141   -59.00    -228.9    0.277    0.7239E-01  17.847   1.287E-01   5.920E-04   4.645E-03   0.000E+00   6.678E-05
  140   -60.00    -227.9    0.277    0.7378E-01  17.827   1.287E-01   5.920E-04   4.714E-03   0.000E+00   6.678E-05
  139   -61.00    -226.8    0.278    0.7516E-01  17.807   1.287E-01   5.920E-04   4.782E-03   0.000E+00   6.678E-05
  138   -62.00    -225.8    0.278    0.7654E-01  17.788   1.287E-01   5.920E-04   4.848E-03   0.000E+00   6.678E-05
  137   -63.00    -224.8    0.278    0.7792E-01  17.770   1.287E-01   5.920E-04   4.912E-03   0.000E+00   6.678E-05
  136   -64.00    -223.7    0.279    0.7929E-01  17.753   1.287E-01   5.920E-04   4.975E-03   0.000E+00   6.678E-05
  135   -65.00    -222.7    0.279    0.8066E-01  17.737   1.287E-01   5.920E-04   5.036E-03   0.000E+00   6.678E-05
  134   -66.00    -221.6    0.279    0.8202E-01  17.721   1.287E-01   5.920E-04   5.095E-03   0.000E+00   6.678E-05
  133   -67.00    -220.6    0.279    0.8338E-01  17.706   1.287E-01   5.920E-04   5.153E-03   0.000E+00   6.678E-05
  132   -68.00    -219.6    0.280    0.8473E-01  17.692   1.287E-01   5.920E-04   5.209E-03   0.000E+00   6.678E-05
  131   -69.00    -218.5    0.280    0.8608E-01  17.678   1.287E-01   5.920E-04   5.263E-03   0.000E+00   6.678E-05
  130   -70.00    -217.5    0.280    0.8742E-01  17.665   1.287E-01   5.920E-04   5.316E-03   0.000E+00   6.678E-05
  129   -71.00    -216.4    0.280    0.8876E-01  17.652   1.287E-01   5.920E-04   5.368E-03   0.000E+00   6.678E-05
  128   -72.00    -215.4    0.281    0.9009E-01  17.639   1.287E-01   5.920E-04   5.418E-03   0.000E+00   6.678E-05
  127   -73.00    -214.4    0.281    0.9142E-01  17.627   1.287E-01   5.920E-04   5.466E-03   0.000E+00   6.678E-05
  126   -74.00    -213.3    0.281    0.9274E-01  17.616   1.287E-01   5.920E-04   5.513E-03   0.000E+00   6.678E-05
  125   -75.00    -212.3    0.281    0.9406E-01  17.604   1.287E-01   5.920E-04   5.559E-03   0.000E+00   6.678E-05
  124   -76.00    -211.2    0.282    0.9537E-01  17.594   1.287E-01   5.920E-04   5.603E-03   0.000E+00   6.678E-05
  123   -77.00    -210.2    0.282    0.9668E-01  17.583   1.287E-01   5.920E-04   5.645E-03   0.000E+00   6.678E-05
  122   -78.00    -209.1    0.282    0.9798E-01  17.573   1.287E-01   5.920E-04   5.687E-03   0.000E+00   6.678E-05
  121   -79.00    -208.1    0.282    0.9928E-01  17.563   1.287E-01   5.920E-04   5.727E-03   0.000E+00   6.678E-05
  120   -80.00    -207.0    0.283    0.1006E+00  17.553   1.287E-01   5.920E-04   5.765E-03   0.000E+00   6.678E-05
  119   -81.00    -206.0    0.283    0.1019E+00  17.543   1.287E-01   5.920E-04   5.802E-03   0.000E+00   6.678E-05
  118   -82.00    -205.0    0.283    0.1031E+00  17.534   1.287E-01   5.920E-04   5.837E-03   0.000E+00   6.678E-05
  117   -83.00    -203.9    0.284    0.1044E+00  17.525   1.287E-01   5.920E-04   5.871E-03   0.000E+00   6.678E-05
  116   -84.00    -202.9    0.284    0.1057E+00  17.516   1.287E-01   5.920E-04   5.904E-03   0.000E+00   6.678E-05
  115   -85.00    -201.8    0.284    0.1069E+00  17.507   1.287E-01   5.920E-04   5.935E-03   0.000E+00   6.678E-05
  114   -86.00    -200.8    0.284    0.1082E+00  17.499   1.287E-01   5.920E-04   5.964E-03   0.000E+00   6.678E-05
  113   -87.00    -199.7    0.285    0.1095E+00  17.491   1.287E-01   5.920E-04   5.993E-03   0.000E+00   6.678E-05
  112   -88.00    -198.7    0.285    0.1107E+00  17.483   1.287E-01   5.920E-04   6.020E-03   0.000E+00   6.678E-05
  111   -89.00    -197.6    0.285    0.1119E+00  17.475   1.287E-01   5.920E-04   6.046E-03   0.000E+00   6.678E-05
  110   -90.00    -196.6    0.285    0.1132E+00  17.467   1.287E-01   5.920E-04   6.071E-03   0.000E+00   6.678E-05
  109   -91.00    -195.5    0.286    0.1144E+00  17.459   1.287E-01   5.920E-04   6.098E-03   0.000E+00   6.678E-05
  108   -92.00    -194.5    0.286    0.1156E+00  17.452   1.287E-01   5.920E-04   6.126E-03   0.000E+00   6.678E-05
  107   -93.00    -193.4    0.286    0.1169E+00  17.444   1.287E-01   5.920E-04   6.154E-03   0.000E+00   6.678E-05
  106   -94.00    -192.4    0.287    0.1181E+00  17.437   1.287E-01   5.920E-04   6.179E-03   0.000E+00   6.678E-05
  105   -95.00    -191.4    0.287    0.1193E+00  17.430   1.287E-01   5.920E-04   6.204E-03   0.000E+00   6.678E-05
  104   -96.00    -190.3    0.287    0.1205E+00  17.423   1.287E-01   5.920E-04   6.226E-03   0.000E+00   6.678E-05
  103   -97.00    -189.3    0.288    0.1217E+00  17.416   1.287E-01   5.920E-04   6.247E-03   0.000E+00   6.678E-05
  102   -98.00    -188.2    0.288    0.1229E+00  17.409   1.287E-01   5.920E-04   6.266E-03   0.000E+00   6.678E-05
  101   -99.00    -187.2    0.288    0.1241E+00  17.402   1.287E-01   5.920E-04   6.284E-03   0.000E+00   6.678E-05
  100  -100.00    -186.1    0.288    0.1253E+00  17.396   1.287E-01   5.920E-04   6.299E-03   0.000E+00   6.678E-05
   99  -101.00    -185.1    0.289    0.1264E+00  17.389   1.287E-01   5.920E-04   6.314E-03   0.000E+00   6.678E-05
   98  -102.00    -184.0    0.289    0.1276E+00  17.383   1.287E-01   5.920E-04   6.326E-03   0.000E+00   6.678E-05
   97  -103.00    -183.0    0.289    0.1288E+00  17.376   1.287E-01   5.920E-04   6.337E-03   0.000E+00   6.678E-05
   96  -104.00    -181.9    0.290    0.1299E+00  17.370   1.287E-01   5.920E-04   6.347E-03   0.000E+00   6.678E-05
   95  -105.00    -180.9    0.290    0.1311E+00  17.363   1.287E-01   5.920E-04   6.355E-03   0.000E+00   6.678E-05
   94  -106.00    -179.8    0.290    0.1323E+00  17.357   1.287E-01   5.920E-04   6.362E-03   0.000E+00   6.678E-05
   93  -107.00    -178.8    0.291    0.1334E+00  17.351   1.287E-01   5.920E-04   6.368E-03   0.000E+00   6.678E-05
   92  -108.00    -177.7    0.291    0.1346E+00  17.344   1.287E-01   5.920E-04   6.372E-03   0.000E+00   6.678E-05
   91  -109.00    -176.7    0.291    0.1357E+00  17.338   1.287E-01   5.920E-04   6.374E-03   0.000E+00   6.678E-05
   90  -110.00    -175.6    0.287    0.1368E+00  17.332   1.442E-01   5.920E-04   6.376E-03   0.000E+00   6.678E-05
   89  -111.00    -174.6    0.288    0.1378E+00  17.326   1.442E-01   5.920E-04   6.376E-03   0.000E+00   6.678E-05
   88  -112.00    -173.5    0.288    0.1389E+00  17.319   1.442E-01   5.920E-04   6.375E-03   0.000E+00   6.678E-05
   87  -113.00    -172.5    0.288    0.1399E+00  17.313   1.442E-01   5.920E-04   6.373E-03   0.000E+00   6.678E-05
   86  -114.00    -171.4    0.289    0.1409E+00  17.307   1.442E-01   5.920E-04   6.370E-03   0.000E+00   6.678E-05
   85  -115.00    -170.4    0.289    0.1420E+00  17.301   1.442E-01   5.920E-04   6.366E-03   0.000E+00   6.678E-05
   84  -116.00    -169.4    0.289    0.1430E+00  17.295   1.442E-01   5.920E-04   6.361E-03   0.000E+00   6.678E-05
   83  -117.00    -168.3    0.290    0.1440E+00  17.289   1.442E-01   5.920E-04   6.355E-03   0.000E+00   6.678E-05
   82  -118.00    -167.3    0.290    0.1450E+00  17.282   1.442E-01   5.920E-04   6.348E-03   0.000E+00   6.678E-05
   81  -119.00    -166.2    0.290    0.1460E+00  17.276   1.442E-01   5.920E-04   6.341E-03   0.000E+00   6.678E-05
   80  -120.00    -165.2    0.291    0.1470E+00  17.270   1.442E-01   5.920E-04   6.332E-03   0.000E+00   6.678E-05
   79  -121.00    -164.1    0.291    0.1479E+00  17.264   1.442E-01   5.920E-04   6.323E-03   0.000E+00   6.678E-05
   78  -122.00    -163.1    0.291    0.1489E+00  17.258   1.442E-01   5.920E-04   6.312E-03   0.000E+00   6.678E-05
   77  -123.00    -162.0    0.292    0.1499E+00  17.252   1.442E-01   5.920E-04   6.301E-03   0.000E+00   6.678E-05
   76  -124.00    -161.0    0.292    0.1508E+00  17.246   1.442E-01   5.920E-04   6.289E-03   0.000E+00   6.678E-05
   75  -125.00    -160.0    0.292    0.1518E+00  17.240   1.442E-01   5.920E-04   6.275E-03   0.000E+00   6.678E-05
   74  -126.00    -158.9    0.293    0.1528E+00  17.234   1.442E-01   5.920E-04   6.261E-03   0.000E+00   6.678E-05
   73  -127.00    -157.9    0.293    0.1537E+00  17.228   1.442E-01   5.920E-04   6.246E-03   0.000E+00   6.678E-05
   72  -128.00    -156.8    0.293    0.1546E+00  17.222   1.442E-01   5.920E-04   6.230E-03   0.000E+00   6.678E-05
   71  -129.00    -155.8    0.294    0.1556E+00  17.216   1.442E-01   5.920E-04   6.213E-03   0.000E+00   6.678E-05
   70  -130.00    -154.7    0.294    0.1565E+00  17.210   1.442E-01   5.920E-04   6.195E-03   0.000E+00   6.678E-05
   69  -131.00    -153.7    0.295    0.1574E+00  17.204   1.442E-01   5.920E-04   6.176E-03   0.000E+00   6.678E-05
   68  -132.00    -152.7    0.295    0.1583E+00  17.198   1.442E-01   5.920E-04   6.156E-03   0.000E+00   6.678E-05
   67  -133.00    -151.6    0.295    0.1592E+00  17.192   1.442E-01   5.920E-04   6.136E-03   0.000E+00   6.678E-05
   66  -134.00    -150.6    0.296    0.1601E+00  17.186   1.442E-01   5.920E-04   6.115E-03   0.000E+00   6.678E-05
   65  -135.00    -149.5    0.296    0.1610E+00  17.180   1.442E-01   5.920E-04   6.093E-03   0.000E+00   6.678E-05
   64  -136.00    -148.5    0.296    0.1618E+00  17.175   1.442E-01   5.920E-04   6.071E-03   0.000E+00   6.678E-05
   63  -137.00    -147.4    0.297    0.1627E+00  17.169   1.442E-01   5.920E-04   6.048E-03   0.000E+00   6.678E-05
   62  -138.00    -146.4    0.297    0.1635E+00  17.163   1.442E-01   5.920E-04   6.025E-03   0.000E+00   6.678E-05
   61  -139.00    -145.4    0.298    0.1644E+00  17.157   1.442E-01   5.920E-04   6.001E-03   0.000E+00   6.678E-05
   60  -140.00    -144.3    0.298    0.1652E+00  17.152   1.442E-01   5.920E-04   5.977E-03   0.000E+00   6.678E-05
   59  -141.00    -143.3    0.298    0.1661E+00  17.146   1.442E-01   5.920E-04   5.952E-03   0.000E+00   6.678E-05
   58  -142.00    -142.2    0.299    0.1669E+00  17.140   1.442E-01   5.920E-04   5.927E-03   0.000E+00   6.678E-05
   57  -143.00    -141.2    0.299    0.1677E+00  17.135   1.442E-01   5.920E-04   5.901E-03   0.000E+00   6.678E-05
   56  -144.00    -140.2    0.299    0.1685E+00  17.129   1.442E-01   5.920E-04   5.876E-03   0.000E+00   6.678E-05
   55  -145.00    -139.1    0.300    0.1693E+00  17.124   1.442E-01   5.920E-04   5.849E-03   0.000E+00   6.678E-05
   54  -146.00    -138.1    0.300    0.1701E+00  17.118   1.442E-01   5.920E-04   5.819E-03   0.000E+00   6.678E-05
   53  -147.00    -137.0    0.301    0.1708E+00  17.113   1.442E-01   5.920E-04   5.789E-03   0.000E+00   6.678E-05
   52  -148.00    -136.0    0.301    0.1716E+00  17.107   1.442E-01   5.920E-04   5.759E-03   0.000E+00   6.678E-05
   51  -149.00    -135.0    0.302    0.1724E+00  17.102   1.442E-01   5.920E-04   5.729E-03   0.000E+00   6.678E-05
   50  -150.00    -133.9    0.302    0.1731E+00  17.097   1.442E-01   5.920E-04   5.699E-03   0.000E+00   6.678E-05
   49  -151.00    -132.9    0.302    0.1739E+00  17.092   1.442E-01   5.920E-04   5.669E-03   0.000E+00   6.678E-05
   48  -152.00    -131.8    0.303    0.1746E+00  17.087   1.442E-01   5.920E-04   5.638E-03   0.000E+00   6.678E-05
   47  -153.00    -130.8    0.303    0.1753E+00  17.082   1.442E-01   5.920E-04   5.607E-03   0.000E+00   6.678E-05
   46  -154.00    -129.8    0.304    0.1760E+00  17.077   1.442E-01   5.920E-04   5.577E-03   0.000E+00   6.678E-05
   45  -155.00    -128.7    0.304    0.1767E+00  17.072   1.442E-01   5.920E-04   5.546E-03   0.000E+00   6.678E-05
   44  -156.00    -127.7    0.305    0.1774E+00  17.067   1.442E-01   5.920E-04   5.515E-03   0.000E+00   6.678E-05
   43  -157.00    -126.6    0.305    0.1781E+00  17.062   1.442E-01   5.920E-04   5.484E-03   0.000E+00   6.678E-05
   42  -158.00    -125.6    0.305    0.1788E+00  17.057   1.442E-01   5.920E-04   5.454E-03   0.000E+00   6.678E-05
   41  -159.00    -124.6    0.306    0.1794E+00  17.053   1.442E-01   5.920E-04   5.423E-03   0.000E+00   6.678E-05
   40  -160.00    -123.5    0.306    0.1801E+00  17.048   1.442E-01   5.920E-04   5.393E-03   0.000E+00   6.678E-05
   39  -161.00    -122.5    0.307    0.1807E+00  17.044   1.442E-01   5.920E-04   5.363E-03   0.000E+00   6.678E-05
   38  -162.00    -121.5    0.307    0.1813E+00  17.040   1.442E-01   5.920E-04   5.333E-03   0.000E+00   6.678E-05
   37  -163.00    -120.4    0.308    0.1819E+00  17.035   1.442E-01   5.920E-04   5.304E-03   0.000E+00   6.678E-05
   36  -164.00    -119.4    0.308    0.1825E+00  17.031   1.442E-01   5.920E-04   5.275E-03   0.000E+00   6.678E-05
   35  -165.00    -118.3    0.308    0.1831E+00  17.027   1.442E-01   5.920E-04   5.244E-03   0.000E+00   6.678E-05
   34  -166.00    -117.3    0.309    0.1837E+00  17.023   1.442E-01   5.920E-04   5.212E-03   0.000E+00   6.678E-05
   33  -167.00    -116.3    0.309    0.1843E+00  17.019   1.442E-01   5.920E-04   5.181E-03   0.000E+00   6.678E-05
   32  -168.00    -115.2    0.310    0.1848E+00  17.016   1.442E-01   5.920E-04   5.150E-03   0.000E+00   6.678E-05
   31  -169.00    -114.2    0.310    0.1853E+00  17.012   1.442E-01   5.920E-04   5.120E-03   0.000E+00   6.678E-05
   30  -170.00    -113.2    0.311    0.1859E+00  17.008   1.442E-01   5.920E-04   5.090E-03   0.000E+00   6.678E-05
   29  -171.00    -112.1    0.311    0.1864E+00  17.005   1.442E-01   5.920E-04   5.061E-03   0.000E+00   6.678E-05
   28  -172.00    -111.1    0.312    0.1869E+00  17.002   1.442E-01   5.920E-04   5.033E-03   0.000E+00   6.678E-05
   27  -173.00    -110.1    0.312    0.1874E+00  16.998   1.442E-01   5.920E-04   5.006E-03   0.000E+00   6.678E-05
   26  -174.00    -109.0    0.313    0.1879E+00  16.995   1.442E-01   5.920E-04   4.979E-03   0.000E+00   6.678E-05
   25  -175.00    -108.0    0.313    0.1883E+00  16.992   1.442E-01   5.920E-04   4.952E-03   0.000E+00   6.678E-05
   24  -176.00    -107.0    0.314    0.1888E+00  16.989   1.442E-01   5.920E-04   4.927E-03   0.000E+00   6.678E-05
   23  -177.00    -105.9    0.314    0.1892E+00  16.987   1.442E-01   5.920E-04   4.903E-03   0.000E+00   6.678E-05
   22  -178.00    -104.9    0.315    0.1896E+00  16.984   1.442E-01   5.920E-04   4.879E-03   0.000E+00   6.678E-05
   21  -179.00    -103.9    0.315    0.1900E+00  16.981   1.442E-01   5.920E-04   4.856E-03   0.000E+00   6.678E-05
   20  -180.00    -102.8    0.316    0.1904E+00  16.979   1.442E-01   5.920E-04   4.834E-03   0.000E+00   6.678E-05
   19  -181.00    -101.8    0.316    0.1908E+00  16.977   1.442E-01   5.920E-04   4.813E-03   0.000E+00   6.678E-05
   18  -182.00    -100.8    0.317    0.1911E+00  16.975   1.442E-01   5.920E-04   4.793E-03   0.000E+00   6.678E-05
   17  -183.00     -99.7    0.317    0.1915E+00  16.973   1.442E-01   5.920E-04   4.773E-03   0.000E+00   6.678E-05
   16  -184.00     -98.7    0.318    0.1918E+00  16.971   1.442E-01   5.920E-04   4.753E-03   0.000E+00   6.678E-05
   15  -185.00     -97.7    0.318    0.1921E+00  16.969   1.442E-01   5.920E-04   4.734E-03   0.000E+00   6.678E-05
   14  -186.00     -96.6    0.319    0.1924E+00  16.967   1.442E-01   5.920E-04   4.717E-03   0.000E+00   6.678E-05
   13  -187.00     -95.6    0.320    0.1926E+00  16.966   1.442E-01   5.920E-04   4.700E-03   0.000E+00   6.678E-05
   12  -188.00     -94.6    0.320    0.1929E+00  16.964   1.442E-01   5.920E-04   4.685E-03   0.000E+00   6.678E-05
   11  -189.00     -93.5    0.321    0.1931E+00  16.963   1.442E-01   5.920E-04   4.671E-03   0.000E+00   6.678E-05
   10  -190.00     -92.5    0.321    0.1934E+00  16.962   1.442E-01   5.920E-04   4.658E-03   0.000E+00   6.678E-05
    9  -191.00     -91.5    0.322    0.1935E+00  16.961   1.442E-01   5.920E-04   4.647E-03   0.000E+00   6.678E-05
    8  -192.00     -90.4    0.322    0.1937E+00  16.960   1.442E-01   5.920E-04   4.637E-03   0.000E+00   6.678E-05
    7  -193.00     -89.4    0.323    0.1939E+00  16.959   1.442E-01   5.920E-04   4.628E-03   0.000E+00   6.678E-05
    6  -194.00     -88.4    0.324    0.1940E+00  16.958   1.442E-01   5.920E-04   4.620E-03   0.000E+00   6.678E-05
    5  -195.00     -87.3    0.324    0.1941E+00  16.958   1.442E-01   5.920E-04   4.614E-03   0.000E+00   6.678E-05
    4  -196.00     -86.3    0.325    0.1942E+00  16.957   1.442E-01   5.920E-04   4.609E-03   0.000E+00   6.678E-05
    3  -197.00     -85.3    0.325    0.1943E+00  16.957   1.442E-01   5.920E-04   4.606E-03   0.000E+00   6.678E-05
    2  -198.00     -84.2    0.326    0.1943E+00  16.957   1.442E-01   5.920E-04   4.604E-03   0.000E+00   6.678E-05
    1  -199.00     -83.2    0.326    0.1944E+00  16.957   1.442E-01   5.920E-04   4.603E-03   0.000E+00   6.678E-05
#Time:    6984
  222     0.00    -264.0    0.272    0.3800E-03  18.030   2.848E-01   5.958E-04  -7.074E-06   0.000E+00   4.465E-05
  221    -0.10    -263.9    0.272    0.5300E-03  18.041   2.848E-01   5.958E-04  -1.414E-05   0.000E+00   4.465E-05
  220    -0.20    -263.8    0.272    0.6799E-03  18.073   2.848E-01   5.958E-04  -2.828E-05   0.000E+00   4.465E-05
  219    -0.30    -263.7    0.272    0.8296E-03  18.117   2.848E-01   5.958E-04  -4.241E-05   0.000E+00   4.465E-05
  218    -0.40    -263.6    0.272    0.9791E-03  18.164   2.848E-01   5.958E-04  -5.653E-05   0.000E+00   4.465E-05
  217    -0.50    -263.5    0.272    0.1129E-02  18.208   2.848E-01   5.958E-04  -7.064E-05   0.000E+00   4.465E-05
  216    -0.60    -263.4    0.272    0.1278E-02  18.247   2.848E-01   5.958E-04  -8.474E-05   0.000E+00   4.465E-05
  215    -0.70    -263.3    0.272    0.1427E-02  18.283   2.848E-01   5.958E-04  -9.883E-05   0.000E+00   4.465E-05
  214    -0.80    -263.2    0.272    0.1576E-02  18.318   2.848E-01   5.958E-04  -1.129E-04   0.000E+00   4.465E-05
  213    -0.90    -263.1    0.272    0.1725E-02  18.352   2.848E-01   5.958E-04  -1.270E-04   0.000E+00   4.465E-05
  212    -1.00    -263.0    0.272    0.1873E-02  18.386   2.848E-01   5.958E-04  -1.481E-04   0.000E+00   4.465E-05
  211    -1.20    -262.8    0.272    0.2170E-02  18.456   2.848E-01   5.958E-04  -1.692E-04   0.000E+00   4.465E-05
  210    -1.40    -262.6    0.273    0.2465E-02  18.525   2.848E-01   5.958E-04  -1.973E-04   0.000E+00   4.465E-05
  209    -1.60    -262.4    0.273    0.2760E-02  18.594   2.848E-01   5.958E-04  -2.253E-04   0.000E+00   4.465E-05
  208    -1.80    -262.2    0.273    0.3055E-02  18.662   2.848E-01   5.958E-04  -2.533E-04   0.000E+00   4.465E-05
  207    -2.00    -262.0    0.273    0.3348E-02  18.730   2.848E-01   5.958E-04  -2.813E-04   0.000E+00   4.465E-05
  206    -2.20    -261.8    0.273    0.3641E-02  18.798   2.848E-01   5.958E-04  -3.092E-04   0.000E+00   4.465E-05
  205    -2.40    -261.6    0.273    0.3933E-02  18.865   2.848E-01   5.958E-04  -3.371E-04   0.000E+00   4.465E-05
  204    -2.60    -261.4    0.273    0.4224E-02  18.932   2.848E-01   5.958E-04  -3.650E-04   0.000E+00   4.465E-05
  203    -2.80    -261.2    0.273    0.4515E-02  18.998   2.848E-01   5.958E-04  -3.928E-04   0.000E+00   4.465E-05
  202    -3.00    -261.0    0.273    0.4804E-02  19.064   2.848E-01   5.958E-04  -4.415E-04   0.000E+00   4.465E-05
  201    -3.50    -260.5    0.273    0.5525E-02  19.224   2.848E-01   5.958E-04  -4.900E-04   0.000E+00   4.465E-05
  200    -4.00    -260.0    0.273    0.6241E-02  19.378   2.848E-01   5.958E-04  -5.591E-04   0.000E+00   4.465E-05
  199    -4.50    -259.5    0.273    0.6953E-02  19.526   2.848E-01   5.958E-04  -6.280E-04   0.000E+00   4.465E-05
  198    -5.00    -259.0    0.273    0.7659E-02  19.668   2.848E-01   5.958E-04  -6.966E-04   0.000E+00   4.465E-05
  197    -5.50    -258.5    0.274    0.8361E-02  19.803   2.848E-01   5.958E-04  -7.650E-04   0.000E+00   4.465E-05
  196    -6.00    -258.0    0.274    0.9058E-02  19.931   2.848E-01   5.958E-04  -8.331E-04   0.000E+00   4.465E-05
  195    -6.50    -257.5    0.274    0.9750E-02  20.051   2.848E-01   5.958E-04  -9.010E-04   0.000E+00   4.465E-05
  194    -7.00    -257.0    0.274    0.1044E-01  20.164   2.848E-01   5.958E-04  -9.687E-04   0.000E+00   4.465E-05
  193    -7.50    -256.5    0.274    0.1112E-01  20.269   2.848E-01   5.958E-04  -1.036E-03   0.000E+00   4.465E-05
  192    -8.00    -256.0    0.274    0.1180E-01  20.366   2.848E-01   5.958E-04  -1.137E-03   0.000E+00   4.465E-05
  191    -9.00    -255.0    0.274    0.1314E-01  20.536   2.848E-01   5.958E-04  -1.237E-03   0.000E+00   4.465E-05
  190   -10.00    -254.0    0.275    0.1446E-01  20.676   2.848E-01   5.958E-04  -1.369E-03   0.000E+00   4.465E-05
  189   -11.00    -253.0    0.275    0.1578E-01  20.785   2.848E-01   5.958E-04  -1.501E-03   0.000E+00   4.465E-05
  188   -12.00    -252.0    0.275    0.1708E-01  20.867   2.848E-01   5.958E-04  -1.632E-03   0.000E+00   4.465E-05
  187   -13.00    -251.0    0.275    0.1837E-01  20.924   2.848E-01   5.958E-04  -1.761E-03   0.000E+00   4.465E-05
  186   -14.00    -250.0    0.276    0.1964E-01  20.957   2.848E-01   5.958E-04  -1.890E-03   0.000E+00   4.465E-05
  185   -15.00    -249.0    0.276    0.2091E-01  20.968   2.848E-01   5.958E-04  -2.017E-03   0.000E+00   4.465E-05
  184   -16.00    -248.0    0.276    0.2216E-01  20.962   2.848E-01   5.958E-04  -2.144E-03   0.000E+00   4.465E-05
  183   -17.00    -247.0    0.276    0.2340E-01  20.939   2.848E-01   5.958E-04  -2.269E-03   0.000E+00   4.465E-05
  182   -18.00    -246.1    0.277    0.2463E-01  20.901   2.848E-01   5.958E-04  -2.394E-03   0.000E+00   4.465E-05
  181   -19.00    -245.1    0.277    0.2585E-01  20.852   2.848E-01   5.958E-04  -2.518E-03   0.000E+00   4.465E-05
  180   -20.00    -244.1    0.277    0.2706E-01  20.793   2.848E-01   5.958E-04  -2.641E-03   0.000E+00   4.465E-05
  179   -21.00    -243.1    0.277    0.2825E-01  20.726   2.848E-01   5.958E-04  -2.763E-03   0.000E+00   4.465E-05
  178   -22.00    -242.1    0.278    0.2943E-01  20.653   2.848E-01   5.958E-04  -2.884E-03   0.000E+00   4.465E-05
  177   -23.00    -241.1    0.278    0.3060E-01  20.575   2.848E-01   5.958E-04  -3.004E-03   0.000E+00   4.465E-05
  176   -24.00    -240.1    0.278    0.3175E-01  20.495   2.848E-01   5.958E-04  -3.124E-03   0.000E+00   4.465E-05
  175   -25.00    -239.1    0.278    0.3289E-01  20.412   2.848E-01   5.958E-04  -3.243E-03   0.000E+00   4.465E-05
  174   -26.00    -238.1    0.279    0.3401E-01  20.329   2.848E-01   5.958E-04  -3.361E-03   0.000E+00   4.465E-05
  173   -27.00    -237.1    0.279    0.3513E-01  20.246   2.848E-01   5.958E-04  -3.479E-03   0.000E+00   4.465E-05
  172   -28.00    -236.2    0.279    0.3622E-01  20.165   2.848E-01   5.958E-04  -3.596E-03   0.000E+00   4.465E-05
  171   -29.00    -235.2    0.279    0.3731E-01  20.086   2.848E-01   5.958E-04  -3.712E-03   0.000E+00   4.465E-05
  170   -30.00    -234.2    0.275    0.3847E-01  20.009   2.175E-01   5.958E-04  -3.826E-03   0.000E+00   4.465E-05
  169   -31.00    -233.2    0.275    0.3973E-01  19.935   2.175E-01   5.958E-04  -3.938E-03   0.000E+00   4.465E-05
  168   -32.00    -232.2    0.275    0.4097E-01  19.865   2.175E-01   5.958E-04  -4.049E-03   0.000E+00   4.465E-05
  167   -33.00    -231.2    0.275    0.4219E-01  19.799   2.175E-01   5.958E-04  -4.160E-03   0.000E+00   4.465E-05
  166   -34.00    -230.3    0.275    0.4340E-01  19.737   2.175E-01   5.958E-04  -4.299E-03   0.000E+00   4.465E-05
  165   -35.00    -229.3    0.276    0.4459E-01  19.679   2.175E-01   5.958E-04  -4.466E-03   0.000E+00   4.465E-05
  164   -36.00    -228.3    0.276    0.4577E-01  19.625   2.175E-01   5.958E-04  -4.632E-03   0.000E+00   4.465E-05
  163   -37.00    -227.3    0.276    0.4693E-01  19.576   2.175E-01   5.958E-04  -4.797E-03   0.000E+00   4.465E-05
  162   -38.00    -226.3    0.277    0.4807E-01  19.531   2.175E-01   5.958E-04  -4.962E-03   0.000E+00   4.465E-05
  161   -39.00    -225.4    0.277    0.4920E-01  19.490   2.175E-01   5.958E-04  -5.124E-03   0.000E+00   4.465E-05
  160   -40.00    -224.4    0.277    0.5032E-01  19.453   2.175E-01   5.958E-04  -5.286E-03   0.000E+00   4.465E-05
  159   -41.00    -223.4    0.277    0.5141E-01  19.419   2.175E-01   5.958E-04  -5.447E-03   0.000E+00   4.465E-05
  158   -42.00    -222.4    0.278    0.5250E-01  19.389   2.175E-01   5.958E-04  -5.606E-03   0.000E+00   4.465E-05
  157   -43.00    -221.5    0.278    0.5356E-01  19.362   2.175E-01   5.958E-04  -5.764E-03   0.000E+00   4.465E-05
  156   -44.00    -220.5    0.278    0.5462E-01  19.338   2.175E-01   5.958E-04  -5.921E-03   0.000E+00   4.465E-05
  155   -45.00    -219.5    0.280    0.5590E-01  19.316   1.287E-01   5.958E-04  -6.067E-03   0.000E+00   4.465E-05
  154   -46.00    -218.6    0.280    0.5756E-01  19.297   1.287E-01   5.958E-04  -6.203E-03   0.000E+00   4.465E-05
  153   -47.00    -217.6    0.280    0.5921E-01  19.281   1.287E-01   5.958E-04  -6.337E-03   0.000E+00   4.465E-05
  152   -48.00    -216.7    0.280    0.6086E-01  19.266   1.287E-01   5.958E-04  -6.470E-03   0.000E+00   4.465E-05
  151   -49.00    -215.7    0.281    0.6250E-01  19.253   1.287E-01   5.958E-04  -6.602E-03   0.000E+00   4.465E-05
  150   -50.00    -214.8    0.281    0.6414E-01  19.241   1.287E-01   5.958E-04  -6.733E-03   0.000E+00   4.465E-05
  149   -51.00    -213.8    0.281    0.6577E-01  19.231   1.287E-01   5.958E-04  -6.862E-03   0.000E+00   4.465E-05
  148   -52.00    -212.9    0.281    0.6740E-01  19.222   1.287E-01   5.958E-04  -6.990E-03   0.000E+00   4.465E-05
  147   -53.00    -211.9    0.281    0.6902E-01  19.213   1.287E-01   5.958E-04  -7.118E-03   0.000E+00   4.465E-05
  146   -54.00    -211.0    0.282    0.7064E-01  19.206   1.287E-01   5.958E-04  -7.244E-03   0.000E+00   4.465E-05
  145   -55.00    -210.1    0.282    0.7225E-01  19.199   1.287E-01   5.958E-04  -7.368E-03   0.000E+00   4.465E-05
  144   -56.00    -209.1    0.282    0.7386E-01  19.192   1.287E-01   5.958E-04  -7.492E-03   0.000E+00   4.465E-05
  143   -57.00    -208.2    0.282    0.7546E-01  19.186   1.287E-01   5.958E-04  -7.615E-03   0.000E+00   4.465E-05
  142   -58.00    -207.2    0.283    0.7706E-01  19.179   1.287E-01   5.958E-04  -7.737E-03   0.000E+00   4.465E-05
  141   -59.00    -206.3    0.283    0.7865E-01  19.173   1.287E-01   5.958E-04  -7.858E-03   0.000E+00   4.465E-05
  140   -60.00    -205.4    0.283    0.8024E-01  19.167   1.287E-01   5.958E-04  -7.978E-03   0.000E+00   4.465E-05
  139   -61.00    -204.4    0.283    0.8182E-01  19.161   1.287E-01   5.958E-04  -8.097E-03   0.000E+00   4.465E-05
  138   -62.00    -203.5    0.284    0.8339E-01  19.154   1.287E-01   5.958E-04  -8.215E-03   0.000E+00   4.465E-05
  137   -63.00    -202.5    0.284    0.8496E-01  19.147   1.287E-01   5.958E-04  -8.332E-03   0.000E+00   4.465E-05
  136   -64.00    -201.6    0.284    0.8652E-01  19.140   1.287E-01   5.958E-04  -8.448E-03   0.000E+00   4.465E-05
  135   -65.00    -200.7    0.284    0.8808E-01  19.133   1.287E-01   5.958E-04  -8.564E-03   0.000E+00   4.465E-05
  134   -66.00    -199.7    0.285    0.8962E-01  19.126   1.287E-01   5.958E-04  -8.678E-03   0.000E+00   4.465E-05
  133   -67.00    -198.8    0.285    0.9117E-01  19.118   1.287E-01   5.958E-04  -8.792E-03   0.000E+00   4.465E-05
  132   -68.00    -197.9    0.285    0.9270E-01  19.109   1.287E-01   5.958E-04  -8.906E-03   0.000E+00   4.465E-05
  131   -69.00    -196.9    0.285    0.9423E-01  19.100   1.287E-01   5.958E-04  -9.018E-03   0.000E+00   4.465E-05
  130   -70.00    -196.0    0.286    0.9575E-01  19.091   1.287E-01   5.958E-04  -9.130E-03   0.000E+00   4.465E-05
  129   -71.00    -195.1    0.286    0.9726E-01  19.082   1.287E-01   5.958E-04  -9.263E-03   0.000E+00   4.465E-05
  128   -72.00    -194.2    0.286    0.9877E-01  19.072   1.287E-01   5.958E-04  -9.417E-03   0.000E+00   4.465E-05
  127   -73.00    -193.2    0.286    0.1003E+00  19.061   1.287E-01   5.958E-04  -9.570E-03   0.000E+00   4.465E-05
  126   -74.00    -192.3    0.287    0.1018E+00  19.051   1.287E-01   5.958E-04  -9.721E-03   0.000E+00   4.465E-05
  125   -75.00    -191.4    0.287    0.1032E+00  19.040   1.287E-01   5.958E-04  -9.871E-03   0.000E+00   4.465E-05
  124   -76.00    -190.5    0.287    0.1047E+00  19.028   1.287E-01   5.958E-04  -1.002E-02   0.000E+00   4.465E-05
  123   -77.00    -189.5    0.287    0.1062E+00  19.016   1.287E-01   5.958E-04  -1.017E-02   0.000E+00   4.465E-05
  122   -78.00    -188.6    0.288    0.1077E+00  19.004   1.287E-01   5.958E-04  -1.031E-02   0.000E+00   4.465E-05
  121   -79.00    -187.7    0.288    0.1091E+00  18.992   1.287E-01   5.958E-04  -1.046E-02   0.000E+00   4.465E-05
  120   -80.00    -186.8    0.288    0.1106E+00  18.979   1.287E-01   5.958E-04  -1.060E-02   0.000E+00   4.465E-05
  119   -81.00    -185.9    0.289    0.1120E+00  18.966   1.287E-01   5.958E-04  -1.074E-02   0.000E+00   4.465E-05
  118   -82.00    -184.9    0.289    0.1134E+00  18.953   1.287E-01   5.958E-04  -1.088E-02   0.000E+00   4.465E-05
  117   -83.00    -184.0    0.289    0.1149E+00  18.939   1.287E-01   5.958E-04  -1.102E-02   0.000E+00   4.465E-05
  116   -84.00    -183.1    0.289    0.1163E+00  18.925   1.287E-01   5.958E-04  -1.116E-02   0.000E+00   4.465E-05
  115   -85.00    -182.2    0.290    0.1177E+00  18.911   1.287E-01   5.958E-04  -1.130E-02   0.000E+00   4.465E-05
  114   -86.00    -181.3    0.290    0.1191E+00  18.897   1.287E-01   5.958E-04  -1.143E-02   0.000E+00   4.465E-05
  113   -87.00    -180.4    0.290    0.1205E+00  18.883   1.287E-01   5.958E-04  -1.156E-02   0.000E+00   4.465E-05
  112   -88.00    -179.5    0.290    0.1219E+00  18.868   1.287E-01   5.958E-04  -1.170E-02   0.000E+00   4.465E-05
  111   -89.00    -178.6    0.291    0.1232E+00  18.853   1.287E-01   5.958E-04  -1.183E-02   0.000E+00   4.465E-05
  110   -90.00    -177.7    0.291    0.1246E+00  18.838   1.287E-01   5.958E-04  -1.196E-02   0.000E+00   4.465E-05
  109   -91.00    -176.8    0.291    0.1260E+00  18.823   1.287E-01   5.958E-04  -1.208E-02   0.000E+00   4.465E-05
  108   -92.00    -175.8    0.292    0.1273E+00  18.808   1.287E-01   5.958E-04  -1.221E-02   0.000E+00   4.465E-05
  107   -93.00    -174.9    0.292    0.1287E+00  18.793   1.287E-01   5.958E-04  -1.234E-02   0.000E+00   4.465E-05
  106   -94.00    -174.0    0.292    0.1300E+00  18.778   1.287E-01   5.958E-04  -1.246E-02   0.000E+00   4.465E-05
  105   -95.00    -173.1    0.292    0.1313E+00  18.762   1.287E-01   5.958E-04  -1.258E-02   0.000E+00   4.465E-05
  104   -96.00    -172.2    0.293    0.1326E+00  18.746   1.287E-01   5.958E-04  -1.271E-02   0.000E+00   4.465E-05
  103   -97.00    -171.3    0.293    0.1339E+00  18.731   1.287E-01   5.958E-04  -1.283E-02   0.000E+00   4.465E-05
  102   -98.00    -170.4    0.293    0.1352E+00  18.715   1.287E-01   5.958E-04  -1.295E-02   0.000E+00   4.465E-05
  101   -99.00    -169.5    0.293    0.1365E+00  18.699   1.287E-01   5.958E-04  -1.306E-02   0.000E+00   4.465E-05
  100  -100.00    -168.6    0.294    0.1378E+00  18.684   1.287E-01   5.958E-04  -1.318E-02   0.000E+00   4.465E-05
   99  -101.00    -167.7    0.294    0.1391E+00  18.668   1.287E-01   5.958E-04  -1.330E-02   0.000E+00   4.465E-05
   98  -102.00    -166.8    0.294    0.1403E+00  18.652   1.287E-01   5.958E-04  -1.341E-02   0.000E+00   4.465E-05
   97  -103.00    -165.9    0.295    0.1416E+00  18.636   1.287E-01   5.958E-04  -1.353E-02   0.000E+00   4.465E-05
   96  -104.00    -165.1    0.295    0.1428E+00  18.620   1.287E-01   5.958E-04  -1.366E-02   0.000E+00   4.465E-05
   95  -105.00    -164.2    0.295    0.1440E+00  18.604   1.287E-01   5.958E-04  -1.381E-02   0.000E+00   4.465E-05
   94  -106.00    -163.3    0.295    0.1452E+00  18.588   1.287E-01   5.958E-04  -1.395E-02   0.000E+00   4.465E-05
   93  -107.00    -162.4    0.296    0.1465E+00  18.573   1.287E-01   5.958E-04  -1.409E-02   0.000E+00   4.465E-05
   92  -108.00    -161.5    0.296    0.1477E+00  18.557   1.287E-01   5.958E-04  -1.424E-02   0.000E+00   4.465E-05
   91  -109.00    -160.6    0.296    0.1489E+00  18.541   1.287E-01   5.958E-04  -1.438E-02   0.000E+00   4.465E-05
   90  -110.00    -159.7    0.292    0.1500E+00  18.525   1.442E-01   5.958E-04  -1.451E-02   0.000E+00   4.465E-05
   89  -111.00    -158.8    0.293    0.1511E+00  18.509   1.442E-01   5.958E-04  -1.465E-02   0.000E+00   4.465E-05
   88  -112.00    -157.9    0.293    0.1522E+00  18.493   1.442E-01   5.958E-04  -1.478E-02   0.000E+00   4.465E-05
   87  -113.00    -157.0    0.293    0.1533E+00  18.478   1.442E-01   5.958E-04  -1.492E-02   0.000E+00   4.465E-05
   86  -114.00    -156.1    0.294    0.1543E+00  18.462   1.442E-01   5.958E-04  -1.505E-02   0.000E+00   4.465E-05
   85  -115.00    -155.2    0.294    0.1554E+00  18.446   1.442E-01   5.958E-04  -1.518E-02   0.000E+00   4.465E-05
   84  -116.00    -154.3    0.294    0.1564E+00  18.431   1.442E-01   5.958E-04  -1.531E-02   0.000E+00   4.465E-05
   83  -117.00    -153.4    0.295    0.1575E+00  18.415   1.442E-01   5.958E-04  -1.543E-02   0.000E+00   4.465E-05
   82  -118.00    -152.5    0.295    0.1585E+00  18.399   1.442E-01   5.958E-04  -1.556E-02   0.000E+00   4.465E-05
   81  -119.00    -151.6    0.295    0.1595E+00  18.384   1.442E-01   5.958E-04  -1.568E-02   0.000E+00   4.465E-05
   80  -120.00    -150.8    0.296    0.1605E+00  18.369   1.442E-01   5.958E-04  -1.580E-02   0.000E+00   4.465E-05
   79  -121.00    -149.9    0.296    0.1615E+00  18.354   1.442E-01   5.958E-04  -1.592E-02   0.000E+00   4.465E-05
   78  -122.00    -149.0    0.296    0.1625E+00  18.338   1.442E-01   5.958E-04  -1.604E-02   0.000E+00   4.465E-05
   77  -123.00    -148.1    0.297    0.1635E+00  18.323   1.442E-01   5.958E-04  -1.616E-02   0.000E+00   4.465E-05
   76  -124.00    -147.2    0.297    0.1644E+00  18.308   1.442E-01   5.958E-04  -1.628E-02   0.000E+00   4.465E-05
   75  -125.00    -146.3    0.297    0.1654E+00  18.293   1.442E-01   5.958E-04  -1.639E-02   0.000E+00   4.465E-05
   74  -126.00    -145.4    0.298    0.1663E+00  18.279   1.442E-01   5.958E-04  -1.650E-02   0.000E+00   4.465E-05
   73  -127.00    -144.5    0.298    0.1673E+00  18.264   1.442E-01   5.958E-04  -1.661E-02   0.000E+00   4.465E-05
   72  -128.00    -143.7    0.298    0.1682E+00  18.250   1.442E-01   5.958E-04  -1.672E-02   0.000E+00   4.465E-05
   71  -129.00    -142.8    0.298    0.1691E+00  18.235   1.442E-01   5.958E-04  -1.683E-02   0.000E+00   4.465E-05
   70  -130.00    -141.9    0.299    0.1700E+00  18.221   1.442E-01   5.958E-04  -1.694E-02   0.000E+00   4.465E-05
   69  -131.00    -141.0    0.299    0.1709E+00  18.207   1.442E-01   5.958E-04  -1.705E-02   0.000E+00   4.465E-05
   68  -132.00    -140.1    0.299    0.1718E+00  18.193   1.442E-01   5.958E-04  -1.716E-02   0.000E+00   4.465E-05
   67  -133.00    -139.2    0.300    0.1726E+00  18.179   1.442E-01   5.958E-04  -1.728E-02   0.000E+00   4.465E-05
   66  -134.00    -138.4    0.300    0.1735E+00  18.165   1.442E-01   5.958E-04  -1.740E-02   0.000E+00   4.465E-05
   65  -135.00    -137.5    0.300    0.1743E+00  18.151   1.442E-01   5.958E-04  -1.753E-02   0.000E+00   4.465E-05
   64  -136.00    -136.6    0.301    0.1752E+00  18.138   1.442E-01   5.958E-04  -1.765E-02   0.000E+00   4.465E-05
   63  -137.00    -135.7    0.301    0.1760E+00  18.124   1.442E-01   5.958E-04  -1.777E-02   0.000E+00   4.465E-05
   62  -138.00    -134.9    0.302    0.1768E+00  18.111   1.442E-01   5.958E-04  -1.789E-02   0.000E+00   4.465E-05
   61  -139.00    -134.0    0.302    0.1776E+00  18.098   1.442E-01   5.958E-04  -1.801E-02   0.000E+00   4.465E-05
   60  -140.00    -133.1    0.302    0.1784E+00  18.085   1.442E-01   5.958E-04  -1.812E-02   0.000E+00   4.465E-05
   59  -141.00    -132.2    0.303    0.1792E+00  18.073   1.442E-01   5.958E-04  -1.824E-02   0.000E+00   4.465E-05
   58  -142.00    -131.4    0.303    0.1800E+00  18.060   1.442E-01   5.958E-04  -1.835E-02   0.000E+00   4.465E-05
   57  -143.00    -130.5    0.303    0.1807E+00  18.048   1.442E-01   5.958E-04  -1.846E-02   0.000E+00   4.465E-05
   56  -144.00    -129.6    0.304    0.1815E+00  18.035   1.442E-01   5.958E-04  -1.856E-02   0.000E+00   4.465E-05
   55  -145.00    -128.7    0.304    0.1822E+00  18.023   1.442E-01   5.958E-04  -1.867E-02   0.000E+00   4.465E-05
   54  -146.00    -127.9    0.304    0.1829E+00  18.011   1.442E-01   5.958E-04  -1.877E-02   0.000E+00   4.465E-05
   53  -147.00    -127.0    0.305    0.1836E+00  18.000   1.442E-01   5.958E-04  -1.887E-02   0.000E+00   4.465E-05
   52  -148.00    -126.1    0.305    0.1843E+00  17.988   1.442E-01   5.958E-04  -1.897E-02   0.000E+00   4.465E-05
   51  -149.00    -125.3    0.306    0.1850E+00  17.977   1.442E-01   5.958E-04  -1.906E-02   0.000E+00   4.465E-05
   50  -150.00    -124.4    0.306    0.1857E+00  17.966   1.442E-01   5.958E-04  -1.916E-02   0.000E+00   4.465E-05
   49  -151.00    -123.5    0.306    0.1864E+00  17.955   1.442E-01   5.958E-04  -1.925E-02   0.000E+00   4.465E-05
   48  -152.00    -122.7    0.307    0.1870E+00  17.944   1.442E-01   5.958E-04  -1.934E-02   0.000E+00   4.465E-05
   47  -153.00    -121.8    0.307    0.1877E+00  17.933   1.442E-01   5.958E-04  -1.943E-02   0.000E+00   4.465E-05
   46  -154.00    -120.9    0.307    0.1883E+00  17.923   1.442E-01   5.958E-04  -1.952E-02   0.000E+00   4.465E-05
   45  -155.00    -120.1    0.308    0.1889E+00  17.913   1.442E-01   5.958E-04  -1.960E-02   0.000E+00   4.465E-05
   44  -156.00    -119.2    0.308    0.1896E+00  17.903   1.442E-01   5.958E-04  -1.968E-02   0.000E+00   4.465E-05
   43  -157.00    -118.3    0.308    0.1902E+00  17.893   1.442E-01   5.958E-04  -1.977E-02   0.000E+00   4.465E-05
   42  -158.00    -117.5    0.309    0.1907E+00  17.883   1.442E-01   5.958E-04  -1.987E-02   0.000E+00   4.465E-05
   41  -159.00    -116.6    0.309    0.1913E+00  17.874   1.442E-01   5.958E-04  -1.996E-02   0.000E+00   4.465E-05
   40  -160.00    -115.8    0.310    0.1919E+00  17.865   1.442E-01   5.958E-04  -2.005E-02   0.000E+00   4.465E-05
   39  -161.00    -114.9    0.310    0.1924E+00  17.856   1.442E-01   5.958E-04  -2.014E-02   0.000E+00   4.465E-05
   38  -162.00    -114.0    0.310    0.1930E+00  17.847   1.442E-01   5.958E-04  -2.023E-02   0.000E+00   4.465E-05
   37  -163.00    -113.2    0.311    0.1935E+00  17.838   1.442E-01   5.958E-04  -2.031E-02   0.000E+00   4.465E-05
   36  -164.00    -112.3    0.311    0.1940E+00  17.830   1.442E-01   5.958E-04  -2.039E-02   0.000E+00   4.465E-05
   35  -165.00    -111.5    0.312    0.1945E+00  17.822   1.442E-01   5.958E-04  -2.047E-02   0.000E+00   4.465E-05
   34  -166.00    -110.6    0.312    0.1950E+00  17.814   1.442E-01   5.958E-04  -2.055E-02   0.000E+00   4.465E-05
   33  -167.00    -109.7    0.312    0.1955E+00  17.806   1.442E-01   5.958E-04  -2.062E-02   0.000E+00   4.465E-05
   32  -168.00    -108.9    0.313    0.1960E+00  17.799   1.442E-01   5.958E-04  -2.069E-02   0.000E+00   4.465E-05
   31  -169.00    -108.0    0.313    0.1964E+00  17.791   1.442E-01   5.958E-04  -2.076E-02   0.000E+00   4.465E-05
   30  -170.00    -107.2    0.314    0.1968E+00  17.784   1.442E-01   5.958E-04  -2.083E-02   0.000E+00   4.465E-05
   29  -171.00    -106.3    0.314    0.1973E+00  17.778   1.442E-01   5.958E-04  -2.089E-02   0.000E+00   4.465E-05
   28  -172.00    -105.5    0.315    0.1977E+00  17.771   1.442E-01   5.958E-04  -2.095E-02   0.000E+00   4.465E-05
   27  -173.00    -104.6    0.315    0.1981E+00  17.765   1.442E-01   5.958E-04  -2.101E-02   0.000E+00   4.465E-05
   26  -174.00    -103.8    0.315    0.1985E+00  17.759   1.442E-01   5.958E-04  -2.107E-02   0.000E+00   4.465E-05
   25  -175.00    -102.9    0.316    0.1989E+00  17.753   1.442E-01   5.958E-04  -2.112E-02   0.000E+00   4.465E-05
   24  -176.00    -102.1    0.316    0.1992E+00  17.747   1.442E-01   5.958E-04  -2.118E-02   0.000E+00   4.465E-05
   23  -177.00    -101.2    0.317    0.1996E+00  17.742   1.442E-01   5.958E-04  -2.123E-02   0.000E+00   4.465E-05
   22  -178.00    -100.3    0.317    0.1999E+00  17.736   1.442E-01   5.958E-04  -2.128E-02   0.000E+00   4.465E-05
   21  -179.00     -99.5    0.317    0.2002E+00  17.731   1.442E-01   5.958E-04  -2.133E-02   0.000E+00   4.465E-05
   20  -180.00     -98.6    0.318    0.2006E+00  17.727   1.442E-01   5.958E-04  -2.138E-02   0.000E+00   4.465E-05
   19  -181.00     -97.8    0.318    0.2008E+00  17.722   1.442E-01   5.958E-04  -2.143E-02   0.000E+00   4.465E-05
   18  -182.00     -96.9    0.319    0.2011E+00  17.718   1.442E-01   5.958E-04  -2.148E-02   0.000E+00   4.465E-05
   17  -183.00     -96.1    0.319    0.2014E+00  17.714   1.442E-01   5.958E-04  -2.152E-02   0.000E+00   4.465E-05
   16  -184.00     -95.2    0.320    0.2017E+00  17.710   1.442E-01   5.958E-04  -2.156E-02   0.000E+00   4.465E-05
   15  -185.00     -94.4    0.320    0.2019E+00  17.707   1.442E-01   5.958E-04  -2.160E-02   0.000E+00   4.465E-05
   14  -186.00     -93.5    0.321    0.2021E+00  17.704   1.442E-01   5.958E-04  -2.163E-02   0.000E+00   4.465E-05
   13  -187.00     -92.7    0.321    0.2023E+00  17.701   1.442E-01   5.958E-04  -2.167E-02   0.000E+00   4.465E-05
   12  -188.00     -91.8    0.322    0.2025E+00  17.698   1.442E-01   5.958E-04  -2.169E-02   0.000E+00   4.465E-05
   11  -189.00     -91.0    0.322    0.2027E+00  17.695   1.442E-01   5.958E-04  -2.172E-02   0.000E+00   4.465E-05
   10  -190.00     -90.1    0.323    0.2029E+00  17.693   1.442E-01   5.958E-04  -2.175E-02   0.000E+00   4.465E-05
    9  -191.00     -89.3    0.323    0.2030E+00  17.691   1.442E-01   5.958E-04  -2.177E-02   0.000E+00   4.465E-05
    8  -192.00     -88.4    0.323    0.2031E+00  17.689   1.442E-01   5.958E-04  -2.178E-02   0.000E+00   4.465E-05
    7  -193.00     -87.6    0.324    0.2032E+00  17.688   1.442E-01   5.958E-04  -2.180E-02   0.000E+00   4.465E-05
    6  -194.00     -86.7    0.324    0.2033E+00  17.686   1.442E-01   5.958E-04  -2.181E-02   0.000E+00   4.465E-05
    5  -195.00     -85.9    0.325    0.2034E+00  17.685   1.442E-01   5.958E-04  -2.182E-02   0.000E+00   4.465E-05
    4  -196.00     -85.0    0.325    0.2035E+00  17.685   1.442E-01   5.958E-04  -2.183E-02   0.000E+00   4.465E-05
    3  -197.00     -84.2    0.326    0.2035E+00  17.684   1.442E-01   5.958E-04  -2.184E-02   0.000E+00   4.465E-05
    2  -198.00     -83.4    0.326    0.2035E+00  17.684   1.442E-01   5.958E-04  -2.184E-02   0.000E+00   4.465E-05
    1  -199.00     -82.5    0.327    0.2035E+00  17.684   1.442E-01   5.958E-04  -2.184E-02   0.000E+00   4.465E-05
#Time:    7224
  222     0.00     -20.0    0.415    0.3800E-03  18.610   2.848E-01   6.028E-04  -1.020E-01   0.000E+00   3.299E-05
  221    -0.10     -20.0    0.415    0.5816E-03  18.618   2.848E-01   6.028E-04  -1.021E-01   0.000E+00   3.299E-05
  220    -0.20     -19.9    0.415    0.7851E-03  18.640   2.848E-01   6.028E-04  -1.025E-01   0.000E+00   3.299E-05
  219    -0.30     -19.8    0.415    0.9911E-03  18.673   2.848E-01   6.028E-04  -1.029E-01   0.000E+00   3.299E-05
  218    -0.40     -19.8    0.415    0.1199E-02  18.708   2.848E-01   6.028E-04  -1.032E-01   0.000E+00   3.299E-05
  217    -0.50     -19.7    0.415    0.1410E-02  18.740   2.848E-01   6.028E-04  -1.036E-01   0.000E+00   3.299E-05
  216    -0.60     -19.6    0.415    0.1622E-02  18.768   2.848E-01   6.028E-04  -1.040E-01   0.000E+00   3.299E-05
  215    -0.70     -19.6    0.415    0.1837E-02  18.795   2.848E-01   6.028E-04  -1.043E-01   0.000E+00   3.299E-05
  214    -0.80     -19.5    0.415    0.2054E-02  18.822   2.848E-01   6.028E-04  -1.047E-01   0.000E+00   3.299E-05
  213    -0.90     -19.5    0.415    0.2272E-02  18.848   2.848E-01   6.028E-04  -1.050E-01   0.000E+00   3.299E-05
  212    -1.00     -19.4    0.415    0.2493E-02  18.873   2.848E-01   6.028E-04  -1.056E-01   0.000E+00   3.299E-05
  211    -1.20     -19.3    0.416    0.2939E-02  18.925   2.848E-01   6.028E-04  -1.061E-01   0.000E+00   3.299E-05
  210    -1.40     -19.1    0.416    0.3393E-02  18.976   2.848E-01   6.028E-04  -1.068E-01   0.000E+00   3.299E-05
  209    -1.60     -19.0    0.416    0.3853E-02  19.026   2.848E-01   6.028E-04  -1.076E-01   0.000E+00   3.299E-05
  208    -1.80     -18.9    0.416    0.4320E-02  19.077   2.848E-01   6.028E-04  -1.083E-01   0.000E+00   3.299E-05
  207    -2.00     -18.8    0.416    0.4792E-02  19.127   2.848E-01   6.028E-04  -1.090E-01   0.000E+00   3.299E-05
  206    -2.20     -18.6    0.417    0.5269E-02  19.178   2.848E-01   6.028E-04  -1.098E-01   0.000E+00   3.299E-05
  205    -2.40     -18.5    0.417    0.5750E-02  19.228   2.848E-01   6.028E-04  -1.105E-01   0.000E+00   3.299E-05
  204    -2.60     -18.4    0.417    0.6235E-02  19.278   2.848E-01   6.028E-04  -1.112E-01   0.000E+00   3.299E-05
  203    -2.80     -18.3    0.417    0.6723E-02  19.327   2.848E-01   6.028E-04  -1.119E-01   0.000E+00   3.299E-05
  202    -3.00     -18.2    0.417    0.7214E-02  19.376   2.848E-01   6.028E-04  -1.132E-01   0.000E+00   3.299E-05
  201    -3.50     -17.9    0.418    0.8446E-02  19.495   2.848E-01   6.028E-04  -1.145E-01   0.000E+00   3.299E-05
  200    -4.00     -17.6    0.418    0.9679E-02  19.610   2.848E-01   6.028E-04  -1.163E-01   0.000E+00   3.299E-05
  199    -4.50     -17.3    0.419    0.1090E-01  19.720   2.848E-01   6.028E-04  -1.181E-01   0.000E+00   3.299E-05
  198    -5.00     -17.0    0.419    0.1211E-01  19.826   2.848E-01   6.028E-04  -1.199E-01   0.000E+00   3.299E-05
  197    -5.50     -16.7    0.419    0.1329E-01  19.926   2.848E-01   6.028E-04  -1.216E-01   0.000E+00   3.299E-05
  196    -6.00     -16.4    0.420    0.1444E-01  20.021   2.848E-01   6.028E-04  -1.234E-01   0.000E+00   3.299E-05
  195    -6.50     -16.1    0.420    0.1555E-01  20.110   2.848E-01   6.028E-04  -1.252E-01   0.000E+00   3.299E-05
  194    -7.00     -15.8    0.421    0.1661E-01  20.193   2.848E-01   6.028E-04  -1.269E-01   0.000E+00   3.299E-05
  193    -7.50     -15.6    0.421    0.1763E-01  20.270   2.848E-01   6.028E-04  -1.286E-01   0.000E+00   3.299E-05
  192    -8.00     -15.3    0.421    0.1859E-01  20.342   2.848E-01   6.028E-04  -1.312E-01   0.000E+00   3.299E-05
  191    -9.00     -14.8    0.422    0.2029E-01  20.466   2.848E-01   6.028E-04  -1.338E-01   0.000E+00   3.299E-05
  190   -10.00     -14.2    0.423    0.2166E-01  20.566   2.848E-01   6.028E-04  -1.371E-01   0.000E+00   3.299E-05
  189   -11.00     -13.7    0.424    0.2292E-01  20.644   2.848E-01   6.028E-04  -1.404E-01   0.000E+00   3.299E-05
  188   -12.00     -13.2    0.424    0.2415E-01  20.701   2.848E-01   6.028E-04  -1.435E-01   0.000E+00   3.299E-05
  187   -13.00     -12.7    0.425    0.2536E-01  20.738   2.848E-01   6.028E-04  -1.467E-01   0.000E+00   3.299E-05
  186   -14.00     -12.2    0.426    0.2658E-01  20.757   2.848E-01   6.028E-04  -1.497E-01   0.000E+00   3.299E-05
  185   -15.00     -11.8    0.426    0.2782E-01  20.760   2.848E-01   6.028E-04  -1.526E-01   0.000E+00   3.299E-05
  184   -16.00     -11.3    0.427    0.2907E-01  20.748   2.848E-01   6.028E-04  -1.555E-01   0.000E+00   3.299E-05
  183   -17.00     -10.9    0.428    0.3032E-01  20.724   2.848E-01   6.028E-04  -1.582E-01   0.000E+00   3.299E-05
  182   -18.00     -10.4    0.428    0.3159E-01  20.689   2.848E-01   6.028E-04  -1.609E-01   0.000E+00   3.299E-05
  181   -19.00     -10.0    0.429    0.3285E-01  20.644   2.848E-01   6.028E-04  -1.635E-01   0.000E+00   3.299E-05
  180   -20.00      -9.6    0.430    0.3412E-01  20.590   2.848E-01   6.028E-04  -1.660E-01   0.000E+00   3.299E-05
  179   -21.00      -9.2    0.430    0.3538E-01  20.530   2.848E-01   6.028E-04  -1.684E-01   0.000E+00   3.299E-05
  178   -22.00      -8.8    0.431    0.3663E-01  20.464   2.848E-01   6.028E-04  -1.707E-01   0.000E+00   3.299E-05
  177   -23.00      -8.4    0.431    0.3788E-01  20.394   2.848E-01   6.028E-04  -1.730E-01   0.000E+00   3.299E-05
  176   -24.00      -8.0    0.432    0.3910E-01  20.320   2.848E-01   6.028E-04  -1.752E-01   0.000E+00   3.299E-05
  175   -25.00      -7.6    0.432    0.4032E-01  20.244   2.848E-01   6.028E-04  -1.772E-01   0.000E+00   3.299E-05
  174   -26.00      -7.2    0.433    0.4152E-01  20.167   2.848E-01   6.028E-04  -1.792E-01   0.000E+00   3.299E-05
  173   -27.00      -6.9    0.433    0.4271E-01  20.089   2.848E-01   6.028E-04  -1.812E-01   0.000E+00   3.299E-05
  172   -28.00      -6.5    0.434    0.4388E-01  20.011   2.848E-01   6.028E-04  -1.830E-01   0.000E+00   3.299E-05
  171   -29.00      -6.1    0.434    0.4503E-01  19.933   2.848E-01   6.028E-04  -1.848E-01   0.000E+00   3.299E-05
  170   -30.00      -5.9    0.417    0.4618E-01  19.857   2.175E-01   6.028E-04  -1.864E-01   0.000E+00   3.299E-05
  169   -31.00      -5.7    0.417    0.4732E-01  19.781   2.175E-01   6.028E-04  -1.878E-01   0.000E+00   3.299E-05
  168   -32.00      -5.6    0.417    0.4845E-01  19.708   2.175E-01   6.028E-04  -1.892E-01   0.000E+00   3.299E-05
  167   -33.00      -5.5    0.417    0.4956E-01  19.638   2.175E-01   6.028E-04  -1.905E-01   0.000E+00   3.299E-05
  166   -34.00      -5.4    0.418    0.5067E-01  19.570   2.175E-01   6.028E-04  -1.918E-01   0.000E+00   3.299E-05
  165   -35.00      -5.2    0.418    0.5177E-01  19.505   2.175E-01   6.028E-04  -1.930E-01   0.000E+00   3.299E-05
  164   -36.00      -5.1    0.418    0.5286E-01  19.444   2.175E-01   6.028E-04  -1.942E-01   0.000E+00   3.299E-05
  163   -37.00      -5.0    0.418    0.5394E-01  19.386   2.175E-01   6.028E-04  -1.954E-01   0.000E+00   3.299E-05
  162   -38.00      -4.9    0.418    0.5501E-01  19.332   2.175E-01   6.028E-04  -1.965E-01   0.000E+00   3.299E-05
  161   -39.00      -4.8    0.418    0.5607E-01  19.282   2.175E-01   6.028E-04  -1.976E-01   0.000E+00   3.299E-05
  160   -40.00      -4.7    0.418    0.5710E-01  19.235   2.175E-01   6.028E-04  -1.987E-01   0.000E+00   3.299E-05
  159   -41.00      -4.7    0.418    0.5811E-01  19.191   2.175E-01   6.028E-04  -1.997E-01   0.000E+00   3.299E-05
  158   -42.00      -4.6    0.418    0.5906E-01  19.151   2.175E-01   6.028E-04  -2.008E-01   0.000E+00   3.299E-05
  157   -43.00      -4.5    0.418    0.5993E-01  19.115   2.175E-01   6.028E-04  -2.018E-01   0.000E+00   3.299E-05
  156   -44.00      -4.4    0.419    0.6066E-01  19.082   2.175E-01   6.028E-04  -2.028E-01   0.000E+00   3.299E-05
  155   -45.00      -4.6    0.392    0.6121E-01  19.051   1.287E-01   6.028E-04  -2.036E-01   0.000E+00   3.299E-05
  154   -46.00      -5.2    0.392    0.6174E-01  19.024   1.287E-01   6.028E-04  -2.043E-01   0.000E+00   3.299E-05
  153   -47.00      -5.8    0.392    0.6229E-01  18.999   1.287E-01   6.028E-04  -2.050E-01   0.000E+00   3.299E-05
  152   -48.00      -6.4    0.391    0.6287E-01  18.977   1.287E-01   6.028E-04  -2.057E-01   0.000E+00   3.299E-05
  151   -49.00      -7.0    0.391    0.6348E-01  18.957   1.287E-01   6.028E-04  -2.064E-01   0.000E+00   3.299E-05
  150   -50.00      -7.6    0.390    0.6412E-01  18.940   1.287E-01   6.028E-04  -2.071E-01   0.000E+00   3.299E-05
  149   -51.00      -8.2    0.390    0.6481E-01  18.925   1.287E-01   6.028E-04  -2.078E-01   0.000E+00   3.299E-05
  148   -52.00      -8.8    0.389    0.6553E-01  18.913   1.287E-01   6.028E-04  -2.085E-01   0.000E+00   3.299E-05
  147   -53.00      -9.4    0.388    0.6630E-01  18.902   1.287E-01   6.028E-04  -2.091E-01   0.000E+00   3.299E-05
  146   -54.00     -10.1    0.388    0.6711E-01  18.893   1.287E-01   6.028E-04  -2.098E-01   0.000E+00   3.299E-05
  145   -55.00     -10.7    0.387    0.6798E-01  18.886   1.287E-01   6.028E-04  -2.104E-01   0.000E+00   3.299E-05
  144   -56.00     -11.3    0.387    0.6889E-01  18.880   1.287E-01   6.028E-04  -2.110E-01   0.000E+00   3.299E-05
  143   -57.00     -12.0    0.386    0.6986E-01  18.875   1.287E-01   6.028E-04  -2.116E-01   0.000E+00   3.299E-05
  142   -58.00     -12.6    0.386    0.7088E-01  18.872   1.287E-01   6.028E-04  -2.122E-01   0.000E+00   3.299E-05
  141   -59.00     -13.3    0.385    0.7195E-01  18.870   1.287E-01   6.028E-04  -2.128E-01   0.000E+00   3.299E-05
  140   -60.00     -13.9    0.384    0.7308E-01  18.869   1.287E-01   6.028E-04  -2.133E-01   0.000E+00   3.299E-05
  139   -61.00     -14.6    0.384    0.7424E-01  18.869   1.287E-01   6.028E-04  -2.139E-01   0.000E+00   3.299E-05
  138   -62.00     -15.3    0.383    0.7545E-01  18.870   1.287E-01   6.028E-04  -2.144E-01   0.000E+00   3.299E-05
  137   -63.00     -15.9    0.383    0.7670E-01  18.871   1.287E-01   6.028E-04  -2.148E-01   0.000E+00   3.299E-05
  136   -64.00     -16.6    0.382    0.7799E-01  18.873   1.287E-01   6.028E-04  -2.153E-01   0.000E+00   3.299E-05
  135   -65.00     -17.3    0.381    0.7931E-01  18.875   1.287E-01   6.028E-04  -2.157E-01   0.000E+00   3.299E-05
  134   -66.00     -17.9    0.381    0.8066E-01  18.878   1.287E-01   6.028E-04  -2.161E-01   0.000E+00   3.299E-05
  133   -67.00     -18.6    0.380    0.8203E-01  18.881   1.287E-01   6.028E-04  -2.165E-01   0.000E+00   3.299E-05
  132   -68.00     -19.3    0.379    0.8343E-01  18.884   1.287E-01   6.028E-04  -2.168E-01   0.000E+00   3.299E-05
  131   -69.00     -20.0    0.379    0.8484E-01  18.888   1.287E-01   6.028E-04  -2.171E-01   0.000E+00   3.299E-05
  130   -70.00     -20.7    0.378    0.8627E-01  18.892   1.287E-01   6.028E-04  -2.174E-01   0.000E+00   3.299E-05
  129   -71.00     -21.4    0.378    0.8771E-01  18.895   1.287E-01   6.028E-04  -2.177E-01   0.000E+00   3.299E-05
  128   -72.00     -22.1    0.377    0.8917E-01  18.899   1.287E-01   6.028E-04  -2.179E-01   0.000E+00   3.299E-05
  127   -73.00     -22.8    0.376    0.9062E-01  18.903   1.287E-01   6.028E-04  -2.181E-01   0.000E+00   3.299E-05
  126   -74.00     -23.5    0.376    0.9209E-01  18.907   1.287E-01   6.028E-04  -2.183E-01   0.000E+00   3.299E-05
  125   -75.00     -24.2    0.375    0.9355E-01  18.911   1.287E-01   6.028E-04  -2.184E-01   0.000E+00   3.299E-05
  124   -76.00     -24.9    0.374    0.9502E-01  18.914   1.287E-01   6.028E-04  -2.186E-01   0.000E+00   3.299E-05
  123   -77.00     -25.6    0.374    0.9649E-01  18.918   1.287E-01   6.028E-04  -2.187E-01   0.000E+00   3.299E-05
  122   -78.00     -26.3    0.373    0.9796E-01  18.921   1.287E-01   6.028E-04  -2.187E-01   0.000E+00   3.299E-05
  121   -79.00     -27.0    0.372    0.9942E-01  18.925   1.287E-01   6.028E-04  -2.188E-01   0.000E+00   3.299E-05
  120   -80.00     -27.7    0.372    0.1009E+00  18.928   1.287E-01   6.028E-04  -2.188E-01   0.000E+00   3.299E-05
  119   -81.00     -28.4    0.371    0.1023E+00  18.931   1.287E-01   6.028E-04  -2.188E-01   0.000E+00   3.299E-05
  118   -82.00     -29.1    0.371    0.1038E+00  18.933   1.287E-01   6.028E-04  -2.188E-01   0.000E+00   3.299E-05
  117   -83.00     -29.8    0.370    0.1052E+00  18.936   1.287E-01   6.028E-04  -2.187E-01   0.000E+00   3.299E-05
  116   -84.00     -30.4    0.369    0.1067E+00  18.938   1.287E-01   6.028E-04  -2.187E-01   0.000E+00   3.299E-05
  115   -85.00     -31.1    0.369    0.1081E+00  18.940   1.287E-01   6.028E-04  -2.186E-01   0.000E+00   3.299E-05
  114   -86.00     -31.8    0.368    0.1096E+00  18.941   1.287E-01   6.028E-04  -2.185E-01   0.000E+00   3.299E-05
  113   -87.00     -32.5    0.367    0.1110E+00  18.943   1.287E-01   6.028E-04  -2.183E-01   0.000E+00   3.299E-05
  112   -88.00     -33.2    0.367    0.1124E+00  18.944   1.287E-01   6.028E-04  -2.182E-01   0.000E+00   3.299E-05
  111   -89.00     -33.9    0.366    0.1138E+00  18.945   1.287E-01   6.028E-04  -2.180E-01   0.000E+00   3.299E-05
  110   -90.00     -34.6    0.366    0.1153E+00  18.946   1.287E-01   6.028E-04  -2.178E-01   0.000E+00   3.299E-05
  109   -91.00     -35.3    0.365    0.1167E+00  18.946   1.287E-01   6.028E-04  -2.176E-01   0.000E+00   3.299E-05
  108   -92.00     -36.0    0.364    0.1181E+00  18.946   1.287E-01   6.028E-04  -2.174E-01   0.000E+00   3.299E-05
  107   -93.00     -36.7    0.364    0.1194E+00  18.946   1.287E-01   6.028E-04  -2.172E-01   0.000E+00   3.299E-05
  106   -94.00     -37.4    0.363    0.1208E+00  18.946   1.287E-01   6.028E-04  -2.170E-01   0.000E+00   3.299E-05
  105   -95.00     -38.1    0.363    0.1222E+00  18.945   1.287E-01   6.028E-04  -2.167E-01   0.000E+00   3.299E-05
  104   -96.00     -38.8    0.362    0.1236E+00  18.944   1.287E-01   6.028E-04  -2.165E-01   0.000E+00   3.299E-05
  103   -97.00     -39.4    0.361    0.1250E+00  18.943   1.287E-01   6.028E-04  -2.162E-01   0.000E+00   3.299E-05
  102   -98.00     -40.1    0.361    0.1263E+00  18.942   1.287E-01   6.028E-04  -2.159E-01   0.000E+00   3.299E-05
  101   -99.00     -40.8    0.360    0.1277E+00  18.940   1.287E-01   6.028E-04  -2.156E-01   0.000E+00   3.299E-05
  100  -100.00     -41.5    0.360    0.1290E+00  18.939   1.287E-01   6.028E-04  -2.153E-01   0.000E+00   3.299E-05
   99  -101.00     -42.1    0.359    0.1304E+00  18.937   1.287E-01   6.028E-04  -2.150E-01   0.000E+00   3.299E-05
   98  -102.00     -42.8    0.359    0.1317E+00  18.934   1.287E-01   6.028E-04  -2.146E-01   0.000E+00   3.299E-05
   97  -103.00     -43.5    0.358    0.1331E+00  18.932   1.287E-01   6.028E-04  -2.143E-01   0.000E+00   3.299E-05
   96  -104.00     -44.1    0.358    0.1344E+00  18.929   1.287E-01   6.028E-04  -2.140E-01   0.000E+00   3.299E-05
   95  -105.00     -44.8    0.357    0.1357E+00  18.926   1.287E-01   6.028E-04  -2.136E-01   0.000E+00   3.299E-05
   94  -106.00     -45.5    0.357    0.1371E+00  18.923   1.287E-01   6.028E-04  -2.133E-01   0.000E+00   3.299E-05
   93  -107.00     -46.1    0.356    0.1384E+00  18.920   1.287E-01   6.028E-04  -2.130E-01   0.000E+00   3.299E-05
   92  -108.00     -46.8    0.355    0.1397E+00  18.916   1.287E-01   6.028E-04  -2.126E-01   0.000E+00   3.299E-05
   91  -109.00     -47.4    0.355    0.1411E+00  18.913   1.287E-01   6.028E-04  -2.123E-01   0.000E+00   3.299E-05
   90  -110.00     -48.0    0.351    0.1423E+00  18.909   1.442E-01   6.028E-04  -2.119E-01   0.000E+00   3.299E-05
   89  -111.00     -48.4    0.351    0.1436E+00  18.905   1.442E-01   6.028E-04  -2.115E-01   0.000E+00   3.299E-05
   88  -112.00     -48.9    0.350    0.1448E+00  18.900   1.442E-01   6.028E-04  -2.111E-01   0.000E+00   3.299E-05
   87  -113.00     -49.4    0.350    0.1460E+00  18.896   1.442E-01   6.028E-04  -2.107E-01   0.000E+00   3.299E-05
   86  -114.00     -49.8    0.349    0.1472E+00  18.892   1.442E-01   6.028E-04  -2.103E-01   0.000E+00   3.299E-05
   85  -115.00     -50.3    0.349    0.1484E+00  18.887   1.442E-01   6.028E-04  -2.099E-01   0.000E+00   3.299E-05
   84  -116.00     -50.7    0.349    0.1495E+00  18.882   1.442E-01   6.028E-04  -2.096E-01   0.000E+00   3.299E-05
   83  -117.00     -51.2    0.348    0.1507E+00  18.877   1.442E-01   6.028E-04  -2.092E-01   0.000E+00   3.299E-05
   82  -118.00     -51.6    0.348    0.1518E+00  18.872   1.442E-01   6.028E-04  -2.088E-01   0.000E+00   3.299E-05
   81  -119.00     -52.1    0.348    0.1530E+00  18.867   1.442E-01   6.028E-04  -2.084E-01   0.000E+00   3.299E-05
   80  -120.00     -52.5    0.347    0.1541E+00  18.862   1.442E-01   6.028E-04  -2.080E-01   0.000E+00   3.299E-05
   79  -121.00     -53.0    0.347    0.1552E+00  18.856   1.442E-01   6.028E-04  -2.076E-01   0.000E+00   3.299E-05
   78  -122.00     -53.4    0.347    0.1563E+00  18.851   1.442E-01   6.028E-04  -2.073E-01   0.000E+00   3.299E-05
   77  -123.00     -53.8    0.346    0.1574E+00  18.845   1.442E-01   6.028E-04  -2.069E-01   0.000E+00   3.299E-05
   76  -124.00     -54.3    0.346    0.1585E+00  18.839   1.442E-01   6.028E-04  -2.065E-01   0.000E+00   3.299E-05
   75  -125.00     -54.7    0.346    0.1596E+00  18.833   1.442E-01   6.028E-04  -2.061E-01   0.000E+00   3.299E-05
   74  -126.00     -55.1    0.345    0.1606E+00  18.828   1.442E-01   6.028E-04  -2.058E-01   0.000E+00   3.299E-05
   73  -127.00     -55.6    0.345    0.1617E+00  18.822   1.442E-01   6.028E-04  -2.054E-01   0.000E+00   3.299E-05
   72  -128.00     -56.0    0.345    0.1627E+00  18.816   1.442E-01   6.028E-04  -2.050E-01   0.000E+00   3.299E-05
   71  -129.00     -56.4    0.344    0.1637E+00  18.809   1.442E-01   6.028E-04  -2.046E-01   0.000E+00   3.299E-05
   70  -130.00     -56.8    0.344    0.1647E+00  18.803   1.442E-01   6.028E-04  -2.043E-01   0.000E+00   3.299E-05
   69  -131.00     -57.2    0.344    0.1657E+00  18.797   1.442E-01   6.028E-04  -2.039E-01   0.000E+00   3.299E-05
   68  -132.00     -57.6    0.343    0.1667E+00  18.791   1.442E-01   6.028E-04  -2.035E-01   0.000E+00   3.299E-05
   67  -133.00     -58.1    0.343    0.1677E+00  18.785   1.442E-01   6.028E-04  -2.032E-01   0.000E+00   3.299E-05
   66  -134.00     -58.5    0.343    0.1687E+00  18.778   1.442E-01   6.028E-04  -2.028E-01   0.000E+00   3.299E-05
   65  -135.00     -58.9    0.343    0.1696E+00  18.772   1.442E-01   6.028E-04  -2.024E-01   0.000E+00   3.299E-05
   64  -136.00     -59.3    0.342    0.1706E+00  18.766   1.442E-01   6.028E-04  -2.021E-01   0.000E+00   3.299E-05
   63  -137.00     -59.7    0.342    0.1715E+00  18.759   1.442E-01   6.028E-04  -2.017E-01   0.000E+00   3.299E-05
   62  -138.00     -60.1    0.342    0.1724E+00  18.753   1.442E-01   6.028E-04  -2.013E-01   0.000E+00   3.299E-05
   61  -139.00     -60.5    0.341    0.1733E+00  18.746   1.442E-01   6.028E-04  -2.010E-01   0.000E+00   3.299E-05
   60  -140.00     -60.9    0.341    0.1742E+00  18.740   1.442E-01   6.028E-04  -2.007E-01   0.000E+00   3.299E-05
   59  -141.00     -61.3    0.341    0.1751E+00  18.734   1.442E-01   6.028E-04  -2.003E-01   0.000E+00   3.299E-05
   58  -142.00     -61.6    0.341    0.1760E+00  18.727   1.442E-01   6.028E-04  -2.000E-01   0.000E+00   3.299E-05
   57  -143.00     -62.0    0.340    0.1769E+00  18.721   1.442E-01   6.028E-04  -1.997E-01   0.000E+00   3.299E-05
   56  -144.00     -62.4    0.340    0.1777E+00  18.714   1.442E-01   6.028E-04  -1.994E-01   0.000E+00   3.299E-05
   55  -145.00     -62.8    0.340    0.1786E+00  18.708   1.442E-01   6.028E-04  -1.991E-01   0.000E+00   3.299E-05
   54  -146.00     -63.2    0.339    0.1794E+00  18.702   1.442E-01   6.028E-04  -1.988E-01   0.000E+00   3.299E-05
   53  -147.00     -63.5    0.339    0.1802E+00  18.696   1.442E-01   6.028E-04  -1.985E-01   0.000E+00   3.299E-05
   52  -148.00     -63.9    0.339    0.1810E+00  18.689   1.442E-01   6.028E-04  -1.982E-01   0.000E+00   3.299E-05
   51  -149.00     -64.3    0.339    0.1818E+00  18.683   1.442E-01   6.028E-04  -1.979E-01   0.000E+00   3.299E-05
   50  -150.00     -64.7    0.338    0.1826E+00  18.677   1.442E-01   6.028E-04  -1.976E-01   0.000E+00   3.299E-05
   49  -151.00     -65.0    0.338    0.1834E+00  18.671   1.442E-01   6.028E-04  -1.974E-01   0.000E+00   3.299E-05
   48  -152.00     -65.4    0.338    0.1842E+00  18.665   1.442E-01   6.028E-04  -1.971E-01   0.000E+00   3.299E-05
   47  -153.00     -65.8    0.338    0.1849E+00  18.659   1.442E-01   6.028E-04  -1.968E-01   0.000E+00   3.299E-05
   46  -154.00     -66.1    0.337    0.1856E+00  18.653   1.442E-01   6.028E-04  -1.966E-01   0.000E+00   3.299E-05
   45  -155.00     -66.5    0.337    0.1864E+00  18.647   1.442E-01   6.028E-04  -1.963E-01   0.000E+00   3.299E-05
   44  -156.00     -66.9    0.337    0.1871E+00  18.641   1.442E-01   6.028E-04  -1.960E-01   0.000E+00   3.299E-05
   43  -157.00     -67.2    0.337    0.1878E+00  18.635   1.442E-01   6.028E-04  -1.958E-01   0.000E+00   3.299E-05
   42  -158.00     -67.6    0.336    0.1885E+00  18.630   1.442E-01   6.028E-04  -1.955E-01   0.000E+00   3.299E-05
   41  -159.00     -67.9    0.336    0.1891E+00  18.624   1.442E-01   6.028E-04  -1.953E-01   0.000E+00   3.299E-05
   40  -160.00     -68.3    0.336    0.1898E+00  18.619   1.442E-01   6.028E-04  -1.951E-01   0.000E+00   3.299E-05
   39  -161.00     -68.6    0.336    0.1904E+00  18.613   1.442E-01   6.028E-04  -1.948E-01   0.000E+00   3.299E-05
   38  -162.00     -69.0    0.335    0.1911E+00  18.608   1.442E-01   6.028E-04  -1.946E-01   0.000E+00   3.299E-05
   37  -163.00     -69.3    0.335    0.1917E+00  18.603   1.442E-01   6.028E-04  -1.944E-01   0.000E+00   3.299E-05
   36  -164.00     -69.7    0.335    0.1923E+00  18.597   1.442E-01   6.028E-04  -1.942E-01   0.000E+00   3.299E-05
   35  -165.00     -70.0    0.335    0.1929E+00  18.592   1.442E-01   6.028E-04  -1.939E-01   0.000E+00   3.299E-05
   34  -166.00     -70.4    0.335    0.1935E+00  18.587   1.442E-01   6.028E-04  -1.937E-01   0.000E+00   3.299E-05
   33  -167.00     -70.7    0.334    0.1941E+00  18.583   1.442E-01   6.028E-04  -1.935E-01   0.000E+00   3.299E-05
   32  -168.00     -71.1    0.334    0.1946E+00  18.578   1.442E-01   6.028E-04  -1.933E-01   0.000E+00   3.299E-05
   31  -169.00     -71.4    0.334    0.1952E+00  18.573   1.442E-01   6.028E-04  -1.931E-01   0.000E+00   3.299E-05
   30  -170.00     -71.7    0.334    0.1957E+00  18.569   1.442E-01   6.028E-04  -1.930E-01   0.000E+00   3.299E-05
   29  -171.00     -72.1    0.333    0.1962E+00  18.564   1.442E-01   6.028E-04  -1.928E-01   0.000E+00   3.299E-05
   28  -172.00     -72.4    0.333    0.1967E+00  18.560   1.442E-01   6.028E-04  -1.926E-01   0.000E+00   3.299E-05
   27  -173.00     -72.7    0.333    0.1972E+00  18.556   1.442E-01   6.028E-04  -1.925E-01   0.000E+00   3.299E-05
   26  -174.00     -73.1    0.333    0.1977E+00  18.552   1.442E-01   6.028E-04  -1.923E-01   0.000E+00   3.299E-05
   25  -175.00     -73.4    0.333    0.1982E+00  18.548   1.442E-01   6.028E-04  -1.922E-01   0.000E+00   3.299E-05
   24  -176.00     -73.7    0.332    0.1987E+00  18.544   1.442E-01   6.028E-04  -1.921E-01   0.000E+00   3.299E-05
   23  -177.00     -74.1    0.332    0.1991E+00  18.540   1.442E-01   6.028E-04  -1.919E-01   0.000E+00   3.299E-05
   22  -178.00     -74.4    0.332    0.1996E+00  18.537   1.442E-01   6.028E-04  -1.918E-01   0.000E+00   3.299E-05
   21  -179.00     -74.7    0.332    0.2000E+00  18.533   1.442E-01   6.028E-04  -1.917E-01   0.000E+00   3.299E-05
   20  -180.00     -75.1    0.332    0.2004E+00  18.530   1.442E-01   6.028E-04  -1.916E-01   0.000E+00   3.299E-05
   19  -181.00     -75.4    0.331    0.2008E+00  18.527   1.442E-01   6.028E-04  -1.915E-01   0.000E+00   3.299E-05
   18  -182.00     -75.7    0.331    0.2012E+00  18.524   1.442E-01   6.028E-04  -1.914E-01   0.000E+00   3.299E-05
   17  -183.00     -76.0    0.331    0.2016E+00  18.521   1.442E-01   6.028E-04  -1.913E-01   0.000E+00   3.299E-05
   16  -184.00     -76.4    0.331    0.2020E+00  18.519   1.442E-01   6.028E-04  -1.912E-01   0.000E+00   3.299E-05
   15  -185.00     -76.7    0.330    0.2024E+00  18.516   1.442E-01   6.028E-04  -1.911E-01   0.000E+00   3.299E-05
   14  -186.00     -77.0    0.330    0.2027E+00  18.514   1.442E-01   6.028E-04  -1.910E-01   0.000E+00   3.299E-05
   13  -187.00     -77.3    0.330    0.2031E+00  18.512   1.442E-01   6.028E-04  -1.910E-01   0.000E+00   3.299E-05
   12  -188.00     -77.7    0.330    0.2034E+00  18.510   1.442E-01   6.028E-04  -1.909E-01   0.000E+00   3.299E-05
   11  -189.00     -78.0    0.330    0.2037E+00  18.508   1.442E-01   6.028E-04  -1.908E-01   0.000E+00   3.299E-05
   10  -190.00     -78.3    0.329    0.2041E+00  18.506   1.442E-01   6.028E-04  -1.908E-01   0.000E+00   3.299E-05
    9  -191.00     -78.6    0.329    0.2044E+00  18.505   1.442E-01   6.028E-04  -1.907E-01   0.000E+00   3.299E-05
    8  -192.00     -79.0    0.329    0.2047E+00  18.503   1.442E-01   6.028E-04  -1.907E-01   0.000E+00   3.299E-05
    7  -193.00     -79.3    0.329    0.2050E+00  18.502   1.442E-01   6.028E-04  -1.906E-01   0.000E+00   3.299E-05
    6  -194.00     -79.6    0.329    0.2053E+00  18.501   1.442E-01   6.028E-04  -1.906E-01   0.000E+00   3.299E-05
    5  -195.00     -79.9    0.328    0.2055E+00  18.500   1.442E-01   6.028E-04  -1.906E-01   0.000E+00   3.299E-05
    4  -196.00     -80.3    0.328    0.2058E+00  18.500   1.442E-01   6.028E-04  -1.906E-01   0.000E+00   3.299E-05
    3  -197.00     -80.6    0.328    0.2061E+00  18.499   1.442E-01   6.028E-04  -1.905E-01   0.000E+00   3.299E-05
    2  -198.00     -80.9    0.328    0.2064E+00  18.499   1.442E-01   6.028E-04  -1.905E-01   0.000E+00   3.299E-05
    1  -199.00     -81.2    0.328    0.2067E+00  18.499   1.442E-01   6.028E-04  -1.905E-01   0.000E+00   3.299E-05
#Time:    7464
  222     0.00      21.5    0.441    0.3800E-03  13.775   2.848E-01   6.127E-04  -2.306E-01   0.000E+00   1.142E-04
  221    -0.10      21.5    0.441    0.4774E-03  13.787   2.848E-01   6.127E-04  -2.306E-01   0.000E+00   1.142E-04
  220    -0.20      21.5    0.441    0.5757E-03  13.818   2.848E-01   6.127E-04  -2.306E-01   0.000E+00   1.142E-04
  219    -0.30      21.5    0.441    0.6753E-03  13.856   2.848E-01   6.127E-04  -2.306E-01   0.000E+00   1.142E-04
  218    -0.40      21.6    0.441    0.7759E-03  13.895   2.848E-01   6.127E-04  -2.306E-01   0.000E+00   1.142E-04
  217    -0.50      21.6    0.441    0.8775E-03  13.931   2.848E-01   6.127E-04  -2.306E-01   0.000E+00   1.142E-04
  216    -0.60      21.6    0.441    0.9799E-03  13.965   2.848E-01   6.127E-04  -2.306E-01   0.000E+00   1.142E-04
  215    -0.70      21.6    0.441    0.1083E-02  13.998   2.848E-01   6.127E-04  -2.306E-01   0.000E+00   1.142E-04
  214    -0.80      21.6    0.441    0.1188E-02  14.030   2.848E-01   6.127E-04  -2.306E-01   0.000E+00   1.142E-04
  213    -0.90      21.7    0.441    0.1293E-02  14.061   2.848E-01   6.127E-04  -2.306E-01   0.000E+00   1.142E-04
  212    -1.00      21.7    0.441    0.1399E-02  14.093   2.848E-01   6.127E-04  -2.306E-01   0.000E+00   1.142E-04
  211    -1.20      21.7    0.441    0.1614E-02  14.156   2.848E-01   6.127E-04  -2.306E-01   0.000E+00   1.142E-04
  210    -1.40      21.8    0.441    0.1833E-02  14.219   2.848E-01   6.127E-04  -2.306E-01   0.000E+00   1.142E-04
  209    -1.60      21.8    0.441    0.2055E-02  14.281   2.848E-01   6.127E-04  -2.306E-01   0.000E+00   1.142E-04
  208    -1.80      21.8    0.441    0.2281E-02  14.344   2.848E-01   6.127E-04  -2.306E-01   0.000E+00   1.142E-04
  207    -2.00      21.9    0.441    0.2509E-02  14.406   2.848E-01   6.127E-04  -2.306E-01   0.000E+00   1.142E-04
  206    -2.20      21.9    0.441    0.2741E-02  14.469   2.848E-01   6.127E-04  -2.306E-01   0.000E+00   1.142E-04
  205    -2.40      21.9    0.441    0.2975E-02  14.531   2.848E-01   6.127E-04  -2.306E-01   0.000E+00   1.142E-04
  204    -2.60      22.0    0.441    0.3212E-02  14.593   2.848E-01   6.127E-04  -2.306E-01   0.000E+00   1.142E-04
  203    -2.80      22.0    0.441    0.3451E-02  14.655   2.848E-01   6.127E-04  -2.306E-01   0.000E+00   1.142E-04
  202    -3.00      22.1    0.441    0.3692E-02  14.717   2.848E-01   6.127E-04  -2.306E-01   0.000E+00   1.142E-04
  201    -3.50      22.2    0.441    0.4303E-02  14.869   2.848E-01   6.127E-04  -2.306E-01   0.000E+00   1.142E-04
  200    -4.00      22.3    0.441    0.4922E-02  15.017   2.848E-01   6.127E-04  -2.306E-01   0.000E+00   1.142E-04
  199    -4.50      22.3    0.441    0.5546E-02  15.162   2.848E-01   6.127E-04  -2.306E-01   0.000E+00   1.142E-04
  198    -5.00      22.4    0.441    0.6171E-02  15.303   2.848E-01   6.127E-04  -2.306E-01   0.000E+00   1.142E-04
  197    -5.50      22.5    0.441    0.6793E-02  15.439   2.848E-01   6.127E-04  -2.306E-01   0.000E+00   1.142E-04
  196    -6.00      22.6    0.441    0.7408E-02  15.571   2.848E-01   6.127E-04  -2.306E-01   0.000E+00   1.142E-04
  195    -6.50      22.7    0.441    0.8014E-02  15.698   2.848E-01   6.127E-04  -2.306E-01   0.000E+00   1.142E-04
  194    -7.00      22.8    0.441    0.8605E-02  15.819   2.848E-01   6.127E-04  -2.306E-01   0.000E+00   1.142E-04
  193    -7.50      22.9    0.441    0.9179E-02  15.935   2.848E-01   6.127E-04  -2.306E-01   0.000E+00   1.142E-04
  192    -8.00      23.0    0.441    0.9730E-02  16.046   2.848E-01   6.127E-04  -2.306E-01   0.000E+00   1.142E-04
  191    -9.00      23.2    0.441    0.1074E-01  16.251   2.848E-01   6.127E-04  -2.306E-01   0.000E+00   1.142E-04
  190   -10.00      23.4    0.441    0.1160E-01  16.434   2.848E-01   6.127E-04  -2.306E-01   0.000E+00   1.142E-04
  189   -11.00      23.6    0.441    0.1241E-01  16.597   2.848E-01   6.127E-04  -2.306E-01   0.000E+00   1.142E-04
  188   -12.00      23.8    0.441    0.1321E-01  16.741   2.848E-01   6.127E-04  -2.306E-01   0.000E+00   1.142E-04
  187   -13.00      24.0    0.441    0.1401E-01  16.866   2.848E-01   6.127E-04  -2.306E-01   0.000E+00   1.142E-04
  186   -14.00      24.2    0.441    0.1483E-01  16.975   2.848E-01   6.127E-04  -2.306E-01   0.000E+00   1.142E-04
  185   -15.00      24.3    0.441    0.1566E-01  17.069   2.848E-01   6.127E-04  -2.306E-01   0.000E+00   1.142E-04
  184   -16.00      24.5    0.441    0.1653E-01  17.148   2.848E-01   6.127E-04  -2.306E-01   0.000E+00   1.142E-04
  183   -17.00      24.7    0.441    0.1743E-01  17.215   2.848E-01   6.127E-04  -2.306E-01   0.000E+00   1.142E-04
  182   -18.00      24.9    0.441    0.1835E-01  17.270   2.848E-01   6.127E-04  -2.306E-01   0.000E+00   1.142E-04
  181   -19.00      25.1    0.441    0.1931E-01  17.315   2.848E-01   6.127E-04  -2.306E-01   0.000E+00   1.142E-04
  180   -20.00      25.3    0.441    0.2030E-01  17.351   2.848E-01   6.127E-04  -2.306E-01   0.000E+00   1.142E-04
  179   -21.00      25.5    0.441    0.2130E-01  17.379   2.848E-01   6.127E-04  -2.306E-01   0.000E+00   1.142E-04
  178   -22.00      25.7    0.441    0.2233E-01  17.399   2.848E-01   6.127E-04  -2.306E-01   0.000E+00   1.142E-04
  177   -23.00      25.9    0.441    0.2338E-01  17.413   2.848E-01   6.127E-04  -2.306E-01   0.000E+00   1.142E-04
  176   -24.00      26.1    0.441    0.2445E-01  17.422   2.848E-01   6.127E-04  -2.306E-01   0.000E+00   1.142E-04
  175   -25.00      26.2    0.441    0.2552E-01  17.426   2.848E-01   6.127E-04  -2.306E-01   0.000E+00   1.142E-04
  174   -26.00      26.4    0.441    0.2661E-01  17.427   2.848E-01   6.127E-04  -2.306E-01   0.000E+00   1.142E-04
  173   -27.00      26.6    0.441    0.2771E-01  17.425   2.848E-01   6.127E-04  -2.306E-01   0.000E+00   1.142E-04
  172   -28.00      26.8    0.441    0.2882E-01  17.422   2.848E-01   6.127E-04  -2.306E-01   0.000E+00   1.142E-04
  171   -29.00      27.0    0.441    0.2993E-01  17.417   2.848E-01   6.127E-04  -2.306E-01   0.000E+00   1.142E-04
  170   -30.00      27.1    0.422    0.3105E-01  17.411   2.175E-01   6.127E-04  -2.306E-01   0.000E+00   1.142E-04
  169   -31.00      27.0    0.422    0.3218E-01  17.405   2.175E-01   6.127E-04  -2.306E-01   0.000E+00   1.142E-04
  168   -32.00      27.0    0.422    0.3331E-01  17.399   2.175E-01   6.127E-04  -2.306E-01   0.000E+00   1.142E-04
  167   -33.00      26.9    0.422    0.3444E-01  17.395   2.175E-01   6.127E-04  -2.306E-01   0.000E+00   1.142E-04
  166   -34.00      26.8    0.422    0.3558E-01  17.391   2.175E-01   6.127E-04  -2.306E-01   0.000E+00   1.142E-04
  165   -35.00      26.8    0.422    0.3673E-01  17.390   2.175E-01   6.127E-04  -2.306E-01   0.000E+00   1.142E-04
  164   -36.00      26.7    0.422    0.3787E-01  17.389   2.175E-01   6.127E-04  -2.306E-01   0.000E+00   1.142E-04
  163   -37.00      26.7    0.422    0.3902E-01  17.391   2.175E-01   6.127E-04  -2.306E-01   0.000E+00   1.142E-04
  162   -38.00      26.6    0.422    0.4017E-01  17.395   2.175E-01   6.127E-04  -2.306E-01   0.000E+00   1.142E-04
  161   -39.00      26.5    0.422    0.4131E-01  17.401   2.175E-01   6.127E-04  -2.306E-01   0.000E+00   1.142E-04
  160   -40.00      26.5    0.422    0.4245E-01  17.410   2.175E-01   6.127E-04  -2.306E-01   0.000E+00   1.142E-04
  159   -41.00      26.4    0.422    0.4357E-01  17.420   2.175E-01   6.127E-04  -2.306E-01   0.000E+00   1.142E-04
  158   -42.00      26.4    0.422    0.4466E-01  17.433   2.175E-01   6.127E-04  -2.306E-01   0.000E+00   1.142E-04
  157   -43.00      26.3    0.422    0.4569E-01  17.448   2.175E-01   6.127E-04  -2.306E-01   0.000E+00   1.142E-04
  156   -44.00      26.2    0.422    0.4660E-01  17.465   2.175E-01   6.127E-04  -2.306E-01   0.000E+00   1.142E-04
  155   -45.00      25.9    0.395    0.4737E-01  17.484   1.287E-01   6.127E-04  -2.306E-01   0.000E+00   1.142E-04
  154   -46.00      25.1    0.395    0.4810E-01  17.505   1.287E-01   6.127E-04  -2.306E-01   0.000E+00   1.142E-04
  153   -47.00      24.3    0.395    0.4883E-01  17.528   1.287E-01   6.127E-04  -2.306E-01   0.000E+00   1.142E-04
  152   -48.00      23.5    0.395    0.4956E-01  17.553   1.287E-01   6.127E-04  -2.306E-01   0.000E+00   1.142E-04
  151   -49.00      22.7    0.395    0.5028E-01  17.579   1.287E-01   6.127E-04  -2.306E-01   0.000E+00   1.142E-04
  150   -50.00      21.9    0.395    0.5100E-01  17.606   1.287E-01   6.127E-04  -2.306E-01   0.000E+00   1.142E-04
  149   -51.00      21.2    0.395    0.5171E-01  17.635   1.287E-01   6.127E-04  -2.306E-01   0.000E+00   1.142E-04
  148   -52.00      20.4    0.395    0.5242E-01  17.664   1.287E-01   6.127E-04  -2.306E-01   0.000E+00   1.142E-04
  147   -53.00      19.6    0.395    0.5312E-01  17.695   1.287E-01   6.127E-04  -2.306E-01   0.000E+00   1.142E-04
  146   -54.00      18.8    0.395    0.5382E-01  17.726   1.287E-01   6.127E-04  -2.306E-01   0.000E+00   1.142E-04
  145   -55.00      18.0    0.395    0.5452E-01  17.757   1.287E-01   6.127E-04  -2.306E-01   0.000E+00   1.142E-04
  144   -56.00      17.2    0.395    0.5522E-01  17.789   1.287E-01   6.127E-04  -2.306E-01   0.000E+00   1.142E-04
  143   -57.00      16.4    0.395    0.5591E-01  17.821   1.287E-01   6.127E-04  -2.306E-01   0.000E+00   1.142E-04
  142   -58.00      15.6    0.395    0.5660E-01  17.854   1.287E-01   6.127E-04  -2.306E-01   0.000E+00   1.142E-04
  141   -59.00      14.8    0.395    0.5729E-01  17.886   1.287E-01   6.127E-04  -2.306E-01   0.000E+00   1.142E-04
  140   -60.00      14.0    0.395    0.5797E-01  17.919   1.287E-01   6.127E-04  -2.306E-01   0.000E+00   1.142E-04
  139   -61.00      13.2    0.395    0.5866E-01  17.951   1.287E-01   6.127E-04  -2.306E-01   0.000E+00   1.142E-04
  138   -62.00      12.4    0.395    0.5934E-01  17.983   1.287E-01   6.127E-04  -2.306E-01   0.000E+00   1.142E-04
  137   -63.00      11.7    0.395    0.6002E-01  18.015   1.287E-01   6.127E-04  -2.306E-01   0.000E+00   1.142E-04
  136   -64.00      10.9    0.395    0.6070E-01  18.046   1.287E-01   6.127E-04  -2.306E-01   0.000E+00   1.142E-04
  135   -65.00      10.1    0.395    0.6139E-01  18.077   1.287E-01   6.127E-04  -2.306E-01   0.000E+00   1.142E-04
  134   -66.00       9.3    0.395    0.6207E-01  18.108   1.287E-01   6.127E-04  -2.306E-01   0.000E+00   1.142E-04
  133   -67.00       8.5    0.395    0.6275E-01  18.138   1.287E-01   6.127E-04  -2.306E-01   0.000E+00   1.142E-04
  132   -68.00       7.7    0.395    0.6343E-01  18.167   1.287E-01   6.127E-04  -2.306E-01   0.000E+00   1.142E-04
  131   -69.00       6.9    0.395    0.6411E-01  18.195   1.287E-01   6.127E-04  -2.306E-01   0.000E+00   1.142E-04
  130   -70.00       6.1    0.395    0.6478E-01  18.223   1.287E-01   6.127E-04  -2.306E-01   0.000E+00   1.142E-04
  129   -71.00       5.3    0.395    0.6546E-01  18.251   1.287E-01   6.127E-04  -2.306E-01   0.000E+00   1.142E-04
  128   -72.00       4.5    0.395    0.6614E-01  18.277   1.287E-01   6.127E-04  -2.306E-01   0.000E+00   1.142E-04
  127   -73.00       3.7    0.395    0.6682E-01  18.303   1.287E-01   6.127E-04  -2.306E-01   0.000E+00   1.142E-04
  126   -74.00       2.9    0.395    0.6750E-01  18.328   1.287E-01   6.127E-04  -2.306E-01   0.000E+00   1.142E-04
  125   -75.00       2.1    0.395    0.6817E-01  18.353   1.287E-01   6.127E-04  -2.306E-01   0.000E+00   1.142E-04
  124   -76.00       1.4    0.395    0.6885E-01  18.377   1.287E-01   6.127E-04  -2.306E-01   0.000E+00   1.142E-04
  123   -77.00       0.6    0.395    0.6953E-01  18.400   1.287E-01   6.127E-04  -2.306E-01   0.000E+00   1.142E-04
  122   -78.00      -0.2    0.395    0.7020E-01  18.422   1.287E-01   6.127E-04  -2.307E-01   0.000E+00   1.142E-04
  121   -79.00      -1.0    0.395    0.7088E-01  18.443   1.287E-01   6.127E-04  -2.307E-01   0.000E+00   1.142E-04
  120   -80.00      -1.8    0.394    0.7156E-01  18.464   1.287E-01   6.127E-04  -2.307E-01   0.000E+00   1.142E-04
  119   -81.00      -2.6    0.394    0.7224E-01  18.484   1.287E-01   6.127E-04  -2.308E-01   0.000E+00   1.142E-04
  118   -82.00      -3.4    0.393    0.7291E-01  18.504   1.287E-01   6.127E-04  -2.308E-01   0.000E+00   1.142E-04
  117   -83.00      -4.2    0.393    0.7359E-01  18.522   1.287E-01   6.127E-04  -2.309E-01   0.000E+00   1.142E-04
  116   -84.00      -5.0    0.392    0.7427E-01  18.540   1.287E-01   6.127E-04  -2.309E-01   0.000E+00   1.142E-04
  115   -85.00      -5.8    0.392    0.7495E-01  18.558   1.287E-01   6.127E-04  -2.310E-01   0.000E+00   1.142E-04
  114   -86.00      -6.6    0.391    0.7563E-01  18.575   1.287E-01   6.127E-04  -2.310E-01   0.000E+00   1.142E-04
  113   -87.00      -7.4    0.390    0.7632E-01  18.591   1.287E-01   6.127E-04  -2.310E-01   0.000E+00   1.142E-04
  112   -88.00      -8.2    0.390    0.7700E-01  18.606   1.287E-01   6.127E-04  -2.311E-01   0.000E+00   1.142E-04
  111   -89.00      -9.0    0.389    0.7769E-01  18.621   1.287E-01   6.127E-04  -2.311E-01   0.000E+00   1.142E-04
  110   -90.00      -9.8    0.388    0.7838E-01  18.636   1.287E-01   6.127E-04  -2.312E-01   0.000E+00   1.142E-04
  109   -91.00     -10.6    0.387    0.7908E-01  18.650   1.287E-01   6.127E-04  -2.312E-01   0.000E+00   1.142E-04
  108   -92.00     -11.4    0.387    0.7978E-01  18.663   1.287E-01   6.127E-04  -2.313E-01   0.000E+00   1.142E-04
  107   -93.00     -12.1    0.386    0.8048E-01  18.676   1.287E-01   6.127E-04  -2.313E-01   0.000E+00   1.142E-04
  106   -94.00     -12.9    0.385    0.8118E-01  18.688   1.287E-01   6.127E-04  -2.313E-01   0.000E+00   1.142E-04
  105   -95.00     -13.7    0.385    0.8189E-01  18.700   1.287E-01   6.127E-04  -2.314E-01   0.000E+00   1.142E-04
  104   -96.00     -14.5    0.384    0.8261E-01  18.712   1.287E-01   6.127E-04  -2.314E-01   0.000E+00   1.142E-04
  103   -97.00     -15.3    0.383    0.8333E-01  18.723   1.287E-01   6.127E-04  -2.314E-01   0.000E+00   1.142E-04
  102   -98.00     -16.1    0.382    0.8406E-01  18.733   1.287E-01   6.127E-04  -2.315E-01   0.000E+00   1.142E-04
  101   -99.00     -16.9    0.382    0.8479E-01  18.743   1.287E-01   6.127E-04  -2.315E-01   0.000E+00   1.142E-04
  100  -100.00     -17.7    0.381    0.8553E-01  18.753   1.287E-01   6.127E-04  -2.315E-01   0.000E+00   1.142E-04
   99  -101.00     -18.5    0.380    0.8628E-01  18.762   1.287E-01   6.127E-04  -2.315E-01   0.000E+00   1.142E-04
   98  -102.00     -19.3    0.379    0.8703E-01  18.771   1.287E-01   6.127E-04  -2.316E-01   0.000E+00   1.142E-04
   97  -103.00     -20.1    0.379    0.8779E-01  18.780   1.287E-01   6.127E-04  -2.316E-01   0.000E+00   1.142E-04
   96  -104.00     -20.9    0.378    0.8855E-01  18.788   1.287E-01   6.127E-04  -2.316E-01   0.000E+00   1.142E-04
   95  -105.00     -21.7    0.377    0.8933E-01  18.796   1.287E-01   6.127E-04  -2.316E-01   0.000E+00   1.142E-04
   94  -106.00     -22.5    0.376    0.9012E-01  18.804   1.287E-01   6.127E-04  -2.316E-01   0.000E+00   1.142E-04
   93  -107.00     -23.3    0.376    0.9091E-01  18.811   1.287E-01   6.127E-04  -2.317E-01   0.000E+00   1.142E-04
   92  -108.00     -24.1    0.375    0.9172E-01  18.818   1.287E-01   6.127E-04  -2.317E-01   0.000E+00   1.142E-04
   91  -109.00     -24.9    0.374    0.9255E-01  18.825   1.287E-01   6.127E-04  -2.317E-01   0.000E+00   1.142E-04
   90  -110.00     -25.6    0.371    0.9338E-01  18.831   1.442E-01   6.127E-04  -2.317E-01   0.000E+00   1.142E-04
   89  -111.00     -26.2    0.370    0.9421E-01  18.837   1.442E-01   6.127E-04  -2.317E-01   0.000E+00   1.142E-04
   88  -112.00     -26.8    0.370    0.9504E-01  18.843   1.442E-01   6.127E-04  -2.317E-01   0.000E+00   1.142E-04
   87  -113.00     -27.5    0.369    0.9588E-01  18.849   1.442E-01   6.127E-04  -2.317E-01   0.000E+00   1.142E-04
   86  -114.00     -28.1    0.369    0.9672E-01  18.854   1.442E-01   6.127E-04  -2.317E-01   0.000E+00   1.142E-04
   85  -115.00     -28.7    0.368    0.9757E-01  18.860   1.442E-01   6.127E-04  -2.317E-01   0.000E+00   1.142E-04
   84  -116.00     -29.3    0.367    0.9842E-01  18.865   1.442E-01   6.127E-04  -2.317E-01   0.000E+00   1.142E-04
   83  -117.00     -29.9    0.367    0.9927E-01  18.870   1.442E-01   6.127E-04  -2.317E-01   0.000E+00   1.142E-04
   82  -118.00     -30.5    0.366    0.1001E+00  18.874   1.442E-01   6.127E-04  -2.317E-01   0.000E+00   1.142E-04
   81  -119.00     -31.1    0.366    0.1010E+00  18.879   1.442E-01   6.127E-04  -2.317E-01   0.000E+00   1.142E-04
   80  -120.00     -31.7    0.365    0.1019E+00  18.883   1.442E-01   6.127E-04  -2.317E-01   0.000E+00   1.142E-04
   79  -121.00     -32.3    0.365    0.1027E+00  18.887   1.442E-01   6.127E-04  -2.317E-01   0.000E+00   1.142E-04
   78  -122.00     -32.9    0.364    0.1036E+00  18.891   1.442E-01   6.127E-04  -2.317E-01   0.000E+00   1.142E-04
   77  -123.00     -33.5    0.363    0.1045E+00  18.894   1.442E-01   6.127E-04  -2.317E-01   0.000E+00   1.142E-04
   76  -124.00     -34.1    0.363    0.1053E+00  18.898   1.442E-01   6.127E-04  -2.317E-01   0.000E+00   1.142E-04
   75  -125.00     -34.7    0.362    0.1062E+00  18.901   1.442E-01   6.127E-04  -2.317E-01   0.000E+00   1.142E-04
   74  -126.00     -35.3    0.362    0.1071E+00  18.905   1.442E-01   6.127E-04  -2.317E-01   0.000E+00   1.142E-04
   73  -127.00     -35.9    0.361    0.1079E+00  18.908   1.442E-01   6.127E-04  -2.317E-01   0.000E+00   1.142E-04
   72  -128.00     -36.6    0.361    0.1088E+00  18.911   1.442E-01   6.127E-04  -2.317E-01   0.000E+00   1.142E-04
   71  -129.00     -37.2    0.360    0.1097E+00  18.913   1.442E-01   6.127E-04  -2.317E-01   0.000E+00   1.142E-04
   70  -130.00     -37.8    0.360    0.1105E+00  18.916   1.442E-01   6.127E-04  -2.316E-01   0.000E+00   1.142E-04
   69  -131.00     -38.4    0.359    0.1114E+00  18.919   1.442E-01   6.127E-04  -2.316E-01   0.000E+00   1.142E-04
   68  -132.00     -39.0    0.359    0.1123E+00  18.921   1.442E-01   6.127E-04  -2.316E-01   0.000E+00   1.142E-04
   67  -133.00     -39.6    0.358    0.1131E+00  18.924   1.442E-01   6.127E-04  -2.316E-01   0.000E+00   1.142E-04
   66  -134.00     -40.2    0.357    0.1140E+00  18.926   1.442E-01   6.127E-04  -2.316E-01   0.000E+00   1.142E-04
   65  -135.00     -40.8    0.357    0.1148E+00  18.928   1.442E-01   6.127E-04  -2.316E-01   0.000E+00   1.142E-04
   64  -136.00     -41.4    0.356    0.1157E+00  18.930   1.442E-01   6.127E-04  -2.316E-01   0.000E+00   1.142E-04
   63  -137.00     -42.0    0.356    0.1166E+00  18.932   1.442E-01   6.127E-04  -2.316E-01   0.000E+00   1.142E-04
   62  -138.00     -42.6    0.355    0.1174E+00  18.934   1.442E-01   6.127E-04  -2.316E-01   0.000E+00   1.142E-04
   61  -139.00     -43.2    0.355    0.1183E+00  18.936   1.442E-01   6.127E-04  -2.315E-01   0.000E+00   1.142E-04
   60  -140.00     -43.8    0.354    0.1191E+00  18.937   1.442E-01   6.127E-04  -2.315E-01   0.000E+00   1.142E-04
   59  -141.00     -44.4    0.354    0.1199E+00  18.939   1.442E-01   6.127E-04  -2.315E-01   0.000E+00   1.142E-04
   58  -142.00     -45.0    0.353    0.1208E+00  18.941   1.442E-01   6.127E-04  -2.315E-01   0.000E+00   1.142E-04
   57  -143.00     -45.6    0.353    0.1216E+00  18.942   1.442E-01   6.127E-04  -2.315E-01   0.000E+00   1.142E-04
   56  -144.00     -46.2    0.352    0.1225E+00  18.944   1.442E-01   6.127E-04  -2.314E-01   0.000E+00   1.142E-04
   55  -145.00     -46.9    0.352    0.1233E+00  18.945   1.442E-01   6.127E-04  -2.314E-01   0.000E+00   1.142E-04
   54  -146.00     -47.5    0.351    0.1241E+00  18.946   1.442E-01   6.127E-04  -2.314E-01   0.000E+00   1.142E-04
   53  -147.00     -48.1    0.351    0.1250E+00  18.948   1.442E-01   6.127E-04  -2.314E-01   0.000E+00   1.142E-04
   52  -148.00     -48.7    0.350    0.1258E+00  18.949   1.442E-01   6.127E-04  -2.314E-01   0.000E+00   1.142E-04
   51  -149.00     -49.3    0.350    0.1266E+00  18.950   1.442E-01   6.127E-04  -2.314E-01   0.000E+00   1.142E-04
   50  -150.00     -49.9    0.349    0.1275E+00  18.951   1.442E-01   6.127E-04  -2.314E-01   0.000E+00   1.142E-04
   49  -151.00     -50.5    0.349    0.1283E+00  18.952   1.442E-01   6.127E-04  -2.313E-01   0.000E+00   1.142E-04
   48  -152.00     -51.1    0.348    0.1291E+00  18.953   1.442E-01   6.127E-04  -2.313E-01   0.000E+00   1.142E-04
   47  -153.00     -51.7    0.348    0.1300E+00  18.954   1.442E-01   6.127E-04  -2.313E-01   0.000E+00   1.142E-04
   46  -154.00     -52.3    0.347    0.1308E+00  18.955   1.442E-01   6.127E-04  -2.313E-01   0.000E+00   1.142E-04
   45  -155.00     -52.9    0.347    0.1316E+00  18.956   1.442E-01   6.127E-04  -2.313E-01   0.000E+00   1.142E-04
   44  -156.00     -53.5    0.347    0.1324E+00  18.957   1.442E-01   6.127E-04  -2.313E-01   0.000E+00   1.142E-04
   43  -157.00     -54.1    0.346    0.1333E+00  18.957   1.442E-01   6.127E-04  -2.312E-01   0.000E+00   1.142E-04
   42  -158.00     -54.7    0.346    0.1341E+00  18.958   1.442E-01   6.127E-04  -2.312E-01   0.000E+00   1.142E-04
   41  -159.00     -55.3    0.345    0.1349E+00  18.959   1.442E-01   6.127E-04  -2.312E-01   0.000E+00   1.142E-04
   40  -160.00     -55.9    0.345    0.1358E+00  18.959   1.442E-01   6.127E-04  -2.312E-01   0.000E+00   1.142E-04
   39  -161.00     -56.5    0.344    0.1366E+00  18.960   1.442E-01   6.127E-04  -2.312E-01   0.000E+00   1.142E-04
   38  -162.00     -57.1    0.344    0.1375E+00  18.961   1.442E-01   6.127E-04  -2.312E-01   0.000E+00   1.142E-04
   37  -163.00     -57.7    0.343    0.1383E+00  18.961   1.442E-01   6.127E-04  -2.311E-01   0.000E+00   1.142E-04
   36  -164.00     -58.3    0.343    0.1391E+00  18.962   1.442E-01   6.127E-04  -2.311E-01   0.000E+00   1.142E-04
   35  -165.00     -58.9    0.342    0.1400E+00  18.962   1.442E-01   6.127E-04  -2.311E-01   0.000E+00   1.142E-04
   34  -166.00     -59.5    0.342    0.1408E+00  18.963   1.442E-01   6.127E-04  -2.311E-01   0.000E+00   1.142E-04
   33  -167.00     -60.1    0.342    0.1417E+00  18.963   1.442E-01   6.127E-04  -2.311E-01   0.000E+00   1.142E-04
   32  -168.00     -60.7    0.341    0.1425E+00  18.964   1.442E-01   6.127E-04  -2.311E-01   0.000E+00   1.142E-04
   31  -169.00     -61.3    0.341    0.1434E+00  18.964   1.442E-01   6.127E-04  -2.311E-01   0.000E+00   1.142E-04
   30  -170.00     -61.9    0.340    0.1442E+00  18.964   1.442E-01   6.127E-04  -2.311E-01   0.000E+00   1.142E-04
   29  -171.00     -62.5    0.340    0.1451E+00  18.965   1.442E-01   6.127E-04  -2.310E-01   0.000E+00   1.142E-04
   28  -172.00     -63.1    0.339    0.1460E+00  18.965   1.442E-01   6.127E-04  -2.310E-01   0.000E+00   1.142E-04
   27  -173.00     -63.7    0.339    0.1468E+00  18.965   1.442E-01   6.127E-04  -2.310E-01   0.000E+00   1.142E-04
   26  -174.00     -64.3    0.339    0.1477E+00  18.966   1.442E-01   6.127E-04  -2.310E-01   0.000E+00   1.142E-04
   25  -175.00     -65.0    0.338    0.1485E+00  18.966   1.442E-01   6.127E-04  -2.310E-01   0.000E+00   1.142E-04
   24  -176.00     -65.6    0.338    0.1494E+00  18.966   1.442E-01   6.127E-04  -2.310E-01   0.000E+00   1.142E-04
   23  -177.00     -66.2    0.337    0.1503E+00  18.966   1.442E-01   6.127E-04  -2.309E-01   0.000E+00   1.142E-04
   22  -178.00     -66.8    0.337    0.1511E+00  18.967   1.442E-01   6.127E-04  -2.309E-01   0.000E+00   1.142E-04
   21  -179.00     -67.4    0.337    0.1520E+00  18.967   1.442E-01   6.127E-04  -2.309E-01   0.000E+00   1.142E-04
   20  -180.00     -68.0    0.336    0.1528E+00  18.967   1.442E-01   6.127E-04  -2.309E-01   0.000E+00   1.142E-04
   19  -181.00     -68.6    0.336    0.1537E+00  18.967   1.442E-01   6.127E-04  -2.309E-01   0.000E+00   1.142E-04
   18  -182.00     -69.2    0.335    0.1545E+00  18.967   1.442E-01   6.127E-04  -2.309E-01   0.000E+00   1.142E-04
   17  -183.00     -69.8    0.335    0.1554E+00  18.968   1.442E-01   6.127E-04  -2.309E-01   0.000E+00   1.142E-04
   16  -184.00     -70.4    0.335    0.1562E+00  18.968   1.442E-01   6.127E-04  -2.309E-01   0.000E+00   1.142E-04
   15  -185.00     -71.0    0.334    0.1570E+00  18.968   1.442E-01   6.127E-04  -2.309E-01   0.000E+00   1.142E-04
   14  -186.00     -71.6    0.334    0.1579E+00  18.968   1.442E-01   6.127E-04  -2.309E-01   0.000E+00   1.142E-04
   13  -187.00     -72.2    0.333    0.1587E+00  18.968   1.442E-01   6.127E-04  -2.309E-01   0.000E+00   1.142E-04
   12  -188.00     -72.8    0.333    0.1595E+00  18.968   1.442E-01   6.127E-04  -2.308E-01   0.000E+00   1.142E-04
   11  -189.00     -73.4    0.333    0.1602E+00  18.968   1.442E-01   6.127E-04  -2.308E-01   0.000E+00   1.142E-04
   10  -190.00     -74.0    0.332    0.1610E+00  18.968   1.442E-01   6.127E-04  -2.308E-01   0.000E+00   1.142E-04
    9  -191.00     -74.6    0.332    0.1618E+00  18.968   1.442E-01   6.127E-04  -2.308E-01   0.000E+00   1.142E-04
    8  -192.00     -75.2    0.331    0.1625E+00  18.969   1.442E-01   6.127E-04  -2.308E-01   0.000E+00   1.142E-04
    7  -193.00     -75.8    0.331    0.1632E+00  18.969   1.442E-01   6.127E-04  -2.308E-01   0.000E+00   1.142E-04
    6  -194.00     -76.4    0.331    0.1639E+00  18.969   1.442E-01   6.127E-04  -2.308E-01   0.000E+00   1.142E-04
    5  -195.00     -77.0    0.330    0.1645E+00  18.969   1.442E-01   6.127E-04  -2.308E-01   0.000E+00   1.142E-04
    4  -196.00     -77.6    0.330    0.1652E+00  18.969   1.442E-01   6.127E-04  -2.308E-01   0.000E+00   1.142E-04
    3  -197.00     -78.2    0.330    0.1658E+00  18.969   1.442E-01   6.127E-04  -2.308E-01   0.000E+00   1.142E-04
    2  -198.00     -78.8    0.329    0.1663E+00  18.969   1.442E-01   6.127E-04  -2.308E-01   0.000E+00   1.142E-04
    1  -199.00     -79.4    0.329    0.1669E+00  18.969   1.442E-01   6.127E-04  -2.308E-01   0.000E+00   1.142E-04
#Time:    7824
  222     0.00    -101.5    0.334    0.3800E-03  17.500   2.848E-01   6.326E-04  -2.151E-03   0.000E+00   1.273E-04
  221    -0.10    -101.4    0.334    0.5350E-03  17.522   2.848E-01   6.326E-04  -2.219E-03   0.000E+00   1.273E-04
  220    -0.20    -101.3    0.334    0.6900E-03  17.574   2.848E-01   6.326E-04  -2.355E-03   0.000E+00   1.273E-04
  219    -0.30    -101.2    0.334    0.8453E-03  17.635   2.848E-01   6.326E-04  -2.491E-03   0.000E+00   1.273E-04
  218    -0.40    -101.1    0.334    0.1001E-02  17.694   2.848E-01   6.326E-04  -2.627E-03   0.000E+00   1.273E-04
  217    -0.50    -101.0    0.334    0.1157E-02  17.749   2.848E-01   6.326E-04  -2.762E-03   0.000E+00   1.273E-04
  216    -0.60    -100.9    0.334    0.1312E-02  17.800   2.848E-01   6.326E-04  -2.898E-03   0.000E+00   1.273E-04
  215    -0.70    -100.8    0.334    0.1468E-02  17.849   2.848E-01   6.326E-04  -3.034E-03   0.000E+00   1.273E-04
  214    -0.80    -100.7    0.334    0.1624E-02  17.897   2.848E-01   6.326E-04  -3.170E-03   0.000E+00   1.273E-04
  213    -0.90    -100.6    0.334    0.1781E-02  17.946   2.848E-01   6.326E-04  -3.306E-03   0.000E+00   1.273E-04
  212    -1.00    -100.5    0.334    0.1937E-02  17.994   2.848E-01   6.326E-04  -3.513E-03   0.000E+00   1.273E-04
  211    -1.20    -100.3    0.334    0.2250E-02  18.092   2.848E-01   6.326E-04  -3.742E-03   0.000E+00   1.273E-04
  210    -1.40    -100.1    0.335    0.2563E-02  18.189   2.848E-01   6.326E-04  -4.060E-03   0.000E+00   1.273E-04
  209    -1.60     -99.9    0.335    0.2878E-02  18.286   2.848E-01   6.326E-04  -4.378E-03   0.000E+00   1.273E-04
  208    -1.80     -99.8    0.335    0.3192E-02  18.382   2.848E-01   6.326E-04  -4.697E-03   0.000E+00   1.273E-04
  207    -2.00     -99.6    0.335    0.3507E-02  18.478   2.848E-01   6.326E-04  -5.015E-03   0.000E+00   1.273E-04
  206    -2.20     -99.4    0.335    0.3823E-02  18.574   2.848E-01   6.326E-04  -5.333E-03   0.000E+00   1.273E-04
  205    -2.40     -99.2    0.335    0.4139E-02  18.669   2.848E-01   6.326E-04  -5.651E-03   0.000E+00   1.273E-04
  204    -2.60     -99.0    0.335    0.4456E-02  18.764   2.848E-01   6.326E-04  -5.969E-03   0.000E+00   1.273E-04
  203    -2.80     -98.8    0.336    0.4773E-02  18.858   2.848E-01   6.326E-04  -6.287E-03   0.000E+00   1.273E-04
  202    -3.00     -98.6    0.336    0.5091E-02  18.951   2.848E-01   6.326E-04  -6.843E-03   0.000E+00   1.273E-04
  201    -3.50     -98.1    0.336    0.5886E-02  19.182   2.848E-01   6.326E-04  -7.399E-03   0.000E+00   1.273E-04
  200    -4.00     -97.6    0.336    0.6684E-02  19.407   2.848E-01   6.326E-04  -8.193E-03   0.000E+00   1.273E-04
  199    -4.50     -97.1    0.337    0.7483E-02  19.626   2.848E-01   6.326E-04  -8.986E-03   0.000E+00   1.273E-04
  198    -5.00     -96.6    0.337    0.8283E-02  19.839   2.848E-01   6.326E-04  -9.779E-03   0.000E+00   1.273E-04
  197    -5.50     -96.1    0.337    0.9085E-02  20.046   2.848E-01   6.326E-04  -1.057E-02   0.000E+00   1.273E-04
  196    -6.00     -95.7    0.338    0.9887E-02  20.246   2.848E-01   6.326E-04  -1.136E-02   0.000E+00   1.273E-04
  195    -6.50     -95.2    0.338    0.1069E-01  20.438   2.848E-01   6.326E-04  -1.216E-02   0.000E+00   1.273E-04
  194    -7.00     -94.7    0.338    0.1149E-01  20.623   2.848E-01   6.326E-04  -1.295E-02   0.000E+00   1.273E-04
  193    -7.50     -94.2    0.339    0.1229E-01  20.801   2.848E-01   6.326E-04  -1.374E-02   0.000E+00   1.273E-04
  192    -8.00     -93.8    0.339    0.1309E-01  20.971   2.848E-01   6.326E-04  -1.492E-02   0.000E+00   1.273E-04
  191    -9.00     -92.8    0.340    0.1469E-01  21.287   2.848E-01   6.326E-04  -1.611E-02   0.000E+00   1.273E-04
  190   -10.00     -91.9    0.340    0.1628E-01  21.572   2.848E-01   6.326E-04  -1.769E-02   0.000E+00   1.273E-04
  189   -11.00     -90.9    0.341    0.1789E-01  21.826   2.848E-01   6.326E-04  -1.927E-02   0.000E+00   1.273E-04
  188   -12.00     -90.0    0.342    0.1950E-01  22.051   2.848E-01   6.326E-04  -2.084E-02   0.000E+00   1.273E-04
  187   -13.00     -89.1    0.342    0.2112E-01  22.247   2.848E-01   6.326E-04  -2.242E-02   0.000E+00   1.273E-04
  186   -14.00     -88.2    0.343    0.2275E-01  22.416   2.848E-01   6.326E-04  -2.399E-02   0.000E+00   1.273E-04
  185   -15.00     -87.3    0.344    0.2439E-01  22.560   2.848E-01   6.326E-04  -2.556E-02   0.000E+00   1.273E-04
  184   -16.00     -86.3    0.344    0.2603E-01  22.681   2.848E-01   6.326E-04  -2.713E-02   0.000E+00   1.273E-04
  183   -17.00     -85.4    0.345    0.2768E-01  22.780   2.848E-01   6.326E-04  -2.869E-02   0.000E+00   1.273E-04
  182   -18.00     -84.5    0.345    0.2932E-01  22.860   2.848E-01   6.326E-04  -3.038E-02   0.000E+00   1.273E-04
  181   -19.00     -83.7    0.346    0.3097E-01  22.921   2.848E-01   6.326E-04  -3.218E-02   0.000E+00   1.273E-04
  180   -20.00     -82.8    0.347    0.3262E-01  22.966   2.848E-01   6.326E-04  -3.399E-02   0.000E+00   1.273E-04
  179   -21.00     -81.9    0.348    0.3426E-01  22.997   2.848E-01   6.326E-04  -3.578E-02   0.000E+00   1.273E-04
  178   -22.00     -81.0    0.348    0.3590E-01  23.014   2.848E-01   6.326E-04  -3.758E-02   0.000E+00   1.273E-04
  177   -23.00     -80.2    0.349    0.3753E-01  23.020   2.848E-01   6.326E-04  -3.937E-02   0.000E+00   1.273E-04
  176   -24.00     -79.3    0.350    0.3914E-01  23.017   2.848E-01   6.326E-04  -4.116E-02   0.000E+00   1.273E-04
  175   -25.00     -78.4    0.350    0.4074E-01  23.005   2.848E-01   6.326E-04  -4.294E-02   0.000E+00   1.273E-04
  174   -26.00     -77.6    0.351    0.4232E-01  22.985   2.848E-01   6.326E-04  -4.472E-02   0.000E+00   1.273E-04
  173   -27.00     -76.8    0.352    0.4387E-01  22.960   2.848E-01   6.326E-04  -4.650E-02   0.000E+00   1.273E-04
  172   -28.00     -75.9    0.352    0.4540E-01  22.930   2.848E-01   6.326E-04  -4.828E-02   0.000E+00   1.273E-04
  171   -29.00     -75.1    0.353    0.4689E-01  22.896   2.848E-01   6.326E-04  -5.005E-02   0.000E+00   1.273E-04
  170   -30.00     -74.3    0.345    0.4853E-01  22.859   2.175E-01   6.326E-04  -5.175E-02   0.000E+00   1.273E-04
  169   -31.00     -73.5    0.345    0.5037E-01  22.820   2.175E-01   6.326E-04  -5.339E-02   0.000E+00   1.273E-04
  168   -32.00     -72.8    0.346    0.5219E-01  22.780   2.175E-01   6.326E-04  -5.502E-02   0.000E+00   1.273E-04
  167   -33.00     -72.1    0.346    0.5398E-01  22.738   2.175E-01   6.326E-04  -5.667E-02   0.000E+00   1.273E-04
  166   -34.00     -71.3    0.347    0.5574E-01  22.697   2.175E-01   6.326E-04  -5.842E-02   0.000E+00   1.273E-04
  165   -35.00     -70.6    0.348    0.5746E-01  22.655   2.175E-01   6.326E-04  -6.025E-02   0.000E+00   1.273E-04
  164   -36.00     -69.9    0.348    0.5915E-01  22.615   2.175E-01   6.326E-04  -6.208E-02   0.000E+00   1.273E-04
  163   -37.00     -69.2    0.349    0.6079E-01  22.575   2.175E-01   6.326E-04  -6.389E-02   0.000E+00   1.273E-04
  162   -38.00     -68.5    0.349    0.6236E-01  22.536   2.175E-01   6.326E-04  -6.570E-02   0.000E+00   1.273E-04
  161   -39.00     -67.8    0.350    0.6388E-01  22.498   2.175E-01   6.326E-04  -6.750E-02   0.000E+00   1.273E-04
  160   -40.00     -67.1    0.351    0.6531E-01  22.462   2.175E-01   6.326E-04  -6.929E-02   0.000E+00   1.273E-04
  159   -41.00     -66.4    0.351    0.6666E-01  22.427   2.175E-01   6.326E-04  -7.108E-02   0.000E+00   1.273E-04
  158   -42.00     -65.7    0.352    0.6790E-01  22.393   2.175E-01   6.326E-04  -7.286E-02   0.000E+00   1.273E-04
  157   -43.00     -65.1    0.352    0.6902E-01  22.361   2.175E-01   6.326E-04  -7.463E-02   0.000E+00   1.273E-04
  156   -44.00     -64.4    0.353    0.7001E-01  22.331   2.175E-01   6.326E-04  -7.640E-02   0.000E+00   1.273E-04
  155   -45.00     -63.9    0.343    0.7112E-01  22.301   1.287E-01   6.326E-04  -7.799E-02   0.000E+00   1.273E-04
  154   -46.00     -63.5    0.343    0.7255E-01  22.273   1.287E-01   6.326E-04  -7.940E-02   0.000E+00   1.273E-04
  153   -47.00     -63.1    0.343    0.7393E-01  22.246   1.287E-01   6.326E-04  -8.080E-02   0.000E+00   1.273E-04
  152   -48.00     -62.7    0.344    0.7527E-01  22.220   1.287E-01   6.326E-04  -8.219E-02   0.000E+00   1.273E-04
  151   -49.00     -62.4    0.344    0.7655E-01  22.195   1.287E-01   6.326E-04  -8.358E-02   0.000E+00   1.273E-04
  150   -50.00     -62.0    0.344    0.7778E-01  22.171   1.287E-01   6.326E-04  -8.495E-02   0.000E+00   1.273E-04
  149   -51.00     -61.7    0.344    0.7895E-01  22.148   1.287E-01   6.326E-04  -8.632E-02   0.000E+00   1.273E-04
  148   -52.00     -61.4    0.345    0.8008E-01  22.125   1.287E-01   6.326E-04  -8.767E-02   0.000E+00   1.273E-04
  147   -53.00     -61.1    0.345    0.8116E-01  22.103   1.287E-01   6.326E-04  -8.902E-02   0.000E+00   1.273E-04
  146   -54.00     -60.8    0.345    0.8219E-01  22.082   1.287E-01   6.326E-04  -9.042E-02   0.000E+00   1.273E-04
  145   -55.00     -60.5    0.345    0.8317E-01  22.061   1.287E-01   6.326E-04  -9.186E-02   0.000E+00   1.273E-04
  144   -56.00     -60.2    0.345    0.8410E-01  22.040   1.287E-01   6.326E-04  -9.329E-02   0.000E+00   1.273E-04
  143   -57.00     -59.9    0.346    0.8500E-01  22.020   1.287E-01   6.326E-04  -9.471E-02   0.000E+00   1.273E-04
  142   -58.00     -59.7    0.346    0.8585E-01  21.999   1.287E-01   6.326E-04  -9.611E-02   0.000E+00   1.273E-04
  141   -59.00     -59.4    0.346    0.8666E-01  21.979   1.287E-01   6.326E-04  -9.749E-02   0.000E+00   1.273E-04
  140   -60.00     -59.2    0.346    0.8743E-01  21.959   1.287E-01   6.326E-04  -9.886E-02   0.000E+00   1.273E-04
  139   -61.00     -58.9    0.346    0.8818E-01  21.938   1.287E-01   6.326E-04  -1.002E-01   0.000E+00   1.273E-04
  138   -62.00     -58.7    0.346    0.8889E-01  21.918   1.287E-01   6.326E-04  -1.016E-01   0.000E+00   1.273E-04
  137   -63.00     -58.5    0.347    0.8958E-01  21.898   1.287E-01   6.326E-04  -1.029E-01   0.000E+00   1.273E-04
  136   -64.00     -58.3    0.347    0.9024E-01  21.877   1.287E-01   6.326E-04  -1.042E-01   0.000E+00   1.273E-04
  135   -65.00     -58.1    0.347    0.9088E-01  21.856   1.287E-01   6.326E-04  -1.055E-01   0.000E+00   1.273E-04
  134   -66.00     -58.0    0.347    0.9150E-01  21.835   1.287E-01   6.326E-04  -1.068E-01   0.000E+00   1.273E-04
  133   -67.00     -57.8    0.347    0.9211E-01  21.814   1.287E-01   6.326E-04  -1.081E-01   0.000E+00   1.273E-04
  132   -68.00     -57.6    0.347    0.9270E-01  21.792   1.287E-01   6.326E-04  -1.093E-01   0.000E+00   1.273E-04
  131   -69.00     -57.5    0.347    0.9328E-01  21.771   1.287E-01   6.326E-04  -1.106E-01   0.000E+00   1.273E-04
  130   -70.00     -57.4    0.347    0.9385E-01  21.749   1.287E-01   6.326E-04  -1.118E-01   0.000E+00   1.273E-04
  129   -71.00     -57.2    0.348    0.9442E-01  21.726   1.287E-01   6.326E-04  -1.130E-01   0.000E+00   1.273E-04
  128   -72.00     -57.1    0.348    0.9498E-01  21.704   1.287E-01   6.326E-04  -1.142E-01   0.000E+00   1.273E-04
  127   -73.00     -57.0    0.348    0.9553E-01  21.681   1.287E-01   6.326E-04  -1.154E-01   0.000E+00   1.273E-04
  126   -74.00     -56.9    0.348    0.9609E-01  21.658   1.287E-01   6.326E-04  -1.166E-01   0.000E+00   1.273E-04
  125   -75.00     -56.8    0.348    0.9664E-01  21.635   1.287E-01   6.326E-04  -1.178E-01   0.000E+00   1.273E-04
  124   -76.00     -56.7    0.348    0.9719E-01  21.612   1.287E-01   6.326E-04  -1.189E-01   0.000E+00   1.273E-04
  123   -77.00     -56.7    0.348    0.9774E-01  21.588   1.287E-01   6.326E-04  -1.201E-01   0.000E+00   1.273E-04
  122   -78.00     -56.6    0.348    0.9829E-01  21.564   1.287E-01   6.326E-04  -1.212E-01   0.000E+00   1.273E-04
  121   -79.00     -56.6    0.348    0.9884E-01  21.541   1.287E-01   6.326E-04  -1.223E-01   0.000E+00   1.273E-04
  120   -80.00     -56.5    0.348    0.9939E-01  21.517   1.287E-01   6.326E-04  -1.234E-01   0.000E+00   1.273E-04
  119   -81.00     -56.5    0.348    0.9995E-01  21.492   1.287E-01   6.326E-04  -1.245E-01   0.000E+00   1.273E-04
  118   -82.00     -56.4    0.348    0.1005E+00  21.468   1.287E-01   6.326E-04  -1.256E-01   0.000E+00   1.273E-04
  117   -83.00     -56.4    0.348    0.1011E+00  21.444   1.287E-01   6.326E-04  -1.266E-01   0.000E+00   1.273E-04
  116   -84.00     -56.4    0.348    0.1016E+00  21.419   1.287E-01   6.326E-04  -1.277E-01   0.000E+00   1.273E-04
  115   -85.00     -56.4    0.348    0.1022E+00  21.395   1.287E-01   6.326E-04  -1.287E-01   0.000E+00   1.273E-04
  114   -86.00     -56.4    0.348    0.1027E+00  21.370   1.287E-01   6.326E-04  -1.297E-01   0.000E+00   1.273E-04
  113   -87.00     -56.4    0.348    0.1033E+00  21.345   1.287E-01   6.326E-04  -1.307E-01   0.000E+00   1.273E-04
  112   -88.00     -56.4    0.348    0.1039E+00  21.321   1.287E-01   6.326E-04  -1.317E-01   0.000E+00   1.273E-04
  111   -89.00     -56.5    0.348    0.1044E+00  21.296   1.287E-01   6.326E-04  -1.327E-01   0.000E+00   1.273E-04
  110   -90.00     -56.5    0.348    0.1050E+00  21.271   1.287E-01   6.326E-04  -1.337E-01   0.000E+00   1.273E-04
  109   -91.00     -56.5    0.348    0.1055E+00  21.246   1.287E-01   6.326E-04  -1.347E-01   0.000E+00   1.273E-04
  108   -92.00     -56.6    0.348    0.1061E+00  21.222   1.287E-01   6.326E-04  -1.356E-01   0.000E+00   1.273E-04
  107   -93.00     -56.7    0.348    0.1066E+00  21.197   1.287E-01   6.326E-04  -1.366E-01   0.000E+00   1.273E-04
  106   -94.00     -56.7    0.348    0.1072E+00  21.173   1.287E-01   6.326E-04  -1.375E-01   0.000E+00   1.273E-04
  105   -95.00     -56.8    0.348    0.1078E+00  21.148   1.287E-01   6.326E-04  -1.384E-01   0.000E+00   1.273E-04
  104   -96.00     -56.9    0.348    0.1083E+00  21.124   1.287E-01   6.326E-04  -1.393E-01   0.000E+00   1.273E-04
  103   -97.00     -57.0    0.348    0.1089E+00  21.099   1.287E-01   6.326E-04  -1.402E-01   0.000E+00   1.273E-04
  102   -98.00     -57.1    0.348    0.1094E+00  21.075   1.287E-01   6.326E-04  -1.411E-01   0.000E+00   1.273E-04
  101   -99.00     -57.2    0.348    0.1100E+00  21.051   1.287E-01   6.326E-04  -1.420E-01   0.000E+00   1.273E-04
  100  -100.00     -57.3    0.348    0.1105E+00  21.027   1.287E-01   6.326E-04  -1.428E-01   0.000E+00   1.273E-04
   99  -101.00     -57.4    0.347    0.1110E+00  21.003   1.287E-01   6.326E-04  -1.437E-01   0.000E+00   1.273E-04
   98  -102.00     -57.5    0.347    0.1116E+00  20.979   1.287E-01   6.326E-04  -1.445E-01   0.000E+00   1.273E-04
   97  -103.00     -57.6    0.347    0.1121E+00  20.955   1.287E-01   6.326E-04  -1.453E-01   0.000E+00   1.273E-04
   96  -104.00     -57.7    0.347    0.1127E+00  20.931   1.287E-01   6.326E-04  -1.461E-01   0.000E+00   1.273E-04
   95  -105.00     -57.9    0.347    0.1132E+00  20.908   1.287E-01   6.326E-04  -1.469E-01   0.000E+00   1.273E-04
   94  -106.00     -58.0    0.347    0.1137E+00  20.884   1.287E-01   6.326E-04  -1.477E-01   0.000E+00   1.273E-04
   93  -107.00     -58.2    0.347    0.1143E+00  20.861   1.287E-01   6.326E-04  -1.485E-01   0.000E+00   1.273E-04
   92  -108.00     -58.3    0.347    0.1148E+00  20.838   1.287E-01   6.326E-04  -1.493E-01   0.000E+00   1.273E-04
   91  -109.00     -58.5    0.347    0.1154E+00  20.815   1.287E-01   6.326E-04  -1.500E-01   0.000E+00   1.273E-04
   90  -110.00     -58.6    0.343    0.1159E+00  20.792   1.442E-01   6.326E-04  -1.508E-01   0.000E+00   1.273E-04
   89  -111.00     -58.7    0.343    0.1164E+00  20.769   1.442E-01   6.326E-04  -1.515E-01   0.000E+00   1.273E-04
   88  -112.00     -58.7    0.343    0.1169E+00  20.746   1.442E-01   6.326E-04  -1.523E-01   0.000E+00   1.273E-04
   87  -113.00     -58.8    0.343    0.1174E+00  20.724   1.442E-01   6.326E-04  -1.530E-01   0.000E+00   1.273E-04
   86  -114.00     -58.8    0.343    0.1179E+00  20.701   1.442E-01   6.326E-04  -1.537E-01   0.000E+00   1.273E-04
   85  -115.00     -58.9    0.343    0.1184E+00  20.679   1.442E-01   6.326E-04  -1.544E-01   0.000E+00   1.273E-04
   84  -116.00     -59.0    0.342    0.1189E+00  20.657   1.442E-01   6.326E-04  -1.552E-01   0.000E+00   1.273E-04
   83  -117.00     -59.0    0.342    0.1194E+00  20.635   1.442E-01   6.326E-04  -1.558E-01   0.000E+00   1.273E-04
   82  -118.00     -59.1    0.342    0.1199E+00  20.614   1.442E-01   6.326E-04  -1.565E-01   0.000E+00   1.273E-04
   81  -119.00     -59.2    0.342    0.1203E+00  20.592   1.442E-01   6.326E-04  -1.572E-01   0.000E+00   1.273E-04
   80  -120.00     -59.3    0.342    0.1208E+00  20.571   1.442E-01   6.326E-04  -1.579E-01   0.000E+00   1.273E-04
   79  -121.00     -59.4    0.342    0.1213E+00  20.550   1.442E-01   6.326E-04  -1.585E-01   0.000E+00   1.273E-04
   78  -122.00     -59.5    0.342    0.1218E+00  20.529   1.442E-01   6.326E-04  -1.592E-01   0.000E+00   1.273E-04
   77  -123.00     -59.6    0.342    0.1222E+00  20.508   1.442E-01   6.326E-04  -1.598E-01   0.000E+00   1.273E-04
   76  -124.00     -59.7    0.342    0.1227E+00  20.487   1.442E-01   6.326E-04  -1.605E-01   0.000E+00   1.273E-04
   75  -125.00     -59.8    0.342    0.1232E+00  20.467   1.442E-01   6.326E-04  -1.611E-01   0.000E+00   1.273E-04
   74  -126.00     -60.0    0.342    0.1236E+00  20.446   1.442E-01   6.326E-04  -1.617E-01   0.000E+00   1.273E-04
   73  -127.00     -60.1    0.342    0.1241E+00  20.426   1.442E-01   6.326E-04  -1.623E-01   0.000E+00   1.273E-04
   72  -128.00     -60.2    0.342    0.1246E+00  20.407   1.442E-01   6.326E-04  -1.629E-01   0.000E+00   1.273E-04
   71  -129.00     -60.3    0.341    0.1250E+00  20.387   1.442E-01   6.326E-04  -1.635E-01   0.000E+00   1.273E-04
   70  -130.00     -60.5    0.341    0.1255E+00  20.367   1.442E-01   6.326E-04  -1.641E-01   0.000E+00   1.273E-04
   69  -131.00     -60.6    0.341    0.1259E+00  20.348   1.442E-01   6.326E-04  -1.647E-01   0.000E+00   1.273E-04
   68  -132.00     -60.8    0.341    0.1264E+00  20.329   1.442E-01   6.326E-04  -1.652E-01   0.000E+00   1.273E-04
   67  -133.00     -60.9    0.341    0.1268E+00  20.310   1.442E-01   6.326E-04  -1.658E-01   0.000E+00   1.273E-04
   66  -134.00     -61.1    0.341    0.1272E+00  20.291   1.442E-01   6.326E-04  -1.663E-01   0.000E+00   1.273E-04
   65  -135.00     -61.2    0.341    0.1277E+00  20.273   1.442E-01   6.326E-04  -1.667E-01   0.000E+00   1.273E-04
   64  -136.00     -61.4    0.341    0.1281E+00  20.254   1.442E-01   6.326E-04  -1.672E-01   0.000E+00   1.273E-04
   63  -137.00     -61.5    0.341    0.1285E+00  20.236   1.442E-01   6.326E-04  -1.677E-01   0.000E+00   1.273E-04
   62  -138.00     -61.7    0.340    0.1290E+00  20.218   1.442E-01   6.326E-04  -1.682E-01   0.000E+00   1.273E-04
   61  -139.00     -61.9    0.340    0.1294E+00  20.200   1.442E-01   6.326E-04  -1.686E-01   0.000E+00   1.273E-04
   60  -140.00     -62.0    0.340    0.1298E+00  20.183   1.442E-01   6.326E-04  -1.691E-01   0.000E+00   1.273E-04
   59  -141.00     -62.2    0.340    0.1302E+00  20.166   1.442E-01   6.326E-04  -1.695E-01   0.000E+00   1.273E-04
   58  -142.00     -62.4    0.340    0.1306E+00  20.148   1.442E-01   6.326E-04  -1.699E-01   0.000E+00   1.273E-04
   57  -143.00     -62.6    0.340    0.1311E+00  20.131   1.442E-01   6.326E-04  -1.704E-01   0.000E+00   1.273E-04
   56  -144.00     -62.8    0.340    0.1315E+00  20.115   1.442E-01   6.326E-04  -1.708E-01   0.000E+00   1.273E-04
   55  -145.00     -62.9    0.340    0.1319E+00  20.098   1.442E-01   6.326E-04  -1.712E-01   0.000E+00   1.273E-04
   54  -146.00     -63.1    0.339    0.1323E+00  20.082   1.442E-01   6.326E-04  -1.716E-01   0.000E+00   1.273E-04
   53  -147.00     -63.3    0.339    0.1327E+00  20.066   1.442E-01   6.326E-04  -1.720E-01   0.000E+00   1.273E-04
   52  -148.00     -63.5    0.339    0.1331E+00  20.050   1.442E-01   6.326E-04  -1.724E-01   0.000E+00   1.273E-04
   51  -149.00     -63.7    0.339    0.1334E+00  20.034   1.442E-01   6.326E-04  -1.727E-01   0.000E+00   1.273E-04
   50  -150.00     -63.9    0.339    0.1338E+00  20.019   1.442E-01   6.326E-04  -1.731E-01   0.000E+00   1.273E-04
   49  -151.00     -64.1    0.339    0.1342E+00  20.004   1.442E-01   6.326E-04  -1.735E-01   0.000E+00   1.273E-04
   48  -152.00     -64.3    0.339    0.1346E+00  19.989   1.442E-01   6.326E-04  -1.738E-01   0.000E+00   1.273E-04
   47  -153.00     -64.5    0.339    0.1350E+00  19.974   1.442E-01   6.326E-04  -1.742E-01   0.000E+00   1.273E-04
   46  -154.00     -64.7    0.338    0.1354E+00  19.960   1.442E-01   6.326E-04  -1.745E-01   0.000E+00   1.273E-04
   45  -155.00     -64.9    0.338    0.1357E+00  19.945   1.442E-01   6.326E-04  -1.748E-01   0.000E+00   1.273E-04
   44  -156.00     -65.2    0.338    0.1361E+00  19.931   1.442E-01   6.326E-04  -1.751E-01   0.000E+00   1.273E-04
   43  -157.00     -65.4    0.338    0.1365E+00  19.918   1.442E-01   6.326E-04  -1.755E-01   0.000E+00   1.273E-04
   42  -158.00     -65.6    0.338    0.1368E+00  19.904   1.442E-01   6.326E-04  -1.758E-01   0.000E+00   1.273E-04
   41  -159.00     -65.8    0.338    0.1372E+00  19.891   1.442E-01   6.326E-04  -1.761E-01   0.000E+00   1.273E-04
   40  -160.00     -66.0    0.337    0.1376E+00  19.878   1.442E-01   6.326E-04  -1.763E-01   0.000E+00   1.273E-04
   39  -161.00     -66.3    0.337    0.1379E+00  19.865   1.442E-01   6.326E-04  -1.766E-01   0.000E+00   1.273E-04
   38  -162.00     -66.5    0.337    0.1383E+00  19.852   1.442E-01   6.326E-04  -1.769E-01   0.000E+00   1.273E-04
   37  -163.00     -66.7    0.337    0.1386E+00  19.840   1.442E-01   6.326E-04  -1.772E-01   0.000E+00   1.273E-04
   36  -164.00     -66.9    0.337    0.1390E+00  19.828   1.442E-01   6.326E-04  -1.774E-01   0.000E+00   1.273E-04
   35  -165.00     -67.2    0.337    0.1393E+00  19.816   1.442E-01   6.326E-04  -1.777E-01   0.000E+00   1.273E-04
   34  -166.00     -67.4    0.337    0.1397E+00  19.805   1.442E-01   6.326E-04  -1.779E-01   0.000E+00   1.273E-04
   33  -167.00     -67.6    0.336    0.1400E+00  19.794   1.442E-01   6.326E-04  -1.781E-01   0.000E+00   1.273E-04
   32  -168.00     -67.9    0.336    0.1404E+00  19.783   1.442E-01   6.326E-04  -1.784E-01   0.000E+00   1.273E-04
   31  -169.00     -68.1    0.336    0.1407E+00  19.772   1.442E-01   6.326E-04  -1.786E-01   0.000E+00   1.273E-04
   30  -170.00     -68.3    0.336    0.1411E+00  19.762   1.442E-01   6.326E-04  -1.788E-01   0.000E+00   1.273E-04
   29  -171.00     -68.6    0.336    0.1415E+00  19.752   1.442E-01   6.326E-04  -1.790E-01   0.000E+00   1.273E-04
   28  -172.00     -68.8    0.336    0.1418E+00  19.742   1.442E-01   6.326E-04  -1.792E-01   0.000E+00   1.273E-04
   27  -173.00     -69.1    0.335    0.1422E+00  19.732   1.442E-01   6.326E-04  -1.794E-01   0.000E+00   1.273E-04
   26  -174.00     -69.3    0.335    0.1425E+00  19.723   1.442E-01   6.326E-04  -1.796E-01   0.000E+00   1.273E-04
   25  -175.00     -69.6    0.335    0.1429E+00  19.714   1.442E-01   6.326E-04  -1.798E-01   0.000E+00   1.273E-04
   24  -176.00     -69.8    0.335    0.1433E+00  19.706   1.442E-01   6.326E-04  -1.799E-01   0.000E+00   1.273E-04
   23  -177.00     -70.1    0.335    0.1436E+00  19.697   1.442E-01   6.326E-04  -1.801E-01   0.000E+00   1.273E-04
   22  -178.00     -70.3    0.335    0.1440E+00  19.689   1.442E-01   6.326E-04  -1.802E-01   0.000E+00   1.273E-04
   21  -179.00     -70.6    0.334    0.1444E+00  19.682   1.442E-01   6.326E-04  -1.804E-01   0.000E+00   1.273E-04
   20  -180.00     -70.8    0.334    0.1447E+00  19.674   1.442E-01   6.326E-04  -1.805E-01   0.000E+00   1.273E-04
   19  -181.00     -71.1    0.334    0.1451E+00  19.667   1.442E-01   6.326E-04  -1.807E-01   0.000E+00   1.273E-04
   18  -182.00     -71.3    0.334    0.1455E+00  19.661   1.442E-01   6.326E-04  -1.808E-01   0.000E+00   1.273E-04
   17  -183.00     -71.6    0.334    0.1459E+00  19.655   1.442E-01   6.326E-04  -1.809E-01   0.000E+00   1.273E-04
   16  -184.00     -71.8    0.334    0.1463E+00  19.649   1.442E-01   6.326E-04  -1.810E-01   0.000E+00   1.273E-04
   15  -185.00     -72.1    0.333    0.1467E+00  19.643   1.442E-01   6.326E-04  -1.811E-01   0.000E+00   1.273E-04
   14  -186.00     -72.3    0.333    0.1471E+00  19.638   1.442E-01   6.326E-04  -1.812E-01   0.000E+00   1.273E-04
   13  -187.00     -72.6    0.333    0.1476E+00  19.633   1.442E-01   6.326E-04  -1.813E-01   0.000E+00   1.273E-04
   12  -188.00     -72.9    0.333    0.1480E+00  19.628   1.442E-01   6.326E-04  -1.813E-01   0.000E+00   1.273E-04
   11  -189.00     -73.1    0.333    0.1484E+00  19.624   1.442E-01   6.326E-04  -1.814E-01   0.000E+00   1.273E-04
   10  -190.00     -73.4    0.333    0.1489E+00  19.620   1.442E-01   6.326E-04  -1.815E-01   0.000E+00   1.273E-04
    9  -191.00     -73.6    0.332    0.1494E+00  19.617   1.442E-01   6.326E-04  -1.815E-01   0.000E+00   1.273E-04
    8  -192.00     -73.9    0.332    0.1499E+00  19.614   1.442E-01   6.326E-04  -1.816E-01   0.000E+00   1.273E-04
    7  -193.00     -74.1    0.332    0.1504E+00  19.612   1.442E-01   6.326E-04  -1.816E-01   0.000E+00   1.273E-04
    6  -194.00     -74.4    0.332    0.1509E+00  19.609   1.442E-01   6.326E-04  -1.817E-01   0.000E+00   1.273E-04
    5  -195.00     -74.7    0.332    0.1514E+00  19.608   1.442E-01   6.326E-04  -1.817E-01   0.000E+00   1.273E-04
    4  -196.00     -74.9    0.332    0.1520E+00  19.606   1.442E-01   6.326E-04  -1.817E-01   0.000E+00   1.273E-04
    3  -197.00     -75.2    0.331    0.1526E+00  19.605   1.442E-01   6.326E-04  -1.817E-01   0.000E+00   1.273E-04
    2  -198.00     -75.4    0.331    0.1532E+00  19.605   1.442E-01   6.326E-04  -1.817E-01   0.000E+00   1.273E-04
    1  -199.00     -75.7    0.331    0.1538E+00  19.605   1.442E-01   6.326E-04  -1.817E-01   0.000E+00   1.273E-04
#Time:    8208
  222     0.00    -204.8    0.288    0.3800E-03  17.390   2.848E-01   6.598E-04  -3.886E-04   0.000E+00   1.001E-04
  221    -0.10    -204.7    0.288    0.4951E-03  17.403   2.848E-01   6.598E-04  -4.102E-04   0.000E+00   1.001E-04
  220    -0.20    -204.6    0.288    0.6101E-03  17.439   2.848E-01   6.598E-04  -4.535E-04   0.000E+00   1.001E-04
  219    -0.30    -204.5    0.288    0.7250E-03  17.484   2.848E-01   6.598E-04  -4.967E-04   0.000E+00   1.001E-04
  218    -0.40    -204.4    0.288    0.8397E-03  17.528   2.848E-01   6.598E-04  -5.400E-04   0.000E+00   1.001E-04
  217    -0.50    -204.3    0.288    0.9544E-03  17.569   2.848E-01   6.598E-04  -5.833E-04   0.000E+00   1.001E-04
  216    -0.60    -204.2    0.288    0.1069E-02  17.607   2.848E-01   6.598E-04  -6.266E-04   0.000E+00   1.001E-04
  215    -0.70    -204.1    0.288    0.1183E-02  17.642   2.848E-01   6.598E-04  -6.699E-04   0.000E+00   1.001E-04
  214    -0.80    -204.0    0.288    0.1298E-02  17.677   2.848E-01   6.598E-04  -7.131E-04   0.000E+00   1.001E-04
  213    -0.90    -203.9    0.288    0.1412E-02  17.712   2.848E-01   6.598E-04  -7.564E-04   0.000E+00   1.001E-04
  212    -1.00    -203.8    0.288    0.1526E-02  17.747   2.848E-01   6.598E-04  -8.214E-04   0.000E+00   1.001E-04
  211    -1.20    -203.6    0.288    0.1754E-02  17.817   2.848E-01   6.598E-04  -8.864E-04   0.000E+00   1.001E-04
  210    -1.40    -203.5    0.289    0.1981E-02  17.887   2.848E-01   6.598E-04  -9.730E-04   0.000E+00   1.001E-04
  209    -1.60    -203.3    0.289    0.2207E-02  17.957   2.848E-01   6.598E-04  -1.060E-03   0.000E+00   1.001E-04
  208    -1.80    -203.1    0.289    0.2434E-02  18.026   2.848E-01   6.598E-04  -1.146E-03   0.000E+00   1.001E-04
  207    -2.00    -202.9    0.289    0.2659E-02  18.095   2.848E-01   6.598E-04  -1.233E-03   0.000E+00   1.001E-04
  206    -2.20    -202.7    0.289    0.2884E-02  18.164   2.848E-01   6.598E-04  -1.320E-03   0.000E+00   1.001E-04
  205    -2.40    -202.5    0.289    0.3109E-02  18.232   2.848E-01   6.598E-04  -1.406E-03   0.000E+00   1.001E-04
  204    -2.60    -202.3    0.289    0.3333E-02  18.300   2.848E-01   6.598E-04  -1.493E-03   0.000E+00   1.001E-04
  203    -2.80    -202.1    0.289    0.3556E-02  18.367   2.848E-01   6.598E-04  -1.580E-03   0.000E+00   1.001E-04
  202    -3.00    -201.9    0.289    0.3779E-02  18.434   2.848E-01   6.598E-04  -1.732E-03   0.000E+00   1.001E-04
  201    -3.50    -201.4    0.289    0.4334E-02  18.598   2.848E-01   6.598E-04  -1.884E-03   0.000E+00   1.001E-04
  200    -4.00    -200.9    0.289    0.4885E-02  18.758   2.848E-01   6.598E-04  -2.101E-03   0.000E+00   1.001E-04
  199    -4.50    -200.4    0.289    0.5433E-02  18.913   2.848E-01   6.598E-04  -2.319E-03   0.000E+00   1.001E-04
  198    -5.00    -199.9    0.290    0.5976E-02  19.062   2.848E-01   6.598E-04  -2.537E-03   0.000E+00   1.001E-04
  197    -5.50    -199.4    0.290    0.6517E-02  19.206   2.848E-01   6.598E-04  -2.754E-03   0.000E+00   1.001E-04
  196    -6.00    -198.9    0.290    0.7053E-02  19.344   2.848E-01   6.598E-04  -2.973E-03   0.000E+00   1.001E-04
  195    -6.50    -198.4    0.290    0.7586E-02  19.476   2.848E-01   6.598E-04  -3.191E-03   0.000E+00   1.001E-04
  194    -7.00    -197.9    0.290    0.8114E-02  19.602   2.848E-01   6.598E-04  -3.410E-03   0.000E+00   1.001E-04
  193    -7.50    -197.4    0.290    0.8639E-02  19.721   2.848E-01   6.598E-04  -3.629E-03   0.000E+00   1.001E-04
  192    -8.00    -196.9    0.290    0.9160E-02  19.833   2.848E-01   6.598E-04  -3.958E-03   0.000E+00   1.001E-04
  191    -9.00    -195.9    0.291    0.1019E-01  20.038   2.848E-01   6.598E-04  -4.287E-03   0.000E+00   1.001E-04
  190   -10.00    -194.9    0.291    0.1121E-01  20.217   2.848E-01   6.598E-04  -4.764E-03   0.000E+00   1.001E-04
  189   -11.00    -194.0    0.291    0.1221E-01  20.370   2.848E-01   6.598E-04  -5.279E-03   0.000E+00   1.001E-04
  188   -12.00    -193.0    0.292    0.1321E-01  20.498   2.848E-01   6.598E-04  -5.795E-03   0.000E+00   1.001E-04
  187   -13.00    -192.0    0.292    0.1420E-01  20.603   2.848E-01   6.598E-04  -6.312E-03   0.000E+00   1.001E-04
  186   -14.00    -191.0    0.293    0.1518E-01  20.686   2.848E-01   6.598E-04  -6.829E-03   0.000E+00   1.001E-04
  185   -15.00    -190.0    0.293    0.1614E-01  20.749   2.848E-01   6.598E-04  -7.348E-03   0.000E+00   1.001E-04
  184   -16.00    -189.1    0.293    0.1710E-01  20.793   2.848E-01   6.598E-04  -7.867E-03   0.000E+00   1.001E-04
  183   -17.00    -188.1    0.294    0.1805E-01  20.821   2.848E-01   6.598E-04  -8.386E-03   0.000E+00   1.001E-04
  182   -18.00    -187.1    0.294    0.1899E-01  20.833   2.848E-01   6.598E-04  -8.906E-03   0.000E+00   1.001E-04
  181   -19.00    -186.2    0.294    0.1992E-01  20.832   2.848E-01   6.598E-04  -9.425E-03   0.000E+00   1.001E-04
  180   -20.00    -185.2    0.295    0.2083E-01  20.819   2.848E-01   6.598E-04  -9.945E-03   0.000E+00   1.001E-04
  179   -21.00    -184.2    0.295    0.2174E-01  20.795   2.848E-01   6.598E-04  -1.046E-02   0.000E+00   1.001E-04
  178   -22.00    -183.3    0.295    0.2263E-01  20.762   2.848E-01   6.598E-04  -1.098E-02   0.000E+00   1.001E-04
  177   -23.00    -182.3    0.296    0.2351E-01  20.722   2.848E-01   6.598E-04  -1.150E-02   0.000E+00   1.001E-04
  176   -24.00    -181.3    0.296    0.2437E-01  20.675   2.848E-01   6.598E-04  -1.202E-02   0.000E+00   1.001E-04
  175   -25.00    -180.4    0.296    0.2523E-01  20.623   2.848E-01   6.598E-04  -1.254E-02   0.000E+00   1.001E-04
  174   -26.00    -179.4    0.297    0.2606E-01  20.567   2.848E-01   6.598E-04  -1.306E-02   0.000E+00   1.001E-04
  173   -27.00    -178.5    0.297    0.2689E-01  20.507   2.848E-01   6.598E-04  -1.358E-02   0.000E+00   1.001E-04
  172   -28.00    -177.5    0.297    0.2770E-01  20.446   2.848E-01   6.598E-04  -1.410E-02   0.000E+00   1.001E-04
  171   -29.00    -176.6    0.298    0.2849E-01  20.383   2.848E-01   6.598E-04  -1.461E-02   0.000E+00   1.001E-04
  170   -30.00    -175.6    0.292    0.2934E-01  20.320   2.175E-01   6.598E-04  -1.512E-02   0.000E+00   1.001E-04
  169   -31.00    -174.7    0.293    0.3027E-01  20.256   2.175E-01   6.598E-04  -1.561E-02   0.000E+00   1.001E-04
  168   -32.00    -173.8    0.293    0.3118E-01  20.193   2.175E-01   6.598E-04  -1.611E-02   0.000E+00   1.001E-04
  167   -33.00    -172.9    0.293    0.3206E-01  20.130   2.175E-01   6.598E-04  -1.660E-02   0.000E+00   1.001E-04
  166   -34.00    -171.9    0.294    0.3294E-01  20.070   2.175E-01   6.598E-04  -1.709E-02   0.000E+00   1.001E-04
  165   -35.00    -171.0    0.294    0.3379E-01  20.011   2.175E-01   6.598E-04  -1.759E-02   0.000E+00   1.001E-04
  164   -36.00    -170.1    0.294    0.3462E-01  19.954   2.175E-01   6.598E-04  -1.808E-02   0.000E+00   1.001E-04
  163   -37.00    -169.2    0.294    0.3544E-01  19.899   2.175E-01   6.598E-04  -1.857E-02   0.000E+00   1.001E-04
  162   -38.00    -168.3    0.295    0.3623E-01  19.847   2.175E-01   6.598E-04  -1.906E-02   0.000E+00   1.001E-04
  161   -39.00    -167.4    0.295    0.3701E-01  19.798   2.175E-01   6.598E-04  -1.955E-02   0.000E+00   1.001E-04
  160   -40.00    -166.4    0.295    0.3776E-01  19.751   2.175E-01   6.598E-04  -2.004E-02   0.000E+00   1.001E-04
  159   -41.00    -165.5    0.296    0.3850E-01  19.706   2.175E-01   6.598E-04  -2.058E-02   0.000E+00   1.001E-04
  158   -42.00    -164.6    0.296    0.3921E-01  19.664   2.175E-01   6.598E-04  -2.116E-02   0.000E+00   1.001E-04
  157   -43.00    -163.7    0.296    0.3991E-01  19.625   2.175E-01   6.598E-04  -2.174E-02   0.000E+00   1.001E-04
  156   -44.00    -162.8    0.297    0.4058E-01  19.588   2.175E-01   6.598E-04  -2.232E-02   0.000E+00   1.001E-04
  155   -45.00    -162.0    0.296    0.4140E-01  19.554   1.287E-01   6.598E-04  -2.286E-02   0.000E+00   1.001E-04
  154   -46.00    -161.1    0.296    0.4248E-01  19.522   1.287E-01   6.598E-04  -2.336E-02   0.000E+00   1.001E-04
  153   -47.00    -160.3    0.296    0.4355E-01  19.492   1.287E-01   6.598E-04  -2.386E-02   0.000E+00   1.001E-04
  152   -48.00    -159.5    0.297    0.4462E-01  19.464   1.287E-01   6.598E-04  -2.436E-02   0.000E+00   1.001E-04
  151   -49.00    -158.7    0.297    0.4568E-01  19.438   1.287E-01   6.598E-04  -2.486E-02   0.000E+00   1.001E-04
  150   -50.00    -157.9    0.297    0.4673E-01  19.414   1.287E-01   6.598E-04  -2.535E-02   0.000E+00   1.001E-04
  149   -51.00    -157.1    0.298    0.4778E-01  19.392   1.287E-01   6.598E-04  -2.585E-02   0.000E+00   1.001E-04
  148   -52.00    -156.3    0.298    0.4883E-01  19.371   1.287E-01   6.598E-04  -2.634E-02   0.000E+00   1.001E-04
  147   -53.00    -155.5    0.298    0.4987E-01  19.352   1.287E-01   6.598E-04  -2.684E-02   0.000E+00   1.001E-04
  146   -54.00    -154.7    0.298    0.5091E-01  19.334   1.287E-01   6.598E-04  -2.733E-02   0.000E+00   1.001E-04
  145   -55.00    -153.9    0.299    0.5193E-01  19.318   1.287E-01   6.598E-04  -2.782E-02   0.000E+00   1.001E-04
  144   -56.00    -153.2    0.299    0.5296E-01  19.303   1.287E-01   6.598E-04  -2.832E-02   0.000E+00   1.001E-04
  143   -57.00    -152.4    0.299    0.5398E-01  19.288   1.287E-01   6.598E-04  -2.881E-02   0.000E+00   1.001E-04
  142   -58.00    -151.6    0.300    0.5499E-01  19.275   1.287E-01   6.598E-04  -2.930E-02   0.000E+00   1.001E-04
  141   -59.00    -150.8    0.300    0.5599E-01  19.263   1.287E-01   6.598E-04  -2.978E-02   0.000E+00   1.001E-04
  140   -60.00    -150.1    0.300    0.5699E-01  19.251   1.287E-01   6.598E-04  -3.027E-02   0.000E+00   1.001E-04
  139   -61.00    -149.3    0.300    0.5798E-01  19.241   1.287E-01   6.598E-04  -3.076E-02   0.000E+00   1.001E-04
  138   -62.00    -148.5    0.301    0.5897E-01  19.230   1.287E-01   6.598E-04  -3.124E-02   0.000E+00   1.001E-04
  137   -63.00    -147.8    0.301    0.5995E-01  19.221   1.287E-01   6.598E-04  -3.173E-02   0.000E+00   1.001E-04
  136   -64.00    -147.0    0.301    0.6092E-01  19.212   1.287E-01   6.598E-04  -3.221E-02   0.000E+00   1.001E-04
  135   -65.00    -146.3    0.301    0.6188E-01  19.204   1.287E-01   6.598E-04  -3.269E-02   0.000E+00   1.001E-04
  134   -66.00    -145.5    0.302    0.6284E-01  19.196   1.287E-01   6.598E-04  -3.317E-02   0.000E+00   1.001E-04
  133   -67.00    -144.8    0.302    0.6379E-01  19.188   1.287E-01   6.598E-04  -3.365E-02   0.000E+00   1.001E-04
  132   -68.00    -144.1    0.302    0.6473E-01  19.181   1.287E-01   6.598E-04  -3.413E-02   0.000E+00   1.001E-04
  131   -69.00    -143.3    0.302    0.6567E-01  19.175   1.287E-01   6.598E-04  -3.460E-02   0.000E+00   1.001E-04
  130   -70.00    -142.6    0.303    0.6659E-01  19.169   1.287E-01   6.598E-04  -3.507E-02   0.000E+00   1.001E-04
  129   -71.00    -141.9    0.303    0.6751E-01  19.163   1.287E-01   6.598E-04  -3.554E-02   0.000E+00   1.001E-04
  128   -72.00    -141.2    0.303    0.6843E-01  19.157   1.287E-01   6.598E-04  -3.600E-02   0.000E+00   1.001E-04
  127   -73.00    -140.4    0.304    0.6933E-01  19.152   1.287E-01   6.598E-04  -3.645E-02   0.000E+00   1.001E-04
  126   -74.00    -139.7    0.304    0.7024E-01  19.147   1.287E-01   6.598E-04  -3.695E-02   0.000E+00   1.001E-04
  125   -75.00    -139.0    0.304    0.7113E-01  19.142   1.287E-01   6.598E-04  -3.751E-02   0.000E+00   1.001E-04
  124   -76.00    -138.3    0.304    0.7202E-01  19.138   1.287E-01   6.598E-04  -3.805E-02   0.000E+00   1.001E-04
  123   -77.00    -137.6    0.305    0.7290E-01  19.134   1.287E-01   6.598E-04  -3.859E-02   0.000E+00   1.001E-04
  122   -78.00    -136.9    0.305    0.7378E-01  19.130   1.287E-01   6.598E-04  -3.913E-02   0.000E+00   1.001E-04
  121   -79.00    -136.2    0.305    0.7465E-01  19.126   1.287E-01   6.598E-04  -3.966E-02   0.000E+00   1.001E-04
  120   -80.00    -135.5    0.306    0.7552E-01  19.123   1.287E-01   6.598E-04  -4.018E-02   0.000E+00   1.001E-04
  119   -81.00    -134.8    0.306    0.7639E-01  19.120   1.287E-01   6.598E-04  -4.071E-02   0.000E+00   1.001E-04
  118   -82.00    -134.2    0.306    0.7725E-01  19.118   1.287E-01   6.598E-04  -4.123E-02   0.000E+00   1.001E-04
  117   -83.00    -133.5    0.306    0.7810E-01  19.115   1.287E-01   6.598E-04  -4.174E-02   0.000E+00   1.001E-04
  116   -84.00    -132.8    0.307    0.7895E-01  19.113   1.287E-01   6.598E-04  -4.225E-02   0.000E+00   1.001E-04
  115   -85.00    -132.1    0.307    0.7980E-01  19.111   1.287E-01   6.598E-04  -4.277E-02   0.000E+00   1.001E-04
  114   -86.00    -131.5    0.307    0.8065E-01  19.110   1.287E-01   6.598E-04  -4.327E-02   0.000E+00   1.001E-04
  113   -87.00    -130.8    0.307    0.8150E-01  19.108   1.287E-01   6.598E-04  -4.378E-02   0.000E+00   1.001E-04
  112   -88.00    -130.2    0.308    0.8234E-01  19.107   1.287E-01   6.598E-04  -4.428E-02   0.000E+00   1.001E-04
  111   -89.00    -129.5    0.308    0.8318E-01  19.106   1.287E-01   6.598E-04  -4.478E-02   0.000E+00   1.001E-04
  110   -90.00    -128.8    0.308    0.8402E-01  19.106   1.287E-01   6.598E-04  -4.527E-02   0.000E+00   1.001E-04
  109   -91.00    -128.2    0.309    0.8487E-01  19.106   1.287E-01   6.598E-04  -4.577E-02   0.000E+00   1.001E-04
  108   -92.00    -127.6    0.309    0.8571E-01  19.106   1.287E-01   6.598E-04  -4.626E-02   0.000E+00   1.001E-04
  107   -93.00    -126.9    0.309    0.8655E-01  19.106   1.287E-01   6.598E-04  -4.674E-02   0.000E+00   1.001E-04
  106   -94.00    -126.3    0.309    0.8740E-01  19.107   1.287E-01   6.598E-04  -4.723E-02   0.000E+00   1.001E-04
  105   -95.00    -125.7    0.310    0.8825E-01  19.108   1.287E-01   6.598E-04  -4.771E-02   0.000E+00   1.001E-04
  104   -96.00    -125.0    0.310    0.8910E-01  19.109   1.287E-01   6.598E-04  -4.818E-02   0.000E+00   1.001E-04
  103   -97.00    -124.4    0.310    0.8995E-01  19.110   1.287E-01   6.598E-04  -4.866E-02   0.000E+00   1.001E-04
  102   -98.00    -123.8    0.310    0.9081E-01  19.112   1.287E-01   6.598E-04  -4.913E-02   0.000E+00   1.001E-04
  101   -99.00    -123.2    0.311    0.9168E-01  19.114   1.287E-01   6.598E-04  -4.959E-02   0.000E+00   1.001E-04
  100  -100.00    -122.6    0.311    0.9255E-01  19.116   1.287E-01   6.598E-04  -5.006E-02   0.000E+00   1.001E-04
   99  -101.00    -121.9    0.311    0.9342E-01  19.118   1.287E-01   6.598E-04  -5.051E-02   0.000E+00   1.001E-04
   98  -102.00    -121.3    0.311    0.9430E-01  19.121   1.287E-01   6.598E-04  -5.097E-02   0.000E+00   1.001E-04
   97  -103.00    -120.7    0.312    0.9519E-01  19.124   1.287E-01   6.598E-04  -5.141E-02   0.000E+00   1.001E-04
   96  -104.00    -120.1    0.312    0.9609E-01  19.127   1.287E-01   6.598E-04  -5.185E-02   0.000E+00   1.001E-04
   95  -105.00    -119.5    0.312    0.9699E-01  19.130   1.287E-01   6.598E-04  -5.229E-02   0.000E+00   1.001E-04
   94  -106.00    -118.9    0.312    0.9790E-01  19.134   1.287E-01   6.598E-04  -5.271E-02   0.000E+00   1.001E-04
   93  -107.00    -118.4    0.313    0.9882E-01  19.137   1.287E-01   6.598E-04  -5.318E-02   0.000E+00   1.001E-04
   92  -108.00    -117.8    0.313    0.9975E-01  19.141   1.287E-01   6.598E-04  -5.368E-02   0.000E+00   1.001E-04
   91  -109.00    -117.2    0.313    0.1007E+00  19.145   1.287E-01   6.598E-04  -5.418E-02   0.000E+00   1.001E-04
   90  -110.00    -116.6    0.309    0.1016E+00  19.150   1.442E-01   6.598E-04  -5.467E-02   0.000E+00   1.001E-04
   89  -111.00    -116.0    0.309    0.1025E+00  19.154   1.442E-01   6.598E-04  -5.515E-02   0.000E+00   1.001E-04
   88  -112.00    -115.4    0.310    0.1034E+00  19.159   1.442E-01   6.598E-04  -5.563E-02   0.000E+00   1.001E-04
   87  -113.00    -114.7    0.310    0.1043E+00  19.164   1.442E-01   6.598E-04  -5.610E-02   0.000E+00   1.001E-04
   86  -114.00    -114.1    0.310    0.1052E+00  19.169   1.442E-01   6.598E-04  -5.657E-02   0.000E+00   1.001E-04
   85  -115.00    -113.5    0.311    0.1061E+00  19.175   1.442E-01   6.598E-04  -5.703E-02   0.000E+00   1.001E-04
   84  -116.00    -112.9    0.311    0.1070E+00  19.180   1.442E-01   6.598E-04  -5.748E-02   0.000E+00   1.001E-04
   83  -117.00    -112.3    0.311    0.1079E+00  19.186   1.442E-01   6.598E-04  -5.793E-02   0.000E+00   1.001E-04
   82  -118.00    -111.7    0.312    0.1088E+00  19.191   1.442E-01   6.598E-04  -5.838E-02   0.000E+00   1.001E-04
   81  -119.00    -111.1    0.312    0.1098E+00  19.197   1.442E-01   6.598E-04  -5.882E-02   0.000E+00   1.001E-04
   80  -120.00    -110.5    0.312    0.1107E+00  19.203   1.442E-01   6.598E-04  -5.926E-02   0.000E+00   1.001E-04
   79  -121.00    -110.0    0.312    0.1117E+00  19.210   1.442E-01   6.598E-04  -5.969E-02   0.000E+00   1.001E-04
   78  -122.00    -109.4    0.313    0.1126E+00  19.216   1.442E-01   6.598E-04  -6.011E-02   0.000E+00   1.001E-04
   77  -123.00    -108.8    0.313    0.1136E+00  19.222   1.442E-01   6.598E-04  -6.054E-02   0.000E+00   1.001E-04
   76  -124.00    -108.2    0.313    0.1145E+00  19.229   1.442E-01   6.598E-04  -6.095E-02   0.000E+00   1.001E-04
   75  -125.00    -107.6    0.313    0.1155E+00  19.236   1.442E-01   6.598E-04  -6.137E-02   0.000E+00   1.001E-04
   74  -126.00    -107.1    0.314    0.1165E+00  19.243   1.442E-01   6.598E-04  -6.177E-02   0.000E+00   1.001E-04
   73  -127.00    -106.5    0.314    0.1175E+00  19.249   1.442E-01   6.598E-04  -6.218E-02   0.000E+00   1.001E-04
   72  -128.00    -105.9    0.314    0.1185E+00  19.256   1.442E-01   6.598E-04  -6.257E-02   0.000E+00   1.001E-04
   71  -129.00    -105.4    0.315    0.1195E+00  19.263   1.442E-01   6.598E-04  -6.297E-02   0.000E+00   1.001E-04
   70  -130.00    -104.8    0.315    0.1205E+00  19.271   1.442E-01   6.598E-04  -6.335E-02   0.000E+00   1.001E-04
   69  -131.00    -104.2    0.315    0.1215E+00  19.278   1.442E-01   6.598E-04  -6.374E-02   0.000E+00   1.001E-04
   68  -132.00    -103.7    0.315    0.1225E+00  19.285   1.442E-01   6.598E-04  -6.411E-02   0.000E+00   1.001E-04
   67  -133.00    -103.1    0.316    0.1235E+00  19.292   1.442E-01   6.598E-04  -6.448E-02   0.000E+00   1.001E-04
   66  -134.00    -102.6    0.316    0.1245E+00  19.300   1.442E-01   6.598E-04  -6.485E-02   0.000E+00   1.001E-04
   65  -135.00    -102.0    0.316    0.1256E+00  19.307   1.442E-01   6.598E-04  -6.521E-02   0.000E+00   1.001E-04
   64  -136.00    -101.5    0.316    0.1266E+00  19.315   1.442E-01   6.598E-04  -6.557E-02   0.000E+00   1.001E-04
   63  -137.00    -100.9    0.317    0.1276E+00  19.322   1.442E-01   6.598E-04  -6.591E-02   0.000E+00   1.001E-04
   62  -138.00    -100.4    0.317    0.1287E+00  19.330   1.442E-01   6.598E-04  -6.626E-02   0.000E+00   1.001E-04
   61  -139.00     -99.9    0.317    0.1297E+00  19.338   1.442E-01   6.598E-04  -6.664E-02   0.000E+00   1.001E-04
   60  -140.00     -99.3    0.318    0.1308E+00  19.345   1.442E-01   6.598E-04  -6.702E-02   0.000E+00   1.001E-04
   59  -141.00     -98.8    0.318    0.1318E+00  19.353   1.442E-01   6.598E-04  -6.740E-02   0.000E+00   1.001E-04
   58  -142.00     -98.3    0.318    0.1328E+00  19.361   1.442E-01   6.598E-04  -6.777E-02   0.000E+00   1.001E-04
   57  -143.00     -97.7    0.318    0.1339E+00  19.368   1.442E-01   6.598E-04  -6.814E-02   0.000E+00   1.001E-04
   56  -144.00     -97.2    0.319    0.1349E+00  19.376   1.442E-01   6.598E-04  -6.849E-02   0.000E+00   1.001E-04
   55  -145.00     -96.7    0.319    0.1360E+00  19.383   1.442E-01   6.598E-04  -6.884E-02   0.000E+00   1.001E-04
   54  -146.00     -96.2    0.319    0.1370E+00  19.391   1.442E-01   6.598E-04  -6.919E-02   0.000E+00   1.001E-04
   53  -147.00     -95.6    0.320    0.1381E+00  19.399   1.442E-01   6.598E-04  -6.952E-02   0.000E+00   1.001E-04
   52  -148.00     -95.1    0.320    0.1391E+00  19.406   1.442E-01   6.598E-04  -6.985E-02   0.000E+00   1.001E-04
   51  -149.00     -94.6    0.320    0.1402E+00  19.414   1.442E-01   6.598E-04  -7.018E-02   0.000E+00   1.001E-04
   50  -150.00     -94.1    0.320    0.1412E+00  19.421   1.442E-01   6.598E-04  -7.050E-02   0.000E+00   1.001E-04
   49  -151.00     -93.6    0.321    0.1423E+00  19.429   1.442E-01   6.598E-04  -7.081E-02   0.000E+00   1.001E-04
   48  -152.00     -93.1    0.321    0.1433E+00  19.436   1.442E-01   6.598E-04  -7.111E-02   0.000E+00   1.001E-04
   47  -153.00     -92.6    0.321    0.1444E+00  19.444   1.442E-01   6.598E-04  -7.141E-02   0.000E+00   1.001E-04
   46  -154.00     -92.1    0.322    0.1454E+00  19.451   1.442E-01   6.598E-04  -7.170E-02   0.000E+00   1.001E-04
   45  -155.00     -91.6    0.322    0.1464E+00  19.459   1.442E-01   6.598E-04  -7.199E-02   0.000E+00   1.001E-04
   44  -156.00     -91.1    0.322    0.1475E+00  19.466   1.442E-01   6.598E-04  -7.227E-02   0.000E+00   1.001E-04
   43  -157.00     -90.6    0.322    0.1485E+00  19.473   1.442E-01   6.598E-04  -7.254E-02   0.000E+00   1.001E-04
   42  -158.00     -90.1    0.323    0.1495E+00  19.480   1.442E-01   6.598E-04  -7.281E-02   0.000E+00   1.001E-04
   41  -159.00     -89.6    0.323    0.1505E+00  19.487   1.442E-01   6.598E-04  -7.307E-02   0.000E+00   1.001E-04
   40  -160.00     -89.1    0.323    0.1516E+00  19.494   1.442E-01   6.598E-04  -7.332E-02   0.000E+00   1.001E-04
   39  -161.00     -88.6    0.323    0.1526E+00  19.501   1.442E-01   6.598E-04  -7.357E-02   0.000E+00   1.001E-04
   38  -162.00     -88.1    0.324    0.1536E+00  19.507   1.442E-01   6.598E-04  -7.381E-02   0.000E+00   1.001E-04
   37  -163.00     -87.6    0.324    0.1546E+00  19.514   1.442E-01   6.598E-04  -7.404E-02   0.000E+00   1.001E-04
   36  -164.00     -87.1    0.324    0.1556E+00  19.521   1.442E-01   6.598E-04  -7.427E-02   0.000E+00   1.001E-04
   35  -165.00     -86.6    0.324    0.1565E+00  19.527   1.442E-01   6.598E-04  -7.449E-02   0.000E+00   1.001E-04
   34  -166.00     -86.2    0.325    0.1575E+00  19.533   1.442E-01   6.598E-04  -7.471E-02   0.000E+00   1.001E-04
   33  -167.00     -85.7    0.325    0.1585E+00  19.540   1.442E-01   6.598E-04  -7.492E-02   0.000E+00   1.001E-04
   32  -168.00     -85.2    0.325    0.1595E+00  19.546   1.442E-01   6.598E-04  -7.512E-02   0.000E+00   1.001E-04
   31  -169.00     -84.7    0.326    0.1604E+00  19.551   1.442E-01   6.598E-04  -7.533E-02   0.000E+00   1.001E-04
   30  -170.00     -84.2    0.326    0.1614E+00  19.557   1.442E-01   6.598E-04  -7.554E-02   0.000E+00   1.001E-04
   29  -171.00     -83.8    0.326    0.1623E+00  19.563   1.442E-01   6.598E-04  -7.574E-02   0.000E+00   1.001E-04
   28  -172.00     -83.3    0.326    0.1633E+00  19.568   1.442E-01   6.598E-04  -7.594E-02   0.000E+00   1.001E-04
   27  -173.00     -82.8    0.327    0.1642E+00  19.574   1.442E-01   6.598E-04  -7.613E-02   0.000E+00   1.001E-04
   26  -174.00     -82.4    0.327    0.1651E+00  19.579   1.442E-01   6.598E-04  -7.631E-02   0.000E+00   1.001E-04
   25  -175.00     -81.9    0.327    0.1660E+00  19.584   1.442E-01   6.598E-04  -7.649E-02   0.000E+00   1.001E-04
   24  -176.00     -81.4    0.328    0.1670E+00  19.589   1.442E-01   6.598E-04  -7.666E-02   0.000E+00   1.001E-04
   23  -177.00     -80.9    0.328    0.1679E+00  19.594   1.442E-01   6.598E-04  -7.682E-02   0.000E+00   1.001E-04
   22  -178.00     -80.5    0.328    0.1688E+00  19.598   1.442E-01   6.598E-04  -7.697E-02   0.000E+00   1.001E-04
   21  -179.00     -80.0    0.328    0.1696E+00  19.602   1.442E-01   6.598E-04  -7.712E-02   0.000E+00   1.001E-04
   20  -180.00     -79.6    0.329    0.1705E+00  19.607   1.442E-01   6.598E-04  -7.726E-02   0.000E+00   1.001E-04
   19  -181.00     -79.1    0.329    0.1714E+00  19.611   1.442E-01   6.598E-04  -7.739E-02   0.000E+00   1.001E-04
   18  -182.00     -78.6    0.329    0.1722E+00  19.614   1.442E-01   6.598E-04  -7.751E-02   0.000E+00   1.001E-04
   17  -183.00     -78.2    0.330    0.1731E+00  19.618   1.442E-01   6.598E-04  -7.763E-02   0.000E+00   1.001E-04
   16  -184.00     -77.7    0.330    0.1739E+00  19.621   1.442E-01   6.598E-04  -7.774E-02   0.000E+00   1.001E-04
   15  -185.00     -77.2    0.330    0.1747E+00  19.624   1.442E-01   6.598E-04  -7.784E-02   0.000E+00   1.001E-04
   14  -186.00     -76.8    0.330    0.1755E+00  19.627   1.442E-01   6.598E-04  -7.793E-02   0.000E+00   1.001E-04
   13  -187.00     -76.3    0.331    0.1763E+00  19.630   1.442E-01   6.598E-04  -7.802E-02   0.000E+00   1.001E-04
   12  -188.00     -75.9    0.331    0.1771E+00  19.633   1.442E-01   6.598E-04  -7.810E-02   0.000E+00   1.001E-04
   11  -189.00     -75.4    0.331    0.1778E+00  19.635   1.442E-01   6.598E-04  -7.817E-02   0.000E+00   1.001E-04
   10  -190.00     -74.9    0.332    0.1786E+00  19.637   1.442E-01   6.598E-04  -7.824E-02   0.000E+00   1.001E-04
    9  -191.00     -74.5    0.332    0.1793E+00  19.639   1.442E-01   6.598E-04  -7.830E-02   0.000E+00   1.001E-04
    8  -192.00     -74.0    0.332    0.1800E+00  19.641   1.442E-01   6.598E-04  -7.835E-02   0.000E+00   1.001E-04
    7  -193.00     -73.6    0.332    0.1807E+00  19.642   1.442E-01   6.598E-04  -7.840E-02   0.000E+00   1.001E-04
    6  -194.00     -73.1    0.333    0.1813E+00  19.643   1.442E-01   6.598E-04  -7.843E-02   0.000E+00   1.001E-04
    5  -195.00     -72.7    0.333    0.1819E+00  19.644   1.442E-01   6.598E-04  -7.847E-02   0.000E+00   1.001E-04
    4  -196.00     -72.2    0.333    0.1825E+00  19.645   1.442E-01   6.598E-04  -7.849E-02   0.000E+00   1.001E-04
    3  -197.00     -71.8    0.334    0.1830E+00  19.646   1.442E-01   6.598E-04  -7.851E-02   0.000E+00   1.001E-04
    2  -198.00     -71.3    0.334    0.1835E+00  19.646   1.442E-01   6.598E-04  -7.852E-02   0.000E+00   1.001E-04
    1  -199.00     -70.8    0.334    0.1840E+00  19.646   1.442E-01   6.598E-04  -7.852E-02   0.000E+00   1.001E-04
#Time:    8568
  222     0.00     -50.5    0.376    0.3800E-03  13.020   2.848E-01   6.918E-04  -8.113E-04   0.000E+00   7.369E-05
  221    -0.10     -50.4    0.376    0.5050E-03  13.036   2.848E-01   6.918E-04  -1.072E-03   0.000E+00   7.369E-05
  220    -0.20     -50.4    0.376    0.6303E-03  13.065   2.848E-01   6.918E-04  -1.595E-03   0.000E+00   7.369E-05
  219    -0.30     -50.3    0.376    0.7559E-03  13.097   2.848E-01   6.918E-04  -2.117E-03   0.000E+00   7.369E-05
  218    -0.40     -50.2    0.376    0.8820E-03  13.129   2.848E-01   6.918E-04  -2.640E-03   0.000E+00   7.369E-05
  217    -0.50     -50.1    0.377    0.1008E-02  13.159   2.848E-01   6.918E-04  -3.162E-03   0.000E+00   7.369E-05
  216    -0.60     -50.0    0.377    0.1135E-02  13.188   2.848E-01   6.918E-04  -3.684E-03   0.000E+00   7.369E-05
  215    -0.70     -49.9    0.377    0.1262E-02  13.216   2.848E-01   6.918E-04  -4.206E-03   0.000E+00   7.369E-05
  214    -0.80     -49.8    0.377    0.1389E-02  13.243   2.848E-01   6.918E-04  -4.729E-03   0.000E+00   7.369E-05
  213    -0.90     -49.7    0.377    0.1516E-02  13.270   2.848E-01   6.918E-04  -5.251E-03   0.000E+00   7.369E-05
  212    -1.00     -49.6    0.377    0.1644E-02  13.298   2.848E-01   6.918E-04  -6.034E-03   0.000E+00   7.369E-05
  211    -1.20     -49.4    0.377    0.1900E-02  13.353   2.848E-01   6.918E-04  -6.817E-03   0.000E+00   7.369E-05
  210    -1.40     -49.2    0.378    0.2156E-02  13.407   2.848E-01   6.918E-04  -7.860E-03   0.000E+00   7.369E-05
  209    -1.60     -49.0    0.378    0.2414E-02  13.462   2.848E-01   6.918E-04  -8.904E-03   0.000E+00   7.369E-05
  208    -1.80     -48.8    0.378    0.2673E-02  13.516   2.848E-01   6.918E-04  -9.947E-03   0.000E+00   7.369E-05
  207    -2.00     -48.6    0.378    0.2932E-02  13.570   2.848E-01   6.918E-04  -1.099E-02   0.000E+00   7.369E-05
  206    -2.20     -48.4    0.378    0.3191E-02  13.624   2.848E-01   6.918E-04  -1.203E-02   0.000E+00   7.369E-05
  205    -2.40     -48.2    0.379    0.3452E-02  13.678   2.848E-01   6.918E-04  -1.307E-02   0.000E+00   7.369E-05
  204    -2.60     -48.0    0.379    0.3712E-02  13.731   2.848E-01   6.918E-04  -1.412E-02   0.000E+00   7.369E-05
  203    -2.80     -47.8    0.379    0.3973E-02  13.785   2.848E-01   6.918E-04  -1.516E-02   0.000E+00   7.369E-05
  202    -3.00     -47.6    0.379    0.4235E-02  13.838   2.848E-01   6.918E-04  -1.698E-02   0.000E+00   7.369E-05
  201    -3.50     -47.2    0.380    0.4890E-02  13.968   2.848E-01   6.918E-04  -1.880E-02   0.000E+00   7.369E-05
  200    -4.00     -46.7    0.380    0.5545E-02  14.097   2.848E-01   6.918E-04  -2.140E-02   0.000E+00   7.369E-05
  199    -4.50     -46.2    0.381    0.6200E-02  14.223   2.848E-01   6.918E-04  -2.399E-02   0.000E+00   7.369E-05
  198    -5.00     -45.8    0.381    0.6853E-02  14.346   2.848E-01   6.918E-04  -2.659E-02   0.000E+00   7.369E-05
  197    -5.50     -45.3    0.382    0.7504E-02  14.466   2.848E-01   6.918E-04  -2.918E-02   0.000E+00   7.369E-05
  196    -6.00     -44.9    0.382    0.8150E-02  14.583   2.848E-01   6.918E-04  -3.176E-02   0.000E+00   7.369E-05
  195    -6.50     -44.4    0.383    0.8792E-02  14.697   2.848E-01   6.918E-04  -3.434E-02   0.000E+00   7.369E-05
  194    -7.00     -44.0    0.383    0.9427E-02  14.808   2.848E-01   6.918E-04  -3.692E-02   0.000E+00   7.369E-05
  193    -7.50     -43.6    0.384    0.1005E-01  14.915   2.848E-01   6.918E-04  -3.960E-02   0.000E+00   7.369E-05
  192    -8.00     -43.2    0.384    0.1067E-01  15.020   2.848E-01   6.918E-04  -4.378E-02   0.000E+00   7.369E-05
  191    -9.00     -42.3    0.385    0.1188E-01  15.217   2.848E-01   6.918E-04  -4.793E-02   0.000E+00   7.369E-05
  190   -10.00     -41.5    0.386    0.1304E-01  15.402   2.848E-01   6.918E-04  -5.345E-02   0.000E+00   7.369E-05
  189   -11.00     -40.7    0.387    0.1420E-01  15.573   2.848E-01   6.918E-04  -5.892E-02   0.000E+00   7.369E-05
  188   -12.00     -39.9    0.388    0.1537E-01  15.732   2.848E-01   6.918E-04  -6.434E-02   0.000E+00   7.369E-05
  187   -13.00     -39.1    0.389    0.1654E-01  15.878   2.848E-01   6.918E-04  -6.972E-02   0.000E+00   7.369E-05
  186   -14.00     -38.4    0.390    0.1772E-01  16.013   2.848E-01   6.918E-04  -7.505E-02   0.000E+00   7.369E-05
  185   -15.00     -37.7    0.391    0.1891E-01  16.138   2.848E-01   6.918E-04  -8.033E-02   0.000E+00   7.369E-05
  184   -16.00     -37.0    0.392    0.2009E-01  16.252   2.848E-01   6.918E-04  -8.570E-02   0.000E+00   7.369E-05
  183   -17.00     -36.3    0.393    0.2128E-01  16.357   2.848E-01   6.918E-04  -9.118E-02   0.000E+00   7.369E-05
  182   -18.00     -35.6    0.393    0.2246E-01  16.454   2.848E-01   6.918E-04  -9.664E-02   0.000E+00   7.369E-05
  181   -19.00     -34.9    0.394    0.2364E-01  16.543   2.848E-01   6.918E-04  -1.020E-01   0.000E+00   7.369E-05
  180   -20.00     -34.3    0.395    0.2480E-01  16.624   2.848E-01   6.918E-04  -1.073E-01   0.000E+00   7.369E-05
  179   -21.00     -33.7    0.396    0.2595E-01  16.699   2.848E-01   6.918E-04  -1.125E-01   0.000E+00   7.369E-05
  178   -22.00     -33.1    0.397    0.2708E-01  16.768   2.848E-01   6.918E-04  -1.177E-01   0.000E+00   7.369E-05
  177   -23.00     -32.5    0.397    0.2820E-01  16.832   2.848E-01   6.918E-04  -1.227E-01   0.000E+00   7.369E-05
  176   -24.00     -32.0    0.398    0.2931E-01  16.891   2.848E-01   6.918E-04  -1.277E-01   0.000E+00   7.369E-05
  175   -25.00     -31.4    0.399    0.3040E-01  16.945   2.848E-01   6.918E-04  -1.327E-01   0.000E+00   7.369E-05
  174   -26.00     -30.9    0.399    0.3147E-01  16.996   2.848E-01   6.918E-04  -1.377E-01   0.000E+00   7.369E-05
  173   -27.00     -30.4    0.400    0.3252E-01  17.044   2.848E-01   6.918E-04  -1.426E-01   0.000E+00   7.369E-05
  172   -28.00     -29.9    0.401    0.3355E-01  17.089   2.848E-01   6.918E-04  -1.475E-01   0.000E+00   7.369E-05
  171   -29.00     -29.4    0.401    0.3454E-01  17.132   2.848E-01   6.918E-04  -1.522E-01   0.000E+00   7.369E-05
  170   -30.00     -29.0    0.389    0.3558E-01  17.173   2.175E-01   6.918E-04  -1.566E-01   0.000E+00   7.369E-05
  169   -31.00     -28.8    0.389    0.3668E-01  17.212   2.175E-01   6.918E-04  -1.606E-01   0.000E+00   7.369E-05
  168   -32.00     -28.5    0.389    0.3776E-01  17.251   2.175E-01   6.918E-04  -1.645E-01   0.000E+00   7.369E-05
  167   -33.00     -28.3    0.390    0.3882E-01  17.288   2.175E-01   6.918E-04  -1.683E-01   0.000E+00   7.369E-05
  166   -34.00     -28.1    0.390    0.3986E-01  17.325   2.175E-01   6.918E-04  -1.719E-01   0.000E+00   7.369E-05
  165   -35.00     -27.9    0.390    0.4088E-01  17.361   2.175E-01   6.918E-04  -1.754E-01   0.000E+00   7.369E-05
  164   -36.00     -27.7    0.390    0.4188E-01  17.397   2.175E-01   6.918E-04  -1.788E-01   0.000E+00   7.369E-05
  163   -37.00     -27.5    0.390    0.4286E-01  17.433   2.175E-01   6.918E-04  -1.821E-01   0.000E+00   7.369E-05
  162   -38.00     -27.3    0.391    0.4382E-01  17.468   2.175E-01   6.918E-04  -1.853E-01   0.000E+00   7.369E-05
  161   -39.00     -27.2    0.391    0.4475E-01  17.504   2.175E-01   6.918E-04  -1.883E-01   0.000E+00   7.369E-05
  160   -40.00     -27.1    0.391    0.4565E-01  17.539   2.175E-01   6.918E-04  -1.913E-01   0.000E+00   7.369E-05
  159   -41.00     -27.0    0.391    0.4651E-01  17.575   2.175E-01   6.918E-04  -1.941E-01   0.000E+00   7.369E-05
  158   -42.00     -26.9    0.391    0.4732E-01  17.611   2.175E-01   6.918E-04  -1.968E-01   0.000E+00   7.369E-05
  157   -43.00     -26.8    0.391    0.4806E-01  17.648   2.175E-01   6.918E-04  -1.994E-01   0.000E+00   7.369E-05
  156   -44.00     -26.7    0.391    0.4872E-01  17.684   2.175E-01   6.918E-04  -2.019E-01   0.000E+00   7.369E-05
  155   -45.00     -26.9    0.372    0.4936E-01  17.722   1.287E-01   6.918E-04  -2.040E-01   0.000E+00   7.369E-05
  154   -46.00     -27.5    0.372    0.5010E-01  17.760   1.287E-01   6.918E-04  -2.057E-01   0.000E+00   7.369E-05
  153   -47.00     -28.1    0.371    0.5089E-01  17.798   1.287E-01   6.918E-04  -2.072E-01   0.000E+00   7.369E-05
  152   -48.00     -28.7    0.371    0.5174E-01  17.836   1.287E-01   6.918E-04  -2.086E-01   0.000E+00   7.369E-05
  151   -49.00     -29.3    0.370    0.5265E-01  17.875   1.287E-01   6.918E-04  -2.099E-01   0.000E+00   7.369E-05
  150   -50.00     -29.9    0.370    0.5360E-01  17.914   1.287E-01   6.918E-04  -2.110E-01   0.000E+00   7.369E-05
  149   -51.00     -30.6    0.369    0.5459E-01  17.953   1.287E-01   6.918E-04  -2.120E-01   0.000E+00   7.369E-05
  148   -52.00     -31.2    0.369    0.5562E-01  17.992   1.287E-01   6.918E-04  -2.128E-01   0.000E+00   7.369E-05
  147   -53.00     -31.9    0.368    0.5668E-01  18.030   1.287E-01   6.918E-04  -2.136E-01   0.000E+00   7.369E-05
  146   -54.00     -32.6    0.367    0.5776E-01  18.069   1.287E-01   6.918E-04  -2.142E-01   0.000E+00   7.369E-05
  145   -55.00     -33.2    0.367    0.5886E-01  18.108   1.287E-01   6.918E-04  -2.147E-01   0.000E+00   7.369E-05
  144   -56.00     -33.9    0.366    0.5998E-01  18.147   1.287E-01   6.918E-04  -2.151E-01   0.000E+00   7.369E-05
  143   -57.00     -34.6    0.366    0.6111E-01  18.185   1.287E-01   6.918E-04  -2.154E-01   0.000E+00   7.369E-05
  142   -58.00     -35.2    0.365    0.6226E-01  18.223   1.287E-01   6.918E-04  -2.155E-01   0.000E+00   7.369E-05
  141   -59.00     -35.9    0.364    0.6342E-01  18.260   1.287E-01   6.918E-04  -2.156E-01   0.000E+00   7.369E-05
  140   -60.00     -36.6    0.364    0.6459E-01  18.298   1.287E-01   6.918E-04  -2.156E-01   0.000E+00   7.369E-05
  139   -61.00     -37.3    0.363    0.6577E-01  18.334   1.287E-01   6.918E-04  -2.155E-01   0.000E+00   7.369E-05
  138   -62.00     -37.9    0.363    0.6695E-01  18.371   1.287E-01   6.918E-04  -2.153E-01   0.000E+00   7.369E-05
  137   -63.00     -38.6    0.362    0.6815E-01  18.406   1.287E-01   6.918E-04  -2.151E-01   0.000E+00   7.369E-05
  136   -64.00     -39.3    0.362    0.6935E-01  18.441   1.287E-01   6.918E-04  -2.148E-01   0.000E+00   7.369E-05
  135   -65.00     -40.0    0.361    0.7055E-01  18.476   1.287E-01   6.918E-04  -2.144E-01   0.000E+00   7.369E-05
  134   -66.00     -40.6    0.360    0.7176E-01  18.510   1.287E-01   6.918E-04  -2.139E-01   0.000E+00   7.369E-05
  133   -67.00     -41.3    0.360    0.7297E-01  18.543   1.287E-01   6.918E-04  -2.134E-01   0.000E+00   7.369E-05
  132   -68.00     -41.9    0.359    0.7418E-01  18.576   1.287E-01   6.918E-04  -2.128E-01   0.000E+00   7.369E-05
  131   -69.00     -42.6    0.359    0.7539E-01  18.608   1.287E-01   6.918E-04  -2.121E-01   0.000E+00   7.369E-05
  130   -70.00     -43.2    0.358    0.7661E-01  18.639   1.287E-01   6.918E-04  -2.114E-01   0.000E+00   7.369E-05
  129   -71.00     -43.9    0.358    0.7782E-01  18.670   1.287E-01   6.918E-04  -2.107E-01   0.000E+00   7.369E-05
  128   -72.00     -44.5    0.357    0.7904E-01  18.700   1.287E-01   6.918E-04  -2.099E-01   0.000E+00   7.369E-05
  127   -73.00     -45.1    0.357    0.8025E-01  18.729   1.287E-01   6.918E-04  -2.091E-01   0.000E+00   7.369E-05
  126   -74.00     -45.8    0.356    0.8146E-01  18.758   1.287E-01   6.918E-04  -2.083E-01   0.000E+00   7.369E-05
  125   -75.00     -46.4    0.356    0.8267E-01  18.786   1.287E-01   6.918E-04  -2.074E-01   0.000E+00   7.369E-05
  124   -76.00     -47.0    0.355    0.8387E-01  18.813   1.287E-01   6.918E-04  -2.065E-01   0.000E+00   7.369E-05
  123   -77.00     -47.6    0.355    0.8507E-01  18.839   1.287E-01   6.918E-04  -2.055E-01   0.000E+00   7.369E-05
  122   -78.00     -48.2    0.354    0.8627E-01  18.865   1.287E-01   6.918E-04  -2.046E-01   0.000E+00   7.369E-05
  121   -79.00     -48.8    0.354    0.8747E-01  18.890   1.287E-01   6.918E-04  -2.036E-01   0.000E+00   7.369E-05
  120   -80.00     -49.3    0.353    0.8866E-01  18.915   1.287E-01   6.918E-04  -2.025E-01   0.000E+00   7.369E-05
  119   -81.00     -49.9    0.353    0.8985E-01  18.939   1.287E-01   6.918E-04  -2.015E-01   0.000E+00   7.369E-05
  118   -82.00     -50.5    0.353    0.9103E-01  18.962   1.287E-01   6.918E-04  -2.004E-01   0.000E+00   7.369E-05
  117   -83.00     -51.0    0.352    0.9221E-01  18.985   1.287E-01   6.918E-04  -1.993E-01   0.000E+00   7.369E-05
  116   -84.00     -51.6    0.352    0.9339E-01  19.007   1.287E-01   6.918E-04  -1.983E-01   0.000E+00   7.369E-05
  115   -85.00     -52.1    0.351    0.9456E-01  19.028   1.287E-01   6.918E-04  -1.972E-01   0.000E+00   7.369E-05
  114   -86.00     -52.6    0.351    0.9573E-01  19.049   1.287E-01   6.918E-04  -1.962E-01   0.000E+00   7.369E-05
  113   -87.00     -53.1    0.351    0.9689E-01  19.069   1.287E-01   6.918E-04  -1.951E-01   0.000E+00   7.369E-05
  112   -88.00     -53.7    0.350    0.9805E-01  19.089   1.287E-01   6.918E-04  -1.941E-01   0.000E+00   7.369E-05
  111   -89.00     -54.2    0.350    0.9921E-01  19.108   1.287E-01   6.918E-04  -1.930E-01   0.000E+00   7.369E-05
  110   -90.00     -54.7    0.349    0.1004E+00  19.127   1.287E-01   6.918E-04  -1.919E-01   0.000E+00   7.369E-05
  109   -91.00     -55.1    0.349    0.1015E+00  19.145   1.287E-01   6.918E-04  -1.909E-01   0.000E+00   7.369E-05
  108   -92.00     -55.6    0.349    0.1027E+00  19.163   1.287E-01   6.918E-04  -1.898E-01   0.000E+00   7.369E-05
  107   -93.00     -56.1    0.348    0.1038E+00  19.181   1.287E-01   6.918E-04  -1.887E-01   0.000E+00   7.369E-05
  106   -94.00     -56.6    0.348    0.1049E+00  19.197   1.287E-01   6.918E-04  -1.876E-01   0.000E+00   7.369E-05
  105   -95.00     -57.0    0.348    0.1061E+00  19.214   1.287E-01   6.918E-04  -1.865E-01   0.000E+00   7.369E-05
  104   -96.00     -57.5    0.347    0.1072E+00  19.230   1.287E-01   6.918E-04  -1.855E-01   0.000E+00   7.369E-05
  103   -97.00     -57.9    0.347    0.1083E+00  19.246   1.287E-01   6.918E-04  -1.844E-01   0.000E+00   7.369E-05
  102   -98.00     -58.3    0.347    0.1094E+00  19.261   1.287E-01   6.918E-04  -1.833E-01   0.000E+00   7.369E-05
  101   -99.00     -58.7    0.346    0.1106E+00  19.276   1.287E-01   6.918E-04  -1.823E-01   0.000E+00   7.369E-05
  100  -100.00     -59.2    0.346    0.1117E+00  19.290   1.287E-01   6.918E-04  -1.812E-01   0.000E+00   7.369E-05
   99  -101.00     -59.6    0.346    0.1128E+00  19.304   1.287E-01   6.918E-04  -1.802E-01   0.000E+00   7.369E-05
   98  -102.00     -60.0    0.346    0.1139E+00  19.318   1.287E-01   6.918E-04  -1.792E-01   0.000E+00   7.369E-05
   97  -103.00     -60.3    0.345    0.1150E+00  19.331   1.287E-01   6.918E-04  -1.782E-01   0.000E+00   7.369E-05
   96  -104.00     -60.7    0.345    0.1161E+00  19.344   1.287E-01   6.918E-04  -1.772E-01   0.000E+00   7.369E-05
   95  -105.00     -61.1    0.345    0.1172E+00  19.357   1.287E-01   6.918E-04  -1.762E-01   0.000E+00   7.369E-05
   94  -106.00     -61.5    0.344    0.1184E+00  19.369   1.287E-01   6.918E-04  -1.753E-01   0.000E+00   7.369E-05
   93  -107.00     -61.8    0.344    0.1195E+00  19.381   1.287E-01   6.918E-04  -1.744E-01   0.000E+00   7.369E-05
   92  -108.00     -62.2    0.344    0.1206E+00  19.393   1.287E-01   6.918E-04  -1.736E-01   0.000E+00   7.369E-05
   91  -109.00     -62.5    0.344    0.1217E+00  19.405   1.287E-01   6.918E-04  -1.727E-01   0.000E+00   7.369E-05
   90  -110.00     -62.8    0.340    0.1228E+00  19.416   1.442E-01   6.918E-04  -1.718E-01   0.000E+00   7.369E-05
   89  -111.00     -63.0    0.340    0.1238E+00  19.427   1.442E-01   6.918E-04  -1.710E-01   0.000E+00   7.369E-05
   88  -112.00     -63.2    0.339    0.1248E+00  19.438   1.442E-01   6.918E-04  -1.701E-01   0.000E+00   7.369E-05
   87  -113.00     -63.3    0.339    0.1258E+00  19.448   1.442E-01   6.918E-04  -1.693E-01   0.000E+00   7.369E-05
   86  -114.00     -63.5    0.339    0.1268E+00  19.458   1.442E-01   6.918E-04  -1.685E-01   0.000E+00   7.369E-05
   85  -115.00     -63.7    0.339    0.1278E+00  19.468   1.442E-01   6.918E-04  -1.676E-01   0.000E+00   7.369E-05
   84  -116.00     -63.8    0.339    0.1288E+00  19.478   1.442E-01   6.918E-04  -1.668E-01   0.000E+00   7.369E-05
   83  -117.00     -64.0    0.339    0.1298E+00  19.487   1.442E-01   6.918E-04  -1.660E-01   0.000E+00   7.369E-05
   82  -118.00     -64.1    0.339    0.1307E+00  19.496   1.442E-01   6.918E-04  -1.653E-01   0.000E+00   7.369E-05
   81  -119.00     -64.3    0.339    0.1317E+00  19.505   1.442E-01   6.918E-04  -1.645E-01   0.000E+00   7.369E-05
   80  -120.00     -64.4    0.339    0.1327E+00  19.514   1.442E-01   6.918E-04  -1.637E-01   0.000E+00   7.369E-05
   79  -121.00     -64.5    0.339    0.1336E+00  19.522   1.442E-01   6.918E-04  -1.630E-01   0.000E+00   7.369E-05
   78  -122.00     -64.7    0.338    0.1346E+00  19.531   1.442E-01   6.918E-04  -1.623E-01   0.000E+00   7.369E-05
   77  -123.00     -64.8    0.338    0.1355E+00  19.539   1.442E-01   6.918E-04  -1.616E-01   0.000E+00   7.369E-05
   76  -124.00     -64.9    0.338    0.1365E+00  19.547   1.442E-01   6.918E-04  -1.609E-01   0.000E+00   7.369E-05
   75  -125.00     -65.0    0.338    0.1374E+00  19.554   1.442E-01   6.918E-04  -1.602E-01   0.000E+00   7.369E-05
   74  -126.00     -65.1    0.338    0.1384E+00  19.562   1.442E-01   6.918E-04  -1.595E-01   0.000E+00   7.369E-05
   73  -127.00     -65.2    0.338    0.1393E+00  19.569   1.442E-01   6.918E-04  -1.588E-01   0.000E+00   7.369E-05
   72  -128.00     -65.3    0.338    0.1402E+00  19.576   1.442E-01   6.918E-04  -1.582E-01   0.000E+00   7.369E-05
   71  -129.00     -65.4    0.338    0.1412E+00  19.583   1.442E-01   6.918E-04  -1.576E-01   0.000E+00   7.369E-05
   70  -130.00     -65.5    0.338    0.1421E+00  19.589   1.442E-01   6.918E-04  -1.569E-01   0.000E+00   7.369E-05
   69  -131.00     -65.6    0.338    0.1430E+00  19.596   1.442E-01   6.918E-04  -1.563E-01   0.000E+00   7.369E-05
   68  -132.00     -65.7    0.338    0.1439E+00  19.602   1.442E-01   6.918E-04  -1.557E-01   0.000E+00   7.369E-05
   67  -133.00     -65.8    0.338    0.1448E+00  19.608   1.442E-01   6.918E-04  -1.552E-01   0.000E+00   7.369E-05
   66  -134.00     -65.8    0.338    0.1457E+00  19.614   1.442E-01   6.918E-04  -1.546E-01   0.000E+00   7.369E-05
   65  -135.00     -65.9    0.338    0.1466E+00  19.620   1.442E-01   6.918E-04  -1.540E-01   0.000E+00   7.369E-05
   64  -136.00     -66.0    0.338    0.1475E+00  19.626   1.442E-01   6.918E-04  -1.535E-01   0.000E+00   7.369E-05
   63  -137.00     -66.0    0.337    0.1484E+00  19.631   1.442E-01   6.918E-04  -1.530E-01   0.000E+00   7.369E-05
   62  -138.00     -66.1    0.337    0.1493E+00  19.636   1.442E-01   6.918E-04  -1.524E-01   0.000E+00   7.369E-05
   61  -139.00     -66.2    0.337    0.1502E+00  19.642   1.442E-01   6.918E-04  -1.519E-01   0.000E+00   7.369E-05
   60  -140.00     -66.2    0.337    0.1511E+00  19.647   1.442E-01   6.918E-04  -1.515E-01   0.000E+00   7.369E-05
   59  -141.00     -66.3    0.337    0.1520E+00  19.651   1.442E-01   6.918E-04  -1.510E-01   0.000E+00   7.369E-05
   58  -142.00     -66.3    0.337    0.1529E+00  19.656   1.442E-01   6.918E-04  -1.505E-01   0.000E+00   7.369E-05
   57  -143.00     -66.3    0.337    0.1538E+00  19.661   1.442E-01   6.918E-04  -1.501E-01   0.000E+00   7.369E-05
   56  -144.00     -66.4    0.337    0.1546E+00  19.665   1.442E-01   6.918E-04  -1.496E-01   0.000E+00   7.369E-05
   55  -145.00     -66.4    0.337    0.1555E+00  19.670   1.442E-01   6.918E-04  -1.492E-01   0.000E+00   7.369E-05
   54  -146.00     -66.4    0.337    0.1564E+00  19.674   1.442E-01   6.918E-04  -1.488E-01   0.000E+00   7.369E-05
   53  -147.00     -66.5    0.337    0.1572E+00  19.678   1.442E-01   6.918E-04  -1.484E-01   0.000E+00   7.369E-05
   52  -148.00     -66.5    0.337    0.1581E+00  19.682   1.442E-01   6.918E-04  -1.480E-01   0.000E+00   7.369E-05
   51  -149.00     -66.5    0.337    0.1589E+00  19.686   1.442E-01   6.918E-04  -1.476E-01   0.000E+00   7.369E-05
   50  -150.00     -66.6    0.337    0.1598E+00  19.690   1.442E-01   6.918E-04  -1.472E-01   0.000E+00   7.369E-05
   49  -151.00     -66.6    0.337    0.1606E+00  19.693   1.442E-01   6.918E-04  -1.468E-01   0.000E+00   7.369E-05
   48  -152.00     -66.6    0.337    0.1615E+00  19.697   1.442E-01   6.918E-04  -1.465E-01   0.000E+00   7.369E-05
   47  -153.00     -66.6    0.337    0.1623E+00  19.701   1.442E-01   6.918E-04  -1.462E-01   0.000E+00   7.369E-05
   46  -154.00     -66.6    0.337    0.1632E+00  19.704   1.442E-01   6.918E-04  -1.458E-01   0.000E+00   7.369E-05
   45  -155.00     -66.6    0.337    0.1640E+00  19.707   1.442E-01   6.918E-04  -1.455E-01   0.000E+00   7.369E-05
   44  -156.00     -66.6    0.337    0.1648E+00  19.710   1.442E-01   6.918E-04  -1.452E-01   0.000E+00   7.369E-05
   43  -157.00     -66.6    0.337    0.1656E+00  19.713   1.442E-01   6.918E-04  -1.449E-01   0.000E+00   7.369E-05
   42  -158.00     -66.6    0.337    0.1665E+00  19.716   1.442E-01   6.918E-04  -1.446E-01   0.000E+00   7.369E-05
   41  -159.00     -66.6    0.337    0.1673E+00  19.719   1.442E-01   6.918E-04  -1.443E-01   0.000E+00   7.369E-05
   40  -160.00     -66.6    0.337    0.1681E+00  19.722   1.442E-01   6.918E-04  -1.440E-01   0.000E+00   7.369E-05
   39  -161.00     -66.6    0.337    0.1689E+00  19.725   1.442E-01   6.918E-04  -1.438E-01   0.000E+00   7.369E-05
   38  -162.00     -66.6    0.337    0.1697E+00  19.727   1.442E-01   6.918E-04  -1.435E-01   0.000E+00   7.369E-05
   37  -163.00     -66.6    0.337    0.1705E+00  19.730   1.442E-01   6.918E-04  -1.433E-01   0.000E+00   7.369E-05
   36  -164.00     -66.6    0.337    0.1713E+00  19.732   1.442E-01   6.918E-04  -1.430E-01   0.000E+00   7.369E-05
   35  -165.00     -66.6    0.337    0.1721E+00  19.735   1.442E-01   6.918E-04  -1.428E-01   0.000E+00   7.369E-05
   34  -166.00     -66.6    0.337    0.1729E+00  19.737   1.442E-01   6.918E-04  -1.426E-01   0.000E+00   7.369E-05
   33  -167.00     -66.6    0.337    0.1736E+00  19.739   1.442E-01   6.918E-04  -1.424E-01   0.000E+00   7.369E-05
   32  -168.00     -66.6    0.337    0.1744E+00  19.741   1.442E-01   6.918E-04  -1.422E-01   0.000E+00   7.369E-05
   31  -169.00     -66.6    0.337    0.1752E+00  19.743   1.442E-01   6.918E-04  -1.420E-01   0.000E+00   7.369E-05
   30  -170.00     -66.6    0.337    0.1760E+00  19.745   1.442E-01   6.918E-04  -1.418E-01   0.000E+00   7.369E-05
   29  -171.00     -66.5    0.337    0.1767E+00  19.747   1.442E-01   6.918E-04  -1.416E-01   0.000E+00   7.369E-05
   28  -172.00     -66.5    0.337    0.1775E+00  19.749   1.442E-01   6.918E-04  -1.414E-01   0.000E+00   7.369E-05
   27  -173.00     -66.5    0.337    0.1782E+00  19.750   1.442E-01   6.918E-04  -1.412E-01   0.000E+00   7.369E-05
   26  -174.00     -66.5    0.337    0.1790E+00  19.752   1.442E-01   6.918E-04  -1.411E-01   0.000E+00   7.369E-05
   25  -175.00     -66.5    0.337    0.1797E+00  19.754   1.442E-01   6.918E-04  -1.409E-01   0.000E+00   7.369E-05
   24  -176.00     -66.4    0.337    0.1804E+00  19.755   1.442E-01   6.918E-04  -1.408E-01   0.000E+00   7.369E-05
   23  -177.00     -66.4    0.337    0.1811E+00  19.757   1.442E-01   6.918E-04  -1.406E-01   0.000E+00   7.369E-05
   22  -178.00     -66.4    0.337    0.1819E+00  19.758   1.442E-01   6.918E-04  -1.405E-01   0.000E+00   7.369E-05
   21  -179.00     -66.4    0.337    0.1826E+00  19.759   1.442E-01   6.918E-04  -1.404E-01   0.000E+00   7.369E-05
   20  -180.00     -66.3    0.337    0.1833E+00  19.761   1.442E-01   6.918E-04  -1.403E-01   0.000E+00   7.369E-05
   19  -181.00     -66.3    0.337    0.1840E+00  19.762   1.442E-01   6.918E-04  -1.401E-01   0.000E+00   7.369E-05
   18  -182.00     -66.3    0.337    0.1847E+00  19.763   1.442E-01   6.918E-04  -1.400E-01   0.000E+00   7.369E-05
   17  -183.00     -66.2    0.337    0.1854E+00  19.764   1.442E-01   6.918E-04  -1.399E-01   0.000E+00   7.369E-05
   16  -184.00     -66.2    0.337    0.1860E+00  19.765   1.442E-01   6.918E-04  -1.398E-01   0.000E+00   7.369E-05
   15  -185.00     -66.2    0.337    0.1867E+00  19.766   1.442E-01   6.918E-04  -1.398E-01   0.000E+00   7.369E-05
   14  -186.00     -66.1    0.337    0.1874E+00  19.767   1.442E-01   6.918E-04  -1.397E-01   0.000E+00   7.369E-05
   13  -187.00     -66.1    0.337    0.1881E+00  19.768   1.442E-01   6.918E-04  -1.396E-01   0.000E+00   7.369E-05
   12  -188.00     -66.1    0.337    0.1888E+00  19.768   1.442E-01   6.918E-04  -1.395E-01   0.000E+00   7.369E-05
   11  -189.00     -66.1    0.337    0.1894E+00  19.769   1.442E-01   6.918E-04  -1.394E-01   0.000E+00   7.369E-05
   10  -190.00     -66.0    0.337    0.1901E+00  19.769   1.442E-01   6.918E-04  -1.394E-01   0.000E+00   7.369E-05
    9  -191.00     -66.0    0.338    0.1908E+00  19.770   1.442E-01   6.918E-04  -1.393E-01   0.000E+00   7.369E-05
    8  -192.00     -66.0    0.338    0.1915E+00  19.770   1.442E-01   6.918E-04  -1.393E-01   0.000E+00   7.369E-05
    7  -193.00     -65.9    0.338    0.1922E+00  19.771   1.442E-01   6.918E-04  -1.392E-01   0.000E+00   7.369E-05
    6  -194.00     -65.9    0.338    0.1930E+00  19.771   1.442E-01   6.918E-04  -1.392E-01   0.000E+00   7.369E-05
    5  -195.00     -65.8    0.338    0.1937E+00  19.771   1.442E-01   6.918E-04  -1.391E-01   0.000E+00   7.369E-05
    4  -196.00     -65.8    0.338    0.1945E+00  19.772   1.442E-01   6.918E-04  -1.391E-01   0.000E+00   7.369E-05
    3  -197.00     -65.8    0.338    0.1953E+00  19.772   1.442E-01   6.918E-04  -1.391E-01   0.000E+00   7.369E-05
    2  -198.00     -65.7    0.338    0.1962E+00  19.772   1.442E-01   6.918E-04  -1.391E-01   0.000E+00   7.369E-05
    1  -199.00     -65.7    0.338    0.1971E+00  19.772   1.442E-01   6.918E-04  -1.391E-01   0.000E+00   7.369E-05
#Time:    8784
  222     0.00    -245.0    0.277    0.3800E-03   0.458   2.848E-01   7.118E-04  -2.459E-03   0.000E+00   6.546E-05
  221    -0.10    -244.9    0.277    0.4885E-03   0.532   2.848E-01   7.118E-04  -2.463E-03   0.000E+00   6.546E-05
  220    -0.20    -244.8    0.277    0.5964E-03   0.717   2.848E-01   7.118E-04  -2.473E-03   0.000E+00   6.546E-05
  219    -0.30    -244.7    0.277    0.7039E-03   0.961   2.848E-01   7.118E-04  -2.483E-03   0.000E+00   6.546E-05
  218    -0.40    -244.6    0.277    0.8115E-03   1.229   2.848E-01   7.118E-04  -2.493E-03   0.000E+00   6.546E-05
  217    -0.50    -244.5    0.277    0.9191E-03   1.500   2.848E-01   7.118E-04  -2.503E-03   0.000E+00   6.546E-05
  216    -0.60    -244.5    0.277    0.1027E-02   1.764   2.848E-01   7.118E-04  -2.512E-03   0.000E+00   6.546E-05
  215    -0.70    -244.4    0.277    0.1135E-02   2.019   2.848E-01   7.118E-04  -2.522E-03   0.000E+00   6.546E-05
  214    -0.80    -244.3    0.277    0.1242E-02   2.264   2.848E-01   7.118E-04  -2.532E-03   0.000E+00   6.546E-05
  213    -0.90    -244.2    0.277    0.1350E-02   2.499   2.848E-01   7.118E-04  -2.542E-03   0.000E+00   6.546E-05
  212    -1.00    -244.1    0.277    0.1458E-02   2.727   2.848E-01   7.118E-04  -2.557E-03   0.000E+00   6.546E-05
  211    -1.20    -243.9    0.277    0.1672E-02   3.165   2.848E-01   7.118E-04  -2.571E-03   0.000E+00   6.546E-05
  210    -1.40    -243.7    0.277    0.1885E-02   3.589   2.848E-01   7.118E-04  -2.591E-03   0.000E+00   6.546E-05
  209    -1.60    -243.5    0.277    0.2097E-02   4.008   2.848E-01   7.118E-04  -2.611E-03   0.000E+00   6.546E-05
  208    -1.80    -243.3    0.277    0.2308E-02   4.426   2.848E-01   7.118E-04  -2.631E-03   0.000E+00   6.546E-05
  207    -2.00    -243.1    0.277    0.2518E-02   4.844   2.848E-01   7.118E-04  -2.650E-03   0.000E+00   6.546E-05
  206    -2.20    -242.9    0.277    0.2727E-02   5.262   2.848E-01   7.118E-04  -2.670E-03   0.000E+00   6.546E-05
  205    -2.40    -242.7    0.277    0.2935E-02   5.678   2.848E-01   7.118E-04  -2.690E-03   0.000E+00   6.546E-05
  204    -2.60    -242.5    0.277    0.3144E-02   6.091   2.848E-01   7.118E-04  -2.710E-03   0.000E+00   6.546E-05
  203    -2.80    -242.3    0.278    0.3352E-02   6.499   2.848E-01   7.118E-04  -2.730E-03   0.000E+00   6.546E-05
  202    -3.00    -242.1    0.278    0.3559E-02   6.900   2.848E-01   7.118E-04  -2.765E-03   0.000E+00   6.546E-05
  201    -3.50    -241.6    0.278    0.4077E-02   7.873   2.848E-01   7.118E-04  -2.800E-03   0.000E+00   6.546E-05
  200    -4.00    -241.1    0.278    0.4593E-02   8.798   2.848E-01   7.118E-04  -2.850E-03   0.000E+00   6.546E-05
  199    -4.50    -240.6    0.278    0.5107E-02   9.672   2.848E-01   7.118E-04  -2.901E-03   0.000E+00   6.546E-05
  198    -5.00    -240.1    0.278    0.5620E-02  10.495   2.848E-01   7.118E-04  -2.952E-03   0.000E+00   6.546E-05
  197    -5.50    -239.6    0.278    0.6131E-02  11.265   2.848E-01   7.118E-04  -3.003E-03   0.000E+00   6.546E-05
  196    -6.00    -239.1    0.278    0.6643E-02  11.981   2.848E-01   7.118E-04  -3.054E-03   0.000E+00   6.546E-05
  195    -6.50    -238.6    0.278    0.7154E-02  12.642   2.848E-01   7.118E-04  -3.105E-03   0.000E+00   6.546E-05
  194    -7.00    -238.1    0.279    0.7665E-02  13.247   2.848E-01   7.118E-04  -3.157E-03   0.000E+00   6.546E-05
  193    -7.50    -237.6    0.279    0.8175E-02  13.798   2.848E-01   7.118E-04  -3.208E-03   0.000E+00   6.546E-05
  192    -8.00    -237.1    0.279    0.8686E-02  14.296   2.848E-01   7.118E-04  -3.286E-03   0.000E+00   6.546E-05
  191    -9.00    -236.1    0.279    0.9707E-02  15.144   2.848E-01   7.118E-04  -3.365E-03   0.000E+00   6.546E-05
  190   -10.00    -235.1    0.279    0.1072E-01  15.811   2.848E-01   7.118E-04  -3.470E-03   0.000E+00   6.546E-05
  189   -11.00    -234.2    0.280    0.1174E-01  16.323   2.848E-01   7.118E-04  -3.576E-03   0.000E+00   6.546E-05
  188   -12.00    -233.2    0.280    0.1276E-01  16.705   2.848E-01   7.118E-04  -3.683E-03   0.000E+00   6.546E-05
  187   -13.00    -232.2    0.280    0.1376E-01  16.983   2.848E-01   7.118E-04  -3.790E-03   0.000E+00   6.546E-05
  186   -14.00    -231.2    0.280    0.1476E-01  17.179   2.848E-01   7.118E-04  -3.887E-03   0.000E+00   6.546E-05
  185   -15.00    -230.2    0.281    0.1576E-01  17.312   2.848E-01   7.118E-04  -3.974E-03   0.000E+00   6.546E-05
  184   -16.00    -229.2    0.281    0.1674E-01  17.398   2.848E-01   7.118E-04  -4.061E-03   0.000E+00   6.546E-05
  183   -17.00    -228.2    0.281    0.1771E-01  17.449   2.848E-01   7.118E-04  -4.149E-03   0.000E+00   6.546E-05
  182   -18.00    -227.3    0.281    0.1867E-01  17.475   2.848E-01   7.118E-04  -4.239E-03   0.000E+00   6.546E-05
  181   -19.00    -226.3    0.282    0.1962E-01  17.483   2.848E-01   7.118E-04  -4.329E-03   0.000E+00   6.546E-05
  180   -20.00    -225.3    0.282    0.2056E-01  17.477   2.848E-01   7.118E-04  -4.421E-03   0.000E+00   6.546E-05
  179   -21.00    -224.3    0.282    0.2149E-01  17.461   2.848E-01   7.118E-04  -4.514E-03   0.000E+00   6.546E-05
  178   -22.00    -223.3    0.283    0.2241E-01  17.439   2.848E-01   7.118E-04  -4.609E-03   0.000E+00   6.546E-05
  177   -23.00    -222.3    0.283    0.2332E-01  17.411   2.848E-01   7.118E-04  -4.705E-03   0.000E+00   6.546E-05
  176   -24.00    -221.4    0.283    0.2422E-01  17.380   2.848E-01   7.118E-04  -4.802E-03   0.000E+00   6.546E-05
  175   -25.00    -220.4    0.283    0.2511E-01  17.347   2.848E-01   7.118E-04  -4.901E-03   0.000E+00   6.546E-05
  174   -26.00    -219.4    0.284    0.2599E-01  17.313   2.848E-01   7.118E-04  -5.002E-03   0.000E+00   6.546E-05
  173   -27.00    -218.4    0.284    0.2686E-01  17.278   2.848E-01   7.118E-04  -5.104E-03   0.000E+00   6.546E-05
  172   -28.00    -217.4    0.284    0.2773E-01  17.243   2.848E-01   7.118E-04  -5.208E-03   0.000E+00   6.546E-05
  171   -29.00    -216.4    0.285    0.2858E-01  17.209   2.848E-01   7.118E-04  -5.313E-03   0.000E+00   6.546E-05
  170   -30.00    -215.5    0.280    0.2950E-01  17.177   2.175E-01   7.118E-04  -5.418E-03   0.000E+00   6.546E-05
  169   -31.00    -214.5    0.280    0.3050E-01  17.146   2.175E-01   7.118E-04  -5.523E-03   0.000E+00   6.546E-05
  168   -32.00    -213.5    0.280    0.3148E-01  17.117   2.175E-01   7.118E-04  -5.628E-03   0.000E+00   6.546E-05
  167   -33.00    -212.5    0.281    0.3246E-01  17.091   2.175E-01   7.118E-04  -5.736E-03   0.000E+00   6.546E-05
  166   -34.00    -211.6    0.281    0.3342E-01  17.068   2.175E-01   7.118E-04  -5.845E-03   0.000E+00   6.546E-05
  165   -35.00    -210.6    0.281    0.3437E-01  17.047   2.175E-01   7.118E-04  -5.955E-03   0.000E+00   6.546E-05
  164   -36.00    -209.6    0.281    0.3531E-01  17.030   2.175E-01   7.118E-04  -6.067E-03   0.000E+00   6.546E-05
  163   -37.00    -208.6    0.282    0.3624E-01  17.015   2.175E-01   7.118E-04  -6.181E-03   0.000E+00   6.546E-05
  162   -38.00    -207.7    0.282    0.3716E-01  17.003   2.175E-01   7.118E-04  -6.296E-03   0.000E+00   6.546E-05
  161   -39.00    -206.7    0.282    0.3806E-01  16.995   2.175E-01   7.118E-04  -6.412E-03   0.000E+00   6.546E-05
  160   -40.00    -205.7    0.283    0.3896E-01  16.989   2.175E-01   7.118E-04  -6.529E-03   0.000E+00   6.546E-05
  159   -41.00    -204.8    0.283    0.3984E-01  16.986   2.175E-01   7.118E-04  -6.648E-03   0.000E+00   6.546E-05
  158   -42.00    -203.8    0.283    0.4071E-01  16.986   2.175E-01   7.118E-04  -6.767E-03   0.000E+00   6.546E-05
  157   -43.00    -202.8    0.283    0.4157E-01  16.988   2.175E-01   7.118E-04  -6.888E-03   0.000E+00   6.546E-05
  156   -44.00    -201.9    0.284    0.4241E-01  16.993   2.175E-01   7.118E-04  -7.010E-03   0.000E+00   6.546E-05
  155   -45.00    -200.9    0.284    0.4345E-01  17.000   1.287E-01   7.118E-04  -7.126E-03   0.000E+00   6.546E-05
  154   -46.00    -200.0    0.285    0.4480E-01  17.010   1.287E-01   7.118E-04  -7.234E-03   0.000E+00   6.546E-05
  153   -47.00    -199.0    0.285    0.4615E-01  17.021   1.287E-01   7.118E-04  -7.343E-03   0.000E+00   6.546E-05
  152   -48.00    -198.1    0.285    0.4749E-01  17.034   1.287E-01   7.118E-04  -7.453E-03   0.000E+00   6.546E-05
  151   -49.00    -197.1    0.285    0.4883E-01  17.048   1.287E-01   7.118E-04  -7.563E-03   0.000E+00   6.546E-05
  150   -50.00    -196.2    0.285    0.5017E-01  17.064   1.287E-01   7.118E-04  -7.674E-03   0.000E+00   6.546E-05
  149   -51.00    -195.2    0.286    0.5150E-01  17.082   1.287E-01   7.118E-04  -7.775E-03   0.000E+00   6.546E-05
  148   -52.00    -194.3    0.286    0.5284E-01  17.100   1.287E-01   7.118E-04  -7.867E-03   0.000E+00   6.546E-05
  147   -53.00    -193.4    0.286    0.5417E-01  17.120   1.287E-01   7.118E-04  -7.959E-03   0.000E+00   6.546E-05
  146   -54.00    -192.4    0.287    0.5550E-01  17.140   1.287E-01   7.118E-04  -8.051E-03   0.000E+00   6.546E-05
  145   -55.00    -191.5    0.287    0.5683E-01  17.161   1.287E-01   7.118E-04  -8.144E-03   0.000E+00   6.546E-05
  144   -56.00    -190.6    0.287    0.5816E-01  17.182   1.287E-01   7.118E-04  -8.237E-03   0.000E+00   6.546E-05
  143   -57.00    -189.6    0.287    0.5949E-01  17.204   1.287E-01   7.118E-04  -8.332E-03   0.000E+00   6.546E-05
  142   -58.00    -188.7    0.288    0.6082E-01  17.227   1.287E-01   7.118E-04  -8.427E-03   0.000E+00   6.546E-05
  141   -59.00    -187.8    0.288    0.6215E-01  17.249   1.287E-01   7.118E-04  -8.523E-03   0.000E+00   6.546E-05
  140   -60.00    -186.8    0.288    0.6348E-01  17.272   1.287E-01   7.118E-04  -8.620E-03   0.000E+00   6.546E-05
  139   -61.00    -185.9    0.289    0.6480E-01  17.295   1.287E-01   7.118E-04  -8.717E-03   0.000E+00   6.546E-05
  138   -62.00    -185.0    0.289    0.6613E-01  17.318   1.287E-01   7.118E-04  -8.816E-03   0.000E+00   6.546E-05
  137   -63.00    -184.0    0.289    0.6745E-01  17.341   1.287E-01   7.118E-04  -8.916E-03   0.000E+00   6.546E-05
  136   -64.00    -183.1    0.289    0.6877E-01  17.363   1.287E-01   7.118E-04  -9.017E-03   0.000E+00   6.546E-05
  135   -65.00    -182.2    0.290    0.7009E-01  17.386   1.287E-01   7.118E-04  -9.119E-03   0.000E+00   6.546E-05
  134   -66.00    -181.2    0.290    0.7141E-01  17.408   1.287E-01   7.118E-04  -9.222E-03   0.000E+00   6.546E-05
  133   -67.00    -180.3    0.290    0.7272E-01  17.431   1.287E-01   7.118E-04  -9.325E-03   0.000E+00   6.546E-05
  132   -68.00    -179.4    0.291    0.7404E-01  17.453   1.287E-01   7.118E-04  -9.430E-03   0.000E+00   6.546E-05
  131   -69.00    -178.5    0.291    0.7535E-01  17.474   1.287E-01   7.118E-04  -9.535E-03   0.000E+00   6.546E-05
  130   -70.00    -177.5    0.291    0.7666E-01  17.496   1.287E-01   7.118E-04  -9.642E-03   0.000E+00   6.546E-05
  129   -71.00    -176.6    0.291    0.7797E-01  17.517   1.287E-01   7.118E-04  -9.749E-03   0.000E+00   6.546E-05
  128   -72.00    -175.7    0.292    0.7927E-01  17.538   1.287E-01   7.118E-04  -9.857E-03   0.000E+00   6.546E-05
  127   -73.00    -174.8    0.292    0.8058E-01  17.558   1.287E-01   7.118E-04  -9.966E-03   0.000E+00   6.546E-05
  126   -74.00    -173.8    0.292    0.8188E-01  17.578   1.287E-01   7.118E-04  -1.008E-02   0.000E+00   6.546E-05
  125   -75.00    -172.9    0.292    0.8318E-01  17.598   1.287E-01   7.118E-04  -1.019E-02   0.000E+00   6.546E-05
  124   -76.00    -172.0    0.293    0.8447E-01  17.618   1.287E-01   7.118E-04  -1.030E-02   0.000E+00   6.546E-05
  123   -77.00    -171.1    0.293    0.8577E-01  17.637   1.287E-01   7.118E-04  -1.041E-02   0.000E+00   6.546E-05
  122   -78.00    -170.2    0.293    0.8706E-01  17.656   1.287E-01   7.118E-04  -1.052E-02   0.000E+00   6.546E-05
  121   -79.00    -169.2    0.294    0.8834E-01  17.675   1.287E-01   7.118E-04  -1.063E-02   0.000E+00   6.546E-05
  120   -80.00    -168.3    0.294    0.8963E-01  17.693   1.287E-01   7.118E-04  -1.074E-02   0.000E+00   6.546E-05
  119   -81.00    -167.4    0.294    0.9091E-01  17.712   1.287E-01   7.118E-04  -1.086E-02   0.000E+00   6.546E-05
  118   -82.00    -166.5    0.294    0.9219E-01  17.729   1.287E-01   7.118E-04  -1.097E-02   0.000E+00   6.546E-05
  117   -83.00    -165.6    0.295    0.9346E-01  17.747   1.287E-01   7.118E-04  -1.107E-02   0.000E+00   6.546E-05
  116   -84.00    -164.7    0.295    0.9473E-01  17.765   1.287E-01   7.118E-04  -1.116E-02   0.000E+00   6.546E-05
  115   -85.00    -163.8    0.295    0.9601E-01  17.782   1.287E-01   7.118E-04  -1.125E-02   0.000E+00   6.546E-05
  114   -86.00    -162.8    0.296    0.9728E-01  17.799   1.287E-01   7.118E-04  -1.133E-02   0.000E+00   6.546E-05
  113   -87.00    -161.9    0.296    0.9854E-01  17.816   1.287E-01   7.118E-04  -1.142E-02   0.000E+00   6.546E-05
  112   -88.00    -161.0    0.296    0.9981E-01  17.832   1.287E-01   7.118E-04  -1.151E-02   0.000E+00   6.546E-05
  111   -89.00    -160.1    0.297    0.1011E+00  17.849   1.287E-01   7.118E-04  -1.160E-02   0.000E+00   6.546E-05
  110   -90.00    -159.2    0.297    0.1023E+00  17.865   1.287E-01   7.118E-04  -1.170E-02   0.000E+00   6.546E-05
  109   -91.00    -158.3    0.297    0.1036E+00  17.881   1.287E-01   7.118E-04  -1.179E-02   0.000E+00   6.546E-05
  108   -92.00    -157.4    0.298    0.1049E+00  17.897   1.287E-01   7.118E-04  -1.188E-02   0.000E+00   6.546E-05
  107   -93.00    -156.5    0.298    0.1061E+00  17.913   1.287E-01   7.118E-04  -1.198E-02   0.000E+00   6.546E-05
  106   -94.00    -155.6    0.298    0.1074E+00  17.928   1.287E-01   7.118E-04  -1.207E-02   0.000E+00   6.546E-05
  105   -95.00    -154.7    0.299    0.1086E+00  17.944   1.287E-01   7.118E-04  -1.217E-02   0.000E+00   6.546E-05
  104   -96.00    -153.8    0.299    0.1099E+00  17.959   1.287E-01   7.118E-04  -1.227E-02   0.000E+00   6.546E-05
  103   -97.00    -152.9    0.299    0.1111E+00  17.975   1.287E-01   7.118E-04  -1.236E-02   0.000E+00   6.546E-05
  102   -98.00    -151.9    0.299    0.1124E+00  17.990   1.287E-01   7.118E-04  -1.246E-02   0.000E+00   6.546E-05
  101   -99.00    -151.0    0.300    0.1136E+00  18.005   1.287E-01   7.118E-04  -1.256E-02   0.000E+00   6.546E-05
  100  -100.00    -150.1    0.300    0.1148E+00  18.020   1.287E-01   7.118E-04  -1.266E-02   0.000E+00   6.546E-05
   99  -101.00    -149.2    0.300    0.1161E+00  18.035   1.287E-01   7.118E-04  -1.276E-02   0.000E+00   6.546E-05
   98  -102.00    -148.3    0.301    0.1173E+00  18.050   1.287E-01   7.118E-04  -1.286E-02   0.000E+00   6.546E-05
   97  -103.00    -147.4    0.301    0.1185E+00  18.065   1.287E-01   7.118E-04  -1.296E-02   0.000E+00   6.546E-05
   96  -104.00    -146.5    0.301    0.1198E+00  18.080   1.287E-01   7.118E-04  -1.307E-02   0.000E+00   6.546E-05
   95  -105.00    -145.6    0.302    0.1210E+00  18.094   1.287E-01   7.118E-04  -1.317E-02   0.000E+00   6.546E-05
   94  -106.00    -144.7    0.302    0.1222E+00  18.109   1.287E-01   7.118E-04  -1.327E-02   0.000E+00   6.546E-05
   93  -107.00    -143.8    0.302    0.1234E+00  18.123   1.287E-01   7.118E-04  -1.337E-02   0.000E+00   6.546E-05
   92  -108.00    -143.0    0.303    0.1246E+00  18.138   1.287E-01   7.118E-04  -1.347E-02   0.000E+00   6.546E-05
   91  -109.00    -142.1    0.303    0.1259E+00  18.152   1.287E-01   7.118E-04  -1.357E-02   0.000E+00   6.546E-05
   90  -110.00    -141.2    0.299    0.1270E+00  18.167   1.442E-01   7.118E-04  -1.366E-02   0.000E+00   6.546E-05
   89  -111.00    -140.3    0.299    0.1281E+00  18.181   1.442E-01   7.118E-04  -1.376E-02   0.000E+00   6.546E-05
   88  -112.00    -139.3    0.300    0.1292E+00  18.195   1.442E-01   7.118E-04  -1.385E-02   0.000E+00   6.546E-05
   87  -113.00    -138.4    0.300    0.1304E+00  18.209   1.442E-01   7.118E-04  -1.393E-02   0.000E+00   6.546E-05
   86  -114.00    -137.5    0.300    0.1315E+00  18.224   1.442E-01   7.118E-04  -1.401E-02   0.000E+00   6.546E-05
   85  -115.00    -136.6    0.301    0.1326E+00  18.238   1.442E-01   7.118E-04  -1.409E-02   0.000E+00   6.546E-05
   84  -116.00    -135.7    0.301    0.1337E+00  18.252   1.442E-01   7.118E-04  -1.417E-02   0.000E+00   6.546E-05
   83  -117.00    -134.8    0.302    0.1348E+00  18.266   1.442E-01   7.118E-04  -1.425E-02   0.000E+00   6.546E-05
   82  -118.00    -133.9    0.302    0.1358E+00  18.280   1.442E-01   7.118E-04  -1.434E-02   0.000E+00   6.546E-05
   81  -119.00    -133.0    0.302    0.1369E+00  18.293   1.442E-01   7.118E-04  -1.442E-02   0.000E+00   6.546E-05
   80  -120.00    -132.1    0.303    0.1380E+00  18.307   1.442E-01   7.118E-04  -1.451E-02   0.000E+00   6.546E-05
   79  -121.00    -131.2    0.303    0.1391E+00  18.321   1.442E-01   7.118E-04  -1.459E-02   0.000E+00   6.546E-05
   78  -122.00    -130.3    0.303    0.1402E+00  18.335   1.442E-01   7.118E-04  -1.468E-02   0.000E+00   6.546E-05
   77  -123.00    -129.4    0.304    0.1412E+00  18.348   1.442E-01   7.118E-04  -1.477E-02   0.000E+00   6.546E-05
   76  -124.00    -128.5    0.304    0.1423E+00  18.362   1.442E-01   7.118E-04  -1.485E-02   0.000E+00   6.546E-05
   75  -125.00    -127.6    0.305    0.1434E+00  18.375   1.442E-01   7.118E-04  -1.494E-02   0.000E+00   6.546E-05
   74  -126.00    -126.8    0.305    0.1444E+00  18.388   1.442E-01   7.118E-04  -1.503E-02   0.000E+00   6.546E-05
   73  -127.00    -125.9    0.305    0.1455E+00  18.401   1.442E-01   7.118E-04  -1.511E-02   0.000E+00   6.546E-05
   72  -128.00    -125.0    0.306    0.1465E+00  18.415   1.442E-01   7.118E-04  -1.520E-02   0.000E+00   6.546E-05
   71  -129.00    -124.1    0.306    0.1476E+00  18.428   1.442E-01   7.118E-04  -1.529E-02   0.000E+00   6.546E-05
   70  -130.00    -123.2    0.306    0.1486E+00  18.441   1.442E-01   7.118E-04  -1.537E-02   0.000E+00   6.546E-05
   69  -131.00    -122.3    0.307    0.1496E+00  18.453   1.442E-01   7.118E-04  -1.546E-02   0.000E+00   6.546E-05
   68  -132.00    -121.4    0.307    0.1507E+00  18.466   1.442E-01   7.118E-04  -1.554E-02   0.000E+00   6.546E-05
   67  -133.00    -120.5    0.307    0.1517E+00  18.479   1.442E-01   7.118E-04  -1.563E-02   0.000E+00   6.546E-05
   66  -134.00    -119.6    0.308    0.1527E+00  18.491   1.442E-01   7.118E-04  -1.571E-02   0.000E+00   6.546E-05
   65  -135.00    -118.7    0.308    0.1537E+00  18.504   1.442E-01   7.118E-04  -1.579E-02   0.000E+00   6.546E-05
   64  -136.00    -117.8    0.309    0.1547E+00  18.516   1.442E-01   7.118E-04  -1.587E-02   0.000E+00   6.546E-05
   63  -137.00    -116.9    0.309    0.1557E+00  18.528   1.442E-01   7.118E-04  -1.594E-02   0.000E+00   6.546E-05
   62  -138.00    -116.0    0.309    0.1567E+00  18.541   1.442E-01   7.118E-04  -1.602E-02   0.000E+00   6.546E-05
   61  -139.00    -115.2    0.310    0.1577E+00  18.553   1.442E-01   7.118E-04  -1.609E-02   0.000E+00   6.546E-05
   60  -140.00    -114.3    0.310    0.1587E+00  18.564   1.442E-01   7.118E-04  -1.616E-02   0.000E+00   6.546E-05
   59  -141.00    -113.4    0.311    0.1596E+00  18.576   1.442E-01   7.118E-04  -1.624E-02   0.000E+00   6.546E-05
   58  -142.00    -112.5    0.311    0.1606E+00  18.588   1.442E-01   7.118E-04  -1.631E-02   0.000E+00   6.546E-05
   57  -143.00    -111.6    0.312    0.1616E+00  18.599   1.442E-01   7.118E-04  -1.638E-02   0.000E+00   6.546E-05
   56  -144.00    -110.7    0.312    0.1625E+00  18.611   1.442E-01   7.118E-04  -1.645E-02   0.000E+00   6.546E-05
   55  -145.00    -109.8    0.312    0.1635E+00  18.622   1.442E-01   7.118E-04  -1.652E-02   0.000E+00   6.546E-05
   54  -146.00    -108.9    0.313    0.1644E+00  18.633   1.442E-01   7.118E-04  -1.659E-02   0.000E+00   6.546E-05
   53  -147.00    -108.1    0.313    0.1654E+00  18.644   1.442E-01   7.118E-04  -1.666E-02   0.000E+00   6.546E-05
   52  -148.00    -107.2    0.314    0.1663E+00  18.655   1.442E-01   7.118E-04  -1.673E-02   0.000E+00   6.546E-05
   51  -149.00    -106.3    0.314    0.1672E+00  18.665   1.442E-01   7.118E-04  -1.679E-02   0.000E+00   6.546E-05
   50  -150.00    -105.4    0.315    0.1681E+00  18.676   1.442E-01   7.118E-04  -1.686E-02   0.000E+00   6.546E-05
   49  -151.00    -104.5    0.315    0.1690E+00  18.686   1.442E-01   7.118E-04  -1.692E-02   0.000E+00   6.546E-05
   48  -152.00    -103.6    0.315    0.1699E+00  18.696   1.442E-01   7.118E-04  -1.699E-02   0.000E+00   6.546E-05
   47  -153.00    -102.8    0.316    0.1708E+00  18.706   1.442E-01   7.118E-04  -1.705E-02   0.000E+00   6.546E-05
   46  -154.00    -101.9    0.316    0.1717E+00  18.716   1.442E-01   7.118E-04  -1.711E-02   0.000E+00   6.546E-05
   45  -155.00    -101.0    0.317    0.1726E+00  18.725   1.442E-01   7.118E-04  -1.717E-02   0.000E+00   6.546E-05
   44  -156.00    -100.1    0.317    0.1735E+00  18.735   1.442E-01   7.118E-04  -1.723E-02   0.000E+00   6.546E-05
   43  -157.00     -99.2    0.318    0.1743E+00  18.744   1.442E-01   7.118E-04  -1.729E-02   0.000E+00   6.546E-05
   42  -158.00     -98.4    0.318    0.1752E+00  18.753   1.442E-01   7.118E-04  -1.734E-02   0.000E+00   6.546E-05
   41  -159.00     -97.5    0.319    0.1760E+00  18.762   1.442E-01   7.118E-04  -1.740E-02   0.000E+00   6.546E-05
   40  -160.00     -96.6    0.319    0.1768E+00  18.771   1.442E-01   7.118E-04  -1.745E-02   0.000E+00   6.546E-05
   39  -161.00     -95.7    0.320    0.1777E+00  18.780   1.442E-01   7.118E-04  -1.750E-02   0.000E+00   6.546E-05
   38  -162.00     -94.8    0.320    0.1785E+00  18.788   1.442E-01   7.118E-04  -1.755E-02   0.000E+00   6.546E-05
   37  -163.00     -94.0    0.320    0.1793E+00  18.796   1.442E-01   7.118E-04  -1.760E-02   0.000E+00   6.546E-05
   36  -164.00     -93.1    0.321    0.1801E+00  18.804   1.442E-01   7.118E-04  -1.765E-02   0.000E+00   6.546E-05
   35  -165.00     -92.2    0.321    0.1808E+00  18.812   1.442E-01   7.118E-04  -1.769E-02   0.000E+00   6.546E-05
   34  -166.00     -91.3    0.322    0.1816E+00  18.819   1.442E-01   7.118E-04  -1.774E-02   0.000E+00   6.546E-05
   33  -167.00     -90.5    0.322    0.1824E+00  18.827   1.442E-01   7.118E-04  -1.778E-02   0.000E+00   6.546E-05
   32  -168.00     -89.6    0.323    0.1831E+00  18.834   1.442E-01   7.118E-04  -1.783E-02   0.000E+00   6.546E-05
   31  -169.00     -88.7    0.323    0.1839E+00  18.841   1.442E-01   7.118E-04  -1.787E-02   0.000E+00   6.546E-05
   30  -170.00     -87.8    0.324    0.1846E+00  18.848   1.442E-01   7.118E-04  -1.791E-02   0.000E+00   6.546E-05
   29  -171.00     -87.0    0.324    0.1853E+00  18.854   1.442E-01   7.118E-04  -1.795E-02   0.000E+00   6.546E-05
   28  -172.00     -86.1    0.325    0.1860E+00  18.861   1.442E-01   7.118E-04  -1.798E-02   0.000E+00   6.546E-05
   27  -173.00     -85.2    0.325    0.1867E+00  18.867   1.442E-01   7.118E-04  -1.802E-02   0.000E+00   6.546E-05
   26  -174.00     -84.3    0.326    0.1874E+00  18.873   1.442E-01   7.118E-04  -1.805E-02   0.000E+00   6.546E-05
   25  -175.00     -83.5    0.326    0.1880E+00  18.878   1.442E-01   7.118E-04  -1.808E-02   0.000E+00   6.546E-05
   24  -176.00     -82.6    0.327    0.1887E+00  18.884   1.442E-01   7.118E-04  -1.811E-02   0.000E+00   6.546E-05
   23  -177.00     -81.7    0.327    0.1893E+00  18.889   1.442E-01   7.118E-04  -1.814E-02   0.000E+00   6.546E-05
   22  -178.00     -80.8    0.328    0.1899E+00  18.894   1.442E-01   7.118E-04  -1.817E-02   0.000E+00   6.546E-05
   21  -179.00     -80.0    0.328    0.1905E+00  18.899   1.442E-01   7.118E-04  -1.819E-02   0.000E+00   6.546E-05
   20  -180.00     -79.1    0.329    0.1911E+00  18.903   1.442E-01   7.118E-04  -1.822E-02   0.000E+00   6.546E-05
   19  -181.00     -78.2    0.330    0.1917E+00  18.908   1.442E-01   7.118E-04  -1.824E-02   0.000E+00   6.546E-05
   18  -182.00     -77.3    0.330    0.1922E+00  18.912   1.442E-01   7.118E-04  -1.826E-02   0.000E+00   6.546E-05
   17  -183.00     -76.5    0.331    0.1928E+00  18.916   1.442E-01   7.118E-04  -1.828E-02   0.000E+00   6.546E-05
   16  -184.00     -75.6    0.331    0.1933E+00  18.919   1.442E-01   7.118E-04  -1.830E-02   0.000E+00   6.546E-05
   15  -185.00     -74.7    0.332    0.1938E+00  18.923   1.442E-01   7.118E-04  -1.832E-02   0.000E+00   6.546E-05
   14  -186.00     -73.8    0.332    0.1942E+00  18.926   1.442E-01   7.118E-04  -1.833E-02   0.000E+00   6.546E-05
   13  -187.00     -73.0    0.333    0.1947E+00  18.929   1.442E-01   7.118E-04  -1.835E-02   0.000E+00   6.546E-05
   12  -188.00     -72.1    0.333    0.1951E+00  18.932   1.442E-01   7.118E-04  -1.836E-02   0.000E+00   6.546E-05
   11  -189.00     -71.2    0.334    0.1956E+00  18.934   1.442E-01   7.118E-04  -1.837E-02   0.000E+00   6.546E-05
   10  -190.00     -70.4    0.335    0.1959E+00  18.936   1.442E-01   7.118E-04  -1.837E-02   0.000E+00   6.546E-05
    9  -191.00     -69.5    0.335    0.1963E+00  18.938   1.442E-01   7.118E-04  -1.838E-02   0.000E+00   6.546E-05
    8  -192.00     -68.6    0.336    0.1967E+00  18.940   1.442E-01   7.118E-04  -1.838E-02   0.000E+00   6.546E-05
    7  -193.00     -67.7    0.336    0.1970E+00  18.941   1.442E-01   7.118E-04  -1.838E-02   0.000E+00   6.546E-05
    6  -194.00     -66.9    0.337    0.1973E+00  18.943   1.442E-01   7.118E-04  -1.839E-02   0.000E+00   6.546E-05
    5  -195.00     -66.0    0.338    0.1975E+00  18.944   1.442E-01   7.118E-04  -1.839E-02   0.000E+00   6.546E-05
    4  -196.00     -65.1    0.338    0.1977E+00  18.944   1.442E-01   7.118E-04  -1.839E-02   0.000E+00   6.546E-05
    3  -197.00     -64.2    0.339    0.1979E+00  18.945   1.442E-01   7.118E-04  -1.839E-02   0.000E+00   6.546E-05
    2  -198.00     -63.4    0.339    0.1981E+00  18.945   1.442E-01   7.118E-04  -1.839E-02   0.000E+00   6.546E-05
    1  -199.00     -62.5    0.340    0.1982E+00  18.945   1.442E-01   7.118E-04  -1.839E-02   0.000E+00   6.546E-05
