year month day Time              rlv              rst              rso              rrt
2019 10  1     1.00        6.953-310        2.122-314        1.136-322        0.000E+00
2019 10  1     2.00        6.953-310        2.122-314        1.136-322        0.000E+00
2019 10  1     3.00        6.953-310        2.122-314        1.136-322        0.000E+00
2019 10  1     4.00        6.953-310        2.122-314        1.136-322        0.000E+00
2019 10  1     5.00        6.953-310        2.122-314        1.136-322        0.000E+00
2019 10  1     6.00        6.953-310        2.122-314        1.136-322        0.000E+00
2019 10  1     7.00        6.953-310        2.122-314        1.136-322        0.000E+00
2019 10  1     8.00        6.953-310        2.122-314        1.136-322        0.000E+00
2019 10  1     9.00        6.953-310        2.122-314        1.136-322        0.000E+00
2019 10  1    10.00        6.953-310        2.122-314        1.136-322        0.000E+00
2019 10  1    11.00        6.953-310        2.122-314        1.136-322        0.000E+00
2019 10  1    12.00        6.953-310        2.122-314        1.136-322        0.000E+00
2019 10  1    13.00        6.953-310        2.122-314        1.136-322        0.000E+00
2019 10  1    14.00        6.953-310        2.122-314        1.136-322        0.000E+00
2019 10  1    15.00        6.953-310        2.122-314        1.136-322        0.000E+00
2019 10  1    16.00        6.953-310        2.122-314        1.136-322        0.000E+00
2019 10  1    17.00        6.953-310        2.122-314        1.136-322        0.000E+00
2019 10  1    18.00        6.953-310        2.122-314        1.136-322        0.000E+00
2019 10  1    19.00        6.953-310        2.122-314        1.136-322        0.000E+00
2019 10  1    20.00        6.953-310        2.122-314        1.136-322        0.000E+00
2019 10  1    21.00        6.953-310        2.122-314        1.136-322        0.000E+00
2019 10  1    22.00        6.953-310        2.122-314        1.136-322        0.000E+00
2019 10  1    23.00        6.953-310        2.122-314        1.136-322        0.000E+00
2019 10  1    24.00        6.953-310        2.122-314        1.136-322        0.000E+00
2019 10  2    25.00        6.953-310        2.122-314        1.136-322        0.000E+00
2019 10  2    26.00        6.953-310        2.122-314        1.136-322        0.000E+00
2019 10  2    27.00        6.953-310        2.122-314        1.136-322        0.000E+00
2019 10  2    28.00        6.953-310        2.122-314        1.136-322        0.000E+00
2019 10  2    29.00        6.953-310        2.122-314        1.136-322        0.000E+00
2019 10  2    30.00        6.953-310        2.122-314        1.136-322        0.000E+00
2019 10  2    31.00        6.953-310        2.122-314        1.136-322        0.000E+00
2019 10  2    32.00        6.953-310        2.122-314        1.136-322        0.000E+00
2019 10  2    33.00        6.953-310        2.122-314        1.136-322        0.000E+00
2019 10  2    34.00        6.953-310        2.122-314        1.136-322        0.000E+00
2019 10  2    35.00        6.953-310        2.122-314        1.136-322        0.000E+00
2019 10  2    36.00        6.953-310        2.122-314        1.136-322        0.000E+00
2019 10  2    37.00        6.953-310        2.122-314        1.136-322        0.000E+00
2019 10  2    38.00        6.953-310        2.122-314        1.136-322        0.000E+00
2019 10  2    39.00        6.953-310        2.122-314        1.136-322        0.000E+00
2019 10  2    40.00        6.953-310        2.122-314        1.136-322        0.000E+00
2019 10  2    41.00        6.953-310        2.122-314        1.136-322        0.000E+00
2019 10  2    42.00        6.953-310        2.122-314        1.136-322        0.000E+00
2019 10  2    43.00        6.953-310        2.122-314        1.136-322        0.000E+00
2019 10  2    44.00        6.953-310        2.122-314        1.136-322        0.000E+00
2019 10  2    45.00        6.953-310        2.122-314        1.136-322        0.000E+00
2019 10  2    46.00        6.953-310        2.122-314        1.136-322        0.000E+00
2019 10  2    47.00        6.953-310        2.122-314        1.136-322        0.000E+00
2019 10  2    48.00        6.953-310        2.122-314        1.136-322        0.000E+00
2019 10  3    49.00        6.953-310        2.122-314        1.136-322        0.000E+00
2019 10  3    50.00        6.953-310        2.122-314        1.136-322        0.000E+00
2019 10  3    51.00        6.953-310        2.122-314        1.136-322        0.000E+00
2019 10  3    52.00        6.953-310        2.122-314        1.136-322        0.000E+00
2019 10  3    53.00        6.953-310        2.122-314        1.136-322        0.000E+00
2019 10  3    54.00        6.953-310        2.122-314        1.136-322        0.000E+00
2019 10  3    55.00        6.953-310        2.122-314        1.136-322        0.000E+00
2019 10  3    56.00        6.953-310        2.122-314        1.136-322        0.000E+00
2019 10  3    57.00        6.953-310        2.122-314        1.136-322        0.000E+00
2019 10  3    58.00        6.953-310        2.122-314        1.136-322        0.000E+00
2019 10  3    59.00        6.953-310        2.122-314        1.136-322        0.000E+00
2019 10  3    60.00        6.953-310        2.122-314        1.136-322        0.000E+00
2019 10  3    61.00        6.953-310        2.122-314        1.136-322        0.000E+00
2019 10  3    62.00        6.953-310        2.122-314        1.136-322        0.000E+00
2019 10  3    63.00        6.953-310        2.122-314        1.136-322        0.000E+00
2019 10  3    64.00        6.953-310        2.122-314        1.136-322        0.000E+00
2019 10  3    65.00        6.953-310        2.122-314        1.136-322        0.000E+00
2019 10  3    66.00        6.953-310        2.122-314        1.136-322        0.000E+00
2019 10  3    67.00        6.953-310        2.122-314        1.136-322        0.000E+00
2019 10  3    68.00        6.953-310        2.122-314        1.136-322        0.000E+00
2019 10  3    69.00        6.953-310        2.122-314        1.136-322        0.000E+00
2019 10  3    70.00        6.953-310        2.122-314        1.136-322        0.000E+00
2019 10  3    71.00        6.953-310        2.122-314        1.136-322        0.000E+00
2019 10  3    72.00        6.953-310        2.122-314        1.136-322        0.000E+00
2019 10  4    73.00        6.953-310        2.122-314        1.136-322        0.000E+00
2019 10  4    74.00        6.953-310        2.122-314        1.136-322        0.000E+00
2019 10  4    75.00        6.953-310        2.122-314        1.136-322        0.000E+00
2019 10  4    76.00        6.953-310        2.122-314        1.136-322        0.000E+00
2019 10  4    77.00        6.953-310        2.122-314        1.136-322        0.000E+00
2019 10  4    78.00        6.953-310        2.122-314        1.136-322        0.000E+00
2019 10  4    79.00        6.953-310        2.122-314        1.136-322        0.000E+00
2019 10  4    80.00        6.953-310        2.122-314        1.136-322        0.000E+00
2019 10  4    81.00        6.953-310        2.122-314        1.136-322        0.000E+00
2019 10  4    82.00        6.953-310        2.122-314        1.136-322        0.000E+00
2019 10  4    83.00        6.953-310        2.122-314        1.136-322        0.000E+00
2019 10  4    84.00        6.953-310        2.122-314        1.136-322        0.000E+00
2019 10  4    85.00        6.953-310        2.122-314        1.136-322        0.000E+00
2019 10  4    86.00        6.953-310        2.122-314        1.136-322        0.000E+00
2019 10  4    87.00        6.953-310        2.122-314        1.136-322        0.000E+00
2019 10  4    88.00        6.953-310        2.122-314        1.136-322        0.000E+00
2019 10  4    89.00        6.953-310        2.122-314        1.136-322        0.000E+00
2019 10  4    90.00        6.953-310        2.122-314        1.136-322        0.000E+00
2019 10  4    91.00        6.953-310        2.122-314        1.136-322        0.000E+00
2019 10  4    92.00        6.953-310        2.122-314        1.136-322        0.000E+00
2019 10  4    93.00        6.953-310        2.122-314        1.136-322        0.000E+00
2019 10  4    94.00        6.953-310        2.122-314        1.136-322        0.000E+00
2019 10  4    95.00        6.953-310        2.122-314        1.136-322        0.000E+00
2019 10  4    96.00        6.953-310        2.122-314        1.136-322        0.000E+00
2019 10  5    97.00        6.953-310        2.122-314        1.136-322        0.000E+00
2019 10  5    98.00        6.953-310        2.122-314        1.136-322        0.000E+00
2019 10  5    99.00        6.953-310        2.122-314        1.136-322        0.000E+00
2019 10  5   100.00        6.953-310        2.122-314        1.136-322        0.000E+00
2019 10  5   101.00        6.953-310        2.122-314        1.136-322        0.000E+00
2019 10  5   102.00        6.953-310        2.122-314        1.136-322        0.000E+00
2019 10  5   103.00        6.953-310        2.122-314        1.136-322        0.000E+00
2019 10  5   104.00        6.953-310        2.122-314        1.136-322        0.000E+00
2019 10  5   105.00        6.953-310        2.122-314        1.136-322        0.000E+00
2019 10  5   106.00        6.953-310        2.122-314        1.136-322        0.000E+00
2019 10  5   107.00        6.953-310        2.122-314        1.136-322        0.000E+00
2019 10  5   108.00        6.953-310        2.122-314        1.136-322        0.000E+00
2019 10  5   109.00        6.953-310        2.122-314        1.136-322        0.000E+00
2019 10  5   110.00        6.953-310        2.122-314        1.136-322        0.000E+00
2019 10  5   111.00        6.953-310        2.122-314        1.136-322        0.000E+00
2019 10  5   112.00        6.953-310        2.122-314        1.136-322        0.000E+00
2019 10  5   113.00        6.953-310        2.122-314        1.136-322        0.000E+00
2019 10  5   114.00        6.953-310        2.122-314        1.136-322        0.000E+00
2019 10  5   115.00        6.953-310        2.122-314        1.136-322        0.000E+00
2019 10  5   116.00        6.953-310        2.122-314        1.136-322        0.000E+00
2019 10  5   117.00        6.953-310        2.122-314        1.136-322        0.000E+00
2019 10  5   118.00        6.953-310        2.122-314        1.136-322        0.000E+00
2019 10  5   119.00        6.953-310        2.122-314        1.136-322        0.000E+00
2019 10  5   120.00        6.953-310        2.122-314        1.136-322        0.000E+00
2019 10  6   121.00        6.953-310        2.122-314        1.136-322        0.000E+00
2019 10  6   122.00        6.953-310        2.122-314        1.136-322        0.000E+00
2019 10  6   123.00        6.953-310        2.122-314        1.136-322        0.000E+00
2019 10  6   124.00        6.953-310        2.122-314        1.136-322        0.000E+00
2019 10  6   125.00        6.953-310        2.122-314        1.136-322        0.000E+00
2019 10  6   126.00        6.953-310        2.122-314        1.136-322        0.000E+00
2019 10  6   127.00        6.953-310        2.122-314        1.136-322        0.000E+00
2019 10  6   128.00        6.953-310        2.122-314        1.136-322        0.000E+00
2019 10  6   129.00        6.953-310        2.122-314        1.136-322        0.000E+00
2019 10  6   130.00        6.953-310        2.122-314        1.136-322        0.000E+00
2019 10  6   131.00        6.953-310        2.122-314        1.136-322        0.000E+00
2019 10  6   132.00        6.953-310        2.122-314        1.136-322        0.000E+00
2019 10  6   133.00        6.953-310        2.122-314        1.136-322        0.000E+00
2019 10  6   134.00        6.953-310        2.122-314        1.136-322        0.000E+00
2019 10  6   135.00        6.953-310        2.122-314        1.136-322        0.000E+00
2019 10  6   136.00        6.953-310        2.122-314        1.136-322        0.000E+00
2019 10  6   137.00        6.953-310        2.122-314        1.136-322        0.000E+00
2019 10  6   138.00        6.953-310        2.122-314        1.136-322        0.000E+00
2019 10  6   139.00        6.953-310        2.122-314        1.136-322        0.000E+00
2019 10  6   140.00        6.953-310        2.122-314        1.136-322        0.000E+00
2019 10  6   141.00        6.953-310        2.122-314        1.136-322        0.000E+00
2019 10  6   142.00        6.953-310        2.122-314        1.136-322        0.000E+00
2019 10  6   143.00        6.953-310        2.122-314        1.136-322        0.000E+00
2019 10  6   144.00        6.953-310        2.122-314        1.136-322        0.000E+00
2019 10  7   145.00        6.953-310        2.122-314        1.136-322        0.000E+00
2019 10  7   146.00        6.953-310        2.122-314        1.136-322        0.000E+00
2019 10  7   147.00        6.953-310        2.122-314        1.136-322        0.000E+00
2019 10  7   148.00        6.953-310        2.122-314        1.136-322        0.000E+00
2019 10  7   149.00        6.953-310        2.122-314        1.136-322        0.000E+00
2019 10  7   150.00        6.953-310        2.122-314        1.136-322        0.000E+00
2019 10  7   151.00        6.953-310        2.122-314        1.136-322        0.000E+00
2019 10  7   152.00        6.953-310        2.122-314        1.136-322        0.000E+00
2019 10  7   153.00        6.953-310        2.122-314        1.136-322        0.000E+00
2019 10  7   154.00        6.953-310        2.122-314        1.136-322        0.000E+00
2019 10  7   155.00        6.953-310        2.122-314        1.136-322        0.000E+00
2019 10  7   156.00        6.953-310        2.122-314        1.136-322        0.000E+00
2019 10  7   157.00        6.953-310        2.122-314        1.136-322        0.000E+00
2019 10  7   158.00        6.953-310        2.122-314        1.136-322        0.000E+00
2019 10  7   159.00        6.953-310        2.122-314        1.136-322        0.000E+00
2019 10  7   160.00        6.953-310        2.122-314        1.136-322        0.000E+00
2019 10  7   161.00        6.953-310        2.122-314        1.136-322        0.000E+00
2019 10  7   162.00        6.953-310        2.122-314        1.136-322        0.000E+00
2019 10  7   163.00        6.953-310        2.122-314        1.136-322        0.000E+00
2019 10  7   164.00        6.953-310        2.122-314        1.136-322        0.000E+00
2019 10  7   165.00        6.953-310        2.122-314        1.136-322        0.000E+00
2019 10  7   166.00        6.953-310        2.122-314        1.136-322        0.000E+00
2019 10  7   167.00        6.953-310        2.122-314        1.136-322        0.000E+00
2019 10  7   168.00        6.953-310        2.122-314        1.136-322        0.000E+00
2019 10  8   169.00        6.953-310        2.122-314        1.136-322        0.000E+00
2019 10  8   170.00        6.953-310        2.122-314        1.136-322        0.000E+00
2019 10  8   171.00        6.953-310        2.122-314        1.136-322        0.000E+00
2019 10  8   172.00        6.953-310        2.122-314        1.136-322        0.000E+00
2019 10  8   173.00        6.953-310        2.122-314        1.136-322        0.000E+00
2019 10  8   174.00        6.953-310        2.122-314        1.136-322        0.000E+00
2019 10  8   175.00        6.953-310        2.122-314        1.136-322        0.000E+00
2019 10  8   176.00        6.953-310        2.122-314        1.136-322        0.000E+00
2019 10  8   177.00        6.953-310        2.122-314        1.136-322        0.000E+00
2019 10  8   178.00        6.953-310        2.122-314        1.136-322        0.000E+00
2019 10  8   179.00        6.953-310        2.122-314        1.136-322        0.000E+00
2019 10  8   180.00        6.953-310        2.122-314        1.136-322        0.000E+00
2019 10  8   181.00        6.953-310        2.122-314        1.136-322        0.000E+00
2019 10  8   182.00        6.953-310        2.122-314        1.136-322        0.000E+00
2019 10  8   183.00        6.953-310        2.122-314        1.136-322        0.000E+00
2019 10  8   184.00        6.953-310        2.122-314        1.136-322        0.000E+00
2019 10  8   185.00        6.953-310        2.122-314        1.136-322        0.000E+00
2019 10  8   186.00        6.953-310        2.122-314        1.136-322        0.000E+00
2019 10  8   187.00        6.953-310        2.122-314        1.136-322        0.000E+00
2019 10  8   188.00        6.953-310        2.122-314        1.136-322        0.000E+00
2019 10  8   189.00        6.953-310        2.122-314        1.136-322        0.000E+00
2019 10  8   190.00        6.953-310        2.122-314        1.136-322        0.000E+00
2019 10  8   191.00        6.953-310        2.122-314        1.136-322        0.000E+00
2019 10  8   192.00        6.953-310        2.122-314        1.136-322        0.000E+00
2019 10  9   193.00        6.953-310        2.122-314        1.136-322        0.000E+00
2019 10  9   194.00        6.953-310        2.122-314        1.136-322        0.000E+00
2019 10  9   195.00        6.953-310        2.122-314        1.136-322        0.000E+00
2019 10  9   196.00        6.953-310        2.122-314        1.136-322        0.000E+00
2019 10  9   197.00        6.953-310        2.122-314        1.136-322        0.000E+00
2019 10  9   198.00        6.953-310        2.122-314        1.136-322        0.000E+00
2019 10  9   199.00        6.953-310        2.122-314        1.136-322        0.000E+00
2019 10  9   200.00        6.953-310        2.122-314        1.136-322        0.000E+00
2019 10  9   201.00        6.953-310        2.122-314        1.136-322        0.000E+00
2019 10  9   202.00        6.953-310        2.122-314        1.136-322        0.000E+00
2019 10  9   203.00        6.953-310        2.122-314        1.136-322        0.000E+00
2019 10  9   204.00        6.953-310        2.122-314        1.136-322        0.000E+00
2019 10  9   205.00        6.953-310        2.122-314        1.136-322        0.000E+00
2019 10  9   206.00        6.953-310        2.122-314        1.136-322        0.000E+00
2019 10  9   207.00        6.953-310        2.122-314        1.136-322        0.000E+00
2019 10  9   208.00        6.953-310        2.122-314        1.136-322        0.000E+00
2019 10  9   209.00        6.953-310        2.122-314        1.136-322        0.000E+00
2019 10  9   210.00        6.953-310        2.122-314        1.136-322        0.000E+00
2019 10  9   211.00        6.953-310        2.122-314        1.136-322        0.000E+00
2019 10  9   212.00        6.953-310        2.122-314        1.136-322        0.000E+00
2019 10  9   213.00        6.953-310        2.122-314        1.136-322        0.000E+00
2019 10  9   214.00        6.953-310        2.122-314        1.136-322        0.000E+00
2019 10  9   215.00        6.953-310        2.122-314        1.136-322        0.000E+00
2019 10  9   216.00        6.953-310        2.122-314        1.136-322        0.000E+00
2019 10 10   217.00        6.953-310        2.122-314        1.136-322        0.000E+00
2019 10 10   218.00        6.953-310        2.122-314        1.136-322        0.000E+00
2019 10 10   219.00        6.953-310        2.122-314        1.136-322        0.000E+00
2019 10 10   220.00        6.953-310        2.122-314        1.136-322        0.000E+00
2019 10 10   221.00        6.953-310        2.122-314        1.136-322        0.000E+00
2019 10 10   222.00        6.953-310        2.122-314        1.136-322        0.000E+00
2019 10 10   223.00        6.953-310        2.122-314        1.136-322        0.000E+00
2019 10 10   224.00        6.953-310        2.122-314        1.136-322        0.000E+00
2019 10 10   225.00        6.953-310        2.122-314        1.136-322        0.000E+00
2019 10 10   226.00        6.953-310        2.122-314        1.136-322        0.000E+00
2019 10 10   227.00        6.953-310        2.122-314        1.136-322        0.000E+00
2019 10 10   228.00        6.953-310        2.122-314        1.136-322        0.000E+00
2019 10 10   229.00        6.953-310        2.122-314        1.136-322        0.000E+00
2019 10 10   230.00        6.953-310        2.122-314        1.136-322        0.000E+00
2019 10 10   231.00        6.953-310        2.122-314        1.136-322        0.000E+00
2019 10 10   232.00        6.953-310        2.122-314        1.136-322        0.000E+00
2019 10 10   233.00        6.953-310        2.122-314        1.136-322        0.000E+00
2019 10 10   234.00        6.953-310        2.122-314        1.136-322        0.000E+00
2019 10 10   235.00        6.953-310        2.122-314        1.136-322        0.000E+00
2019 10 10   236.00        6.953-310        2.122-314        1.136-322        0.000E+00
2019 10 10   237.00        6.953-310        2.122-314        1.136-322        0.000E+00
2019 10 10   238.00        6.953-310        2.122-314        1.136-322        0.000E+00
2019 10 10   239.00        6.953-310        2.122-314        1.136-322        0.000E+00
2019 10 10   240.00        6.953-310        2.122-314        1.136-322        0.000E+00
2019 10 11   241.00        6.953-310        2.122-314        1.136-322        0.000E+00
2019 10 11   242.00        6.953-310        2.122-314        1.136-322        0.000E+00
2019 10 11   243.00        6.953-310        2.122-314        1.136-322        0.000E+00
2019 10 11   244.00        6.953-310        2.122-314        1.136-322        0.000E+00
2019 10 11   245.00        6.953-310        2.122-314        1.136-322        0.000E+00
2019 10 11   246.00        6.953-310        2.122-314        1.136-322        0.000E+00
2019 10 11   247.00        6.953-310        2.122-314        1.136-322        0.000E+00
2019 10 11   248.00        6.953-310        2.122-314        1.136-322        0.000E+00
2019 10 11   249.00        6.953-310        2.122-314        1.136-322        0.000E+00
2019 10 11   250.00        6.953-310        2.122-314        1.136-322        0.000E+00
2019 10 11   251.00        6.953-310        2.122-314        1.136-322        0.000E+00
2019 10 11   252.00        6.953-310        2.122-314        1.136-322        0.000E+00
2019 10 11   253.00        6.953-310        2.122-314        1.136-322        0.000E+00
2019 10 11   254.00        6.953-310        2.122-314        1.136-322        0.000E+00
2019 10 11   255.00        6.953-310        2.122-314        1.136-322        0.000E+00
2019 10 11   256.00        6.953-310        2.122-314        1.136-322        0.000E+00
2019 10 11   257.00        6.953-310        2.122-314        1.136-322        0.000E+00
2019 10 11   258.00        6.953-310        2.122-314        1.136-322        0.000E+00
2019 10 11   259.00        6.953-310        2.122-314        1.136-322        0.000E+00
2019 10 11   260.00        6.953-310        2.122-314        1.136-322        0.000E+00
2019 10 11   261.00        6.953-310        2.122-314        1.136-322        0.000E+00
2019 10 11   262.00        6.953-310        2.122-314        1.136-322        0.000E+00
2019 10 11   263.00        6.953-310        2.122-314        1.136-322        0.000E+00
2019 10 11   264.00        6.953-310        2.122-314        1.136-322        0.000E+00
2019 10 12   265.00        6.953-310        2.122-314        1.136-322        0.000E+00
2019 10 12   266.00        6.953-310        2.122-314        1.136-322        0.000E+00
2019 10 12   267.00        6.953-310        2.122-314        1.136-322        0.000E+00
2019 10 12   268.00        6.953-310        2.122-314        1.136-322        0.000E+00
2019 10 12   269.00        6.953-310        2.122-314        1.136-322        0.000E+00
2019 10 12   270.00        6.953-310        2.122-314        1.136-322        0.000E+00
2019 10 12   271.00        6.953-310        2.122-314        1.136-322        0.000E+00
2019 10 12   272.00        6.953-310        2.122-314        1.136-322        0.000E+00
2019 10 12   273.00        6.953-310        2.122-314        1.136-322        0.000E+00
2019 10 12   274.00        6.953-310        2.122-314        1.136-322        0.000E+00
2019 10 12   275.00        6.953-310        2.122-314        1.136-322        0.000E+00
2019 10 12   276.00        6.953-310        2.122-314        1.136-322        0.000E+00
2019 10 12   277.00        6.953-310        2.122-314        1.136-322        0.000E+00
2019 10 12   278.00        6.953-310        2.122-314        1.136-322        0.000E+00
2019 10 12   279.00        6.953-310        2.122-314        1.136-322        0.000E+00
2019 10 12   280.00        6.953-310        2.122-314        1.136-322        0.000E+00
2019 10 12   281.00        6.953-310        2.122-314        1.136-322        0.000E+00
2019 10 12   282.00        6.953-310        2.122-314        1.136-322        0.000E+00
2019 10 12   283.00        6.953-310        2.122-314        1.136-322        0.000E+00
2019 10 12   284.00        6.953-310        2.122-314        1.136-322        0.000E+00
2019 10 12   285.00        6.953-310        2.122-314        1.136-322        0.000E+00
2019 10 12   286.00        6.953-310        2.122-314        1.136-322        0.000E+00
2019 10 12   287.00        6.953-310        2.122-314        1.136-322        0.000E+00
2019 10 12   288.00        6.953-310        2.122-314        1.136-322        0.000E+00
2019 10 13   289.00        6.953-310        2.122-314        1.136-322        0.000E+00
2019 10 13   290.00        6.953-310        2.122-314        1.136-322        0.000E+00
2019 10 13   291.00        6.953-310        2.122-314        1.136-322        0.000E+00
2019 10 13   292.00        6.953-310        2.122-314        1.136-322        0.000E+00
2019 10 13   293.00        6.953-310        2.122-314        1.136-322        0.000E+00
2019 10 13   294.00        6.953-310        2.122-314        1.136-322        0.000E+00
2019 10 13   295.00        6.953-310        2.122-314        1.136-322        0.000E+00
2019 10 13   296.00        6.953-310        2.122-314        1.136-322        0.000E+00
2019 10 13   297.00        6.953-310        2.122-314        1.136-322        0.000E+00
2019 10 13   298.00        6.953-310        2.122-314        1.136-322        0.000E+00
2019 10 13   299.00        6.953-310        2.122-314        1.136-322        0.000E+00
2019 10 13   300.00        6.953-310        2.122-314        1.136-322        0.000E+00
2019 10 13   301.00        6.953-310        2.122-314        1.136-322        0.000E+00
2019 10 13   302.00        6.953-310        2.122-314        1.136-322        0.000E+00
2019 10 13   303.00        6.953-310        2.122-314        1.136-322        0.000E+00
2019 10 13   304.00        6.953-310        2.122-314        1.136-322        0.000E+00
2019 10 13   305.00        6.953-310        2.122-314        1.136-322        0.000E+00
2019 10 13   306.00        6.953-310        2.122-314        1.136-322        0.000E+00
2019 10 13   307.00        6.953-310        2.122-314        1.136-322        0.000E+00
2019 10 13   308.00        6.953-310        2.122-314        1.136-322        0.000E+00
2019 10 13   309.00        6.953-310        2.122-314        1.136-322        0.000E+00
2019 10 13   310.00        6.953-310        2.122-314        1.136-322        0.000E+00
2019 10 13   311.00        6.953-310        2.122-314        1.136-322        0.000E+00
2019 10 13   312.00        6.953-310        2.122-314        1.136-322        0.000E+00
2019 10 14   313.00        6.953-310        2.122-314        1.136-322        0.000E+00
2019 10 14   314.00        6.953-310        2.122-314        1.136-322        0.000E+00
2019 10 14   315.00        6.953-310        2.122-314        1.136-322        0.000E+00
2019 10 14   316.00        6.953-310        2.122-314        1.136-322        0.000E+00
2019 10 14   317.00        6.953-310        2.122-314        1.136-322        0.000E+00
2019 10 14   318.00        6.953-310        2.122-314        1.136-322        0.000E+00
2019 10 14   319.00        6.953-310        2.122-314        1.136-322        0.000E+00
2019 10 14   320.00        6.953-310        2.122-314        1.136-322        0.000E+00
2019 10 14   321.00        6.953-310        2.122-314        1.136-322        0.000E+00
2019 10 14   322.00        6.953-310        2.122-314        1.136-322        0.000E+00
2019 10 14   323.00        6.953-310        2.122-314        1.136-322        0.000E+00
2019 10 14   324.00        6.953-310        2.122-314        1.136-322        0.000E+00
2019 10 14   325.00        6.953-310        2.122-314        1.136-322        0.000E+00
2019 10 14   326.00        6.953-310        2.122-314        1.136-322        0.000E+00
2019 10 14   327.00        6.953-310        2.122-314        1.136-322        0.000E+00
2019 10 14   328.00        6.953-310        2.122-314        1.136-322        0.000E+00
2019 10 14   329.00        6.953-310        2.122-314        1.136-322        0.000E+00
2019 10 14   330.00        6.953-310        2.122-314        1.136-322        0.000E+00
2019 10 14   331.00        6.953-310        2.122-314        1.136-322        0.000E+00
2019 10 14   332.00        6.953-310        2.122-314        1.136-322        0.000E+00
2019 10 14   333.00        6.953-310        2.122-314        1.136-322        0.000E+00
2019 10 14   334.00        6.953-310        2.122-314        1.136-322        0.000E+00
2019 10 14   335.00        6.953-310        2.122-314        1.136-322        0.000E+00
2019 10 14   336.00        6.953-310        2.122-314        1.136-322        0.000E+00
2019 10 15   337.00        6.953-310        2.122-314        1.136-322        0.000E+00
2019 10 15   338.00        6.953-310        2.122-314        1.136-322        0.000E+00
2019 10 15   339.00        6.953-310        2.122-314        1.136-322        0.000E+00
2019 10 15   340.00        6.953-310        2.122-314        1.136-322        0.000E+00
2019 10 15   341.00        6.953-310        2.122-314        1.136-322        0.000E+00
2019 10 15   342.00        6.953-310        2.122-314        1.136-322        0.000E+00
2019 10 15   343.00        6.953-310        2.122-314        1.136-322        0.000E+00
2019 10 15   344.00        6.953-310        2.122-314        1.136-322        0.000E+00
2019 10 15   345.00        6.953-310        2.122-314        1.136-322        0.000E+00
2019 10 15   346.00        6.953-310        2.122-314        1.136-322        0.000E+00
2019 10 15   347.00        6.953-310        2.122-314        1.136-322        0.000E+00
2019 10 15   348.00        6.953-310        2.122-314        1.136-322        0.000E+00
2019 10 15   349.00        6.953-310        2.122-314        1.136-322        0.000E+00
2019 10 15   350.00        6.953-310        2.122-314        1.136-322        0.000E+00
2019 10 15   351.00        6.953-310        2.122-314        1.136-322        0.000E+00
2019 10 15   352.00        6.953-310        2.122-314        1.136-322        0.000E+00
2019 10 15   353.00        6.953-310        2.122-314        1.136-322        0.000E+00
2019 10 15   354.00        6.953-310        2.122-314        1.136-322        0.000E+00
2019 10 15   355.00        6.953-310        2.122-314        1.136-322        0.000E+00
2019 10 15   356.00        6.953-310        2.122-314        1.136-322        0.000E+00
2019 10 15   357.00        6.953-310        2.122-314        1.136-322        0.000E+00
2019 10 15   358.00        6.953-310        2.122-314        1.136-322        0.000E+00
2019 10 15   359.00        6.953-310        2.122-314        1.136-322        0.000E+00
2019 10 15   360.00        6.953-310        2.122-314        1.136-322        0.000E+00
2019 10 16   361.00        6.953-310        2.122-314        1.136-322        0.000E+00
2019 10 16   362.00        6.953-310        2.122-314        1.136-322        0.000E+00
2019 10 16   363.00        6.953-310        2.122-314        1.136-322        0.000E+00
2019 10 16   364.00        6.953-310        2.122-314        1.136-322        0.000E+00
2019 10 16   365.00        6.953-310        2.122-314        1.136-322        0.000E+00
2019 10 16   366.00        6.953-310        2.122-314        1.136-322        0.000E+00
2019 10 16   367.00        6.953-310        2.122-314        1.136-322        0.000E+00
2019 10 16   368.00        6.953-310        2.122-314        1.136-322        0.000E+00
2019 10 16   369.00        6.953-310        2.122-314        1.136-322        0.000E+00
2019 10 16   370.00        6.953-310        2.122-314        1.136-322        0.000E+00
2019 10 16   371.00        6.953-310        2.122-314        1.136-322        0.000E+00
2019 10 16   372.00        6.953-310        2.122-314        1.136-322        0.000E+00
2019 10 16   373.00        6.953-310        2.122-314        1.136-322        0.000E+00
2019 10 16   374.00        6.953-310        2.122-314        1.136-322        0.000E+00
2019 10 16   375.00        6.953-310        2.122-314        1.136-322        0.000E+00
2019 10 16   376.00        6.953-310        2.122-314        1.136-322        0.000E+00
2019 10 16   377.00        6.953-310        2.122-314        1.136-322        0.000E+00
2019 10 16   378.00        6.953-310        2.122-314        1.136-322        0.000E+00
2019 10 16   379.00        6.953-310        2.122-314        1.136-322        0.000E+00
2019 10 16   380.00        6.953-310        2.122-314        1.136-322        0.000E+00
2019 10 16   381.00        6.953-310        2.122-314        1.136-322        0.000E+00
2019 10 16   382.00        6.953-310        2.122-314        1.136-322        0.000E+00
2019 10 16   383.00        6.953-310        2.122-314        1.136-322        0.000E+00
2019 10 16   384.00        6.953-310        2.122-314        1.136-322        0.000E+00
2019 10 17   385.00        6.953-310        2.122-314        1.136-322        0.000E+00
2019 10 17   386.00        6.953-310        2.122-314        1.136-322        0.000E+00
2019 10 17   387.00        6.953-310        2.122-314        1.136-322        0.000E+00
2019 10 17   388.00        6.953-310        2.122-314        1.136-322        0.000E+00
2019 10 17   389.00        6.953-310        2.122-314        1.136-322        0.000E+00
2019 10 17   390.00        6.953-310        2.122-314        1.136-322        0.000E+00
2019 10 17   391.00        6.953-310        2.122-314        1.136-322        0.000E+00
2019 10 17   392.00        6.953-310        2.122-314        1.136-322        0.000E+00
2019 10 17   393.00        6.953-310        2.122-314        1.136-322        0.000E+00
2019 10 17   394.00        6.953-310        2.122-314        1.136-322        0.000E+00
2019 10 17   395.00        6.953-310        2.122-314        1.136-322        0.000E+00
2019 10 17   396.00        6.953-310        2.122-314        1.136-322        0.000E+00
2019 10 17   397.00        6.953-310        2.122-314        1.136-322        0.000E+00
2019 10 17   398.00        6.953-310        2.122-314        1.136-322        0.000E+00
2019 10 17   399.00        6.953-310        2.122-314        1.136-322        0.000E+00
2019 10 17   400.00        6.953-310        2.122-314        1.136-322        0.000E+00
2019 10 17   401.00        6.953-310        2.122-314        1.136-322        0.000E+00
2019 10 17   402.00        6.953-310        2.122-314        1.136-322        0.000E+00
2019 10 17   403.00        6.953-310        2.122-314        1.136-322        0.000E+00
2019 10 17   404.00        6.953-310        2.122-314        1.136-322        0.000E+00
2019 10 17   405.00        6.953-310        2.122-314        1.136-322        0.000E+00
2019 10 17   406.00        6.953-310        2.122-314        1.136-322        0.000E+00
2019 10 17   407.00        6.953-310        2.122-314        1.136-322        0.000E+00
2019 10 17   408.00        6.953-310        2.122-314        1.136-322        0.000E+00
2019 10 18   409.00        6.953-310        2.122-314        1.136-322        0.000E+00
2019 10 18   410.00        6.953-310        2.122-314        1.136-322        0.000E+00
2019 10 18   411.00        6.953-310        2.122-314        1.136-322        0.000E+00
2019 10 18   412.00        6.953-310        2.122-314        1.136-322        0.000E+00
2019 10 18   413.00        6.953-310        2.122-314        1.136-322        0.000E+00
2019 10 18   414.00        6.953-310        2.122-314        1.136-322        0.000E+00
2019 10 18   415.00        6.953-310        2.122-314        1.136-322        0.000E+00
2019 10 18   416.00        6.953-310        2.122-314        1.136-322        0.000E+00
2019 10 18   417.00        6.953-310        2.122-314        1.136-322        0.000E+00
2019 10 18   418.00        6.953-310        2.122-314        1.136-322        0.000E+00
2019 10 18   419.00        6.953-310        2.122-314        1.136-322        0.000E+00
2019 10 18   420.00        6.953-310        2.122-314        1.136-322        0.000E+00
2019 10 18   421.00        6.953-310        2.122-314        1.136-322        0.000E+00
2019 10 18   422.00        6.953-310        2.122-314        1.136-322        0.000E+00
2019 10 18   423.00        6.953-310        2.122-314        1.136-322        0.000E+00
2019 10 18   424.00        6.953-310        2.122-314        1.136-322        0.000E+00
2019 10 18   425.00        6.953-310        2.122-314        1.136-322        0.000E+00
2019 10 18   426.00        6.953-310        2.122-314        1.136-322        0.000E+00
2019 10 18   427.00        6.953-310        2.122-314        1.136-322        0.000E+00
2019 10 18   428.00        6.953-310        2.122-314        1.136-322        0.000E+00
2019 10 18   429.00        6.953-310        2.122-314        1.136-322        0.000E+00
2019 10 18   430.00        6.953-310        2.122-314        1.136-322        0.000E+00
2019 10 18   431.00        6.953-310        2.122-314        1.136-322        0.000E+00
2019 10 18   432.00        6.953-310        2.122-314        1.136-322        0.000E+00
2019 10 19   433.00        6.953-310        2.122-314        1.136-322        0.000E+00
2019 10 19   434.00        6.953-310        2.122-314        1.136-322        0.000E+00
2019 10 19   435.00        6.953-310        2.122-314        1.136-322        0.000E+00
2019 10 19   436.00        6.953-310        2.122-314        1.136-322        0.000E+00
2019 10 19   437.00        6.953-310        2.122-314        1.136-322        0.000E+00
2019 10 19   438.00        6.953-310        2.122-314        1.136-322        0.000E+00
2019 10 19   439.00        6.953-310        2.122-314        1.136-322        0.000E+00
2019 10 19   440.00        6.953-310        2.122-314        1.136-322        0.000E+00
2019 10 19   441.00        6.953-310        2.122-314        1.136-322        0.000E+00
2019 10 19   442.00        6.953-310        2.122-314        1.136-322        0.000E+00
2019 10 19   443.00        6.953-310        2.122-314        1.136-322        0.000E+00
2019 10 19   444.00        6.953-310        2.122-314        1.136-322        0.000E+00
2019 10 19   445.00        6.953-310        2.122-314        1.136-322        0.000E+00
2019 10 19   446.00        6.953-310        2.122-314        1.136-322        0.000E+00
2019 10 19   447.00        6.953-310        2.122-314        1.136-322        0.000E+00
2019 10 19   448.00        6.953-310        2.122-314        1.136-322        0.000E+00
2019 10 19   449.00        6.953-310        2.122-314        1.136-322        0.000E+00
2019 10 19   450.00        6.953-310        2.122-314        1.136-322        0.000E+00
2019 10 19   451.00        6.953-310        2.122-314        1.136-322        0.000E+00
2019 10 19   452.00        6.953-310        2.122-314        1.136-322        0.000E+00
2019 10 19   453.00        6.953-310        2.122-314        1.136-322        0.000E+00
2019 10 19   454.00        6.953-310        2.122-314        1.136-322        0.000E+00
2019 10 19   455.00        6.953-310        2.122-314        1.136-322        0.000E+00
2019 10 19   456.00        6.953-310        2.122-314        1.136-322        0.000E+00
2019 10 20   457.00        6.953-310        2.122-314        1.136-322        0.000E+00
2019 10 20   458.00        6.953-310        2.122-314        1.136-322        0.000E+00
2019 10 20   459.00        6.953-310        2.122-314        1.136-322        0.000E+00
2019 10 20   460.00        6.953-310        2.122-314        1.136-322        0.000E+00
2019 10 20   461.00        6.953-310        2.122-314        1.136-322        0.000E+00
2019 10 20   462.00        6.953-310        2.122-314        1.136-322        0.000E+00
2019 10 20   463.00        6.953-310        2.122-314        1.136-322        0.000E+00
2019 10 20   464.00        6.953-310        2.122-314        1.136-322        0.000E+00
2019 10 20   465.00        6.953-310        2.122-314        1.136-322        0.000E+00
2019 10 20   466.00        6.953-310        2.122-314        1.136-322        0.000E+00
2019 10 20   467.00        6.953-310        2.122-314        1.136-322        0.000E+00
2019 10 20   468.00        6.953-310        2.122-314        1.136-322        0.000E+00
2019 10 20   469.00        6.953-310        2.122-314        1.136-322        0.000E+00
2019 10 20   470.00        6.953-310        2.122-314        1.136-322        0.000E+00
2019 10 20   471.00        6.953-310        2.122-314        1.136-322        0.000E+00
2019 10 20   472.00        6.953-310        2.122-314        1.136-322        0.000E+00
2019 10 20   473.00        6.953-310        2.122-314        1.136-322        0.000E+00
2019 10 20   474.00        6.953-310        2.122-314        1.136-322        0.000E+00
2019 10 20   475.00        6.953-310        2.122-314        1.136-322        0.000E+00
2019 10 20   476.00        6.953-310        2.122-314        1.136-322        0.000E+00
2019 10 20   477.00        6.953-310        2.122-314        1.136-322        0.000E+00
2019 10 20   478.00        6.953-310        2.122-314        1.136-322        0.000E+00
2019 10 20   479.00        6.953-310        2.122-314        1.136-322        0.000E+00
2019 10 20   480.00        6.953-310        2.122-314        1.136-322        0.000E+00
2019 10 21   481.00        6.953-310        2.122-314        1.136-322        0.000E+00
2019 10 21   482.00        6.953-310        2.122-314        1.136-322        0.000E+00
2019 10 21   483.00        6.953-310        2.122-314        1.136-322        0.000E+00
2019 10 21   484.00        6.953-310        2.122-314        1.136-322        0.000E+00
2019 10 21   485.00        6.953-310        2.122-314        1.136-322        0.000E+00
2019 10 21   486.00        6.953-310        2.122-314        1.136-322        0.000E+00
2019 10 21   487.00        6.953-310        2.122-314        1.136-322        0.000E+00
2019 10 21   488.00        6.953-310        2.122-314        1.136-322        0.000E+00
2019 10 21   489.00        6.953-310        2.122-314        1.136-322        0.000E+00
2019 10 21   490.00        6.953-310        2.122-314        1.136-322        0.000E+00
2019 10 21   491.00        6.953-310        2.122-314        1.136-322        0.000E+00
2019 10 21   492.00        6.953-310        2.122-314        1.136-322        0.000E+00
2019 10 21   493.00        6.953-310        2.122-314        1.136-322        0.000E+00
2019 10 21   494.00        6.953-310        2.122-314        1.136-322        0.000E+00
2019 10 21   495.00        6.953-310        2.122-314        1.136-322        0.000E+00
2019 10 21   496.00        6.953-310        2.122-314        1.136-322        0.000E+00
2019 10 21   497.00        6.953-310        2.122-314        1.136-322        0.000E+00
2019 10 21   498.00        6.953-310        2.122-314        1.136-322        0.000E+00
2019 10 21   499.00        6.953-310        2.122-314        1.136-322        0.000E+00
2019 10 21   500.00        6.953-310        2.122-314        1.136-322        0.000E+00
2019 10 21   501.00        6.953-310        2.122-314        1.136-322        0.000E+00
2019 10 21   502.00        6.953-310        2.122-314        1.136-322        0.000E+00
2019 10 21   503.00        6.953-310        2.122-314        1.136-322        0.000E+00
2019 10 21   504.00        6.953-310        2.122-314        1.136-322        0.000E+00
2019 10 22   505.00        6.953-310        2.122-314        1.136-322        0.000E+00
2019 10 22   506.00        6.953-310        2.122-314        1.136-322        0.000E+00
2019 10 22   507.00        6.953-310        2.122-314        1.136-322        0.000E+00
2019 10 22   508.00        6.953-310        2.122-314        1.136-322        0.000E+00
2019 10 22   509.00        6.953-310        2.122-314        1.136-322        0.000E+00
2019 10 22   510.00        6.953-310        2.122-314        1.136-322        0.000E+00
2019 10 22   511.00        6.953-310        2.122-314        1.136-322        0.000E+00
2019 10 22   512.00        6.953-310        2.122-314        1.136-322        0.000E+00
2019 10 22   513.00        6.953-310        2.122-314        1.136-322        0.000E+00
2019 10 22   514.00        6.953-310        2.122-314        1.136-322        0.000E+00
2019 10 22   515.00        6.953-310        2.122-314        1.136-322        0.000E+00
2019 10 22   516.00        6.953-310        2.122-314        1.136-322        0.000E+00
2019 10 22   517.00        6.953-310        2.122-314        1.136-322        0.000E+00
2019 10 22   518.00        6.953-310        2.122-314        1.136-322        0.000E+00
2019 10 22   519.00        6.953-310        2.122-314        1.136-322        0.000E+00
2019 10 22   520.00        6.953-310        2.122-314        1.136-322        0.000E+00
2019 10 22   521.00        6.953-310        2.122-314        1.136-322        0.000E+00
2019 10 22   522.00        6.953-310        2.122-314        1.136-322        0.000E+00
2019 10 22   523.00        6.953-310        2.122-314        1.136-322        0.000E+00
2019 10 22   524.00        6.953-310        2.122-314        1.136-322        0.000E+00
2019 10 22   525.00        6.953-310        2.122-314        1.136-322        0.000E+00
2019 10 22   526.00        6.953-310        2.122-314        1.136-322        0.000E+00
2019 10 22   527.00        6.953-310        2.122-314        1.136-322        0.000E+00
2019 10 22   528.00        6.953-310        2.122-314        1.136-322        0.000E+00
2019 10 23   529.00        6.953-310        2.122-314        1.136-322        0.000E+00
2019 10 23   530.00        6.953-310        2.122-314        1.136-322        0.000E+00
2019 10 23   531.00        6.953-310        2.122-314        1.136-322        0.000E+00
2019 10 23   532.00        6.953-310        2.122-314        1.136-322        0.000E+00
2019 10 23   533.00        6.953-310        2.122-314        1.136-322        0.000E+00
2019 10 23   534.00        6.953-310        2.122-314        1.136-322        0.000E+00
2019 10 23   535.00        6.953-310        2.122-314        1.136-322        0.000E+00
2019 10 23   536.00        6.953-310        2.122-314        1.136-322        0.000E+00
2019 10 23   537.00        6.953-310        2.122-314        1.136-322        0.000E+00
2019 10 23   538.00        6.953-310        2.122-314        1.136-322        0.000E+00
2019 10 23   539.00        6.953-310        2.122-314        1.136-322        0.000E+00
2019 10 23   540.00        6.953-310        2.122-314        1.136-322        0.000E+00
2019 10 23   541.00        6.953-310        2.122-314        1.136-322        0.000E+00
2019 10 23   542.00        6.953-310        2.122-314        1.136-322        0.000E+00
2019 10 23   543.00        6.953-310        2.122-314        1.136-322        0.000E+00
2019 10 23   544.00        6.953-310        2.122-314        1.136-322        0.000E+00
2019 10 23   545.00        6.953-310        2.122-314        1.136-322        0.000E+00
2019 10 23   546.00        6.953-310        2.122-314        1.136-322        0.000E+00
2019 10 23   547.00        6.953-310        2.122-314        1.136-322        0.000E+00
2019 10 23   548.00        6.953-310        2.122-314        1.136-322        0.000E+00
2019 10 23   549.00        6.953-310        2.122-314        1.136-322        0.000E+00
2019 10 23   550.00        6.953-310        2.122-314        1.136-322        0.000E+00
2019 10 23   551.00        6.953-310        2.122-314        1.136-322        0.000E+00
2019 10 23   552.00        6.953-310        2.122-314        1.136-322        0.000E+00
2019 10 24   553.00        6.953-310        2.122-314        1.136-322        0.000E+00
2019 10 24   554.00        6.953-310        2.122-314        1.136-322        0.000E+00
2019 10 24   555.00        6.953-310        2.122-314        1.136-322        0.000E+00
2019 10 24   556.00        6.953-310        2.122-314        1.136-322        0.000E+00
2019 10 24   557.00        6.953-310        2.122-314        1.136-322        0.000E+00
2019 10 24   558.00        6.953-310        2.122-314        1.136-322        0.000E+00
2019 10 24   559.00        6.953-310        2.122-314        1.136-322        0.000E+00
2019 10 24   560.00        6.953-310        2.122-314        1.136-322        0.000E+00
2019 10 24   561.00        6.953-310        2.122-314        1.136-322        0.000E+00
2019 10 24   562.00        6.953-310        2.122-314        1.136-322        0.000E+00
2019 10 24   563.00        6.953-310        2.122-314        1.136-322        0.000E+00
2019 10 24   564.00        6.953-310        2.122-314        1.136-322        0.000E+00
2019 10 24   565.00        6.953-310        2.122-314        1.136-322        0.000E+00
2019 10 24   566.00        6.953-310        2.122-314        1.136-322        0.000E+00
2019 10 24   567.00        6.953-310        2.122-314        1.136-322        0.000E+00
2019 10 24   568.00        6.953-310        2.122-314        1.136-322        0.000E+00
2019 10 24   569.00        6.953-310        2.122-314        1.136-322        0.000E+00
2019 10 24   570.00        6.953-310        2.122-314        1.136-322        0.000E+00
2019 10 24   571.00        6.953-310        2.122-314        1.136-322        0.000E+00
2019 10 24   572.00        6.953-310        2.122-314        1.136-322        0.000E+00
2019 10 24   573.00        6.953-310        2.122-314        1.136-322        0.000E+00
2019 10 24   574.00        6.953-310        2.122-314        1.136-322        0.000E+00
2019 10 24   575.00        6.953-310        2.122-314        1.136-322        0.000E+00
2019 10 24   576.00        6.953-310        2.122-314        1.136-322        0.000E+00
2019 10 25   577.00        6.953-310        2.122-314        1.136-322        0.000E+00
2019 10 25   578.00        6.953-310        2.122-314        1.136-322        0.000E+00
2019 10 25   579.00        6.953-310        2.122-314        1.136-322        0.000E+00
2019 10 25   580.00        6.953-310        2.122-314        1.136-322        0.000E+00
2019 10 25   581.00        6.953-310        2.122-314        1.136-322        0.000E+00
2019 10 25   582.00        6.953-310        2.122-314        1.136-322        0.000E+00
2019 10 25   583.00        6.953-310        2.122-314        1.136-322        0.000E+00
2019 10 25   584.00        6.953-310        2.122-314        1.136-322        0.000E+00
2019 10 25   585.00        6.953-310        2.122-314        1.136-322        0.000E+00
2019 10 25   586.00        6.953-310        2.122-314        1.136-322        0.000E+00
2019 10 25   587.00        6.953-310        2.122-314        1.136-322        0.000E+00
2019 10 25   588.00        6.953-310        2.122-314        1.136-322        0.000E+00
2019 10 25   589.00        6.953-310        2.122-314        1.136-322        0.000E+00
2019 10 25   590.00        6.953-310        2.122-314        1.136-322        0.000E+00
2019 10 25   591.00        6.953-310        2.122-314        1.136-322        0.000E+00
2019 10 25   592.00        6.953-310        2.122-314        1.136-322        0.000E+00
2019 10 25   593.00        6.953-310        2.122-314        1.136-322        0.000E+00
2019 10 25   594.00        6.953-310        2.122-314        1.136-322        0.000E+00
2019 10 25   595.00        6.953-310        2.122-314        1.136-322        0.000E+00
2019 10 25   596.00        6.953-310        2.122-314        1.136-322        0.000E+00
2019 10 25   597.00        6.953-310        2.122-314        1.136-322        0.000E+00
2019 10 25   598.00        6.953-310        2.122-314        1.136-322        0.000E+00
2019 10 25   599.00        6.953-310        2.122-314        1.136-322        0.000E+00
2019 10 25   600.00        6.953-310        2.122-314        1.136-322        0.000E+00
2019 10 26   601.00        6.953-310        2.122-314        1.136-322        0.000E+00
2019 10 26   602.00        6.953-310        2.122-314        1.136-322        0.000E+00
2019 10 26   603.00        6.953-310        2.122-314        1.136-322        0.000E+00
2019 10 26   604.00        6.953-310        2.122-314        1.136-322        0.000E+00
2019 10 26   605.00        6.953-310        2.122-314        1.136-322        0.000E+00
2019 10 26   606.00        6.953-310        2.122-314        1.136-322        0.000E+00
2019 10 26   607.00        6.953-310        2.122-314        1.136-322        0.000E+00
2019 10 26   608.00        6.953-310        2.122-314        1.136-322        0.000E+00
2019 10 26   609.00        6.953-310        2.122-314        1.136-322        0.000E+00
2019 10 26   610.00        6.953-310        2.122-314        1.136-322        0.000E+00
2019 10 26   611.00        6.953-310        2.122-314        1.136-322        0.000E+00
2019 10 26   612.00        6.953-310        2.122-314        1.136-322        0.000E+00
2019 10 26   613.00        6.953-310        2.122-314        1.136-322        0.000E+00
2019 10 26   614.00        6.953-310        2.122-314        1.136-322        0.000E+00
2019 10 26   615.00        6.953-310        2.122-314        1.136-322        0.000E+00
2019 10 26   616.00        6.953-310        2.122-314        1.136-322        0.000E+00
2019 10 26   617.00        6.953-310        2.122-314        1.136-322        0.000E+00
2019 10 26   618.00        6.953-310        2.122-314        1.136-322        0.000E+00
2019 10 26   619.00        6.953-310        2.122-314        1.136-322        0.000E+00
2019 10 26   620.00        6.953-310        2.122-314        1.136-322        0.000E+00
2019 10 26   621.00        6.953-310        2.122-314        1.136-322        0.000E+00
2019 10 26   622.00        6.953-310        2.122-314        1.136-322        0.000E+00
2019 10 26   623.00        6.953-310        2.122-314        1.136-322        0.000E+00
2019 10 26   624.00        6.953-310        2.122-314        1.136-322        0.000E+00
2019 10 27   625.00        6.953-310        2.122-314        1.136-322        0.000E+00
2019 10 27   626.00        6.953-310        2.122-314        1.136-322        0.000E+00
2019 10 27   627.00        6.953-310        2.122-314        1.136-322        0.000E+00
2019 10 27   628.00        6.953-310        2.122-314        1.136-322        0.000E+00
2019 10 27   629.00        6.953-310        2.122-314        1.136-322        0.000E+00
2019 10 27   630.00        6.953-310        2.122-314        1.136-322        0.000E+00
2019 10 27   631.00        6.953-310        2.122-314        1.136-322        0.000E+00
2019 10 27   632.00        6.953-310        2.122-314        1.136-322        0.000E+00
2019 10 27   633.00        6.953-310        2.122-314        1.136-322        0.000E+00
2019 10 27   634.00        6.953-310        2.122-314        1.136-322        0.000E+00
2019 10 27   635.00        6.953-310        2.122-314        1.136-322        0.000E+00
2019 10 27   636.00        6.953-310        2.122-314        1.136-322        0.000E+00
2019 10 27   637.00        6.953-310        2.122-314        1.136-322        0.000E+00
2019 10 27   638.00        6.953-310        2.122-314        1.136-322        0.000E+00
2019 10 27   639.00        6.953-310        2.122-314        1.136-322        0.000E+00
2019 10 27   640.00        6.953-310        2.122-314        1.136-322        0.000E+00
2019 10 27   641.00        6.953-310        2.122-314        1.136-322        0.000E+00
2019 10 27   642.00        6.953-310        2.122-314        1.136-322        0.000E+00
2019 10 27   643.00        6.953-310        2.122-314        1.136-322        0.000E+00
2019 10 27   644.00        6.953-310        2.122-314        1.136-322        0.000E+00
2019 10 27   645.00        6.953-310        2.122-314        1.136-322        0.000E+00
2019 10 27   646.00        6.953-310        2.122-314        1.136-322        0.000E+00
2019 10 27   647.00        6.953-310        2.122-314        1.136-322        0.000E+00
2019 10 27   648.00        6.953-310        2.122-314        1.136-322        0.000E+00
2019 10 28   649.00        6.953-310        2.122-314        1.136-322        0.000E+00
2019 10 28   650.00        6.953-310        2.122-314        1.136-322        0.000E+00
2019 10 28   651.00        6.953-310        2.122-314        1.136-322        0.000E+00
2019 10 28   652.00        6.953-310        2.122-314        1.136-322        0.000E+00
2019 10 28   653.00        6.953-310        2.122-314        1.136-322        0.000E+00
2019 10 28   654.00        6.953-310        2.122-314        1.136-322        0.000E+00
2019 10 28   655.00        6.953-310        2.122-314        1.136-322        0.000E+00
2019 10 28   656.00        6.953-310        2.122-314        1.136-322        0.000E+00
2019 10 28   657.00        6.953-310        2.122-314        1.136-322        0.000E+00
2019 10 28   658.00        6.953-310        2.122-314        1.136-322        0.000E+00
2019 10 28   659.00        6.953-310        2.122-314        1.136-322        0.000E+00
2019 10 28   660.00        6.953-310        2.122-314        1.136-322        0.000E+00
2019 10 28   661.00        6.953-310        2.122-314        1.136-322        0.000E+00
2019 10 28   662.00        6.953-310        2.122-314        1.136-322        0.000E+00
2019 10 28   663.00        6.953-310        2.122-314        1.136-322        0.000E+00
2019 10 28   664.00        6.953-310        2.122-314        1.136-322        0.000E+00
2019 10 28   665.00        6.953-310        2.122-314        1.136-322        0.000E+00
2019 10 28   666.00        6.953-310        2.122-314        1.136-322        0.000E+00
2019 10 28   667.00        6.953-310        2.122-314        1.136-322        0.000E+00
2019 10 28   668.00        6.953-310        2.122-314        1.136-322        0.000E+00
2019 10 28   669.00        6.953-310        2.122-314        1.136-322        0.000E+00
2019 10 28   670.00        6.953-310        2.122-314        1.136-322        0.000E+00
2019 10 28   671.00        6.953-310        2.122-314        1.136-322        0.000E+00
2019 10 28   672.00        6.953-310        2.122-314        1.136-322        0.000E+00
2019 10 29   673.00        6.953-310        2.122-314        1.136-322        0.000E+00
2019 10 29   674.00        6.953-310        2.122-314        1.136-322        0.000E+00
2019 10 29   675.00        6.953-310        2.122-314        1.136-322        0.000E+00
2019 10 29   676.00        6.953-310        2.122-314        1.136-322        0.000E+00
2019 10 29   677.00        6.953-310        2.122-314        1.136-322        0.000E+00
2019 10 29   678.00        6.953-310        2.122-314        1.136-322        0.000E+00
2019 10 29   679.00        6.953-310        2.122-314        1.136-322        0.000E+00
2019 10 29   680.00        6.953-310        2.122-314        1.136-322        0.000E+00
2019 10 29   681.00        6.953-310        2.122-314        1.136-322        0.000E+00
2019 10 29   682.00        6.953-310        2.122-314        1.136-322        0.000E+00
2019 10 29   683.00        6.953-310        2.122-314        1.136-322        0.000E+00
2019 10 29   684.00        6.953-310        2.122-314        1.136-322        0.000E+00
2019 10 29   685.00        6.953-310        2.122-314        1.136-322        0.000E+00
2019 10 29   686.00        6.953-310        2.122-314        1.136-322        0.000E+00
2019 10 29   687.00        6.953-310        2.122-314        1.136-322        0.000E+00
2019 10 29   688.00        6.953-310        2.122-314        1.136-322        0.000E+00
2019 10 29   689.00        6.953-310        2.122-314        1.136-322        0.000E+00
2019 10 29   690.00        6.953-310        2.122-314        1.136-322        0.000E+00
2019 10 29   691.00        6.953-310        2.122-314        1.136-322        0.000E+00
2019 10 29   692.00        6.953-310        2.122-314        1.136-322        0.000E+00
2019 10 29   693.00        6.953-310        2.122-314        1.136-322        0.000E+00
2019 10 29   694.00        6.953-310        2.122-314        1.136-322        0.000E+00
2019 10 29   695.00        6.953-310        2.122-314        1.136-322        0.000E+00
2019 10 29   696.00        6.953-310        2.122-314        1.136-322        0.000E+00
2019 10 30   697.00        6.953-310        2.122-314        1.136-322        0.000E+00
2019 10 30   698.00        6.953-310        2.122-314        1.136-322        0.000E+00
2019 10 30   699.00        6.953-310        2.122-314        1.136-322        0.000E+00
2019 10 30   700.00        6.953-310        2.122-314        1.136-322        0.000E+00
2019 10 30   701.00        6.953-310        2.122-314        1.136-322        0.000E+00
2019 10 30   702.00        6.953-310        2.122-314        1.136-322        0.000E+00
2019 10 30   703.00        6.953-310        2.122-314        1.136-322        0.000E+00
2019 10 30   704.00        6.953-310        2.122-314        1.136-322        0.000E+00
2019 10 30   705.00        6.953-310        2.122-314        1.136-322        0.000E+00
2019 10 30   706.00        6.953-310        2.122-314        1.136-322        0.000E+00
2019 10 30   707.00        6.953-310        2.122-314        1.136-322        0.000E+00
2019 10 30   708.00        6.953-310        2.122-314        1.136-322        0.000E+00
2019 10 30   709.00        6.953-310        2.122-314        1.136-322        0.000E+00
2019 10 30   710.00        6.953-310        2.122-314        1.136-322        0.000E+00
2019 10 30   711.00        6.953-310        2.122-314        1.136-322        0.000E+00
2019 10 30   712.00        6.953-310        2.122-314        1.136-322        0.000E+00
2019 10 30   713.00        6.953-310        2.122-314        1.136-322        0.000E+00
2019 10 30   714.00        6.953-310        2.122-314        1.136-322        0.000E+00
2019 10 30   715.00        6.953-310        2.122-314        1.136-322        0.000E+00
2019 10 30   716.00        6.953-310        2.122-314        1.136-322        0.000E+00
2019 10 30   717.00        6.953-310        2.122-314        1.136-322        0.000E+00
2019 10 30   718.00        6.953-310        2.122-314        1.136-322        0.000E+00
2019 10 30   719.00        6.953-310        2.122-314        1.136-322        0.000E+00
2019 10 30   720.00        6.953-310        2.122-314        1.136-322        0.000E+00
2019 10 31   721.00        6.953-310        2.122-314        1.136-322        0.000E+00
2019 10 31   722.00        6.953-310        2.122-314        1.136-322        0.000E+00
2019 10 31   723.00        6.953-310        2.122-314        1.136-322        0.000E+00
2019 10 31   724.00        6.953-310        2.122-314        1.136-322        0.000E+00
2019 10 31   725.00        6.953-310        2.122-314        1.136-322        0.000E+00
2019 10 31   726.00        6.953-310        2.122-314        1.136-322        0.000E+00
2019 10 31   727.00        6.953-310        2.122-314        1.136-322        0.000E+00
2019 10 31   728.00        6.953-310        2.122-314        1.136-322        0.000E+00
2019 10 31   729.00        6.953-310        2.122-314        1.136-322        0.000E+00
2019 10 31   730.00        6.953-310        2.122-314        1.136-322        0.000E+00
2019 10 31   731.00        6.953-310        2.122-314        1.136-322        0.000E+00
2019 10 31   732.00        6.953-310        2.122-314        1.136-322        0.000E+00
2019 10 31   733.00        6.953-310        2.122-314        1.136-322        0.000E+00
2019 10 31   734.00        6.953-310        2.122-314        1.136-322        0.000E+00
2019 10 31   735.00        6.953-310        2.122-314        1.136-322        0.000E+00
2019 10 31   736.00        6.953-310        2.122-314        1.136-322        0.000E+00
2019 10 31   737.00        6.953-310        2.122-314        1.136-322        0.000E+00
2019 10 31   738.00        6.953-310        2.122-314        1.136-322        0.000E+00
2019 10 31   739.00        6.953-310        2.122-314        1.136-322        0.000E+00
2019 10 31   740.00        6.953-310        2.122-314        1.136-322        0.000E+00
2019 10 31   741.00        6.953-310        2.122-314        1.136-322        0.000E+00
2019 10 31   742.00        6.953-310        2.122-314        1.136-322        0.000E+00
2019 10 31   743.00        6.953-310        2.122-314        1.136-322        0.000E+00
2019 10 31   744.00        6.953-310        2.122-314        1.136-322        0.000E+00
2019 11  1   745.00        6.953-310        2.122-314        1.136-322        0.000E+00
2019 11  1   746.00        6.953-310        2.122-314        1.136-322        0.000E+00
2019 11  1   747.00        6.953-310        2.122-314        1.136-322        0.000E+00
2019 11  1   748.00        6.953-310        2.122-314        1.136-322        0.000E+00
2019 11  1   749.00        6.953-310        2.122-314        1.136-322        0.000E+00
2019 11  1   750.00        6.953-310        2.122-314        1.136-322        0.000E+00
2019 11  1   751.00        6.953-310        2.122-314        1.136-322        0.000E+00
2019 11  1   752.00        6.953-310        2.122-314        1.136-322        0.000E+00
2019 11  1   753.00        6.953-310        2.122-314        1.136-322        0.000E+00
2019 11  1   754.00        6.953-310        2.122-314        1.136-322        0.000E+00
2019 11  1   755.00        6.953-310        2.122-314        1.136-322        0.000E+00
2019 11  1   756.00        6.953-310        2.122-314        1.136-322        0.000E+00
2019 11  1   757.00        6.953-310        2.122-314        1.136-322        0.000E+00
2019 11  1   758.00        6.953-310        2.122-314        1.136-322        0.000E+00
2019 11  1   759.00        6.953-310        2.122-314        1.136-322        0.000E+00
2019 11  1   760.00        6.953-310        2.122-314        1.136-322        0.000E+00
2019 11  1   761.00        6.953-310        2.122-314        1.136-322        0.000E+00
2019 11  1   762.00        6.953-310        2.122-314        1.136-322        0.000E+00
2019 11  1   763.00        6.953-310        2.122-314        1.136-322        0.000E+00
2019 11  1   764.00        6.953-310        2.122-314        1.136-322        0.000E+00
2019 11  1   765.00        6.953-310        2.122-314        1.136-322        0.000E+00
2019 11  1   766.00        6.953-310        2.122-314        1.136-322        0.000E+00
2019 11  1   767.00        6.953-310        2.122-314        1.136-322        0.000E+00
2019 11  1   768.00        6.953-310        2.122-314        1.136-322        0.000E+00
2019 11  2   769.00        6.953-310        2.122-314        1.136-322        0.000E+00
2019 11  2   770.00        6.953-310        2.122-314        1.136-322        0.000E+00
2019 11  2   771.00        6.953-310        2.122-314        1.136-322        0.000E+00
2019 11  2   772.00        6.953-310        2.122-314        1.136-322        0.000E+00
2019 11  2   773.00        6.953-310        2.122-314        1.136-322        0.000E+00
2019 11  2   774.00        6.953-310        2.122-314        1.136-322        0.000E+00
2019 11  2   775.00        6.953-310        2.122-314        1.136-322        0.000E+00
2019 11  2   776.00        6.953-310        2.122-314        1.136-322        0.000E+00
2019 11  2   777.00        6.953-310        2.122-314        1.136-322        0.000E+00
2019 11  2   778.00        6.953-310        2.122-314        1.136-322        0.000E+00
2019 11  2   779.00        6.953-310        2.122-314        1.136-322        0.000E+00
2019 11  2   780.00        6.953-310        2.122-314        1.136-322        0.000E+00
2019 11  2   781.00        6.953-310        2.122-314        1.136-322        0.000E+00
2019 11  2   782.00        6.953-310        2.122-314        1.136-322        0.000E+00
2019 11  2   783.00        6.953-310        2.122-314        1.136-322        0.000E+00
2019 11  2   784.00        6.953-310        2.122-314        1.136-322        0.000E+00
2019 11  2   785.00        6.953-310        2.122-314        1.136-322        0.000E+00
2019 11  2   786.00        6.953-310        2.122-314        1.136-322        0.000E+00
2019 11  2   787.00        6.953-310        2.122-314        1.136-322        0.000E+00
2019 11  2   788.00        6.953-310        2.122-314        1.136-322        0.000E+00
2019 11  2   789.00        6.953-310        2.122-314        1.136-322        0.000E+00
2019 11  2   790.00        6.953-310        2.122-314        1.136-322        0.000E+00
2019 11  2   791.00        6.953-310        2.122-314        1.136-322        0.000E+00
2019 11  2   792.00        6.953-310        2.122-314        1.136-322        0.000E+00
2019 11  3   793.00        6.953-310        2.122-314        1.136-322        0.000E+00
2019 11  3   794.00        6.953-310        2.122-314        1.136-322        0.000E+00
2019 11  3   795.00        6.953-310        2.122-314        1.136-322        0.000E+00
2019 11  3   796.00        6.953-310        2.122-314        1.136-322        0.000E+00
2019 11  3   797.00        6.953-310        2.122-314        1.136-322        0.000E+00
2019 11  3   798.00        6.953-310        2.122-314        1.136-322        0.000E+00
2019 11  3   799.00        6.953-310        2.122-314        1.136-322        0.000E+00
2019 11  3   800.00        6.953-310        2.122-314        1.136-322        0.000E+00
2019 11  3   801.00        6.953-310        2.122-314        1.136-322        0.000E+00
2019 11  3   802.00        6.953-310        2.122-314        1.136-322        0.000E+00
2019 11  3   803.00        6.953-310        2.122-314        1.136-322        0.000E+00
2019 11  3   804.00        6.953-310        2.122-314        1.136-322        0.000E+00
2019 11  3   805.00        6.953-310        2.122-314        1.136-322        0.000E+00
2019 11  3   806.00        6.953-310        2.122-314        1.136-322        0.000E+00
2019 11  3   807.00        6.953-310        2.122-314        1.136-322        0.000E+00
2019 11  3   808.00        6.953-310        2.122-314        1.136-322        0.000E+00
2019 11  3   809.00        6.953-310        2.122-314        1.136-322        0.000E+00
2019 11  3   810.00        6.953-310        2.122-314        1.136-322        0.000E+00
2019 11  3   811.00        6.953-310        2.122-314        1.136-322        0.000E+00
2019 11  3   812.00        6.953-310        2.122-314        1.136-322        0.000E+00
2019 11  3   813.00        6.953-310        2.122-314        1.136-322        0.000E+00
2019 11  3   814.00        6.953-310        2.122-314        1.136-322        0.000E+00
2019 11  3   815.00        6.953-310        2.122-314        1.136-322        0.000E+00
2019 11  3   816.00        6.953-310        2.122-314        1.136-322        0.000E+00
2019 11  4   817.00        6.953-310        2.122-314        1.136-322        0.000E+00
2019 11  4   818.00        6.953-310        2.122-314        1.136-322        0.000E+00
2019 11  4   819.00        6.953-310        2.122-314        1.136-322        0.000E+00
2019 11  4   820.00        6.953-310        2.122-314        1.136-322        0.000E+00
2019 11  4   821.00        6.953-310        2.122-314        1.136-322        0.000E+00
2019 11  4   822.00        6.953-310        2.122-314        1.136-322        0.000E+00
2019 11  4   823.00        6.953-310        2.122-314        1.136-322        0.000E+00
2019 11  4   824.00        6.953-310        2.122-314        1.136-322        0.000E+00
2019 11  4   825.00        6.953-310        2.122-314        1.136-322        0.000E+00
2019 11  4   826.00        6.953-310        2.122-314        1.136-322        0.000E+00
2019 11  4   827.00        6.953-310        2.122-314        1.136-322        0.000E+00
2019 11  4   828.00        6.953-310        2.122-314        1.136-322        0.000E+00
2019 11  4   829.00        6.953-310        2.122-314        1.136-322        0.000E+00
2019 11  4   830.00        6.953-310        2.122-314        1.136-322        0.000E+00
2019 11  4   831.00        6.953-310        2.122-314        1.136-322        0.000E+00
2019 11  4   832.00        6.953-310        2.122-314        1.136-322        0.000E+00
2019 11  4   833.00        6.953-310        2.122-314        1.136-322        0.000E+00
2019 11  4   834.00        6.953-310        2.122-314        1.136-322        0.000E+00
2019 11  4   835.00        6.953-310        2.122-314        1.136-322        0.000E+00
2019 11  4   836.00        6.953-310        2.122-314        1.136-322        0.000E+00
2019 11  4   837.00        6.953-310        2.122-314        1.136-322        0.000E+00
2019 11  4   838.00        6.953-310        2.122-314        1.136-322        0.000E+00
2019 11  4   839.00        6.953-310        2.122-314        1.136-322        0.000E+00
2019 11  4   840.00        6.953-310        2.122-314        1.136-322        0.000E+00
2019 11  5   841.00        6.953-310        2.122-314        1.136-322        0.000E+00
2019 11  5   842.00        6.953-310        2.122-314        1.136-322        0.000E+00
2019 11  5   843.00        6.953-310        2.122-314        1.136-322        0.000E+00
2019 11  5   844.00        6.953-310        2.122-314        1.136-322        0.000E+00
2019 11  5   845.00        6.953-310        2.122-314        1.136-322        0.000E+00
2019 11  5   846.00        6.953-310        2.122-314        1.136-322        0.000E+00
2019 11  5   847.00        6.953-310        2.122-314        1.136-322        0.000E+00
2019 11  5   848.00        6.953-310        2.122-314        1.136-322        0.000E+00
2019 11  5   849.00        6.953-310        2.122-314        1.136-322        0.000E+00
2019 11  5   850.00        6.953-310        2.122-314        1.136-322        0.000E+00
2019 11  5   851.00        6.953-310        2.122-314        1.136-322        0.000E+00
2019 11  5   852.00        6.953-310        2.122-314        1.136-322        0.000E+00
2019 11  5   853.00        6.953-310        2.122-314        1.136-322        0.000E+00
2019 11  5   854.00        6.953-310        2.122-314        1.136-322        0.000E+00
2019 11  5   855.00        6.953-310        2.122-314        1.136-322        0.000E+00
2019 11  5   856.00        6.953-310        2.122-314        1.136-322        0.000E+00
2019 11  5   857.00        6.953-310        2.122-314        1.136-322        0.000E+00
2019 11  5   858.00        6.953-310        2.122-314        1.136-322        0.000E+00
2019 11  5   859.00        6.953-310        2.122-314        1.136-322        0.000E+00
2019 11  5   860.00        6.953-310        2.122-314        1.136-322        0.000E+00
2019 11  5   861.00        6.953-310        2.122-314        1.136-322        0.000E+00
2019 11  5   862.00        6.953-310        2.122-314        1.136-322        0.000E+00
2019 11  5   863.00        6.953-310        2.122-314        1.136-322        0.000E+00
2019 11  5   864.00        6.953-310        2.122-314        1.136-322        0.000E+00
2019 11  6   865.00        6.953-310        2.122-314        1.136-322        0.000E+00
2019 11  6   866.00        6.953-310        2.122-314        1.136-322        0.000E+00
2019 11  6   867.00        6.953-310        2.122-314        1.136-322        0.000E+00
2019 11  6   868.00        6.953-310        2.122-314        1.136-322        0.000E+00
2019 11  6   869.00        6.953-310        2.122-314        1.136-322        0.000E+00
2019 11  6   870.00        6.953-310        2.122-314        1.136-322        0.000E+00
2019 11  6   871.00        6.953-310        2.122-314        1.136-322        0.000E+00
2019 11  6   872.00        6.953-310        2.122-314        1.136-322        0.000E+00
2019 11  6   873.00        6.953-310        2.122-314        1.136-322        0.000E+00
2019 11  6   874.00        6.953-310        2.122-314        1.136-322        0.000E+00
2019 11  6   875.00        6.953-310        2.122-314        1.136-322        0.000E+00
2019 11  6   876.00        6.953-310        2.122-314        1.136-322        0.000E+00
2019 11  6   877.00        6.953-310        2.122-314        1.136-322        0.000E+00
2019 11  6   878.00        6.953-310        2.122-314        1.136-322        0.000E+00
2019 11  6   879.00        6.953-310        2.122-314        1.136-322        0.000E+00
2019 11  6   880.00        6.953-310        2.122-314        1.136-322        0.000E+00
2019 11  6   881.00        6.953-310        2.122-314        1.136-322        0.000E+00
2019 11  6   882.00        6.953-310        2.122-314        1.136-322        0.000E+00
2019 11  6   883.00        6.953-310        2.122-314        1.136-322        0.000E+00
2019 11  6   884.00        6.953-310        2.122-314        1.136-322        0.000E+00
2019 11  6   885.00        6.953-310        2.122-314        1.136-322        0.000E+00
2019 11  6   886.00        6.953-310        2.122-314        1.136-322        0.000E+00
2019 11  6   887.00        6.953-310        2.122-314        1.136-322        0.000E+00
2019 11  6   888.00        6.953-310        2.122-314        1.136-322        0.000E+00
2019 11  7   889.00        6.953-310        2.122-314        1.136-322        0.000E+00
2019 11  7   890.00        6.953-310        2.122-314        1.136-322        0.000E+00
2019 11  7   891.00        6.953-310        2.122-314        1.136-322        0.000E+00
2019 11  7   892.00        6.953-310        2.122-314        1.136-322        0.000E+00
2019 11  7   893.00        6.953-310        2.122-314        1.136-322        0.000E+00
2019 11  7   894.00        6.953-310        2.122-314        1.136-322        0.000E+00
2019 11  7   895.00        6.953-310        2.122-314        1.136-322        0.000E+00
2019 11  7   896.00        6.953-310        2.122-314        1.136-322        0.000E+00
2019 11  7   897.00        6.953-310        2.122-314        1.136-322        0.000E+00
2019 11  7   898.00        6.953-310        2.122-314        1.136-322        0.000E+00
2019 11  7   899.00        6.953-310        2.122-314        1.136-322        0.000E+00
2019 11  7   900.00        6.953-310        2.122-314        1.136-322        0.000E+00
2019 11  7   901.00        6.953-310        2.122-314        1.136-322        0.000E+00
2019 11  7   902.00        6.953-310        2.122-314        1.136-322        0.000E+00
2019 11  7   903.00        6.953-310        2.122-314        1.136-322        0.000E+00
2019 11  7   904.00        6.953-310        2.122-314        1.136-322        0.000E+00
2019 11  7   905.00        6.953-310        2.122-314        1.136-322        0.000E+00
2019 11  7   906.00        6.953-310        2.122-314        1.136-322        0.000E+00
2019 11  7   907.00        6.953-310        2.122-314        1.136-322        0.000E+00
2019 11  7   908.00        6.953-310        2.122-314        1.136-322        0.000E+00
2019 11  7   909.00        6.953-310        2.122-314        1.136-322        0.000E+00
2019 11  7   910.00        6.953-310        2.122-314        1.136-322        0.000E+00
2019 11  7   911.00        6.953-310        2.122-314        1.136-322        0.000E+00
2019 11  7   912.00        6.953-310        2.122-314        1.136-322        0.000E+00
2019 11  8   913.00        6.953-310        2.122-314        1.136-322        0.000E+00
2019 11  8   914.00        6.953-310        2.122-314        1.136-322        0.000E+00
2019 11  8   915.00        6.953-310        2.122-314        1.136-322        0.000E+00
2019 11  8   916.00        6.953-310        2.122-314        1.136-322        0.000E+00
2019 11  8   917.00        6.953-310        2.122-314        1.136-322        0.000E+00
2019 11  8   918.00        6.953-310        2.122-314        1.136-322        0.000E+00
2019 11  8   919.00        6.953-310        2.122-314        1.136-322        0.000E+00
2019 11  8   920.00        6.953-310        2.122-314        1.136-322        0.000E+00
2019 11  8   921.00        6.953-310        2.122-314        1.136-322        0.000E+00
2019 11  8   922.00        6.953-310        2.122-314        1.136-322        0.000E+00
2019 11  8   923.00        6.953-310        2.122-314        1.136-322        0.000E+00
2019 11  8   924.00        6.953-310        2.122-314        1.136-322        0.000E+00
2019 11  8   925.00        6.953-310        2.122-314        1.136-322        0.000E+00
2019 11  8   926.00        6.953-310        2.122-314        1.136-322        0.000E+00
2019 11  8   927.00        6.953-310        2.122-314        1.136-322        0.000E+00
2019 11  8   928.00        6.953-310        2.122-314        1.136-322        0.000E+00
2019 11  8   929.00        6.953-310        2.122-314        1.136-322        0.000E+00
2019 11  8   930.00        6.953-310        2.122-314        1.136-322        0.000E+00
2019 11  8   931.00        6.953-310        2.122-314        1.136-322        0.000E+00
2019 11  8   932.00        6.953-310        2.122-314        1.136-322        0.000E+00
2019 11  8   933.00        6.953-310        2.122-314        1.136-322        0.000E+00
2019 11  8   934.00        6.953-310        2.122-314        1.136-322        0.000E+00
2019 11  8   935.00        6.953-310        2.122-314        1.136-322        0.000E+00
2019 11  8   936.00        6.953-310        2.122-314        1.136-322        0.000E+00
2019 11  9   937.00        6.953-310        2.122-314        1.136-322        0.000E+00
2019 11  9   938.00        6.953-310        2.122-314        1.136-322        0.000E+00
2019 11  9   939.00        6.953-310        2.122-314        1.136-322        0.000E+00
2019 11  9   940.00        6.953-310        2.122-314        1.136-322        0.000E+00
2019 11  9   941.00        6.953-310        2.122-314        1.136-322        0.000E+00
2019 11  9   942.00        6.953-310        2.122-314        1.136-322        0.000E+00
2019 11  9   943.00        6.953-310        2.122-314        1.136-322        0.000E+00
2019 11  9   944.00        6.953-310        2.122-314        1.136-322        0.000E+00
2019 11  9   945.00        6.953-310        2.122-314        1.136-322        0.000E+00
2019 11  9   946.00        6.953-310        2.122-314        1.136-322        0.000E+00
2019 11  9   947.00        6.953-310        2.122-314        1.136-322        0.000E+00
2019 11  9   948.00        6.953-310        2.122-314        1.136-322        0.000E+00
2019 11  9   949.00        6.953-310        2.122-314        1.136-322        0.000E+00
2019 11  9   950.00        6.953-310        2.122-314        1.136-322        0.000E+00
2019 11  9   951.00        6.953-310        2.122-314        1.136-322        0.000E+00
2019 11  9   952.00        6.953-310        2.122-314        1.136-322        0.000E+00
2019 11  9   953.00        6.953-310        2.122-314        1.136-322        0.000E+00
2019 11  9   954.00        6.953-310        2.122-314        1.136-322        0.000E+00
2019 11  9   955.00        6.953-310        2.122-314        1.136-322        0.000E+00
2019 11  9   956.00        6.953-310        2.122-314        1.136-322        0.000E+00
2019 11  9   957.00        6.953-310        2.122-314        1.136-322        0.000E+00
2019 11  9   958.00        6.953-310        2.122-314        1.136-322        0.000E+00
2019 11  9   959.00        6.953-310        2.122-314        1.136-322        0.000E+00
2019 11  9   960.00        6.953-310        2.122-314        1.136-322        0.000E+00
2019 11 10   961.00        6.953-310        2.122-314        1.136-322        0.000E+00
2019 11 10   962.00        6.953-310        2.122-314        1.136-322        0.000E+00
2019 11 10   963.00        6.953-310        2.122-314        1.136-322        0.000E+00
2019 11 10   964.00        6.953-310        2.122-314        1.136-322        0.000E+00
2019 11 10   965.00        6.953-310        2.122-314        1.136-322        0.000E+00
2019 11 10   966.00        6.953-310        2.122-314        1.136-322        0.000E+00
2019 11 10   967.00        6.953-310        2.122-314        1.136-322        0.000E+00
2019 11 10   968.00        6.953-310        2.122-314        1.136-322        0.000E+00
2019 11 10   969.00        6.953-310        2.122-314        1.136-322        0.000E+00
2019 11 10   970.00        6.953-310        2.122-314        1.136-322        0.000E+00
2019 11 10   971.00        6.953-310        2.122-314        1.136-322        0.000E+00
2019 11 10   972.00        6.953-310        2.122-314        1.136-322        0.000E+00
2019 11 10   973.00        6.953-310        2.122-314        1.136-322        0.000E+00
2019 11 10   974.00        6.953-310        2.122-314        1.136-322        0.000E+00
2019 11 10   975.00        6.953-310        2.122-314        1.136-322        0.000E+00
2019 11 10   976.00        6.953-310        2.122-314        1.136-322        0.000E+00
2019 11 10   977.00        6.953-310        2.122-314        1.136-322        0.000E+00
2019 11 10   978.00        6.953-310        2.122-314        1.136-322        0.000E+00
2019 11 10   979.00        6.953-310        2.122-314        1.136-322        0.000E+00
2019 11 10   980.00        6.953-310        2.122-314        1.136-322        0.000E+00
2019 11 10   981.00        6.953-310        2.122-314        1.136-322        0.000E+00
2019 11 10   982.00        6.953-310        2.122-314        1.136-322        0.000E+00
2019 11 10   983.00        6.953-310        2.122-314        1.136-322        0.000E+00
2019 11 10   984.00        6.953-310        2.122-314        1.136-322        0.000E+00
2019 11 11   985.00        6.953-310        2.122-314        1.136-322        0.000E+00
2019 11 11   986.00        6.953-310        2.122-314        1.136-322        0.000E+00
2019 11 11   987.00        6.953-310        2.122-314        1.136-322        0.000E+00
2019 11 11   988.00        6.953-310        2.122-314        1.136-322        0.000E+00
2019 11 11   989.00        6.953-310        2.122-314        1.136-322        0.000E+00
2019 11 11   990.00        6.953-310        2.122-314        1.136-322        0.000E+00
2019 11 11   991.00        6.953-310        2.122-314        1.136-322        0.000E+00
2019 11 11   992.00        6.953-310        2.122-314        1.136-322        0.000E+00
2019 11 11   993.00        6.953-310        2.122-314        1.136-322        0.000E+00
2019 11 11   994.00        6.953-310        2.122-314        1.136-322        0.000E+00
2019 11 11   995.00        6.953-310        2.122-314        1.136-322        0.000E+00
2019 11 11   996.00        6.953-310        2.122-314        1.136-322        0.000E+00
2019 11 11   997.00        6.953-310        2.122-314        1.136-322        0.000E+00
2019 11 11   998.00        6.953-310        2.122-314        1.136-322        0.000E+00
2019 11 11   999.00        6.953-310        2.122-314        1.136-322        0.000E+00
2019 11 11  1000.00        6.953-310        2.122-314        1.136-322        0.000E+00
2019 11 11  1001.00        6.953-310        2.122-314        1.136-322        0.000E+00
2019 11 11  1002.00        6.953-310        2.122-314        1.136-322        0.000E+00
2019 11 11  1003.00        6.953-310        2.122-314        1.136-322        0.000E+00
2019 11 11  1004.00        6.953-310        2.122-314        1.136-322        0.000E+00
2019 11 11  1005.00        6.953-310        2.122-314        1.136-322        0.000E+00
2019 11 11  1006.00        6.953-310        2.122-314        1.136-322        0.000E+00
2019 11 11  1007.00        6.953-310        2.122-314        1.136-322        0.000E+00
2019 11 11  1008.00        6.953-310        2.122-314        1.136-322        0.000E+00
2019 11 12  1009.00        6.953-310        2.122-314        1.136-322        0.000E+00
2019 11 12  1010.00        6.953-310        2.122-314        1.136-322        0.000E+00
2019 11 12  1011.00        6.953-310        2.122-314        1.136-322        0.000E+00
2019 11 12  1012.00        6.953-310        2.122-314        1.136-322        0.000E+00
2019 11 12  1013.00        6.953-310        2.122-314        1.136-322        0.000E+00
2019 11 12  1014.00        6.953-310        2.122-314        1.136-322        0.000E+00
2019 11 12  1015.00        6.953-310        2.122-314        1.136-322        0.000E+00
2019 11 12  1016.00        6.953-310        2.122-314        1.136-322        0.000E+00
2019 11 12  1017.00        6.953-310        2.122-314        1.136-322        0.000E+00
2019 11 12  1018.00        6.953-310        2.122-314        1.136-322        0.000E+00
2019 11 12  1019.00        6.953-310        2.122-314        1.136-322        0.000E+00
2019 11 12  1020.00        6.953-310        2.122-314        1.136-322        0.000E+00
2019 11 12  1021.00        6.953-310        2.122-314        1.136-322        0.000E+00
2019 11 12  1022.00        6.953-310        2.122-314        1.136-322        0.000E+00
2019 11 12  1023.00        6.953-310        2.122-314        1.136-322        0.000E+00
2019 11 12  1024.00        6.953-310        2.122-314        1.136-322        0.000E+00
2019 11 12  1025.00        6.953-310        2.122-314        1.136-322        0.000E+00
2019 11 12  1026.00        6.953-310        2.122-314        1.136-322        0.000E+00
2019 11 12  1027.00        6.953-310        2.122-314        1.136-322        0.000E+00
2019 11 12  1028.00        6.953-310        2.122-314        1.136-322        0.000E+00
2019 11 12  1029.00        6.953-310        2.122-314        1.136-322        0.000E+00
2019 11 12  1030.00        6.953-310        2.122-314        1.136-322        0.000E+00
2019 11 12  1031.00        6.953-310        2.122-314        1.136-322        0.000E+00
2019 11 12  1032.00        6.953-310        2.122-314        1.136-322        0.000E+00
2019 11 13  1033.00        6.953-310        2.122-314        1.136-322        0.000E+00
2019 11 13  1034.00        6.953-310        2.122-314        1.136-322        0.000E+00
2019 11 13  1035.00        6.953-310        2.122-314        1.136-322        0.000E+00
2019 11 13  1036.00        6.953-310        2.122-314        1.136-322        0.000E+00
2019 11 13  1037.00        6.953-310        2.122-314        1.136-322        0.000E+00
2019 11 13  1038.00        6.953-310        2.122-314        1.136-322        0.000E+00
2019 11 13  1039.00        6.953-310        2.122-314        1.136-322        0.000E+00
2019 11 13  1040.00        6.953-310        2.122-314        1.136-322        0.000E+00
2019 11 13  1041.00        6.953-310        2.122-314        1.136-322        0.000E+00
2019 11 13  1042.00        6.953-310        2.122-314        1.136-322        0.000E+00
2019 11 13  1043.00        6.953-310        2.122-314        1.136-322        0.000E+00
2019 11 13  1044.00        6.953-310        2.122-314        1.136-322        0.000E+00
2019 11 13  1045.00        6.953-310        2.122-314        1.136-322        0.000E+00
2019 11 13  1046.00        6.953-310        2.122-314        1.136-322        0.000E+00
2019 11 13  1047.00        6.953-310        2.122-314        1.136-322        0.000E+00
2019 11 13  1048.00        6.953-310        2.122-314        1.136-322        0.000E+00
2019 11 13  1049.00        6.953-310        2.122-314        1.136-322        0.000E+00
2019 11 13  1050.00        6.953-310        2.122-314        1.136-322        0.000E+00
2019 11 13  1051.00        6.953-310        2.122-314        1.136-322        0.000E+00
2019 11 13  1052.00        6.953-310        2.122-314        1.136-322        0.000E+00
2019 11 13  1053.00        6.953-310        2.122-314        1.136-322        0.000E+00
2019 11 13  1054.00        6.953-310        2.122-314        1.136-322        0.000E+00
2019 11 13  1055.00        6.953-310        2.122-314        1.136-322        0.000E+00
2019 11 13  1056.00        6.953-310        2.122-314        1.136-322        0.000E+00
2019 11 14  1057.00        6.953-310        2.122-314        1.136-322        0.000E+00
2019 11 14  1058.00        6.953-310        2.122-314        1.136-322        0.000E+00
2019 11 14  1059.00        6.953-310        2.122-314        1.136-322        0.000E+00
2019 11 14  1060.00        6.953-310        2.122-314        1.136-322        0.000E+00
2019 11 14  1061.00        6.953-310        2.122-314        1.136-322        0.000E+00
2019 11 14  1062.00        6.953-310        2.122-314        1.136-322        0.000E+00
2019 11 14  1063.00        6.953-310        2.122-314        1.136-322        0.000E+00
2019 11 14  1064.00        6.953-310        2.122-314        1.136-322        0.000E+00
2019 11 14  1065.00        6.953-310        2.122-314        1.136-322        0.000E+00
2019 11 14  1066.00        6.953-310        2.122-314        1.136-322        0.000E+00
2019 11 14  1067.00        6.953-310        2.122-314        1.136-322        0.000E+00
2019 11 14  1068.00        6.953-310        2.122-314        1.136-322        0.000E+00
2019 11 14  1069.00        6.953-310        2.122-314        1.136-322        0.000E+00
2019 11 14  1070.00        6.953-310        2.122-314        1.136-322        0.000E+00
2019 11 14  1071.00        6.953-310        2.122-314        1.136-322        0.000E+00
2019 11 14  1072.00        6.953-310        2.122-314        1.136-322        0.000E+00
2019 11 14  1073.00        6.953-310        2.122-314        1.136-322        0.000E+00
2019 11 14  1074.00        6.953-310        2.122-314        1.136-322        0.000E+00
2019 11 14  1075.00        6.953-310        2.122-314        1.136-322        0.000E+00
2019 11 14  1076.00        6.953-310        2.122-314        1.136-322        0.000E+00
2019 11 14  1077.00        6.953-310        2.122-314        1.136-322        0.000E+00
2019 11 14  1078.00        6.953-310        2.122-314        1.136-322        0.000E+00
2019 11 14  1079.00        6.953-310        2.122-314        1.136-322        0.000E+00
2019 11 14  1080.00        6.953-310        2.122-314        1.136-322        0.000E+00
2019 11 15  1081.00        6.953-310        2.122-314        1.136-322        0.000E+00
2019 11 15  1082.00        6.953-310        2.122-314        1.136-322        0.000E+00
2019 11 15  1083.00        6.953-310        2.122-314        1.136-322        0.000E+00
2019 11 15  1084.00        6.953-310        2.122-314        1.136-322        0.000E+00
2019 11 15  1085.00        6.953-310        2.122-314        1.136-322        0.000E+00
2019 11 15  1086.00        6.953-310        2.122-314        1.136-322        0.000E+00
2019 11 15  1087.00        6.953-310        2.122-314        1.136-322        0.000E+00
2019 11 15  1088.00        6.953-310        2.122-314        1.136-322        0.000E+00
2019 11 15  1089.00        6.953-310        2.122-314        1.136-322        0.000E+00
2019 11 15  1090.00        6.953-310        2.122-314        1.136-322        0.000E+00
2019 11 15  1091.00        6.953-310        2.122-314        1.136-322        0.000E+00
2019 11 15  1092.00        6.953-310        2.122-314        1.136-322        0.000E+00
2019 11 15  1093.00        6.953-310        2.122-314        1.136-322        0.000E+00
2019 11 15  1094.00        6.953-310        2.122-314        1.136-322        0.000E+00
2019 11 15  1095.00        6.953-310        2.122-314        1.136-322        0.000E+00
2019 11 15  1096.00        6.953-310        2.122-314        1.136-322        0.000E+00
2019 11 15  1097.00        6.953-310        2.122-314        1.136-322        0.000E+00
2019 11 15  1098.00        6.953-310        2.122-314        1.136-322        0.000E+00
2019 11 15  1099.00        6.953-310        2.122-314        1.136-322        0.000E+00
2019 11 15  1100.00        6.953-310        2.122-314        1.136-322        0.000E+00
2019 11 15  1101.00        6.953-310        2.122-314        1.136-322        0.000E+00
2019 11 15  1102.00        6.953-310        2.122-314        1.136-322        0.000E+00
2019 11 15  1103.00        6.953-310        2.122-314        1.136-322        0.000E+00
2019 11 15  1104.00        6.953-310        2.122-314        1.136-322        0.000E+00
2019 11 16  1105.00        6.953-310        2.122-314        1.136-322        0.000E+00
2019 11 16  1106.00        6.953-310        2.122-314        1.136-322        0.000E+00
2019 11 16  1107.00        6.953-310        2.122-314        1.136-322        0.000E+00
2019 11 16  1108.00        6.953-310        2.122-314        1.136-322        0.000E+00
2019 11 16  1109.00        6.953-310        2.122-314        1.136-322        0.000E+00
2019 11 16  1110.00        6.953-310        2.122-314        1.136-322        0.000E+00
2019 11 16  1111.00        6.953-310        2.122-314        1.136-322        0.000E+00
2019 11 16  1112.00        6.953-310        2.122-314        1.136-322        0.000E+00
2019 11 16  1113.00        6.953-310        2.122-314        1.136-322        0.000E+00
2019 11 16  1114.00        6.953-310        2.122-314        1.136-322        0.000E+00
2019 11 16  1115.00        6.953-310        2.122-314        1.136-322        0.000E+00
2019 11 16  1116.00        6.953-310        2.122-314        1.136-322        0.000E+00
2019 11 16  1117.00        6.953-310        2.122-314        1.136-322        0.000E+00
2019 11 16  1118.00        6.953-310        2.122-314        1.136-322        0.000E+00
2019 11 16  1119.00        6.953-310        2.122-314        1.136-322        0.000E+00
2019 11 16  1120.00        6.953-310        2.122-314        1.136-322        0.000E+00
2019 11 16  1121.00        6.953-310        2.122-314        1.136-322        0.000E+00
2019 11 16  1122.00        6.953-310        2.122-314        1.136-322        0.000E+00
2019 11 16  1123.00        6.953-310        2.122-314        1.136-322        0.000E+00
2019 11 16  1124.00        6.953-310        2.122-314        1.136-322        0.000E+00
2019 11 16  1125.00        6.953-310        2.122-314        1.136-322        0.000E+00
2019 11 16  1126.00        6.953-310        2.122-314        1.136-322        0.000E+00
2019 11 16  1127.00        6.953-310        2.122-314        1.136-322        0.000E+00
2019 11 16  1128.00        6.953-310        2.122-314        1.136-322        0.000E+00
2019 11 17  1129.00        6.953-310        2.122-314        1.136-322        0.000E+00
2019 11 17  1130.00        6.953-310        2.122-314        1.136-322        0.000E+00
2019 11 17  1131.00        6.953-310        2.122-314        1.136-322        0.000E+00
2019 11 17  1132.00        6.953-310        2.122-314        1.136-322        0.000E+00
2019 11 17  1133.00        6.953-310        2.122-314        1.136-322        0.000E+00
2019 11 17  1134.00        6.953-310        2.122-314        1.136-322        0.000E+00
2019 11 17  1135.00        6.953-310        2.122-314        1.136-322        0.000E+00
2019 11 17  1136.00        6.953-310        2.122-314        1.136-322        0.000E+00
2019 11 17  1137.00        6.953-310        2.122-314        1.136-322        0.000E+00
2019 11 17  1138.00        6.953-310        2.122-314        1.136-322        0.000E+00
2019 11 17  1139.00        6.953-310        2.122-314        1.136-322        0.000E+00
2019 11 17  1140.00        6.953-310        2.122-314        1.136-322        0.000E+00
2019 11 17  1141.00        6.953-310        2.122-314        1.136-322        0.000E+00
2019 11 17  1142.00        6.953-310        2.122-314        1.136-322        0.000E+00
2019 11 17  1143.00        6.953-310        2.122-314        1.136-322        0.000E+00
2019 11 17  1144.00        6.953-310        2.122-314        1.136-322        0.000E+00
2019 11 17  1145.00        6.953-310        2.122-314        1.136-322        0.000E+00
2019 11 17  1146.00        6.953-310        2.122-314        1.136-322        0.000E+00
2019 11 17  1147.00        6.953-310        2.122-314        1.136-322        0.000E+00
2019 11 17  1148.00        6.953-310        2.122-314        1.136-322        0.000E+00
2019 11 17  1149.00        6.953-310        2.122-314        1.136-322        0.000E+00
2019 11 17  1150.00        6.953-310        2.122-314        1.136-322        0.000E+00
2019 11 17  1151.00        6.953-310        2.122-314        1.136-322        0.000E+00
2019 11 17  1152.00        6.953-310        2.122-314        1.136-322        0.000E+00
2019 11 18  1153.00        6.953-310        2.122-314        1.136-322        0.000E+00
2019 11 18  1154.00        6.953-310        2.122-314        1.136-322        0.000E+00
2019 11 18  1155.00        6.953-310        2.122-314        1.136-322        0.000E+00
2019 11 18  1156.00        6.953-310        2.122-314        1.136-322        0.000E+00
2019 11 18  1157.00        6.953-310        2.122-314        1.136-322        0.000E+00
2019 11 18  1158.00        6.953-310        2.122-314        1.136-322        0.000E+00
2019 11 18  1159.00        6.953-310        2.122-314        1.136-322        0.000E+00
2019 11 18  1160.00        6.953-310        2.122-314        1.136-322        0.000E+00
2019 11 18  1161.00        6.953-310        2.122-314        1.136-322        0.000E+00
2019 11 18  1162.00        6.953-310        2.122-314        1.136-322        0.000E+00
2019 11 18  1163.00        6.953-310        2.122-314        1.136-322        0.000E+00
2019 11 18  1164.00        6.953-310        2.122-314        1.136-322        0.000E+00
2019 11 18  1165.00        6.953-310        2.122-314        1.136-322        0.000E+00
2019 11 18  1166.00        6.953-310        2.122-314        1.136-322        0.000E+00
2019 11 18  1167.00        6.953-310        2.122-314        1.136-322        0.000E+00
2019 11 18  1168.00        6.953-310        2.122-314        1.136-322        0.000E+00
2019 11 18  1169.00        6.953-310        2.122-314        1.136-322        0.000E+00
2019 11 18  1170.00        6.953-310        2.122-314        1.136-322        0.000E+00
2019 11 18  1171.00        6.953-310        2.122-314        1.136-322        0.000E+00
2019 11 18  1172.00        6.953-310        2.122-314        1.136-322        0.000E+00
2019 11 18  1173.00        6.953-310        2.122-314        1.136-322        0.000E+00
2019 11 18  1174.00        6.953-310        2.122-314        1.136-322        0.000E+00
2019 11 18  1175.00        6.953-310        2.122-314        1.136-322        0.000E+00
2019 11 18  1176.00        6.953-310        2.122-314        1.136-322        0.000E+00
2019 11 19  1177.00        6.953-310        2.122-314        1.136-322        0.000E+00
2019 11 19  1178.00        6.953-310        2.122-314        1.136-322        0.000E+00
2019 11 19  1179.00        6.953-310        2.122-314        1.136-322        0.000E+00
2019 11 19  1180.00        6.953-310        2.122-314        1.136-322        0.000E+00
2019 11 19  1181.00        6.953-310        2.122-314        1.136-322        0.000E+00
2019 11 19  1182.00        6.953-310        2.122-314        1.136-322        0.000E+00
2019 11 19  1183.00        6.953-310        2.122-314        1.136-322        0.000E+00
2019 11 19  1184.00        6.953-310        2.122-314        1.136-322        0.000E+00
2019 11 19  1185.00        6.953-310        2.122-314        1.136-322        0.000E+00
2019 11 19  1186.00        6.953-310        2.122-314        1.136-322        0.000E+00
2019 11 19  1187.00        6.953-310        2.122-314        1.136-322        0.000E+00
2019 11 19  1188.00        6.953-310        2.122-314        1.136-322        0.000E+00
2019 11 19  1189.00        6.953-310        2.122-314        1.136-322        0.000E+00
2019 11 19  1190.00        6.953-310        2.122-314        1.136-322        0.000E+00
2019 11 19  1191.00        6.953-310        2.122-314        1.136-322        0.000E+00
2019 11 19  1192.00        6.953-310        2.122-314        1.136-322        0.000E+00
2019 11 19  1193.00        6.953-310        2.122-314        1.136-322        0.000E+00
2019 11 19  1194.00        6.953-310        2.122-314        1.136-322        0.000E+00
2019 11 19  1195.00        6.953-310        2.122-314        1.136-322        0.000E+00
2019 11 19  1196.00        6.953-310        2.122-314        1.136-322        0.000E+00
2019 11 19  1197.00        6.953-310        2.122-314        1.136-322        0.000E+00
2019 11 19  1198.00        6.953-310        2.122-314        1.136-322        0.000E+00
2019 11 19  1199.00        6.953-310        2.122-314        1.136-322        0.000E+00
2019 11 19  1200.00        6.953-310        2.122-314        1.136-322        0.000E+00
2019 11 20  1201.00        6.953-310        2.122-314        1.136-322        0.000E+00
2019 11 20  1202.00        6.953-310        2.122-314        1.136-322        0.000E+00
2019 11 20  1203.00        6.953-310        2.122-314        1.136-322        0.000E+00
2019 11 20  1204.00        6.953-310        2.122-314        1.136-322        0.000E+00
2019 11 20  1205.00        6.953-310        2.122-314        1.136-322        0.000E+00
2019 11 20  1206.00        6.953-310        2.122-314        1.136-322        0.000E+00
2019 11 20  1207.00        6.953-310        2.122-314        1.136-322        0.000E+00
2019 11 20  1208.00        6.953-310        2.122-314        1.136-322        0.000E+00
2019 11 20  1209.00        6.953-310        2.122-314        1.136-322        0.000E+00
2019 11 20  1210.00        6.953-310        2.122-314        1.136-322        0.000E+00
2019 11 20  1211.00        6.953-310        2.122-314        1.136-322        0.000E+00
2019 11 20  1212.00        6.953-310        2.122-314        1.136-322        0.000E+00
2019 11 20  1213.00        6.953-310        2.122-314        1.136-322        0.000E+00
2019 11 20  1214.00        6.953-310        2.122-314        1.136-322        0.000E+00
2019 11 20  1215.00        6.953-310        2.122-314        1.136-322        0.000E+00
2019 11 20  1216.00        6.953-310        2.122-314        1.136-322        0.000E+00
2019 11 20  1217.00        6.953-310        2.122-314        1.136-322        0.000E+00
2019 11 20  1218.00        6.953-310        2.122-314        1.136-322        0.000E+00
2019 11 20  1219.00        6.953-310        2.122-314        1.136-322        0.000E+00
2019 11 20  1220.00        6.953-310        2.122-314        1.136-322        0.000E+00
2019 11 20  1221.00        6.953-310        2.122-314        1.136-322        0.000E+00
2019 11 20  1222.00        6.953-310        2.122-314        1.136-322        0.000E+00
2019 11 20  1223.00        6.953-310        2.122-314        1.136-322        0.000E+00
2019 11 20  1224.00        6.953-310        2.122-314        1.136-322        0.000E+00
2019 11 21  1225.00        6.953-310        2.122-314        1.136-322        0.000E+00
2019 11 21  1226.00        6.953-310        2.122-314        1.136-322        0.000E+00
2019 11 21  1227.00        6.953-310        2.122-314        1.136-322        0.000E+00
2019 11 21  1228.00        6.953-310        2.122-314        1.136-322        0.000E+00
2019 11 21  1229.00        6.953-310        2.122-314        1.136-322        0.000E+00
2019 11 21  1230.00        6.953-310        2.122-314        1.136-322        0.000E+00
2019 11 21  1231.00        6.953-310        2.122-314        1.136-322        0.000E+00
2019 11 21  1232.00        6.953-310        2.122-314        1.136-322        0.000E+00
2019 11 21  1233.00        6.953-310        2.122-314        1.136-322        0.000E+00
2019 11 21  1234.00        6.953-310        2.122-314        1.136-322        0.000E+00
2019 11 21  1235.00        6.953-310        2.122-314        1.136-322        0.000E+00
2019 11 21  1236.00        6.953-310        2.122-314        1.136-322        0.000E+00
2019 11 21  1237.00        6.953-310        2.122-314        1.136-322        0.000E+00
2019 11 21  1238.00        6.953-310        2.122-314        1.136-322        0.000E+00
2019 11 21  1239.00        6.953-310        2.122-314        1.136-322        0.000E+00
2019 11 21  1240.00        6.953-310        2.122-314        1.136-322        0.000E+00
2019 11 21  1241.00        6.953-310        2.122-314        1.136-322        0.000E+00
2019 11 21  1242.00        6.953-310        2.122-314        1.136-322        0.000E+00
2019 11 21  1243.00        6.953-310        2.122-314        1.136-322        0.000E+00
2019 11 21  1244.00        6.953-310        2.122-314        1.136-322        0.000E+00
2019 11 21  1245.00        6.953-310        2.122-314        1.136-322        0.000E+00
2019 11 21  1246.00        6.953-310        2.122-314        1.136-322        0.000E+00
2019 11 21  1247.00        6.953-310        2.122-314        1.136-322        0.000E+00
2019 11 21  1248.00        6.953-310        2.122-314        1.136-322        0.000E+00
2019 11 22  1249.00        6.953-310        2.122-314        1.136-322        0.000E+00
2019 11 22  1250.00        6.953-310        2.122-314        1.136-322        0.000E+00
2019 11 22  1251.00        6.953-310        2.122-314        1.136-322        0.000E+00
2019 11 22  1252.00        6.953-310        2.122-314        1.136-322        0.000E+00
2019 11 22  1253.00        6.953-310        2.122-314        1.136-322        0.000E+00
2019 11 22  1254.00        6.953-310        2.122-314        1.136-322        0.000E+00
2019 11 22  1255.00        6.953-310        2.122-314        1.136-322        0.000E+00
2019 11 22  1256.00        6.953-310        2.122-314        1.136-322        0.000E+00
2019 11 22  1257.00        6.953-310        2.122-314        1.136-322        0.000E+00
2019 11 22  1258.00        6.953-310        2.122-314        1.136-322        0.000E+00
2019 11 22  1259.00        6.953-310        2.122-314        1.136-322        0.000E+00
2019 11 22  1260.00        6.953-310        2.122-314        1.136-322        0.000E+00
2019 11 22  1261.00        6.953-310        2.122-314        1.136-322        0.000E+00
2019 11 22  1262.00        6.953-310        2.122-314        1.136-322        0.000E+00
2019 11 22  1263.00        6.953-310        2.122-314        1.136-322        0.000E+00
2019 11 22  1264.00        6.953-310        2.122-314        1.136-322        0.000E+00
2019 11 22  1265.00        6.953-310        2.122-314        1.136-322        0.000E+00
2019 11 22  1266.00        6.953-310        2.122-314        1.136-322        0.000E+00
2019 11 22  1267.00        6.953-310        2.122-314        1.136-322        0.000E+00
2019 11 22  1268.00        6.953-310        2.122-314        1.136-322        0.000E+00
2019 11 22  1269.00        6.953-310        2.122-314        1.136-322        0.000E+00
2019 11 22  1270.00        6.953-310        2.122-314        1.136-322        0.000E+00
2019 11 22  1271.00        6.953-310        2.122-314        1.136-322        0.000E+00
2019 11 22  1272.00        6.953-310        2.122-314        1.136-322        0.000E+00
2019 11 23  1273.00        6.953-310        2.122-314        1.136-322        0.000E+00
2019 11 23  1274.00        6.953-310        2.122-314        1.136-322        0.000E+00
2019 11 23  1275.00        6.953-310        2.122-314        1.136-322        0.000E+00
2019 11 23  1276.00        6.953-310        2.122-314        1.136-322        0.000E+00
2019 11 23  1277.00        6.953-310        2.122-314        1.136-322        0.000E+00
2019 11 23  1278.00        6.953-310        2.122-314        1.136-322        0.000E+00
2019 11 23  1279.00        6.953-310        2.122-314        1.136-322        0.000E+00
2019 11 23  1280.00        6.953-310        2.122-314        1.136-322        0.000E+00
2019 11 23  1281.00        6.953-310        2.122-314        1.136-322        0.000E+00
2019 11 23  1282.00        6.953-310        2.122-314        1.136-322        0.000E+00
2019 11 23  1283.00        6.953-310        2.122-314        1.136-322        0.000E+00
2019 11 23  1284.00        6.953-310        2.122-314        1.136-322        0.000E+00
2019 11 23  1285.00        6.953-310        2.122-314        1.136-322        0.000E+00
2019 11 23  1286.00        6.953-310        2.122-314        1.136-322        0.000E+00
2019 11 23  1287.00        6.953-310        2.122-314        1.136-322        0.000E+00
2019 11 23  1288.00        6.953-310        2.122-314        1.136-322        0.000E+00
2019 11 23  1289.00        6.953-310        2.122-314        1.136-322        0.000E+00
2019 11 23  1290.00        6.953-310        2.122-314        1.136-322        0.000E+00
2019 11 23  1291.00        6.953-310        2.122-314        1.136-322        0.000E+00
2019 11 23  1292.00        6.953-310        2.122-314        1.136-322        0.000E+00
2019 11 23  1293.00        6.953-310        2.122-314        1.136-322        0.000E+00
2019 11 23  1294.00        6.953-310        2.122-314        1.136-322        0.000E+00
2019 11 23  1295.00        6.953-310        2.122-314        1.136-322        0.000E+00
2019 11 23  1296.00        6.953-310        2.122-314        1.136-322        0.000E+00
2019 11 24  1297.00        6.953-310        2.122-314        1.136-322        0.000E+00
2019 11 24  1298.00        6.953-310        2.122-314        1.136-322        0.000E+00
2019 11 24  1299.00        6.953-310        2.122-314        1.136-322        0.000E+00
2019 11 24  1300.00        6.953-310        2.122-314        1.136-322        0.000E+00
2019 11 24  1301.00        6.953-310        2.122-314        1.136-322        0.000E+00
2019 11 24  1302.00        6.953-310        2.122-314        1.136-322        0.000E+00
2019 11 24  1303.00        6.953-310        2.122-314        1.136-322        0.000E+00
2019 11 24  1304.00        6.953-310        2.122-314        1.136-322        0.000E+00
2019 11 24  1305.00        6.953-310        2.122-314        1.136-322        0.000E+00
2019 11 24  1306.00        6.953-310        2.122-314        1.136-322        0.000E+00
2019 11 24  1307.00        6.953-310        2.122-314        1.136-322        0.000E+00
2019 11 24  1308.00        6.953-310        2.122-314        1.136-322        0.000E+00
2019 11 24  1309.00        6.953-310        2.122-314        1.136-322        0.000E+00
2019 11 24  1310.00        6.953-310        2.122-314        1.136-322        0.000E+00
2019 11 24  1311.00        6.953-310        2.122-314        1.136-322        0.000E+00
2019 11 24  1312.00        6.953-310        2.122-314        1.136-322        0.000E+00
2019 11 24  1313.00        6.953-310        2.122-314        1.136-322        0.000E+00
2019 11 24  1314.00        6.953-310        2.122-314        1.136-322        0.000E+00
2019 11 24  1315.00        6.953-310        2.122-314        1.136-322        0.000E+00
2019 11 24  1316.00        6.953-310        2.122-314        1.136-322        0.000E+00
2019 11 24  1317.00        6.953-310        2.122-314        1.136-322        0.000E+00
2019 11 24  1318.00        6.953-310        2.122-314        1.136-322        0.000E+00
2019 11 24  1319.00        6.953-310        2.122-314        1.136-322        0.000E+00
2019 11 24  1320.00        6.953-310        2.122-314        1.136-322        0.000E+00
2019 11 25  1321.00        6.953-310        2.122-314        1.136-322        0.000E+00
2019 11 25  1322.00        6.953-310        2.122-314        1.136-322        0.000E+00
2019 11 25  1323.00        6.953-310        2.122-314        1.136-322        0.000E+00
2019 11 25  1324.00        6.953-310        2.122-314        1.136-322        0.000E+00
2019 11 25  1325.00        6.953-310        2.122-314        1.136-322        0.000E+00
2019 11 25  1326.00        6.953-310        2.122-314        1.136-322        0.000E+00
2019 11 25  1327.00        6.953-310        2.122-314        1.136-322        0.000E+00
2019 11 25  1328.00        6.953-310        2.122-314        1.136-322        0.000E+00
2019 11 25  1329.00        6.953-310        2.122-314        1.136-322        0.000E+00
2019 11 25  1330.00        6.953-310        2.122-314        1.136-322        0.000E+00
2019 11 25  1331.00        6.953-310        2.122-314        1.136-322        0.000E+00
2019 11 25  1332.00        6.953-310        2.122-314        1.136-322        0.000E+00
2019 11 25  1333.00        6.953-310        2.122-314        1.136-322        0.000E+00
2019 11 25  1334.00        6.953-310        2.122-314        1.136-322        0.000E+00
2019 11 25  1335.00        6.953-310        2.122-314        1.136-322        0.000E+00
2019 11 25  1336.00        6.953-310        2.122-314        1.136-322        0.000E+00
2019 11 25  1337.00        6.953-310        2.122-314        1.136-322        0.000E+00
2019 11 25  1338.00        6.953-310        2.122-314        1.136-322        0.000E+00
2019 11 25  1339.00        6.953-310        2.122-314        1.136-322        0.000E+00
2019 11 25  1340.00        6.953-310        2.122-314        1.136-322        0.000E+00
2019 11 25  1341.00        6.953-310        2.122-314        1.136-322        0.000E+00
2019 11 25  1342.00        6.953-310        2.122-314        1.136-322        0.000E+00
2019 11 25  1343.00        6.953-310        2.122-314        1.136-322        0.000E+00
2019 11 25  1344.00        6.953-310        2.122-314        1.136-322        0.000E+00
2019 11 26  1345.00        6.953-310        2.122-314        1.136-322        0.000E+00
2019 11 26  1346.00        6.953-310        2.122-314        1.136-322        0.000E+00
2019 11 26  1347.00        6.953-310        2.122-314        1.136-322        0.000E+00
2019 11 26  1348.00        6.953-310        2.122-314        1.136-322        0.000E+00
2019 11 26  1349.00        6.953-310        2.122-314        1.136-322        0.000E+00
2019 11 26  1350.00        6.953-310        2.122-314        1.136-322        0.000E+00
2019 11 26  1351.00        6.953-310        2.122-314        1.136-322        0.000E+00
2019 11 26  1352.00        6.953-310        2.122-314        1.136-322        0.000E+00
2019 11 26  1353.00        6.953-310        2.122-314        1.136-322        0.000E+00
2019 11 26  1354.00        6.953-310        2.122-314        1.136-322        0.000E+00
2019 11 26  1355.00        6.953-310        2.122-314        1.136-322        0.000E+00
2019 11 26  1356.00        6.953-310        2.122-314        1.136-322        0.000E+00
2019 11 26  1357.00        6.953-310        2.122-314        1.136-322        0.000E+00
2019 11 26  1358.00        6.953-310        2.122-314        1.136-322        0.000E+00
2019 11 26  1359.00        6.953-310        2.122-314        1.136-322        0.000E+00
2019 11 26  1360.00        6.953-310        2.122-314        1.136-322        0.000E+00
2019 11 26  1361.00        6.953-310        2.122-314        1.136-322        0.000E+00
2019 11 26  1362.00        6.953-310        2.122-314        1.136-322        0.000E+00
2019 11 26  1363.00        6.953-310        2.122-314        1.136-322        0.000E+00
2019 11 26  1364.00        6.953-310        2.122-314        1.136-322        0.000E+00
2019 11 26  1365.00        6.953-310        2.122-314        1.136-322        0.000E+00
2019 11 26  1366.00        6.953-310        2.122-314        1.136-322        0.000E+00
2019 11 26  1367.00        6.953-310        2.122-314        1.136-322        0.000E+00
2019 11 26  1368.00        6.953-310        2.122-314        1.136-322        0.000E+00
2019 11 27  1369.00        6.953-310        2.122-314        1.136-322        0.000E+00
2019 11 27  1370.00        6.953-310        2.122-314        1.136-322        0.000E+00
2019 11 27  1371.00        6.953-310        2.122-314        1.136-322        0.000E+00
2019 11 27  1372.00        6.953-310        2.122-314        1.136-322        0.000E+00
2019 11 27  1373.00        6.953-310        2.122-314        1.136-322        0.000E+00
2019 11 27  1374.00        6.953-310        2.122-314        1.136-322        0.000E+00
2019 11 27  1375.00        6.953-310        2.122-314        1.136-322        0.000E+00
2019 11 27  1376.00        6.953-310        2.122-314        1.136-322        0.000E+00
2019 11 27  1377.00        6.953-310        2.122-314        1.136-322        0.000E+00
2019 11 27  1378.00        6.953-310        2.122-314        1.136-322        0.000E+00
2019 11 27  1379.00        6.953-310        2.122-314        1.136-322        0.000E+00
2019 11 27  1380.00        6.953-310        2.122-314        1.136-322        0.000E+00
2019 11 27  1381.00        6.953-310        2.122-314        1.136-322        0.000E+00
2019 11 27  1382.00        6.953-310        2.122-314        1.136-322        0.000E+00
2019 11 27  1383.00        6.953-310        2.122-314        1.136-322        0.000E+00
2019 11 27  1384.00        6.953-310        2.122-314        1.136-322        0.000E+00
2019 11 27  1385.00        6.953-310        2.122-314        1.136-322        0.000E+00
2019 11 27  1386.00        6.953-310        2.122-314        1.136-322        0.000E+00
2019 11 27  1387.00        6.953-310        2.122-314        1.136-322        0.000E+00
2019 11 27  1388.00        6.953-310        2.122-314        1.136-322        0.000E+00
2019 11 27  1389.00        6.953-310        2.122-314        1.136-322        0.000E+00
2019 11 27  1390.00        6.953-310        2.122-314        1.136-322        0.000E+00
2019 11 27  1391.00        6.953-310        2.122-314        1.136-322        0.000E+00
2019 11 27  1392.00        6.953-310        2.122-314        1.136-322        0.000E+00
2019 11 28  1393.00        6.953-310        2.122-314        1.136-322        0.000E+00
2019 11 28  1394.00        6.953-310        2.122-314        1.136-322        0.000E+00
2019 11 28  1395.00        6.953-310        2.122-314        1.136-322        0.000E+00
2019 11 28  1396.00        6.953-310        2.122-314        1.136-322        0.000E+00
2019 11 28  1397.00        6.953-310        2.122-314        1.136-322        0.000E+00
2019 11 28  1398.00        6.953-310        2.122-314        1.136-322        0.000E+00
2019 11 28  1399.00        6.953-310        2.122-314        1.136-322        0.000E+00
2019 11 28  1400.00        6.953-310        2.122-314        1.136-322        0.000E+00
2019 11 28  1401.00        6.953-310        2.122-314        1.136-322        0.000E+00
2019 11 28  1402.00        6.953-310        2.122-314        1.136-322        0.000E+00
2019 11 28  1403.00        6.953-310        2.122-314        1.136-322        0.000E+00
2019 11 28  1404.00        6.953-310        2.122-314        1.136-322        0.000E+00
2019 11 28  1405.00        6.953-310        2.122-314        1.136-322        0.000E+00
2019 11 28  1406.00        6.953-310        2.122-314        1.136-322        0.000E+00
2019 11 28  1407.00        6.953-310        2.122-314        1.136-322        0.000E+00
2019 11 28  1408.00        6.953-310        2.122-314        1.136-322        0.000E+00
2019 11 28  1409.00        6.953-310        2.122-314        1.136-322        0.000E+00
2019 11 28  1410.00        6.953-310        2.122-314        1.136-322        0.000E+00
2019 11 28  1411.00        6.953-310        2.122-314        1.136-322        0.000E+00
2019 11 28  1412.00        6.953-310        2.122-314        1.136-322        0.000E+00
2019 11 28  1413.00        6.953-310        2.122-314        1.136-322        0.000E+00
2019 11 28  1414.00        6.953-310        2.122-314        1.136-322        0.000E+00
2019 11 28  1415.00        6.953-310        2.122-314        1.136-322        0.000E+00
2019 11 28  1416.00        6.953-310        2.122-314        1.136-322        0.000E+00
2019 11 29  1417.00        6.953-310        2.122-314        1.136-322        0.000E+00
2019 11 29  1418.00        6.953-310        2.122-314        1.136-322        0.000E+00
2019 11 29  1419.00        6.953-310        2.122-314        1.136-322        0.000E+00
2019 11 29  1420.00        6.953-310        2.122-314        1.136-322        0.000E+00
2019 11 29  1421.00        6.953-310        2.122-314        1.136-322        0.000E+00
2019 11 29  1422.00        6.953-310        2.122-314        1.136-322        0.000E+00
2019 11 29  1423.00        6.953-310        2.122-314        1.136-322        0.000E+00
2019 11 29  1424.00        6.953-310        2.122-314        1.136-322        0.000E+00
2019 11 29  1425.00        6.953-310        2.122-314        1.136-322        0.000E+00
2019 11 29  1426.00        6.953-310        2.122-314        1.136-322        0.000E+00
2019 11 29  1427.00        6.953-310        2.122-314        1.136-322        0.000E+00
2019 11 29  1428.00        6.953-310        2.122-314        1.136-322        0.000E+00
2019 11 29  1429.00        6.953-310        2.122-314        1.136-322        0.000E+00
2019 11 29  1430.00        6.953-310        2.122-314        1.136-322        0.000E+00
2019 11 29  1431.00        6.953-310        2.122-314        1.136-322        0.000E+00
2019 11 29  1432.00        6.953-310        2.122-314        1.136-322        0.000E+00
2019 11 29  1433.00        6.953-310        2.122-314        1.136-322        0.000E+00
2019 11 29  1434.00        6.953-310        2.122-314        1.136-322        0.000E+00
2019 11 29  1435.00        6.953-310        2.122-314        1.136-322        0.000E+00
2019 11 29  1436.00        6.953-310        2.122-314        1.136-322        0.000E+00
2019 11 29  1437.00        6.953-310        2.122-314        1.136-322        0.000E+00
2019 11 29  1438.00        6.953-310        2.122-314        1.136-322        0.000E+00
2019 11 29  1439.00        6.953-310        2.122-314        1.136-322        0.000E+00
2019 11 29  1440.00        6.953-310        2.122-314        1.136-322        0.000E+00
2019 11 30  1441.00        6.953-310        2.122-314        1.136-322        0.000E+00
2019 11 30  1442.00        6.953-310        2.122-314        1.136-322        0.000E+00
2019 11 30  1443.00        6.953-310        2.122-314        1.136-322        0.000E+00
2019 11 30  1444.00        6.953-310        2.122-314        1.136-322        0.000E+00
2019 11 30  1445.00        6.953-310        2.122-314        1.136-322        0.000E+00
2019 11 30  1446.00        6.953-310        2.122-314        1.136-322        0.000E+00
2019 11 30  1447.00        6.953-310        2.122-314        1.136-322        0.000E+00
2019 11 30  1448.00        6.953-310        2.122-314        1.136-322        0.000E+00
2019 11 30  1449.00        6.953-310        2.122-314        1.136-322        0.000E+00
2019 11 30  1450.00        6.953-310        2.122-314        1.136-322        0.000E+00
2019 11 30  1451.00        6.953-310        2.122-314        1.136-322        0.000E+00
2019 11 30  1452.00        6.953-310        2.122-314        1.136-322        0.000E+00
2019 11 30  1453.00        6.953-310        2.122-314        1.136-322        0.000E+00
2019 11 30  1454.00        6.953-310        2.122-314        1.136-322        0.000E+00
2019 11 30  1455.00        6.953-310        2.122-314        1.136-322        0.000E+00
2019 11 30  1456.00        6.953-310        2.122-314        1.136-322        0.000E+00
2019 11 30  1457.00        6.953-310        2.122-314        1.136-322        0.000E+00
2019 11 30  1458.00        6.953-310        2.122-314        1.136-322        0.000E+00
2019 11 30  1459.00        6.953-310        2.122-314        1.136-322        0.000E+00
2019 11 30  1460.00        6.953-310        2.122-314        1.136-322        0.000E+00
2019 11 30  1461.00        6.953-310        2.122-314        1.136-322        0.000E+00
2019 11 30  1462.00        6.953-310        2.122-314        1.136-322        0.000E+00
2019 11 30  1463.00        6.953-310        2.122-314        1.136-322        0.000E+00
2019 11 30  1464.00        6.953-310        2.122-314        1.136-322        0.000E+00
2019 12  1  1465.00        6.953-310        2.122-314        1.136-322        0.000E+00
2019 12  1  1466.00        6.953-310        2.122-314        1.136-322        0.000E+00
2019 12  1  1467.00        6.953-310        2.122-314        1.136-322        0.000E+00
2019 12  1  1468.00        6.953-310        2.122-314        1.136-322        0.000E+00
2019 12  1  1469.00        6.953-310        2.122-314        1.136-322        0.000E+00
2019 12  1  1470.00        6.953-310        2.122-314        1.136-322        0.000E+00
2019 12  1  1471.00        6.953-310        2.122-314        1.136-322        0.000E+00
2019 12  1  1472.00        6.953-310        2.122-314        1.136-322        0.000E+00
2019 12  1  1473.00        6.953-310        2.122-314        1.136-322        0.000E+00
2019 12  1  1474.00        6.953-310        2.122-314        1.136-322        0.000E+00
2019 12  1  1475.00        6.953-310        2.122-314        1.136-322        0.000E+00
2019 12  1  1476.00        6.953-310        2.122-314        1.136-322        0.000E+00
2019 12  1  1477.00        6.953-310        2.122-314        1.136-322        0.000E+00
2019 12  1  1478.00        6.953-310        2.122-314        1.136-322        0.000E+00
2019 12  1  1479.00        6.953-310        2.122-314        1.136-322        0.000E+00
2019 12  1  1480.00        6.953-310        2.122-314        1.136-322        0.000E+00
2019 12  1  1481.00        6.953-310        2.122-314        1.136-322        0.000E+00
2019 12  1  1482.00        6.953-310        2.122-314        1.136-322        0.000E+00
2019 12  1  1483.00        6.953-310        2.122-314        1.136-322        0.000E+00
2019 12  1  1484.00        6.953-310        2.122-314        1.136-322        0.000E+00
2019 12  1  1485.00        6.953-310        2.122-314        1.136-322        0.000E+00
2019 12  1  1486.00        6.953-310        2.122-314        1.136-322        0.000E+00
2019 12  1  1487.00        6.953-310        2.122-314        1.136-322        0.000E+00
2019 12  1  1488.00        6.953-310        2.122-314        1.136-322        0.000E+00
2019 12  2  1489.00        6.953-310        2.122-314        1.136-322        0.000E+00
2019 12  2  1490.00        6.953-310        2.122-314        1.136-322        0.000E+00
2019 12  2  1491.00        6.953-310        2.122-314        1.136-322        0.000E+00
2019 12  2  1492.00        6.953-310        2.122-314        1.136-322        0.000E+00
2019 12  2  1493.00        6.953-310        2.122-314        1.136-322        0.000E+00
2019 12  2  1494.00        6.953-310        2.122-314        1.136-322        0.000E+00
2019 12  2  1495.00        6.953-310        2.122-314        1.136-322        0.000E+00
2019 12  2  1496.00        6.953-310        2.122-314        1.136-322        0.000E+00
2019 12  2  1497.00        6.953-310        2.122-314        1.136-322        0.000E+00
2019 12  2  1498.00        6.953-310        2.122-314        1.136-322        0.000E+00
2019 12  2  1499.00        6.953-310        2.122-314        1.136-322        0.000E+00
2019 12  2  1500.00        6.953-310        2.122-314        1.136-322        0.000E+00
2019 12  2  1501.00        6.953-310        2.122-314        1.136-322        0.000E+00
2019 12  2  1502.00        6.953-310        2.122-314        1.136-322        0.000E+00
2019 12  2  1503.00        6.953-310        2.122-314        1.136-322        0.000E+00
2019 12  2  1504.00        6.953-310        2.122-314        1.136-322        0.000E+00
2019 12  2  1505.00        6.953-310        2.122-314        1.136-322        0.000E+00
2019 12  2  1506.00        6.953-310        2.122-314        1.136-322        0.000E+00
2019 12  2  1507.00        6.953-310        2.122-314        1.136-322        0.000E+00
2019 12  2  1508.00        6.953-310        2.122-314        1.136-322        0.000E+00
2019 12  2  1509.00        6.953-310        2.122-314        1.136-322        0.000E+00
2019 12  2  1510.00        6.953-310        2.122-314        1.136-322        0.000E+00
2019 12  2  1511.00        6.953-310        2.122-314        1.136-322        0.000E+00
2019 12  2  1512.00        6.953-310        2.122-314        1.136-322        0.000E+00
2019 12  3  1513.00        6.953-310        2.122-314        1.136-322        0.000E+00
2019 12  3  1514.00        6.953-310        2.122-314        1.136-322        0.000E+00
2019 12  3  1515.00        6.953-310        2.122-314        1.136-322        0.000E+00
2019 12  3  1516.00        6.953-310        2.122-314        1.136-322        0.000E+00
2019 12  3  1517.00        6.953-310        2.122-314        1.136-322        0.000E+00
2019 12  3  1518.00        6.953-310        2.122-314        1.136-322        0.000E+00
2019 12  3  1519.00        6.953-310        2.122-314        1.136-322        0.000E+00
2019 12  3  1520.00        6.953-310        2.122-314        1.136-322        0.000E+00
2019 12  3  1521.00        6.953-310        2.122-314        1.136-322        0.000E+00
2019 12  3  1522.00        6.953-310        2.122-314        1.136-322        0.000E+00
2019 12  3  1523.00        6.953-310        2.122-314        1.136-322        0.000E+00
2019 12  3  1524.00        6.953-310        2.122-314        1.136-322        0.000E+00
2019 12  3  1525.00        6.953-310        2.122-314        1.136-322        0.000E+00
2019 12  3  1526.00        6.953-310        2.122-314        1.136-322        0.000E+00
2019 12  3  1527.00        6.953-310        2.122-314        1.136-322        0.000E+00
2019 12  3  1528.00        6.953-310        2.122-314        1.136-322        0.000E+00
2019 12  3  1529.00        6.953-310        2.122-314        1.136-322        0.000E+00
2019 12  3  1530.00        6.953-310        2.122-314        1.136-322        0.000E+00
2019 12  3  1531.00        6.953-310        2.122-314        1.136-322        0.000E+00
2019 12  3  1532.00        6.953-310        2.122-314        1.136-322        0.000E+00
2019 12  3  1533.00        6.953-310        2.122-314        1.136-322        0.000E+00
2019 12  3  1534.00        6.953-310        2.122-314        1.136-322        0.000E+00
2019 12  3  1535.00        6.953-310        2.122-314        1.136-322        0.000E+00
2019 12  3  1536.00        6.953-310        2.122-314        1.136-322        0.000E+00
2019 12  4  1537.00        6.953-310        2.122-314        1.136-322        0.000E+00
2019 12  4  1538.00        6.953-310        2.122-314        1.136-322        0.000E+00
2019 12  4  1539.00        6.953-310        2.122-314        1.136-322        0.000E+00
2019 12  4  1540.00        6.953-310        2.122-314        1.136-322        0.000E+00
2019 12  4  1541.00        6.953-310        2.122-314        1.136-322        0.000E+00
2019 12  4  1542.00        6.953-310        2.122-314        1.136-322        0.000E+00
2019 12  4  1543.00        6.953-310        2.122-314        1.136-322        0.000E+00
2019 12  4  1544.00        6.953-310        2.122-314        1.136-322        0.000E+00
2019 12  4  1545.00        6.953-310        2.122-314        1.136-322        0.000E+00
2019 12  4  1546.00        6.953-310        2.122-314        1.136-322        0.000E+00
2019 12  4  1547.00        6.953-310        2.122-314        1.136-322        0.000E+00
2019 12  4  1548.00        6.953-310        2.122-314        1.136-322        0.000E+00
2019 12  4  1549.00        6.953-310        2.122-314        1.136-322        0.000E+00
2019 12  4  1550.00        6.953-310        2.122-314        1.136-322        0.000E+00
2019 12  4  1551.00        6.953-310        2.122-314        1.136-322        0.000E+00
2019 12  4  1552.00        6.953-310        2.122-314        1.136-322        0.000E+00
2019 12  4  1553.00        6.953-310        2.122-314        1.136-322        0.000E+00
2019 12  4  1554.00        6.953-310        2.122-314        1.136-322        0.000E+00
2019 12  4  1555.00        6.953-310        2.122-314        1.136-322        0.000E+00
2019 12  4  1556.00        6.953-310        2.122-314        1.136-322        0.000E+00
2019 12  4  1557.00        6.953-310        2.122-314        1.136-322        0.000E+00
2019 12  4  1558.00        6.953-310        2.122-314        1.136-322        0.000E+00
2019 12  4  1559.00        6.953-310        2.122-314        1.136-322        0.000E+00
2019 12  4  1560.00        6.953-310        2.122-314        1.136-322        0.000E+00
2019 12  5  1561.00        6.953-310        2.122-314        1.136-322        0.000E+00
2019 12  5  1562.00        6.953-310        2.122-314        1.136-322        0.000E+00
2019 12  5  1563.00        6.953-310        2.122-314        1.136-322        0.000E+00
2019 12  5  1564.00        6.953-310        2.122-314        1.136-322        0.000E+00
2019 12  5  1565.00        6.953-310        2.122-314        1.136-322        0.000E+00
2019 12  5  1566.00        6.953-310        2.122-314        1.136-322        0.000E+00
2019 12  5  1567.00        6.953-310        2.122-314        1.136-322        0.000E+00
2019 12  5  1568.00        6.953-310        2.122-314        1.136-322        0.000E+00
2019 12  5  1569.00        6.953-310        2.122-314        1.136-322        0.000E+00
2019 12  5  1570.00        6.953-310        2.122-314        1.136-322        0.000E+00
2019 12  5  1571.00        6.953-310        2.122-314        1.136-322        0.000E+00
2019 12  5  1572.00        6.953-310        2.122-314        1.136-322        0.000E+00
2019 12  5  1573.00        6.953-310        2.122-314        1.136-322        0.000E+00
2019 12  5  1574.00        6.953-310        2.122-314        1.136-322        0.000E+00
2019 12  5  1575.00        6.953-310        2.122-314        1.136-322        0.000E+00
2019 12  5  1576.00        6.953-310        2.122-314        1.136-322        0.000E+00
2019 12  5  1577.00        6.953-310        2.122-314        1.136-322        0.000E+00
2019 12  5  1578.00        6.953-310        2.122-314        1.136-322        0.000E+00
2019 12  5  1579.00        6.953-310        2.122-314        1.136-322        0.000E+00
2019 12  5  1580.00        6.953-310        2.122-314        1.136-322        0.000E+00
2019 12  5  1581.00        6.953-310        2.122-314        1.136-322        0.000E+00
2019 12  5  1582.00        6.953-310        2.122-314        1.136-322        0.000E+00
2019 12  5  1583.00        6.953-310        2.122-314        1.136-322        0.000E+00
2019 12  5  1584.00        6.953-310        2.122-314        1.136-322        0.000E+00
2019 12  6  1585.00        6.953-310        2.122-314        1.136-322        0.000E+00
2019 12  6  1586.00        6.953-310        2.122-314        1.136-322        0.000E+00
2019 12  6  1587.00        6.953-310        2.122-314        1.136-322        0.000E+00
2019 12  6  1588.00        6.953-310        2.122-314        1.136-322        0.000E+00
2019 12  6  1589.00        6.953-310        2.122-314        1.136-322        0.000E+00
2019 12  6  1590.00        6.953-310        2.122-314        1.136-322        0.000E+00
2019 12  6  1591.00        6.953-310        2.122-314        1.136-322        0.000E+00
2019 12  6  1592.00        6.953-310        2.122-314        1.136-322        0.000E+00
2019 12  6  1593.00        6.953-310        2.122-314        1.136-322        0.000E+00
2019 12  6  1594.00        6.953-310        2.122-314        1.136-322        0.000E+00
2019 12  6  1595.00        6.953-310        2.122-314        1.136-322        0.000E+00
2019 12  6  1596.00        6.953-310        2.122-314        1.136-322        0.000E+00
2019 12  6  1597.00        6.953-310        2.122-314        1.136-322        0.000E+00
2019 12  6  1598.00        6.953-310        2.122-314        1.136-322        0.000E+00
2019 12  6  1599.00        6.953-310        2.122-314        1.136-322        0.000E+00
2019 12  6  1600.00        6.953-310        2.122-314        1.136-322        0.000E+00
2019 12  6  1601.00        6.953-310        2.122-314        1.136-322        0.000E+00
2019 12  6  1602.00        6.953-310        2.122-314        1.136-322        0.000E+00
2019 12  6  1603.00        6.953-310        2.122-314        1.136-322        0.000E+00
2019 12  6  1604.00        6.953-310        2.122-314        1.136-322        0.000E+00
2019 12  6  1605.00        6.953-310        2.122-314        1.136-322        0.000E+00
2019 12  6  1606.00        6.953-310        2.122-314        1.136-322        0.000E+00
2019 12  6  1607.00        6.953-310        2.122-314        1.136-322        0.000E+00
2019 12  6  1608.00        6.953-310        2.122-314        1.136-322        0.000E+00
2019 12  7  1609.00        6.953-310        2.122-314        1.136-322        0.000E+00
2019 12  7  1610.00        6.953-310        2.122-314        1.136-322        0.000E+00
2019 12  7  1611.00        6.953-310        2.122-314        1.136-322        0.000E+00
2019 12  7  1612.00        6.953-310        2.122-314        1.136-322        0.000E+00
2019 12  7  1613.00        6.953-310        2.122-314        1.136-322        0.000E+00
2019 12  7  1614.00        6.953-310        2.122-314        1.136-322        0.000E+00
2019 12  7  1615.00        6.953-310        2.122-314        1.136-322        0.000E+00
2019 12  7  1616.00        6.953-310        2.122-314        1.136-322        0.000E+00
2019 12  7  1617.00        6.953-310        2.122-314        1.136-322        0.000E+00
2019 12  7  1618.00        6.953-310        2.122-314        1.136-322        0.000E+00
2019 12  7  1619.00        6.953-310        2.122-314        1.136-322        0.000E+00
2019 12  7  1620.00        6.953-310        2.122-314        1.136-322        0.000E+00
2019 12  7  1621.00        6.953-310        2.122-314        1.136-322        0.000E+00
2019 12  7  1622.00        6.953-310        2.122-314        1.136-322        0.000E+00
2019 12  7  1623.00        6.953-310        2.122-314        1.136-322        0.000E+00
2019 12  7  1624.00        6.953-310        2.122-314        1.136-322        0.000E+00
2019 12  7  1625.00        6.953-310        2.122-314        1.136-322        0.000E+00
2019 12  7  1626.00        6.953-310        2.122-314        1.136-322        0.000E+00
2019 12  7  1627.00        6.953-310        2.122-314        1.136-322        0.000E+00
2019 12  7  1628.00        6.953-310        2.122-314        1.136-322        0.000E+00
2019 12  7  1629.00        6.953-310        2.122-314        1.136-322        0.000E+00
2019 12  7  1630.00        6.953-310        2.122-314        1.136-322        0.000E+00
2019 12  7  1631.00        6.953-310        2.122-314        1.136-322        0.000E+00
2019 12  7  1632.00        6.953-310        2.122-314        1.136-322        0.000E+00
2019 12  8  1633.00        6.953-310        2.122-314        1.136-322        0.000E+00
2019 12  8  1634.00        6.953-310        2.122-314        1.136-322        0.000E+00
2019 12  8  1635.00        6.953-310        2.122-314        1.136-322        0.000E+00
2019 12  8  1636.00        6.953-310        2.122-314        1.136-322        0.000E+00
2019 12  8  1637.00        6.953-310        2.122-314        1.136-322        0.000E+00
2019 12  8  1638.00        6.953-310        2.122-314        1.136-322        0.000E+00
2019 12  8  1639.00        6.953-310        2.122-314        1.136-322        0.000E+00
2019 12  8  1640.00        6.953-310        2.122-314        1.136-322        0.000E+00
2019 12  8  1641.00        6.953-310        2.122-314        1.136-322        0.000E+00
2019 12  8  1642.00        6.953-310        2.122-314        1.136-322        0.000E+00
2019 12  8  1643.00        6.953-310        2.122-314        1.136-322        0.000E+00
2019 12  8  1644.00        6.953-310        2.122-314        1.136-322        0.000E+00
2019 12  8  1645.00        6.953-310        2.122-314        1.136-322        0.000E+00
2019 12  8  1646.00        6.953-310        2.122-314        1.136-322        0.000E+00
2019 12  8  1647.00        6.953-310        2.122-314        1.136-322        0.000E+00
2019 12  8  1648.00        6.953-310        2.122-314        1.136-322        0.000E+00
2019 12  8  1649.00        6.953-310        2.122-314        1.136-322        0.000E+00
2019 12  8  1650.00        6.953-310        2.122-314        1.136-322        0.000E+00
2019 12  8  1651.00        6.953-310        2.122-314        1.136-322        0.000E+00
2019 12  8  1652.00        6.953-310        2.122-314        1.136-322        0.000E+00
2019 12  8  1653.00        6.953-310        2.122-314        1.136-322        0.000E+00
2019 12  8  1654.00        6.953-310        2.122-314        1.136-322        0.000E+00
2019 12  8  1655.00        6.953-310        2.122-314        1.136-322        0.000E+00
2019 12  8  1656.00        6.953-310        2.122-314        1.136-322        0.000E+00
2019 12  9  1657.00        6.953-310        2.122-314        1.136-322        0.000E+00
2019 12  9  1658.00        6.953-310        2.122-314        1.136-322        0.000E+00
2019 12  9  1659.00        6.953-310        2.122-314        1.136-322        0.000E+00
2019 12  9  1660.00        6.953-310        2.122-314        1.136-322        0.000E+00
2019 12  9  1661.00        6.953-310        2.122-314        1.136-322        0.000E+00
2019 12  9  1662.00        6.953-310        2.122-314        1.136-322        0.000E+00
2019 12  9  1663.00        6.953-310        2.122-314        1.136-322        0.000E+00
2019 12  9  1664.00        6.953-310        2.122-314        1.136-322        0.000E+00
2019 12  9  1665.00        6.953-310        2.122-314        1.136-322        0.000E+00
2019 12  9  1666.00        6.953-310        2.122-314        1.136-322        0.000E+00
2019 12  9  1667.00        6.953-310        2.122-314        1.136-322        0.000E+00
2019 12  9  1668.00        6.953-310        2.122-314        1.136-322        0.000E+00
2019 12  9  1669.00        6.953-310        2.122-314        1.136-322        0.000E+00
2019 12  9  1670.00        6.953-310        2.122-314        1.136-322        0.000E+00
2019 12  9  1671.00        6.953-310        2.122-314        1.136-322        0.000E+00
2019 12  9  1672.00        6.953-310        2.122-314        1.136-322        0.000E+00
2019 12  9  1673.00        6.953-310        2.122-314        1.136-322        0.000E+00
2019 12  9  1674.00        6.953-310        2.122-314        1.136-322        0.000E+00
2019 12  9  1675.00        6.953-310        2.122-314        1.136-322        0.000E+00
2019 12  9  1676.00        6.953-310        2.122-314        1.136-322        0.000E+00
2019 12  9  1677.00        6.953-310        2.122-314        1.136-322        0.000E+00
2019 12  9  1678.00        6.953-310        2.122-314        1.136-322        0.000E+00
2019 12  9  1679.00        6.953-310        2.122-314        1.136-322        0.000E+00
2019 12  9  1680.00        6.953-310        2.122-314        1.136-322        0.000E+00
2019 12 10  1681.00        6.953-310        2.122-314        1.136-322        0.000E+00
2019 12 10  1682.00        6.953-310        2.122-314        1.136-322        0.000E+00
2019 12 10  1683.00        6.953-310        2.122-314        1.136-322        0.000E+00
2019 12 10  1684.00        6.953-310        2.122-314        1.136-322        0.000E+00
2019 12 10  1685.00        6.953-310        2.122-314        1.136-322        0.000E+00
2019 12 10  1686.00        6.953-310        2.122-314        1.136-322        0.000E+00
2019 12 10  1687.00        6.953-310        2.122-314        1.136-322        0.000E+00
2019 12 10  1688.00        6.953-310        2.122-314        1.136-322        0.000E+00
2019 12 10  1689.00        6.953-310        2.122-314        1.136-322        0.000E+00
2019 12 10  1690.00        6.953-310        2.122-314        1.136-322        0.000E+00
2019 12 10  1691.00        6.953-310        2.122-314        1.136-322        0.000E+00
2019 12 10  1692.00        6.953-310        2.122-314        1.136-322        0.000E+00
2019 12 10  1693.00        6.953-310        2.122-314        1.136-322        0.000E+00
2019 12 10  1694.00        6.953-310        2.122-314        1.136-322        0.000E+00
2019 12 10  1695.00        6.953-310        2.122-314        1.136-322        0.000E+00
2019 12 10  1696.00        6.953-310        2.122-314        1.136-322        0.000E+00
2019 12 10  1697.00        6.953-310        2.122-314        1.136-322        0.000E+00
2019 12 10  1698.00        6.953-310        2.122-314        1.136-322        0.000E+00
2019 12 10  1699.00        6.953-310        2.122-314        1.136-322        0.000E+00
2019 12 10  1700.00        6.953-310        2.122-314        1.136-322        0.000E+00
2019 12 10  1701.00        6.953-310        2.122-314        1.136-322        0.000E+00
2019 12 10  1702.00        6.953-310        2.122-314        1.136-322        0.000E+00
2019 12 10  1703.00        6.953-310        2.122-314        1.136-322        0.000E+00
2019 12 10  1704.00        6.953-310        2.122-314        1.136-322        0.000E+00
2019 12 11  1705.00        6.953-310        2.122-314        1.136-322        0.000E+00
2019 12 11  1706.00        6.953-310        2.122-314        1.136-322        0.000E+00
2019 12 11  1707.00        6.953-310        2.122-314        1.136-322        0.000E+00
2019 12 11  1708.00        6.953-310        2.122-314        1.136-322        0.000E+00
2019 12 11  1709.00        6.953-310        2.122-314        1.136-322        0.000E+00
2019 12 11  1710.00        6.953-310        2.122-314        1.136-322        0.000E+00
2019 12 11  1711.00        6.953-310        2.122-314        1.136-322        0.000E+00
2019 12 11  1712.00        6.953-310        2.122-314        1.136-322        0.000E+00
2019 12 11  1713.00        6.953-310        2.122-314        1.136-322        0.000E+00
2019 12 11  1714.00        6.953-310        2.122-314        1.136-322        0.000E+00
2019 12 11  1715.00        6.953-310        2.122-314        1.136-322        0.000E+00
2019 12 11  1716.00        6.953-310        2.122-314        1.136-322        0.000E+00
2019 12 11  1717.00        6.953-310        2.122-314        1.136-322        0.000E+00
2019 12 11  1718.00        6.953-310        2.122-314        1.136-322        0.000E+00
2019 12 11  1719.00        6.953-310        2.122-314        1.136-322        0.000E+00
2019 12 11  1720.00        6.953-310        2.122-314        1.136-322        0.000E+00
2019 12 11  1721.00        6.953-310        2.122-314        1.136-322        0.000E+00
2019 12 11  1722.00        6.953-310        2.122-314        1.136-322        0.000E+00
2019 12 11  1723.00        6.953-310        2.122-314        1.136-322        0.000E+00
2019 12 11  1724.00        6.953-310        2.122-314        1.136-322        0.000E+00
2019 12 11  1725.00        6.953-310        2.122-314        1.136-322        0.000E+00
2019 12 11  1726.00        6.953-310        2.122-314        1.136-322        0.000E+00
2019 12 11  1727.00        6.953-310        2.122-314        1.136-322        0.000E+00
2019 12 11  1728.00        6.953-310        2.122-314        1.136-322        0.000E+00
2019 12 12  1729.00        6.953-310        2.122-314        1.136-322        0.000E+00
2019 12 12  1730.00        6.953-310        2.122-314        1.136-322        0.000E+00
2019 12 12  1731.00        6.953-310        2.122-314        1.136-322        0.000E+00
2019 12 12  1732.00        6.953-310        2.122-314        1.136-322        0.000E+00
2019 12 12  1733.00        6.953-310        2.122-314        1.136-322        0.000E+00
2019 12 12  1734.00        6.953-310        2.122-314        1.136-322        0.000E+00
2019 12 12  1735.00        6.953-310        2.122-314        1.136-322        0.000E+00
2019 12 12  1736.00        6.953-310        2.122-314        1.136-322        0.000E+00
2019 12 12  1737.00        6.953-310        2.122-314        1.136-322        0.000E+00
2019 12 12  1738.00        6.953-310        2.122-314        1.136-322        0.000E+00
2019 12 12  1739.00        6.953-310        2.122-314        1.136-322        0.000E+00
2019 12 12  1740.00        6.953-310        2.122-314        1.136-322        0.000E+00
2019 12 12  1741.00        6.953-310        2.122-314        1.136-322        0.000E+00
2019 12 12  1742.00        6.953-310        2.122-314        1.136-322        0.000E+00
2019 12 12  1743.00        6.953-310        2.122-314        1.136-322        0.000E+00
2019 12 12  1744.00        6.953-310        2.122-314        1.136-322        0.000E+00
2019 12 12  1745.00        6.953-310        2.122-314        1.136-322        0.000E+00
2019 12 12  1746.00        6.953-310        2.122-314        1.136-322        0.000E+00
2019 12 12  1747.00        6.953-310        2.122-314        1.136-322        0.000E+00
2019 12 12  1748.00        6.953-310        2.122-314        1.136-322        0.000E+00
2019 12 12  1749.00        6.953-310        2.122-314        1.136-322        0.000E+00
2019 12 12  1750.00        6.953-310        2.122-314        1.136-322        0.000E+00
2019 12 12  1751.00        6.953-310        2.122-314        1.136-322        0.000E+00
2019 12 12  1752.00        6.953-310        2.122-314        1.136-322        0.000E+00
2019 12 13  1753.00        6.953-310        2.122-314        1.136-322        0.000E+00
2019 12 13  1754.00        6.953-310        2.122-314        1.136-322        0.000E+00
2019 12 13  1755.00        6.953-310        2.122-314        1.136-322        0.000E+00
2019 12 13  1756.00        6.953-310        2.122-314        1.136-322        0.000E+00
2019 12 13  1757.00        6.953-310        2.122-314        1.136-322        0.000E+00
2019 12 13  1758.00        6.953-310        2.122-314        1.136-322        0.000E+00
2019 12 13  1759.00        6.953-310        2.122-314        1.136-322        0.000E+00
2019 12 13  1760.00        6.953-310        2.122-314        1.136-322        0.000E+00
2019 12 13  1761.00        6.953-310        2.122-314        1.136-322        0.000E+00
2019 12 13  1762.00        6.953-310        2.122-314        1.136-322        0.000E+00
2019 12 13  1763.00        6.953-310        2.122-314        1.136-322        0.000E+00
2019 12 13  1764.00        6.953-310        2.122-314        1.136-322        0.000E+00
2019 12 13  1765.00        6.953-310        2.122-314        1.136-322        0.000E+00
2019 12 13  1766.00        6.953-310        2.122-314        1.136-322        0.000E+00
2019 12 13  1767.00        6.953-310        2.122-314        1.136-322        0.000E+00
2019 12 13  1768.00        6.953-310        2.122-314        1.136-322        0.000E+00
2019 12 13  1769.00        6.953-310        2.122-314        1.136-322        0.000E+00
2019 12 13  1770.00        6.953-310        2.122-314        1.136-322        0.000E+00
2019 12 13  1771.00        6.953-310        2.122-314        1.136-322        0.000E+00
2019 12 13  1772.00        6.953-310        2.122-314        1.136-322        0.000E+00
2019 12 13  1773.00        6.953-310        2.122-314        1.136-322        0.000E+00
2019 12 13  1774.00        6.953-310        2.122-314        1.136-322        0.000E+00
2019 12 13  1775.00        6.953-310        2.122-314        1.136-322        0.000E+00
2019 12 13  1776.00        6.953-310        2.122-314        1.136-322        0.000E+00
2019 12 14  1777.00        6.953-310        2.122-314        1.136-322        0.000E+00
2019 12 14  1778.00        6.953-310        2.122-314        1.136-322        0.000E+00
2019 12 14  1779.00        6.953-310        2.122-314        1.136-322        0.000E+00
2019 12 14  1780.00        6.953-310        2.122-314        1.136-322        0.000E+00
2019 12 14  1781.00        6.953-310        2.122-314        1.136-322        0.000E+00
2019 12 14  1782.00        6.953-310        2.122-314        1.136-322        0.000E+00
2019 12 14  1783.00        6.953-310        2.122-314        1.136-322        0.000E+00
2019 12 14  1784.00        6.953-310        2.122-314        1.136-322        0.000E+00
2019 12 14  1785.00        6.953-310        2.122-314        1.136-322        0.000E+00
2019 12 14  1786.00        6.953-310        2.122-314        1.136-322        0.000E+00
2019 12 14  1787.00        6.953-310        2.122-314        1.136-322        0.000E+00
2019 12 14  1788.00        6.953-310        2.122-314        1.136-322        0.000E+00
2019 12 14  1789.00        6.953-310        2.122-314        1.136-322        0.000E+00
2019 12 14  1790.00        6.953-310        2.122-314        1.136-322        0.000E+00
2019 12 14  1791.00        6.953-310        2.122-314        1.136-322        0.000E+00
2019 12 14  1792.00        6.953-310        2.122-314        1.136-322        0.000E+00
2019 12 14  1793.00        6.953-310        2.122-314        1.136-322        0.000E+00
2019 12 14  1794.00        6.953-310        2.122-314        1.136-322        0.000E+00
2019 12 14  1795.00        6.953-310        2.122-314        1.136-322        0.000E+00
2019 12 14  1796.00        6.953-310        2.122-314        1.136-322        0.000E+00
2019 12 14  1797.00        6.953-310        2.122-314        1.136-322        0.000E+00
2019 12 14  1798.00        6.953-310        2.122-314        1.136-322        0.000E+00
2019 12 14  1799.00        6.953-310        2.122-314        1.136-322        0.000E+00
2019 12 14  1800.00        6.953-310        2.122-314        1.136-322        0.000E+00
2019 12 15  1801.00        6.953-310        2.122-314        1.136-322        0.000E+00
2019 12 15  1802.00        6.953-310        2.122-314        1.136-322        0.000E+00
2019 12 15  1803.00        6.953-310        2.122-314        1.136-322        0.000E+00
2019 12 15  1804.00        6.953-310        2.122-314        1.136-322        0.000E+00
2019 12 15  1805.00        6.953-310        2.122-314        1.136-322        0.000E+00
2019 12 15  1806.00        6.953-310        2.122-314        1.136-322        0.000E+00
2019 12 15  1807.00        6.953-310        2.122-314        1.136-322        0.000E+00
2019 12 15  1808.00        6.953-310        2.122-314        1.136-322        0.000E+00
2019 12 15  1809.00        6.953-310        2.122-314        1.136-322        0.000E+00
2019 12 15  1810.00        6.953-310        2.122-314        1.136-322        0.000E+00
2019 12 15  1811.00        6.953-310        2.122-314        1.136-322        0.000E+00
2019 12 15  1812.00        6.953-310        2.122-314        1.136-322        0.000E+00
2019 12 15  1813.00        6.953-310        2.122-314        1.136-322        0.000E+00
2019 12 15  1814.00        6.953-310        2.122-314        1.136-322        0.000E+00
2019 12 15  1815.00        6.953-310        2.122-314        1.136-322        0.000E+00
2019 12 15  1816.00        6.953-310        2.122-314        1.136-322        0.000E+00
2019 12 15  1817.00        6.953-310        2.122-314        1.136-322        0.000E+00
2019 12 15  1818.00        6.953-310        2.122-314        1.136-322        0.000E+00
2019 12 15  1819.00        6.953-310        2.122-314        1.136-322        0.000E+00
2019 12 15  1820.00        6.953-310        2.122-314        1.136-322        0.000E+00
2019 12 15  1821.00        6.953-310        2.122-314        1.136-322        0.000E+00
2019 12 15  1822.00        6.953-310        2.122-314        1.136-322        0.000E+00
2019 12 15  1823.00        6.953-310        2.122-314        1.136-322        0.000E+00
2019 12 15  1824.00        6.953-310        2.122-314        1.136-322        0.000E+00
2019 12 16  1825.00        6.953-310        2.122-314        1.136-322        0.000E+00
2019 12 16  1826.00        6.953-310        2.122-314        1.136-322        0.000E+00
2019 12 16  1827.00        6.953-310        2.122-314        1.136-322        0.000E+00
2019 12 16  1828.00        6.953-310        2.122-314        1.136-322        0.000E+00
2019 12 16  1829.00        6.953-310        2.122-314        1.136-322        0.000E+00
2019 12 16  1830.00        6.953-310        2.122-314        1.136-322        0.000E+00
2019 12 16  1831.00        6.953-310        2.122-314        1.136-322        0.000E+00
2019 12 16  1832.00        6.953-310        2.122-314        1.136-322        0.000E+00
2019 12 16  1833.00        6.953-310        2.122-314        1.136-322        0.000E+00
2019 12 16  1834.00        6.953-310        2.122-314        1.136-322        0.000E+00
2019 12 16  1835.00        6.953-310        2.122-314        1.136-322        0.000E+00
2019 12 16  1836.00        6.953-310        2.122-314        1.136-322        0.000E+00
2019 12 16  1837.00        6.953-310        2.122-314        1.136-322        0.000E+00
2019 12 16  1838.00        6.953-310        2.122-314        1.136-322        0.000E+00
2019 12 16  1839.00        6.953-310        2.122-314        1.136-322        0.000E+00
2019 12 16  1840.00        6.953-310        2.122-314        1.136-322        0.000E+00
2019 12 16  1841.00        6.953-310        2.122-314        1.136-322        0.000E+00
2019 12 16  1842.00        6.953-310        2.122-314        1.136-322        0.000E+00
2019 12 16  1843.00        6.953-310        2.122-314        1.136-322        0.000E+00
2019 12 16  1844.00        6.953-310        2.122-314        1.136-322        0.000E+00
2019 12 16  1845.00        6.953-310        2.122-314        1.136-322        0.000E+00
2019 12 16  1846.00        6.953-310        2.122-314        1.136-322        0.000E+00
2019 12 16  1847.00        6.953-310        2.122-314        1.136-322        0.000E+00
2019 12 16  1848.00        6.953-310        2.122-314        1.136-322        0.000E+00
2019 12 17  1849.00        6.953-310        2.122-314        1.136-322        0.000E+00
2019 12 17  1850.00        6.953-310        2.122-314        1.136-322        0.000E+00
2019 12 17  1851.00        6.953-310        2.122-314        1.136-322        0.000E+00
2019 12 17  1852.00        6.953-310        2.122-314        1.136-322        0.000E+00
2019 12 17  1853.00        6.953-310        2.122-314        1.136-322        0.000E+00
2019 12 17  1854.00        6.953-310        2.122-314        1.136-322        0.000E+00
2019 12 17  1855.00        6.953-310        2.122-314        1.136-322        0.000E+00
2019 12 17  1856.00        6.953-310        2.122-314        1.136-322        0.000E+00
2019 12 17  1857.00        6.953-310        2.122-314        1.136-322        0.000E+00
2019 12 17  1858.00        6.953-310        2.122-314        1.136-322        0.000E+00
2019 12 17  1859.00        6.953-310        2.122-314        1.136-322        0.000E+00
2019 12 17  1860.00        6.953-310        2.122-314        1.136-322        0.000E+00
2019 12 17  1861.00        6.953-310        2.122-314        1.136-322        0.000E+00
2019 12 17  1862.00        6.953-310        2.122-314        1.136-322        0.000E+00
2019 12 17  1863.00        6.953-310        2.122-314        1.136-322        0.000E+00
2019 12 17  1864.00        6.953-310        2.122-314        1.136-322        0.000E+00
2019 12 17  1865.00        6.953-310        2.122-314        1.136-322        0.000E+00
2019 12 17  1866.00        6.953-310        2.122-314        1.136-322        0.000E+00
2019 12 17  1867.00        6.953-310        2.122-314        1.136-322        0.000E+00
2019 12 17  1868.00        6.953-310        2.122-314        1.136-322        0.000E+00
2019 12 17  1869.00        6.953-310        2.122-314        1.136-322        0.000E+00
2019 12 17  1870.00        6.953-310        2.122-314        1.136-322        0.000E+00
2019 12 17  1871.00        6.953-310        2.122-314        1.136-322        0.000E+00
2019 12 17  1872.00        6.953-310        2.122-314        1.136-322        0.000E+00
2019 12 18  1873.00        6.953-310        2.122-314        1.136-322        0.000E+00
2019 12 18  1874.00        6.953-310        2.122-314        1.136-322        0.000E+00
2019 12 18  1875.00        6.953-310        2.122-314        1.136-322        0.000E+00
2019 12 18  1876.00        6.953-310        2.122-314        1.136-322        0.000E+00
2019 12 18  1877.00        6.953-310        2.122-314        1.136-322        0.000E+00
2019 12 18  1878.00        6.953-310        2.122-314        1.136-322        0.000E+00
2019 12 18  1879.00        6.953-310        2.122-314        1.136-322        0.000E+00
2019 12 18  1880.00        6.953-310        2.122-314        1.136-322        0.000E+00
2019 12 18  1881.00        6.953-310        2.122-314        1.136-322        0.000E+00
2019 12 18  1882.00        6.953-310        2.122-314        1.136-322        0.000E+00
2019 12 18  1883.00        6.953-310        2.122-314        1.136-322        0.000E+00
2019 12 18  1884.00        6.953-310        2.122-314        1.136-322        0.000E+00
2019 12 18  1885.00        6.953-310        2.122-314        1.136-322        0.000E+00
2019 12 18  1886.00        6.953-310        2.122-314        1.136-322        0.000E+00
2019 12 18  1887.00        6.953-310        2.122-314        1.136-322        0.000E+00
2019 12 18  1888.00        6.953-310        2.122-314        1.136-322        0.000E+00
2019 12 18  1889.00        6.953-310        2.122-314        1.136-322        0.000E+00
2019 12 18  1890.00        6.953-310        2.122-314        1.136-322        0.000E+00
2019 12 18  1891.00        6.953-310        2.122-314        1.136-322        0.000E+00
2019 12 18  1892.00        6.953-310        2.122-314        1.136-322        0.000E+00
2019 12 18  1893.00        6.953-310        2.122-314        1.136-322        0.000E+00
2019 12 18  1894.00        6.953-310        2.122-314        1.136-322        0.000E+00
2019 12 18  1895.00        6.953-310        2.122-314        1.136-322        0.000E+00
2019 12 18  1896.00        6.953-310        2.122-314        1.136-322        0.000E+00
2019 12 19  1897.00        6.953-310        2.122-314        1.136-322        0.000E+00
2019 12 19  1898.00        6.953-310        2.122-314        1.136-322        0.000E+00
2019 12 19  1899.00        6.953-310        2.122-314        1.136-322        0.000E+00
2019 12 19  1900.00        6.953-310        2.122-314        1.136-322        0.000E+00
2019 12 19  1901.00        6.953-310        2.122-314        1.136-322        0.000E+00
2019 12 19  1902.00        6.953-310        2.122-314        1.136-322        0.000E+00
2019 12 19  1903.00        6.953-310        2.122-314        1.136-322        0.000E+00
2019 12 19  1904.00        6.953-310        2.122-314        1.136-322        0.000E+00
2019 12 19  1905.00        6.953-310        2.122-314        1.136-322        0.000E+00
2019 12 19  1906.00        6.953-310        2.122-314        1.136-322        0.000E+00
2019 12 19  1907.00        6.953-310        2.122-314        1.136-322        0.000E+00
2019 12 19  1908.00        6.953-310        2.122-314        1.136-322        0.000E+00
2019 12 19  1909.00        6.953-310        2.122-314        1.136-322        0.000E+00
2019 12 19  1910.00        6.953-310        2.122-314        1.136-322        0.000E+00
2019 12 19  1911.00        6.953-310        2.122-314        1.136-322        0.000E+00
2019 12 19  1912.00        6.953-310        2.122-314        1.136-322        0.000E+00
2019 12 19  1913.00        6.953-310        2.122-314        1.136-322        0.000E+00
2019 12 19  1914.00        6.953-310        2.122-314        1.136-322        0.000E+00
2019 12 19  1915.00        6.953-310        2.122-314        1.136-322        0.000E+00
2019 12 19  1916.00        6.953-310        2.122-314        1.136-322        0.000E+00
2019 12 19  1917.00        6.953-310        2.122-314        1.136-322        0.000E+00
2019 12 19  1918.00        6.953-310        2.122-314        1.136-322        0.000E+00
2019 12 19  1919.00        6.953-310        2.122-314        1.136-322        0.000E+00
2019 12 19  1920.00        6.953-310        2.122-314        1.136-322        0.000E+00
2019 12 20  1921.00        6.953-310        2.122-314        1.136-322        0.000E+00
2019 12 20  1922.00        6.953-310        2.122-314        1.136-322        0.000E+00
2019 12 20  1923.00        6.953-310        2.122-314        1.136-322        0.000E+00
2019 12 20  1924.00        6.953-310        2.122-314        1.136-322        0.000E+00
2019 12 20  1925.00        6.953-310        2.122-314        1.136-322        0.000E+00
2019 12 20  1926.00        6.953-310        2.122-314        1.136-322        0.000E+00
2019 12 20  1927.00        6.953-310        2.122-314        1.136-322        0.000E+00
2019 12 20  1928.00        6.953-310        2.122-314        1.136-322        0.000E+00
2019 12 20  1929.00        6.953-310        2.122-314        1.136-322        0.000E+00
2019 12 20  1930.00        6.953-310        2.122-314        1.136-322        0.000E+00
2019 12 20  1931.00        6.953-310        2.122-314        1.136-322        0.000E+00
2019 12 20  1932.00        6.953-310        2.122-314        1.136-322        0.000E+00
2019 12 20  1933.00        6.953-310        2.122-314        1.136-322        0.000E+00
2019 12 20  1934.00        6.953-310        2.122-314        1.136-322        0.000E+00
2019 12 20  1935.00        6.953-310        2.122-314        1.136-322        0.000E+00
2019 12 20  1936.00        6.953-310        2.122-314        1.136-322        0.000E+00
2019 12 20  1937.00        6.953-310        2.122-314        1.136-322        0.000E+00
2019 12 20  1938.00        6.953-310        2.122-314        1.136-322        0.000E+00
2019 12 20  1939.00        6.953-310        2.122-314        1.136-322        0.000E+00
2019 12 20  1940.00        6.953-310        2.122-314        1.136-322        0.000E+00
2019 12 20  1941.00        6.953-310        2.122-314        1.136-322        0.000E+00
2019 12 20  1942.00        6.953-310        2.122-314        1.136-322        0.000E+00
2019 12 20  1943.00        6.953-310        2.122-314        1.136-322        0.000E+00
2019 12 20  1944.00        6.953-310        2.122-314        1.136-322        0.000E+00
2019 12 21  1945.00        6.953-310        2.122-314        1.136-322        0.000E+00
2019 12 21  1946.00        6.953-310        2.122-314        1.136-322        0.000E+00
2019 12 21  1947.00        6.953-310        2.122-314        1.136-322        0.000E+00
2019 12 21  1948.00        6.953-310        2.122-314        1.136-322        0.000E+00
2019 12 21  1949.00        6.953-310        2.122-314        1.136-322        0.000E+00
2019 12 21  1950.00        6.953-310        2.122-314        1.136-322        0.000E+00
2019 12 21  1951.00        6.953-310        2.122-314        1.136-322        0.000E+00
2019 12 21  1952.00        6.953-310        2.122-314        1.136-322        0.000E+00
2019 12 21  1953.00        6.953-310        2.122-314        1.136-322        0.000E+00
2019 12 21  1954.00        6.953-310        2.122-314        1.136-322        0.000E+00
2019 12 21  1955.00        6.953-310        2.122-314        1.136-322        0.000E+00
2019 12 21  1956.00        6.953-310        2.122-314        1.136-322        0.000E+00
2019 12 21  1957.00        6.953-310        2.122-314        1.136-322        0.000E+00
2019 12 21  1958.00        6.953-310        2.122-314        1.136-322        0.000E+00
2019 12 21  1959.00        6.953-310        2.122-314        1.136-322        0.000E+00
2019 12 21  1960.00        6.953-310        2.122-314        1.136-322        0.000E+00
2019 12 21  1961.00        6.953-310        2.122-314        1.136-322        0.000E+00
2019 12 21  1962.00        6.953-310        2.122-314        1.136-322        0.000E+00
2019 12 21  1963.00        6.953-310        2.122-314        1.136-322        0.000E+00
2019 12 21  1964.00        6.953-310        2.122-314        1.136-322        0.000E+00
2019 12 21  1965.00        6.953-310        2.122-314        1.136-322        0.000E+00
2019 12 21  1966.00        6.953-310        2.122-314        1.136-322        0.000E+00
2019 12 21  1967.00        6.953-310        2.122-314        1.136-322        0.000E+00
2019 12 21  1968.00        6.953-310        2.122-314        1.136-322        0.000E+00
2019 12 22  1969.00        6.953-310        2.122-314        1.136-322        0.000E+00
2019 12 22  1970.00        6.953-310        2.122-314        1.136-322        0.000E+00
2019 12 22  1971.00        6.953-310        2.122-314        1.136-322        0.000E+00
2019 12 22  1972.00        6.953-310        2.122-314        1.136-322        0.000E+00
2019 12 22  1973.00        6.953-310        2.122-314        1.136-322        0.000E+00
2019 12 22  1974.00        6.953-310        2.122-314        1.136-322        0.000E+00
2019 12 22  1975.00        6.953-310        2.122-314        1.136-322        0.000E+00
2019 12 22  1976.00        6.953-310        2.122-314        1.136-322        0.000E+00
2019 12 22  1977.00        6.953-310        2.122-314        1.136-322        0.000E+00
2019 12 22  1978.00        6.953-310        2.122-314        1.136-322        0.000E+00
2019 12 22  1979.00        6.953-310        2.122-314        1.136-322        0.000E+00
2019 12 22  1980.00        6.953-310        2.122-314        1.136-322        0.000E+00
2019 12 22  1981.00        6.953-310        2.122-314        1.136-322        0.000E+00
2019 12 22  1982.00        6.953-310        2.122-314        1.136-322        0.000E+00
2019 12 22  1983.00        6.953-310        2.122-314        1.136-322        0.000E+00
2019 12 22  1984.00        6.953-310        2.122-314        1.136-322        0.000E+00
2019 12 22  1985.00        6.953-310        2.122-314        1.136-322        0.000E+00
2019 12 22  1986.00        6.953-310        2.122-314        1.136-322        0.000E+00
2019 12 22  1987.00        6.953-310        2.122-314        1.136-322        0.000E+00
2019 12 22  1988.00        6.953-310        2.122-314        1.136-322        0.000E+00
2019 12 22  1989.00        6.953-310        2.122-314        1.136-322        0.000E+00
2019 12 22  1990.00        6.953-310        2.122-314        1.136-322        0.000E+00
2019 12 22  1991.00        6.953-310        2.122-314        1.136-322        0.000E+00
2019 12 22  1992.00        6.953-310        2.122-314        1.136-322        0.000E+00
2019 12 23  1993.00        6.953-310        2.122-314        1.136-322        0.000E+00
2019 12 23  1994.00        6.953-310        2.122-314        1.136-322        0.000E+00
2019 12 23  1995.00        6.953-310        2.122-314        1.136-322        0.000E+00
2019 12 23  1996.00        6.953-310        2.122-314        1.136-322        0.000E+00
2019 12 23  1997.00        6.953-310        2.122-314        1.136-322        0.000E+00
2019 12 23  1998.00        6.953-310        2.122-314        1.136-322        0.000E+00
2019 12 23  1999.00        6.953-310        2.122-314        1.136-322        0.000E+00
2019 12 23  2000.00        6.953-310        2.122-314        1.136-322        0.000E+00
2019 12 23  2001.00        6.953-310        2.122-314        1.136-322        0.000E+00
2019 12 23  2002.00        6.953-310        2.122-314        1.136-322        0.000E+00
2019 12 23  2003.00        6.953-310        2.122-314        1.136-322        0.000E+00
2019 12 23  2004.00        6.953-310        2.122-314        1.136-322        0.000E+00
2019 12 23  2005.00        6.953-310        2.122-314        1.136-322        0.000E+00
2019 12 23  2006.00        6.953-310        2.122-314        1.136-322        0.000E+00
2019 12 23  2007.00        6.953-310        2.122-314        1.136-322        0.000E+00
2019 12 23  2008.00        6.953-310        2.122-314        1.136-322        0.000E+00
2019 12 23  2009.00        6.953-310        2.122-314        1.136-322        0.000E+00
2019 12 23  2010.00        6.953-310        2.122-314        1.136-322        0.000E+00
2019 12 23  2011.00        6.953-310        2.122-314        1.136-322        0.000E+00
2019 12 23  2012.00        6.953-310        2.122-314        1.136-322        0.000E+00
2019 12 23  2013.00        6.953-310        2.122-314        1.136-322        0.000E+00
2019 12 23  2014.00        6.953-310        2.122-314        1.136-322        0.000E+00
2019 12 23  2015.00        6.953-310        2.122-314        1.136-322        0.000E+00
2019 12 23  2016.00        6.953-310        2.122-314        1.136-322        0.000E+00
2019 12 24  2017.00        6.953-310        2.122-314        1.136-322        0.000E+00
2019 12 24  2018.00        6.953-310        2.122-314        1.136-322        0.000E+00
2019 12 24  2019.00        6.953-310        2.122-314        1.136-322        0.000E+00
2019 12 24  2020.00        6.953-310        2.122-314        1.136-322        0.000E+00
2019 12 24  2021.00        6.953-310        2.122-314        1.136-322        0.000E+00
2019 12 24  2022.00        6.953-310        2.122-314        1.136-322        0.000E+00
2019 12 24  2023.00        6.953-310        2.122-314        1.136-322        0.000E+00
2019 12 24  2024.00        6.953-310        2.122-314        1.136-322        0.000E+00
2019 12 24  2025.00        6.953-310        2.122-314        1.136-322        0.000E+00
2019 12 24  2026.00        6.953-310        2.122-314        1.136-322        0.000E+00
2019 12 24  2027.00        6.953-310        2.122-314        1.136-322        0.000E+00
2019 12 24  2028.00        6.953-310        2.122-314        1.136-322        0.000E+00
2019 12 24  2029.00        6.953-310        2.122-314        1.136-322        0.000E+00
2019 12 24  2030.00        6.953-310        2.122-314        1.136-322        0.000E+00
2019 12 24  2031.00        6.953-310        2.122-314        1.136-322        0.000E+00
2019 12 24  2032.00        6.953-310        2.122-314        1.136-322        0.000E+00
2019 12 24  2033.00        6.953-310        2.122-314        1.136-322        0.000E+00
2019 12 24  2034.00        6.953-310        2.122-314        1.136-322        0.000E+00
2019 12 24  2035.00        6.953-310        2.122-314        1.136-322        0.000E+00
2019 12 24  2036.00        6.953-310        2.122-314        1.136-322        0.000E+00
2019 12 24  2037.00        6.953-310        2.122-314        1.136-322        0.000E+00
2019 12 24  2038.00        6.953-310        2.122-314        1.136-322        0.000E+00
2019 12 24  2039.00        6.953-310        2.122-314        1.136-322        0.000E+00
2019 12 24  2040.00        6.953-310        2.122-314        1.136-322        0.000E+00
2019 12 25  2041.00        6.953-310        2.122-314        1.136-322        0.000E+00
2019 12 25  2042.00        6.953-310        2.122-314        1.136-322        0.000E+00
2019 12 25  2043.00        6.953-310        2.122-314        1.136-322        0.000E+00
2019 12 25  2044.00        6.953-310        2.122-314        1.136-322        0.000E+00
2019 12 25  2045.00        6.953-310        2.122-314        1.136-322        0.000E+00
2019 12 25  2046.00        6.953-310        2.122-314        1.136-322        0.000E+00
2019 12 25  2047.00        6.953-310        2.122-314        1.136-322        0.000E+00
2019 12 25  2048.00        6.953-310        2.122-314        1.136-322        0.000E+00
2019 12 25  2049.00        6.953-310        2.122-314        1.136-322        0.000E+00
2019 12 25  2050.00        6.953-310        2.122-314        1.136-322        0.000E+00
2019 12 25  2051.00        6.953-310        2.122-314        1.136-322        0.000E+00
2019 12 25  2052.00        6.953-310        2.122-314        1.136-322        0.000E+00
2019 12 25  2053.00        6.953-310        2.122-314        1.136-322        0.000E+00
2019 12 25  2054.00        6.953-310        2.122-314        1.136-322        0.000E+00
2019 12 25  2055.00        6.953-310        2.122-314        1.136-322        0.000E+00
2019 12 25  2056.00        6.953-310        2.122-314        1.136-322        0.000E+00
2019 12 25  2057.00        6.953-310        2.122-314        1.136-322        0.000E+00
2019 12 25  2058.00        6.953-310        2.122-314        1.136-322        0.000E+00
2019 12 25  2059.00        6.953-310        2.122-314        1.136-322        0.000E+00
2019 12 25  2060.00        6.953-310        2.122-314        1.136-322        0.000E+00
2019 12 25  2061.00        6.953-310        2.122-314        1.136-322        0.000E+00
2019 12 25  2062.00        6.953-310        2.122-314        1.136-322        0.000E+00
2019 12 25  2063.00        6.953-310        2.122-314        1.136-322        0.000E+00
2019 12 25  2064.00        6.953-310        2.122-314        1.136-322        0.000E+00
2019 12 26  2065.00        6.953-310        2.122-314        1.136-322        0.000E+00
2019 12 26  2066.00        6.953-310        2.122-314        1.136-322        0.000E+00
2019 12 26  2067.00        6.953-310        2.122-314        1.136-322        0.000E+00
2019 12 26  2068.00        6.953-310        2.122-314        1.136-322        0.000E+00
2019 12 26  2069.00        6.953-310        2.122-314        1.136-322        0.000E+00
2019 12 26  2070.00        6.953-310        2.122-314        1.136-322        0.000E+00
2019 12 26  2071.00        6.953-310        2.122-314        1.136-322        0.000E+00
2019 12 26  2072.00        6.953-310        2.122-314        1.136-322        0.000E+00
2019 12 26  2073.00        6.953-310        2.122-314        1.136-322        0.000E+00
2019 12 26  2074.00        6.953-310        2.122-314        1.136-322        0.000E+00
2019 12 26  2075.00        6.953-310        2.122-314        1.136-322        0.000E+00
2019 12 26  2076.00        6.953-310        2.122-314        1.136-322        0.000E+00
2019 12 26  2077.00        6.953-310        2.122-314        1.136-322        0.000E+00
2019 12 26  2078.00        6.953-310        2.122-314        1.136-322        0.000E+00
2019 12 26  2079.00        6.953-310        2.122-314        1.136-322        0.000E+00
2019 12 26  2080.00        6.953-310        2.122-314        1.136-322        0.000E+00
2019 12 26  2081.00        6.953-310        2.122-314        1.136-322        0.000E+00
2019 12 26  2082.00        6.953-310        2.122-314        1.136-322        0.000E+00
2019 12 26  2083.00        6.953-310        2.122-314        1.136-322        0.000E+00
2019 12 26  2084.00        6.953-310        2.122-314        1.136-322        0.000E+00
2019 12 26  2085.00        6.953-310        2.122-314        1.136-322        0.000E+00
2019 12 26  2086.00        6.953-310        2.122-314        1.136-322        0.000E+00
2019 12 26  2087.00        6.953-310        2.122-314        1.136-322        0.000E+00
2019 12 26  2088.00        6.953-310        2.122-314        1.136-322        0.000E+00
2019 12 27  2089.00        6.953-310        2.122-314        1.136-322        0.000E+00
2019 12 27  2090.00        6.953-310        2.122-314        1.136-322        0.000E+00
2019 12 27  2091.00        6.953-310        2.122-314        1.136-322        0.000E+00
2019 12 27  2092.00        6.953-310        2.122-314        1.136-322        0.000E+00
2019 12 27  2093.00        6.953-310        2.122-314        1.136-322        0.000E+00
2019 12 27  2094.00        6.953-310        2.122-314        1.136-322        0.000E+00
2019 12 27  2095.00        6.953-310        2.122-314        1.136-322        0.000E+00
2019 12 27  2096.00        6.953-310        2.122-314        1.136-322        0.000E+00
2019 12 27  2097.00        6.953-310        2.122-314        1.136-322        0.000E+00
2019 12 27  2098.00        6.953-310        2.122-314        1.136-322        0.000E+00
2019 12 27  2099.00        6.953-310        2.122-314        1.136-322        0.000E+00
2019 12 27  2100.00        6.953-310        2.122-314        1.136-322        0.000E+00
2019 12 27  2101.00        6.953-310        2.122-314        1.136-322        0.000E+00
2019 12 27  2102.00        6.953-310        2.122-314        1.136-322        0.000E+00
2019 12 27  2103.00        6.953-310        2.122-314        1.136-322        0.000E+00
2019 12 27  2104.00        6.953-310        2.122-314        1.136-322        0.000E+00
2019 12 27  2105.00        6.953-310        2.122-314        1.136-322        0.000E+00
2019 12 27  2106.00        6.953-310        2.122-314        1.136-322        0.000E+00
2019 12 27  2107.00        6.953-310        2.122-314        1.136-322        0.000E+00
2019 12 27  2108.00        6.953-310        2.122-314        1.136-322        0.000E+00
2019 12 27  2109.00        6.953-310        2.122-314        1.136-322        0.000E+00
2019 12 27  2110.00        6.953-310        2.122-314        1.136-322        0.000E+00
2019 12 27  2111.00        6.953-310        2.122-314        1.136-322        0.000E+00
2019 12 27  2112.00        6.953-310        2.122-314        1.136-322        0.000E+00
2019 12 28  2113.00        6.953-310        2.122-314        1.136-322        0.000E+00
2019 12 28  2114.00        6.953-310        2.122-314        1.136-322        0.000E+00
2019 12 28  2115.00        6.953-310        2.122-314        1.136-322        0.000E+00
2019 12 28  2116.00        6.953-310        2.122-314        1.136-322        0.000E+00
2019 12 28  2117.00        6.953-310        2.122-314        1.136-322        0.000E+00
2019 12 28  2118.00        6.953-310        2.122-314        1.136-322        0.000E+00
2019 12 28  2119.00        6.953-310        2.122-314        1.136-322        0.000E+00
2019 12 28  2120.00        6.953-310        2.122-314        1.136-322        0.000E+00
2019 12 28  2121.00        6.953-310        2.122-314        1.136-322        0.000E+00
2019 12 28  2122.00        6.953-310        2.122-314        1.136-322        0.000E+00
2019 12 28  2123.00        6.953-310        2.122-314        1.136-322        0.000E+00
2019 12 28  2124.00        6.953-310        2.122-314        1.136-322        0.000E+00
2019 12 28  2125.00        6.953-310        2.122-314        1.136-322        0.000E+00
2019 12 28  2126.00        6.953-310        2.122-314        1.136-322        0.000E+00
2019 12 28  2127.00        6.953-310        2.122-314        1.136-322        0.000E+00
2019 12 28  2128.00        6.953-310        2.122-314        1.136-322        0.000E+00
2019 12 28  2129.00        6.953-310        2.122-314        1.136-322        0.000E+00
2019 12 28  2130.00        6.953-310        2.122-314        1.136-322        0.000E+00
2019 12 28  2131.00        6.953-310        2.122-314        1.136-322        0.000E+00
2019 12 28  2132.00        6.953-310        2.122-314        1.136-322        0.000E+00
2019 12 28  2133.00        6.953-310        2.122-314        1.136-322        0.000E+00
2019 12 28  2134.00        6.953-310        2.122-314        1.136-322        0.000E+00
2019 12 28  2135.00        6.953-310        2.122-314        1.136-322        0.000E+00
2019 12 28  2136.00        6.953-310        2.122-314        1.136-322        0.000E+00
2019 12 29  2137.00        6.953-310        2.122-314        1.136-322        0.000E+00
2019 12 29  2138.00        6.953-310        2.122-314        1.136-322        0.000E+00
2019 12 29  2139.00        6.953-310        2.122-314        1.136-322        0.000E+00
2019 12 29  2140.00        6.953-310        2.122-314        1.136-322        0.000E+00
2019 12 29  2141.00        6.953-310        2.122-314        1.136-322        0.000E+00
2019 12 29  2142.00        6.953-310        2.122-314        1.136-322        0.000E+00
2019 12 29  2143.00        6.953-310        2.122-314        1.136-322        0.000E+00
2019 12 29  2144.00        6.953-310        2.122-314        1.136-322        0.000E+00
2019 12 29  2145.00        6.953-310        2.122-314        1.136-322        0.000E+00
2019 12 29  2146.00        6.953-310        2.122-314        1.136-322        0.000E+00
2019 12 29  2147.00        6.953-310        2.122-314        1.136-322        0.000E+00
2019 12 29  2148.00        6.953-310        2.122-314        1.136-322        0.000E+00
2019 12 29  2149.00        6.953-310        2.122-314        1.136-322        0.000E+00
2019 12 29  2150.00        6.953-310        2.122-314        1.136-322        0.000E+00
2019 12 29  2151.00        6.953-310        2.122-314        1.136-322        0.000E+00
2019 12 29  2152.00        6.953-310        2.122-314        1.136-322        0.000E+00
2019 12 29  2153.00        6.953-310        2.122-314        1.136-322        0.000E+00
2019 12 29  2154.00        6.953-310        2.122-314        1.136-322        0.000E+00
2019 12 29  2155.00        6.953-310        2.122-314        1.136-322        0.000E+00
2019 12 29  2156.00        6.953-310        2.122-314        1.136-322        0.000E+00
2019 12 29  2157.00        6.953-310        2.122-314        1.136-322        0.000E+00
2019 12 29  2158.00        6.953-310        2.122-314        1.136-322        0.000E+00
2019 12 29  2159.00        6.953-310        2.122-314        1.136-322        0.000E+00
2019 12 29  2160.00        6.953-310        2.122-314        1.136-322        0.000E+00
2019 12 30  2161.00        6.953-310        2.122-314        1.136-322        0.000E+00
2019 12 30  2162.00        6.953-310        2.122-314        1.136-322        0.000E+00
2019 12 30  2163.00        6.953-310        2.122-314        1.136-322        0.000E+00
2019 12 30  2164.00        6.953-310        2.122-314        1.136-322        0.000E+00
2019 12 30  2165.00        6.953-310        2.122-314        1.136-322        0.000E+00
2019 12 30  2166.00        6.953-310        2.122-314        1.136-322        0.000E+00
2019 12 30  2167.00        6.953-310        2.122-314        1.136-322        0.000E+00
2019 12 30  2168.00        6.953-310        2.122-314        1.136-322        0.000E+00
2019 12 30  2169.00        6.953-310        2.122-314        1.136-322        0.000E+00
2019 12 30  2170.00        6.953-310        2.122-314        1.136-322        0.000E+00
2019 12 30  2171.00        6.953-310        2.122-314        1.136-322        0.000E+00
2019 12 30  2172.00        6.953-310        2.122-314        1.136-322        0.000E+00
2019 12 30  2173.00        6.953-310        2.122-314        1.136-322        0.000E+00
2019 12 30  2174.00        6.953-310        2.122-314        1.136-322        0.000E+00
2019 12 30  2175.00        6.953-310        2.122-314        1.136-322        0.000E+00
2019 12 30  2176.00        6.953-310        2.122-314        1.136-322        0.000E+00
2019 12 30  2177.00        6.953-310        2.122-314        1.136-322        0.000E+00
2019 12 30  2178.00        6.953-310        2.122-314        1.136-322        0.000E+00
2019 12 30  2179.00        6.953-310        2.122-314        1.136-322        0.000E+00
2019 12 30  2180.00        6.953-310        2.122-314        1.136-322        0.000E+00
2019 12 30  2181.00        6.953-310        2.122-314        1.136-322        0.000E+00
2019 12 30  2182.00        6.953-310        2.122-314        1.136-322        0.000E+00
2019 12 30  2183.00        6.953-310        2.122-314        1.136-322        0.000E+00
2019 12 30  2184.00        6.953-310        2.122-314        1.136-322        0.000E+00
2019 12 31  2185.00        6.953-310        2.122-314        1.136-322        0.000E+00
2019 12 31  2186.00        6.953-310        2.122-314        1.136-322        0.000E+00
2019 12 31  2187.00        6.953-310        2.122-314        1.136-322        0.000E+00
2019 12 31  2188.00        6.953-310        2.122-314        1.136-322        0.000E+00
2019 12 31  2189.00        6.953-310        2.122-314        1.136-322        0.000E+00
2019 12 31  2190.00        6.953-310        2.122-314        1.136-322        0.000E+00
2019 12 31  2191.00        6.953-310        2.122-314        1.136-322        0.000E+00
2019 12 31  2192.00        6.953-310        2.122-314        1.136-322        0.000E+00
2019 12 31  2193.00        6.953-310        2.122-314        1.136-322        0.000E+00
2019 12 31  2194.00        6.953-310        2.122-314        1.136-322        0.000E+00
2019 12 31  2195.00        6.953-310        2.122-314        1.136-322        0.000E+00
2019 12 31  2196.00        6.953-310        2.122-314        1.136-322        0.000E+00
2019 12 31  2197.00        6.953-310        2.122-314        1.136-322        0.000E+00
2019 12 31  2198.00        6.953-310        2.122-314        1.136-322        0.000E+00
2019 12 31  2199.00        6.953-310        2.122-314        1.136-322        0.000E+00
2019 12 31  2200.00        6.953-310        2.122-314        1.136-322        0.000E+00
2019 12 31  2201.00        6.953-310        2.122-314        1.136-322        0.000E+00
2019 12 31  2202.00        6.953-310        2.122-314        1.136-322        0.000E+00
2019 12 31  2203.00        6.953-310        2.122-314        1.136-322        0.000E+00
2019 12 31  2204.00        6.953-310        2.122-314        1.136-322        0.000E+00
2019 12 31  2205.00        6.953-310        2.122-314        1.136-322        0.000E+00
2019 12 31  2206.00        6.953-310        2.122-314        1.136-322        0.000E+00
2019 12 31  2207.00        6.953-310        2.122-314        1.136-322        0.000E+00
2019 12 31  2208.00        6.953-310        2.122-314        1.136-322        0.000E+00
2020  1  1  2209.00        6.953-310        2.122-314        1.136-322        0.000E+00
2020  1  1  2210.00        6.953-310        2.122-314        1.136-322        0.000E+00
2020  1  1  2211.00        6.953-310        2.122-314        1.136-322        0.000E+00
2020  1  1  2212.00        6.953-310        2.122-314        1.136-322        0.000E+00
2020  1  1  2213.00        6.953-310        2.122-314        1.136-322        0.000E+00
2020  1  1  2214.00        6.953-310        2.122-314        1.136-322        0.000E+00
2020  1  1  2215.00        6.953-310        2.122-314        1.136-322        0.000E+00
2020  1  1  2216.00        6.953-310        2.122-314        1.136-322        0.000E+00
2020  1  1  2217.00        6.953-310        2.122-314        1.136-322        0.000E+00
2020  1  1  2218.00        6.953-310        2.122-314        1.136-322        0.000E+00
2020  1  1  2219.00        6.953-310        2.122-314        1.136-322        0.000E+00
2020  1  1  2220.00        6.953-310        2.122-314        1.136-322        0.000E+00
2020  1  1  2221.00        6.953-310        2.122-314        1.136-322        0.000E+00
2020  1  1  2222.00        6.953-310        2.122-314        1.136-322        0.000E+00
2020  1  1  2223.00        6.953-310        2.122-314        1.136-322        0.000E+00
2020  1  1  2224.00        6.953-310        2.122-314        1.136-322        0.000E+00
2020  1  1  2225.00        6.953-310        2.122-314        1.136-322        0.000E+00
2020  1  1  2226.00        6.953-310        2.122-314        1.136-322        0.000E+00
2020  1  1  2227.00        6.953-310        2.122-314        1.136-322        0.000E+00
2020  1  1  2228.00        6.953-310        2.122-314        1.136-322        0.000E+00
2020  1  1  2229.00        6.953-310        2.122-314        1.136-322        0.000E+00
2020  1  1  2230.00        6.953-310        2.122-314        1.136-322        0.000E+00
2020  1  1  2231.00        6.953-310        2.122-314        1.136-322        0.000E+00
2020  1  1  2232.00        6.953-310        2.122-314        1.136-322        0.000E+00
2020  1  2  2233.00        6.953-310        2.122-314        1.136-322        0.000E+00
2020  1  2  2234.00        6.953-310        2.122-314        1.136-322        0.000E+00
2020  1  2  2235.00        6.953-310        2.122-314        1.136-322        0.000E+00
2020  1  2  2236.00        6.953-310        2.122-314        1.136-322        0.000E+00
2020  1  2  2237.00        6.953-310        2.122-314        1.136-322        0.000E+00
2020  1  2  2238.00        6.953-310        2.122-314        1.136-322        0.000E+00
2020  1  2  2239.00        6.953-310        2.122-314        1.136-322        0.000E+00
2020  1  2  2240.00        6.953-310        2.122-314        1.136-322        0.000E+00
2020  1  2  2241.00        6.953-310        2.122-314        1.136-322        0.000E+00
2020  1  2  2242.00        6.953-310        2.122-314        1.136-322        0.000E+00
2020  1  2  2243.00        6.953-310        2.122-314        1.136-322        0.000E+00
2020  1  2  2244.00        6.953-310        2.122-314        1.136-322        0.000E+00
2020  1  2  2245.00        6.953-310        2.122-314        1.136-322        0.000E+00
2020  1  2  2246.00        6.953-310        2.122-314        1.136-322        0.000E+00
2020  1  2  2247.00        6.953-310        2.122-314        1.136-322        0.000E+00
2020  1  2  2248.00        6.953-310        2.122-314        1.136-322        0.000E+00
2020  1  2  2249.00        6.953-310        2.122-314        1.136-322        0.000E+00
2020  1  2  2250.00        6.953-310        2.122-314        1.136-322        0.000E+00
2020  1  2  2251.00        6.953-310        2.122-314        1.136-322        0.000E+00
2020  1  2  2252.00        6.953-310        2.122-314        1.136-322        0.000E+00
2020  1  2  2253.00        6.953-310        2.122-314        1.136-322        0.000E+00
2020  1  2  2254.00        6.953-310        2.122-314        1.136-322        0.000E+00
2020  1  2  2255.00        6.953-310        2.122-314        1.136-322        0.000E+00
2020  1  2  2256.00        6.953-310        2.122-314        1.136-322        0.000E+00
2020  1  3  2257.00        6.953-310        2.122-314        1.136-322        0.000E+00
2020  1  3  2258.00        6.953-310        2.122-314        1.136-322        0.000E+00
2020  1  3  2259.00        6.953-310        2.122-314        1.136-322        0.000E+00
2020  1  3  2260.00        6.953-310        2.122-314        1.136-322        0.000E+00
2020  1  3  2261.00        6.953-310        2.122-314        1.136-322        0.000E+00
2020  1  3  2262.00        6.953-310        2.122-314        1.136-322        0.000E+00
2020  1  3  2263.00        6.953-310        2.122-314        1.136-322        0.000E+00
2020  1  3  2264.00        6.953-310        2.122-314        1.136-322        0.000E+00
2020  1  3  2265.00        6.953-310        2.122-314        1.136-322        0.000E+00
2020  1  3  2266.00        6.953-310        2.122-314        1.136-322        0.000E+00
2020  1  3  2267.00        6.953-310        2.122-314        1.136-322        0.000E+00
2020  1  3  2268.00        6.953-310        2.122-314        1.136-322        0.000E+00
2020  1  3  2269.00        6.953-310        2.122-314        1.136-322        0.000E+00
2020  1  3  2270.00        6.953-310        2.122-314        1.136-322        0.000E+00
2020  1  3  2271.00        6.953-310        2.122-314        1.136-322        0.000E+00
2020  1  3  2272.00        6.953-310        2.122-314        1.136-322        0.000E+00
2020  1  3  2273.00        6.953-310        2.122-314        1.136-322        0.000E+00
2020  1  3  2274.00        6.953-310        2.122-314        1.136-322        0.000E+00
2020  1  3  2275.00        6.953-310        2.122-314        1.136-322        0.000E+00
2020  1  3  2276.00        6.953-310        2.122-314        1.136-322        0.000E+00
2020  1  3  2277.00        6.953-310        2.122-314        1.136-322        0.000E+00
2020  1  3  2278.00        6.953-310        2.122-314        1.136-322        0.000E+00
2020  1  3  2279.00        6.953-310        2.122-314        1.136-322        0.000E+00
2020  1  3  2280.00        6.953-310        2.122-314        1.136-322        0.000E+00
2020  1  4  2281.00        6.953-310        2.122-314        1.136-322        0.000E+00
2020  1  4  2282.00        6.953-310        2.122-314        1.136-322        0.000E+00
2020  1  4  2283.00        6.953-310        2.122-314        1.136-322        0.000E+00
2020  1  4  2284.00        6.953-310        2.122-314        1.136-322        0.000E+00
2020  1  4  2285.00        6.953-310        2.122-314        1.136-322        0.000E+00
2020  1  4  2286.00        6.953-310        2.122-314        1.136-322        0.000E+00
2020  1  4  2287.00        6.953-310        2.122-314        1.136-322        0.000E+00
2020  1  4  2288.00        6.953-310        2.122-314        1.136-322        0.000E+00
2020  1  4  2289.00        6.953-310        2.122-314        1.136-322        0.000E+00
2020  1  4  2290.00        6.953-310        2.122-314        1.136-322        0.000E+00
2020  1  4  2291.00        6.953-310        2.122-314        1.136-322        0.000E+00
2020  1  4  2292.00        6.953-310        2.122-314        1.136-322        0.000E+00
2020  1  4  2293.00        6.953-310        2.122-314        1.136-322        0.000E+00
2020  1  4  2294.00        6.953-310        2.122-314        1.136-322        0.000E+00
2020  1  4  2295.00        6.953-310        2.122-314        1.136-322        0.000E+00
2020  1  4  2296.00        6.953-310        2.122-314        1.136-322        0.000E+00
2020  1  4  2297.00        6.953-310        2.122-314        1.136-322        0.000E+00
2020  1  4  2298.00        6.953-310        2.122-314        1.136-322        0.000E+00
2020  1  4  2299.00        6.953-310        2.122-314        1.136-322        0.000E+00
2020  1  4  2300.00        6.953-310        2.122-314        1.136-322        0.000E+00
2020  1  4  2301.00        6.953-310        2.122-314        1.136-322        0.000E+00
2020  1  4  2302.00        6.953-310        2.122-314        1.136-322        0.000E+00
2020  1  4  2303.00        6.953-310        2.122-314        1.136-322        0.000E+00
2020  1  4  2304.00        6.953-310        2.122-314        1.136-322        0.000E+00
2020  1  5  2305.00        6.953-310        2.122-314        1.136-322        0.000E+00
2020  1  5  2306.00        6.953-310        2.122-314        1.136-322        0.000E+00
2020  1  5  2307.00        6.953-310        2.122-314        1.136-322        0.000E+00
2020  1  5  2308.00        6.953-310        2.122-314        1.136-322        0.000E+00
2020  1  5  2309.00        6.953-310        2.122-314        1.136-322        0.000E+00
2020  1  5  2310.00        6.953-310        2.122-314        1.136-322        0.000E+00
2020  1  5  2311.00        6.953-310        2.122-314        1.136-322        0.000E+00
2020  1  5  2312.00        6.953-310        2.122-314        1.136-322        0.000E+00
2020  1  5  2313.00        6.953-310        2.122-314        1.136-322        0.000E+00
2020  1  5  2314.00        6.953-310        2.122-314        1.136-322        0.000E+00
2020  1  5  2315.00        6.953-310        2.122-314        1.136-322        0.000E+00
2020  1  5  2316.00        6.953-310        2.122-314        1.136-322        0.000E+00
2020  1  5  2317.00        6.953-310        2.122-314        1.136-322        0.000E+00
2020  1  5  2318.00        6.953-310        2.122-314        1.136-322        0.000E+00
2020  1  5  2319.00        6.953-310        2.122-314        1.136-322        0.000E+00
2020  1  5  2320.00        6.953-310        2.122-314        1.136-322        0.000E+00
2020  1  5  2321.00        6.953-310        2.122-314        1.136-322        0.000E+00
2020  1  5  2322.00        6.953-310        2.122-314        1.136-322        0.000E+00
2020  1  5  2323.00        6.953-310        2.122-314        1.136-322        0.000E+00
2020  1  5  2324.00        6.953-310        2.122-314        1.136-322        0.000E+00
2020  1  5  2325.00        6.953-310        2.122-314        1.136-322        0.000E+00
2020  1  5  2326.00        6.953-310        2.122-314        1.136-322        0.000E+00
2020  1  5  2327.00        6.953-310        2.122-314        1.136-322        0.000E+00
2020  1  5  2328.00        6.953-310        2.122-314        1.136-322        0.000E+00
2020  1  6  2329.00        6.953-310        2.122-314        1.136-322        0.000E+00
2020  1  6  2330.00        6.953-310        2.122-314        1.136-322        0.000E+00
2020  1  6  2331.00        6.953-310        2.122-314        1.136-322        0.000E+00
2020  1  6  2332.00        6.953-310        2.122-314        1.136-322        0.000E+00
2020  1  6  2333.00        6.953-310        2.122-314        1.136-322        0.000E+00
2020  1  6  2334.00        6.953-310        2.122-314        1.136-322        0.000E+00
2020  1  6  2335.00        6.953-310        2.122-314        1.136-322        0.000E+00
2020  1  6  2336.00        6.953-310        2.122-314        1.136-322        0.000E+00
2020  1  6  2337.00        6.953-310        2.122-314        1.136-322        0.000E+00
2020  1  6  2338.00        6.953-310        2.122-314        1.136-322        0.000E+00
2020  1  6  2339.00        6.953-310        2.122-314        1.136-322        0.000E+00
2020  1  6  2340.00        6.953-310        2.122-314        1.136-322        0.000E+00
2020  1  6  2341.00        6.953-310        2.122-314        1.136-322        0.000E+00
2020  1  6  2342.00        6.953-310        2.122-314        1.136-322        0.000E+00
2020  1  6  2343.00        6.953-310        2.122-314        1.136-322        0.000E+00
2020  1  6  2344.00        6.953-310        2.122-314        1.136-322        0.000E+00
2020  1  6  2345.00        6.953-310        2.122-314        1.136-322        0.000E+00
2020  1  6  2346.00        6.953-310        2.122-314        1.136-322        0.000E+00
2020  1  6  2347.00        6.953-310        2.122-314        1.136-322        0.000E+00
2020  1  6  2348.00        6.953-310        2.122-314        1.136-322        0.000E+00
2020  1  6  2349.00        6.953-310        2.122-314        1.136-322        0.000E+00
2020  1  6  2350.00        6.953-310        2.122-314        1.136-322        0.000E+00
2020  1  6  2351.00        6.953-310        2.122-314        1.136-322        0.000E+00
2020  1  6  2352.00        6.953-310        2.122-314        1.136-322        0.000E+00
2020  1  7  2353.00        6.953-310        2.122-314        1.136-322        0.000E+00
2020  1  7  2354.00        6.953-310        2.122-314        1.136-322        0.000E+00
2020  1  7  2355.00        6.953-310        2.122-314        1.136-322        0.000E+00
2020  1  7  2356.00        6.953-310        2.122-314        1.136-322        0.000E+00
2020  1  7  2357.00        6.953-310        2.122-314        1.136-322        0.000E+00
2020  1  7  2358.00        6.953-310        2.122-314        1.136-322        0.000E+00
2020  1  7  2359.00        6.953-310        2.122-314        1.136-322        0.000E+00
2020  1  7  2360.00        6.953-310        2.122-314        1.136-322        0.000E+00
2020  1  7  2361.00        6.953-310        2.122-314        1.136-322        0.000E+00
2020  1  7  2362.00        6.953-310        2.122-314        1.136-322        0.000E+00
2020  1  7  2363.00        6.953-310        2.122-314        1.136-322        0.000E+00
2020  1  7  2364.00        6.953-310        2.122-314        1.136-322        0.000E+00
2020  1  7  2365.00        6.953-310        2.122-314        1.136-322        0.000E+00
2020  1  7  2366.00        6.953-310        2.122-314        1.136-322        0.000E+00
2020  1  7  2367.00        6.953-310        2.122-314        1.136-322        0.000E+00
2020  1  7  2368.00        6.953-310        2.122-314        1.136-322        0.000E+00
2020  1  7  2369.00        6.953-310        2.122-314        1.136-322        0.000E+00
2020  1  7  2370.00        6.953-310        2.122-314        1.136-322        0.000E+00
2020  1  7  2371.00        6.953-310        2.122-314        1.136-322        0.000E+00
2020  1  7  2372.00        6.953-310        2.122-314        1.136-322        0.000E+00
2020  1  7  2373.00        6.953-310        2.122-314        1.136-322        0.000E+00
2020  1  7  2374.00        6.953-310        2.122-314        1.136-322        0.000E+00
2020  1  7  2375.00        6.953-310        2.122-314        1.136-322        0.000E+00
2020  1  7  2376.00        6.953-310        2.122-314        1.136-322        0.000E+00
2020  1  8  2377.00        6.953-310        2.122-314        1.136-322        0.000E+00
2020  1  8  2378.00        6.953-310        2.122-314        1.136-322        0.000E+00
2020  1  8  2379.00        6.953-310        2.122-314        1.136-322        0.000E+00
2020  1  8  2380.00        6.953-310        2.122-314        1.136-322        0.000E+00
2020  1  8  2381.00        6.953-310        2.122-314        1.136-322        0.000E+00
2020  1  8  2382.00        6.953-310        2.122-314        1.136-322        0.000E+00
2020  1  8  2383.00        6.953-310        2.122-314        1.136-322        0.000E+00
2020  1  8  2384.00        6.953-310        2.122-314        1.136-322        0.000E+00
2020  1  8  2385.00        6.953-310        2.122-314        1.136-322        0.000E+00
2020  1  8  2386.00        6.953-310        2.122-314        1.136-322        0.000E+00
2020  1  8  2387.00        6.953-310        2.122-314        1.136-322        0.000E+00
2020  1  8  2388.00        6.953-310        2.122-314        1.136-322        0.000E+00
2020  1  8  2389.00        6.953-310        2.122-314        1.136-322        0.000E+00
2020  1  8  2390.00        6.953-310        2.122-314        1.136-322        0.000E+00
2020  1  8  2391.00        6.953-310        2.122-314        1.136-322        0.000E+00
2020  1  8  2392.00        6.953-310        2.122-314        1.136-322        0.000E+00
2020  1  8  2393.00        6.953-310        2.122-314        1.136-322        0.000E+00
2020  1  8  2394.00        6.953-310        2.122-314        1.136-322        0.000E+00
2020  1  8  2395.00        6.953-310        2.122-314        1.136-322        0.000E+00
2020  1  8  2396.00        6.953-310        2.122-314        1.136-322        0.000E+00
2020  1  8  2397.00        6.953-310        2.122-314        1.136-322        0.000E+00
2020  1  8  2398.00        6.953-310        2.122-314        1.136-322        0.000E+00
2020  1  8  2399.00        6.953-310        2.122-314        1.136-322        0.000E+00
2020  1  8  2400.00        6.953-310        2.122-314        1.136-322        0.000E+00
2020  1  9  2401.00        7.545E-09        0.000E+00        0.000E+00        0.000E+00
2020  1  9  2402.00        7.305E-09        0.000E+00        0.000E+00        0.000E+00
2020  1  9  2403.00        7.201E-09        0.000E+00        0.000E+00        0.000E+00
2020  1  9  2404.00        7.266E-09        0.000E+00        0.000E+00        0.000E+00
2020  1  9  2405.00        7.138E-09        0.000E+00        0.000E+00        0.000E+00
2020  1  9  2406.00        7.722E-09        0.000E+00        0.000E+00        0.000E+00
2020  1  9  2407.00        8.159E-09        0.000E+00        0.000E+00        0.000E+00
2020  1  9  2408.00        8.425E-09        0.000E+00        0.000E+00        0.000E+00
2020  1  9  2409.00        8.725E-09        0.000E+00        0.000E+00        0.000E+00
2020  1  9  2410.00        4.711E-08        1.629E-08        3.015E-24        1.103E-07
2020  1  9  2411.00        1.438E-08        2.136E-09        3.942E-25        1.441E-08
2020  1  9  2412.00        2.145E-08        5.110E-09        9.443E-25        3.453E-08
2020  1  9  2413.00        1.263E-08        1.384E-09        2.546E-25        9.297E-09
2020  1  9  2414.00        5.514E-08        1.953E-08        3.613E-24        1.321E-07
2020  1  9  2415.00        1.965E-08        4.210E-09        7.760E-25        2.835E-08
2020  1  9  2416.00        1.511E-08        2.202E-09        4.043E-25        1.475E-08
2020  1  9  2417.00        9.817E-09        5.297E-11        6.534E-27        2.043E-10
2020  1  9  2418.00        9.482E-09        5.097E-11        6.288E-27        1.966E-10
2020  1  9  2419.00        9.082E-09        4.865E-11        6.001E-27        1.877E-10
2020  1  9  2420.00        9.094E-09        4.854E-11        5.988E-27        1.872E-10
2020  1  9  2421.00        9.058E-09        4.818E-11        5.944E-27        1.859E-10
2020  1  9  2422.00        8.844E-09        4.688E-11        5.782E-27        1.808E-10
2020  1  9  2423.00        8.676E-09        4.583E-11        5.653E-27        1.768E-10
2020  1  9  2424.00        8.639E-09        4.548E-11        5.611E-27        1.754E-10
2020  1 10  2425.00        8.099E-09        4.250E-11        5.242E-27        1.639E-10
2020  1 10  2426.00        8.065E-09        4.218E-11        5.203E-27        1.627E-10
2020  1 10  2427.00        8.025E-09        4.184E-11        5.161E-27        1.614E-10
2020  1 10  2428.00        7.626E-09        3.963E-11        4.889E-27        1.529E-10
2020  1 10  2429.00        7.310E-09        3.788E-11        4.672E-27        1.461E-10
2020  1 10  2430.00        7.179E-09        3.709E-11        4.575E-27        1.431E-10
2020  1 10  2431.00        6.760E-09        3.483E-11        4.296E-27        1.344E-10
2020  1 10  2432.00        6.769E-09        3.478E-11        4.291E-27        1.342E-10
2020  1 10  2433.00        6.708E-09        3.437E-11        4.240E-27        1.326E-10
2020  1 10  2434.00        3.931E-08        1.405E-08        2.598E-24        9.500E-08
2020  1 10  2435.00        3.779E-08        1.336E-08        2.470E-24        9.031E-08
2020  1 10  2436.00        1.963E-08        5.513E-09        1.017E-24        3.715E-08
2020  1 10  2437.00        2.607E-08        8.281E-09        1.529E-24        5.587E-08
2020  1 10  2438.00        2.947E-08        9.764E-09        1.803E-24        6.589E-08
2020  1 10  2439.00        1.062E-08        1.793E-09        3.276E-25        1.194E-08
2020  1 10  2440.00        3.140E-08        1.072E-08        1.979E-24        7.235E-08
2020  1 10  2441.00        2.279E-08        7.104E-09        1.310E-24        4.787E-08
2020  1 10  2442.00        6.285E-09        7.646E-11        9.432E-27        2.950E-10
2020  1 10  2443.00        6.221E-09        7.561E-11        9.328E-27        2.917E-10
2020  1 10  2444.00        6.148E-09        7.465E-11        9.208E-27        2.880E-10
2020  1 10  2445.00        5.712E-09        6.929E-11        8.547E-27        2.673E-10
2020  1 10  2446.00        5.517E-09        6.686E-11        8.248E-27        2.579E-10
2020  1 10  2447.00        5.192E-09        6.287E-11        7.755E-27        2.425E-10
2020  1 10  2448.00        4.773E-09        5.774E-11        7.122E-27        2.227E-10
2020  1 11  2449.00        4.573E-09        5.528E-11        6.819E-27        2.132E-10
2020  1 11  2450.00        4.989E-09        6.026E-11        7.433E-27        2.324E-10
2020  1 11  2451.00        5.278E-09        6.370E-11        7.858E-27        2.457E-10
2020  1 11  2452.00        5.267E-09        6.351E-11        7.835E-27        2.450E-10
2020  1 11  2453.00        5.227E-09        6.297E-11        7.768E-27        2.429E-10
2020  1 11  2454.00        5.441E-09        6.550E-11        8.079E-27        2.527E-10
2020  1 11  2455.00        5.517E-09        6.635E-11        8.184E-27        2.559E-10
2020  1 11  2456.00        5.422E-09        6.514E-11        8.036E-27        2.513E-10
2020  1 11  2457.00        5.438E-09        6.529E-11        8.054E-27        2.518E-10
2020  1 11  2458.00        3.152E-08        1.122E-08        2.073E-24        7.576E-08
2020  1 11  2459.00        3.494E-08        1.258E-08        2.324E-24        8.494E-08
2020  1 11  2460.00        3.717E-08        1.346E-08        2.485E-24        9.083E-08
2020  1 11  2461.00        3.855E-08        1.398E-08        2.581E-24        9.433E-08
2020  1 11  2462.00        4.056E-08        1.476E-08        2.725E-24        9.960E-08
2020  1 11  2463.00        4.332E-08        1.583E-08        2.921E-24        1.068E-07
2020  1 11  2464.00        4.053E-08        1.469E-08        2.711E-24        9.907E-08
2020  1 11  2465.00        2.981E-08        1.023E-08        1.884E-24        6.882E-08
2020  1 11  2466.00        5.911E-09        1.289E-10        1.590E-26        4.972E-10
2020  1 11  2467.00        5.695E-09        1.241E-10        1.531E-26        4.789E-10
2020  1 11  2468.00        5.656E-09        1.232E-10        1.520E-26        4.753E-10
2020  1 11  2469.00        5.608E-09        1.221E-10        1.506E-26        4.711E-10
2020  1 11  2470.00        5.655E-09        1.231E-10        1.518E-26        4.748E-10
2020  1 11  2471.00        5.445E-09        1.185E-10        1.461E-26        4.569E-10
2020  1 11  2472.00        5.221E-09        1.135E-10        1.400E-26        4.379E-10
2020  1 12  2473.00        5.349E-09        1.163E-10        1.434E-26        4.485E-10
2020  1 12  2474.00        5.514E-09        1.198E-10        1.478E-26        4.621E-10
2020  1 12  2475.00        5.467E-09        1.187E-10        1.464E-26        4.579E-10
2020  1 12  2476.00        5.562E-09        1.207E-10        1.489E-26        4.656E-10
2020  1 12  2477.00        5.443E-09        1.181E-10        1.457E-26        4.555E-10
2020  1 12  2478.00        5.420E-09        1.175E-10        1.450E-26        4.534E-10
2020  1 12  2479.00        5.588E-09        1.211E-10        1.494E-26        4.672E-10
2020  1 12  2480.00        5.857E-09        1.269E-10        1.565E-26        4.895E-10
2020  1 12  2481.00        6.004E-09        1.345E-10        1.689E-26        5.330E-10
2020  1 12  2482.00        1.338E-08        3.191E-09        5.820E-25        2.120E-08
2020  1 12  2483.00        4.224E-08        1.543E-08        2.847E-24        1.040E-07
2020  1 12  2484.00        2.755E-08        8.911E-09        1.639E-24        5.982E-08
2020  1 12  2485.00        4.709E-08        1.717E-08        3.166E-24        1.157E-07
2020  1 12  2486.00        3.969E-08        1.402E-08        2.583E-24        9.433E-08
2020  1 12  2487.00        3.595E-08        1.252E-08        2.304E-24        8.416E-08
2020  1 12  2488.00        1.282E-08        2.560E-09        4.612E-25        1.674E-08
2020  1 12  2489.00        1.371E-08        2.901E-09        5.240E-25        1.903E-08
2020  1 12  2490.00        7.314E-09        2.053E-10        2.533E-26        7.921E-10
2020  1 12  2491.00        7.369E-09        2.068E-10        2.551E-26        7.977E-10
2020  1 12  2492.00        7.560E-09        2.120E-10        2.616E-26        8.180E-10
2020  1 12  2493.00        7.694E-09        2.157E-10        2.661E-26        8.321E-10
2020  1 12  2494.00        7.538E-09        2.112E-10        2.606E-26        8.148E-10
2020  1 12  2495.00        7.452E-09        2.087E-10        2.575E-26        8.051E-10
2020  1 12  2496.00        7.413E-09        2.075E-10        2.560E-26        8.005E-10
2020  1 13  2497.00        7.371E-09        2.062E-10        2.544E-26        7.956E-10
2020  1 13  2498.00        7.226E-09        2.021E-10        2.493E-26        7.796E-10
2020  1 13  2499.00        7.201E-09        2.013E-10        2.483E-26        7.765E-10
2020  1 13  2500.00        6.912E-09        1.931E-10        2.382E-26        7.450E-10
2020  1 13  2501.00        6.678E-09        1.865E-10        2.301E-26        7.195E-10
2020  1 13  2502.00        6.244E-09        1.743E-10        2.150E-26        6.724E-10
2020  1 13  2503.00        6.010E-09        1.677E-10        2.069E-26        6.469E-10
2020  1 13  2504.00        5.829E-09        1.626E-10        2.006E-26        6.272E-10
2020  1 13  2505.00        5.675E-09        1.981E-10        2.707E-26        8.882E-10
2020  1 13  2506.00        3.125E-08        1.104E-08        2.032E-24        7.421E-08
2020  1 13  2507.00        4.196E-08        1.526E-08        2.812E-24        1.027E-07
2020  1 13  2508.00        4.992E-08        1.842E-08        3.395E-24        1.240E-07
2020  1 13  2509.00        5.446E-08        2.023E-08        3.728E-24        1.362E-07
2020  1 13  2510.00        5.849E-08        2.177E-08        4.011E-24        1.465E-07
2020  1 13  2511.00        5.770E-08        2.145E-08        3.952E-24        1.444E-07
2020  1 13  2512.00        2.256E-08        6.386E-09        1.163E-24        4.233E-08
2020  1 13  2513.00        4.797E-08        1.749E-08        3.218E-24        1.175E-07
2020  1 13  2514.00        7.642E-09        2.908E-10        3.587E-26        1.122E-09
2020  1 13  2515.00        7.679E-09        2.921E-10        3.603E-26        1.127E-09
2020  1 13  2516.00        8.167E-09        3.105E-10        3.831E-26        1.198E-09
2020  1 13  2517.00        8.454E-09        3.214E-10        3.964E-26        1.240E-09
2020  1 13  2518.00        8.527E-09        3.240E-10        3.997E-26        1.250E-09
2020  1 13  2519.00        8.598E-09        3.266E-10        4.028E-26        1.260E-09
2020  1 13  2520.00        8.891E-09        3.376E-10        4.164E-26        1.302E-09
2020  1 14  2521.00        9.046E-09        3.433E-10        4.235E-26        1.324E-09
2020  1 14  2522.00        9.171E-09        3.479E-10        4.292E-26        1.342E-09
2020  1 14  2523.00        9.082E-09        3.444E-10        4.248E-26        1.329E-09
2020  1 14  2524.00        9.160E-09        3.472E-10        4.283E-26        1.339E-09
2020  1 14  2525.00        9.342E-09        3.540E-10        4.367E-26        1.365E-09
2020  1 14  2526.00        9.465E-09        3.585E-10        4.422E-26        1.383E-09
2020  1 14  2527.00        9.263E-09        3.507E-10        4.326E-26        1.353E-09
2020  1 14  2528.00        9.157E-09        3.465E-10        4.275E-26        1.337E-09
2020  1 14  2529.00        9.134E-09        3.455E-10        4.262E-26        1.333E-09
2020  1 14  2530.00        5.121E-08        1.829E-08        3.363E-24        1.228E-07
2020  1 14  2531.00        5.768E-08        2.094E-08        3.851E-24        1.406E-07
2020  1 14  2532.00        5.488E-08        1.972E-08        3.625E-24        1.323E-07
2020  1 14  2533.00        5.923E-08        2.161E-08        3.973E-24        1.450E-07
2020  1 14  2534.00        6.626E-08        2.459E-08        4.523E-24        1.651E-07
2020  1 14  2535.00        7.370E-08        2.757E-08        5.073E-24        1.852E-07
2020  1 14  2536.00        6.466E-08        2.374E-08        4.363E-24        1.593E-07
2020  1 14  2537.00        6.125E-08        2.238E-08        4.111E-24        1.500E-07
2020  1 14  2538.00        1.023E-08        5.108E-10        6.301E-26        1.970E-09
2020  1 14  2539.00        1.052E-08        5.248E-10        6.473E-26        2.024E-09
2020  1 14  2540.00        1.060E-08        5.289E-10        6.525E-26        2.040E-09
2020  1 14  2541.00        1.074E-08        5.357E-10        6.608E-26        2.067E-09
2020  1 14  2542.00        1.108E-08        5.524E-10        6.815E-26        2.131E-09
2020  1 14  2543.00        1.133E-08        5.648E-10        6.967E-26        2.179E-09
2020  1 14  2544.00        1.145E-08        5.706E-10        7.039E-26        2.201E-09
2020  1 15  2545.00        1.138E-08        5.666E-10        6.990E-26        2.186E-09
2020  1 15  2546.00        1.126E-08        5.607E-10        6.917E-26        2.163E-09
2020  1 15  2547.00        1.138E-08        5.663E-10        6.986E-26        2.185E-09
2020  1 15  2548.00        1.110E-08        5.521E-10        6.810E-26        2.130E-09
2020  1 15  2549.00        1.068E-08        5.314E-10        6.555E-26        2.050E-09
2020  1 15  2550.00        1.078E-08        5.358E-10        6.609E-26        2.067E-09
2020  1 15  2551.00        1.019E-08        5.063E-10        6.246E-26        1.953E-09
2020  1 15  2552.00        9.481E-09        4.711E-10        5.811E-26        1.817E-09
2020  1 15  2553.00        9.457E-09        4.697E-10        5.795E-26        1.812E-09
2020  1 15  2554.00        2.084E-08        5.229E-09        9.376E-25        3.397E-08
2020  1 15  2555.00        7.851E-08        2.963E-08        5.449E-24        1.990E-07
2020  1 15  2556.00        8.149E-08        3.087E-08        5.677E-24        2.073E-07
2020  1 15  2557.00        6.286E-08        2.238E-08        4.101E-24        1.496E-07
2020  1 15  2558.00        5.629E-08        1.941E-08        3.550E-24        1.294E-07
2020  1 15  2559.00        9.673E-08        3.660E-08        6.727E-24        2.455E-07
2020  1 15  2560.00        2.481E-08        5.796E-09        1.026E-24        3.701E-08
2020  1 15  2561.00        6.171E-08        2.173E-08        3.974E-24        1.449E-07
2020  1 15  2562.00        1.277E-08        7.627E-10        9.409E-26        2.942E-09
2020  1 15  2563.00        1.153E-08        6.888E-10        8.497E-26        2.657E-09
2020  1 15  2564.00        1.128E-08        6.732E-10        8.305E-26        2.597E-09
2020  1 15  2565.00        1.127E-08        6.727E-10        8.299E-26        2.595E-09
2020  1 15  2566.00        1.092E-08        6.514E-10        8.035E-26        2.513E-09
2020  1 15  2567.00        1.050E-08        6.266E-10        7.729E-26        2.417E-09
2020  1 15  2568.00        9.511E-09        5.672E-10        6.997E-26        2.188E-09
2020  1 16  2569.00        8.757E-09        5.222E-10        6.441E-26        2.014E-09
2020  1 16  2570.00        8.376E-09        4.994E-10        6.160E-26        1.926E-09
2020  1 16  2571.00        8.001E-09        4.769E-10        5.883E-26        1.840E-09
2020  1 16  2572.00        7.709E-09        4.594E-10        5.667E-26        1.772E-09
2020  1 16  2573.00        7.074E-09        4.215E-10        5.199E-26        1.626E-09
2020  1 16  2574.00        6.541E-09        3.896E-10        4.806E-26        1.503E-09
2020  1 16  2575.00        6.428E-09        3.829E-10        4.723E-26        1.477E-09
2020  1 16  2576.00        6.085E-09        3.624E-10        4.470E-26        1.398E-09
2020  1 16  2577.00        6.063E-09        4.044E-10        5.299E-26        1.706E-09
2020  1 16  2578.00        4.367E-08        1.623E-08        2.978E-24        1.086E-07
2020  1 16  2579.00        6.238E-08        2.372E-08        4.358E-24        1.591E-07
2020  1 16  2580.00        8.391E-08        3.215E-08        5.910E-24        2.157E-07
2020  1 16  2581.00        6.471E-08        2.357E-08        4.317E-24        1.574E-07
2020  1 16  2582.00        6.579E-08        2.385E-08        4.365E-24        1.591E-07
2020  1 16  2583.00        9.622E-08        3.675E-08        6.750E-24        2.464E-07
2020  1 16  2584.00        9.328E-08        3.551E-08        6.520E-24        2.379E-07
2020  1 16  2585.00        4.837E-08        1.663E-08        3.029E-24        1.103E-07
2020  1 16  2586.00        1.020E-08        7.171E-10        8.846E-26        2.766E-09
2020  1 16  2587.00        9.422E-09        6.622E-10        8.169E-26        2.555E-09
2020  1 16  2588.00        9.609E-09        6.753E-10        8.330E-26        2.605E-09
2020  1 16  2589.00        9.858E-09        6.926E-10        8.544E-26        2.672E-09
2020  1 16  2590.00        9.974E-09        7.007E-10        8.643E-26        2.703E-09
2020  1 16  2591.00        9.781E-09        6.870E-10        8.475E-26        2.650E-09
2020  1 16  2592.00        9.523E-09        6.687E-10        8.250E-26        2.580E-09
2020  1 17  2593.00        8.792E-09        6.174E-10        7.616E-26        2.381E-09
2020  1 17  2594.00        8.442E-09        5.927E-10        7.311E-26        2.286E-09
2020  1 17  2595.00        8.908E-09        6.252E-10        7.713E-26        2.412E-09
2020  1 17  2596.00        9.327E-09        6.546E-10        8.075E-26        2.525E-09
2020  1 17  2597.00        9.814E-09        6.886E-10        8.495E-26        2.656E-09
2020  1 17  2598.00        9.287E-09        6.515E-10        8.037E-26        2.513E-09
2020  1 17  2599.00        9.206E-09        6.457E-10        7.966E-26        2.491E-09
2020  1 17  2600.00        9.663E-09        6.777E-10        8.360E-26        2.614E-09
2020  1 17  2601.00        2.919E-08        8.814E-09        1.586E-24        5.755E-08
2020  1 17  2602.00        6.859E-08        2.562E-08        4.695E-24        1.712E-07
2020  1 17  2603.00        9.180E-08        3.524E-08        6.470E-24        2.361E-07
2020  1 17  2604.00        8.259E-08        3.131E-08        5.742E-24        2.094E-07
2020  1 17  2605.00        7.611E-08        2.859E-08        5.238E-24        1.910E-07
2020  1 17  2606.00        1.955E-08        4.447E-09        7.706E-25        2.763E-08
2020  1 17  2607.00        7.352E-08        2.752E-08        5.039E-24        1.837E-07
2020  1 17  2608.00        1.288E-08        1.533E-09        2.295E-25        7.819E-09
2020  1 17  2609.00        4.249E-08        1.431E-08        2.595E-24        9.435E-08
2020  1 17  2610.00        1.089E-08        8.501E-10        1.049E-25        3.279E-09
2020  1 17  2611.00        1.050E-08        8.195E-10        1.011E-25        3.161E-09
2020  1 17  2612.00        1.048E-08        8.176E-10        1.009E-25        3.154E-09
2020  1 17  2613.00        9.994E-09        7.798E-10        9.619E-26        3.008E-09
2020  1 17  2614.00        9.412E-09        7.342E-10        9.057E-26        2.832E-09
2020  1 17  2615.00        8.962E-09        6.991E-10        8.624E-26        2.697E-09
2020  1 17  2616.00        8.808E-09        6.869E-10        8.474E-26        2.650E-09
2020  1 18  2617.00        8.478E-09        6.611E-10        8.155E-26        2.550E-09
2020  1 18  2618.00        8.317E-09        6.485E-10        7.999E-26        2.502E-09
2020  1 18  2619.00        8.061E-09        6.284E-10        7.752E-26        2.424E-09
2020  1 18  2620.00        7.892E-09        6.152E-10        7.589E-26        2.373E-09
2020  1 18  2621.00        7.812E-09        6.089E-10        7.511E-26        2.349E-09
2020  1 18  2622.00        7.935E-09        6.184E-10        7.628E-26        2.385E-09
2020  1 18  2623.00        8.000E-09        6.234E-10        7.690E-26        2.405E-09
2020  1 18  2624.00        7.975E-09        6.213E-10        7.665E-26        2.397E-09
2020  1 18  2625.00        8.002E-09        6.234E-10        7.690E-26        2.405E-09
2020  1 18  2626.00        1.515E-08        3.678E-09        6.421E-25        2.307E-08
2020  1 18  2627.00        1.192E-08        2.237E-09        3.746E-25        1.328E-08
2020  1 18  2628.00        6.187E-08        2.357E-08        4.320E-24        1.576E-07
2020  1 18  2629.00        6.536E-08        2.498E-08        4.579E-24        1.670E-07
2020  1 18  2630.00        6.629E-08        2.533E-08        4.644E-24        1.694E-07
2020  1 18  2631.00        2.746E-08        8.627E-09        1.551E-24        5.625E-08
2020  1 18  2632.00        6.116E-08        2.309E-08        4.228E-24        1.542E-07
2020  1 18  2633.00        1.293E-08        2.461E-09        4.101E-25        1.452E-08
2020  1 18  2634.00        8.572E-09        7.075E-10        8.728E-26        2.729E-09
2020  1 18  2635.00        8.486E-09        7.003E-10        8.639E-26        2.702E-09
2020  1 18  2636.00        8.433E-09        6.958E-10        8.584E-26        2.684E-09
2020  1 18  2637.00        7.889E-09        6.509E-10        8.030E-26        2.511E-09
2020  1 18  2638.00        7.338E-09        6.053E-10        7.467E-26        2.335E-09
2020  1 18  2639.00        6.965E-09        5.746E-10        7.088E-26        2.216E-09
2020  1 18  2640.00        6.803E-09        5.611E-10        6.922E-26        2.165E-09
2020  1 19  2641.00        7.138E-09        5.887E-10        7.262E-26        2.271E-09
2020  1 19  2642.00        7.113E-09        5.866E-10        7.236E-26        2.263E-09
2020  1 19  2643.00        6.897E-09        5.687E-10        7.015E-26        2.194E-09
2020  1 19  2644.00        6.870E-09        5.664E-10        6.987E-26        2.185E-09
2020  1 19  2645.00        6.843E-09        5.642E-10        6.960E-26        2.176E-09
2020  1 19  2646.00        6.807E-09        5.612E-10        6.923E-26        2.165E-09
2020  1 19  2647.00        6.888E-09        5.677E-10        7.004E-26        2.190E-09
2020  1 19  2648.00        6.830E-09        5.630E-10        6.945E-26        2.172E-09
2020  1 19  2649.00        7.287E-09        8.096E-10        1.158E-25        3.877E-09
2020  1 19  2650.00        1.434E-08        3.789E-09        6.664E-25        2.401E-08
2020  1 19  2651.00        4.101E-08        1.510E-08        2.758E-24        1.005E-07
2020  1 19  2652.00        4.969E-08        1.865E-08        3.412E-24        1.244E-07
2020  1 19  2653.00        3.393E-08        1.177E-08        2.136E-24        7.768E-08
2020  1 19  2654.00        6.202E-08        2.364E-08        4.329E-24        1.579E-07
2020  1 19  2655.00        6.539E-08        2.497E-08        4.573E-24        1.668E-07
2020  1 19  2656.00        1.556E-08        3.588E-09        6.161E-25        2.203E-08
2020  1 19  2657.00        3.367E-08        1.138E-08        2.059E-24        7.481E-08
2020  1 19  2658.00        8.651E-09        7.502E-10        9.254E-26        2.894E-09
2020  1 19  2659.00        8.602E-09        7.459E-10        9.201E-26        2.877E-09
2020  1 19  2660.00        7.806E-09        6.768E-10        8.349E-26        2.611E-09
2020  1 19  2661.00        7.454E-09        6.462E-10        7.971E-26        2.493E-09
2020  1 19  2662.00        6.814E-09        5.906E-10        7.286E-26        2.278E-09
2020  1 19  2663.00        6.947E-09        6.021E-10        7.428E-26        2.323E-09
2020  1 19  2664.00        6.973E-09        6.043E-10        7.455E-26        2.331E-09
2020  1 20  2665.00        6.463E-09        5.601E-10        6.909E-26        2.161E-09
2020  1 20  2666.00        6.460E-09        5.598E-10        6.906E-26        2.160E-09
2020  1 20  2667.00        6.564E-09        5.687E-10        7.016E-26        2.194E-09
2020  1 20  2668.00        6.451E-09        5.589E-10        6.894E-26        2.156E-09
2020  1 20  2669.00        6.361E-09        5.511E-10        6.799E-26        2.126E-09
2020  1 20  2670.00        6.450E-09        5.587E-10        6.893E-26        2.155E-09
2020  1 20  2671.00        6.638E-09        5.750E-10        7.093E-26        2.218E-09
2020  1 20  2672.00        6.765E-09        5.860E-10        7.228E-26        2.260E-09
2020  1 20  2673.00        2.847E-08        9.887E-09        1.793E-24        6.521E-08
2020  1 20  2674.00        3.104E-08        1.089E-08        1.978E-24        7.194E-08
2020  1 20  2675.00        1.631E-08        4.581E-09        8.096E-25        2.921E-08
2020  1 20  2676.00        2.506E-08        8.258E-09        1.489E-24        5.404E-08
2020  1 20  2677.00        4.637E-08        1.726E-08        3.152E-24        1.149E-07
2020  1 20  2678.00        5.064E-08        1.901E-08        3.474E-24        1.266E-07
2020  1 20  2679.00        5.540E-08        2.094E-08        3.829E-24        1.396E-07
2020  1 20  2680.00        5.751E-08        2.177E-08        3.982E-24        1.451E-07
2020  1 20  2681.00        5.168E-08        1.941E-08        3.546E-24        1.292E-07
2020  1 20  2682.00        7.590E-09        6.931E-10        8.550E-26        2.674E-09
2020  1 20  2683.00        7.253E-09        6.622E-10        8.169E-26        2.555E-09
2020  1 20  2684.00        6.814E-09        6.221E-10        7.674E-26        2.400E-09
2020  1 20  2685.00        6.598E-09        6.023E-10        7.430E-26        2.323E-09
2020  1 20  2686.00        6.636E-09        6.058E-10        7.473E-26        2.337E-09
2020  1 20  2687.00        6.588E-09        6.013E-10        7.418E-26        2.320E-09
2020  1 20  2688.00        6.822E-09        6.226E-10        7.681E-26        2.402E-09
2020  1 21  2689.00        6.210E-09        5.668E-10        6.991E-26        2.186E-09
2020  1 21  2690.00        5.940E-09        5.421E-10        6.687E-26        2.091E-09
2020  1 21  2691.00        5.754E-09        5.250E-10        6.477E-26        2.025E-09
2020  1 21  2692.00        5.615E-09        5.124E-10        6.321E-26        1.977E-09
2020  1 21  2693.00        5.490E-09        5.009E-10        6.179E-26        1.932E-09
2020  1 21  2694.00        5.458E-09        4.979E-10        6.142E-26        1.921E-09
2020  1 21  2695.00        5.399E-09        4.926E-10        6.076E-26        1.900E-09
2020  1 21  2696.00        5.336E-09        4.867E-10        6.004E-26        1.878E-09
2020  1 21  2697.00        1.053E-08        2.762E-09        4.819E-25        1.732E-08
2020  1 21  2698.00        1.248E-08        3.611E-09        6.392E-25        2.307E-08
2020  1 21  2699.00        1.305E-08        3.651E-09        6.430E-25        2.317E-08
2020  1 21  2700.00        1.436E-08        4.031E-09        7.102E-25        2.560E-08
2020  1 21  2701.00        2.516E-08        8.488E-09        1.532E-24        5.562E-08
2020  1 21  2702.00        3.695E-08        1.330E-08        2.419E-24        8.802E-08
2020  1 21  2703.00        4.509E-08        1.654E-08        3.013E-24        1.097E-07
2020  1 21  2704.00        5.685E-08        2.148E-08        3.925E-24        1.431E-07
2020  1 21  2705.00        4.105E-08        1.492E-08        2.714E-24        9.876E-08
2020  1 21  2706.00        7.105E-09        6.688E-10        8.251E-26        2.580E-09
2020  1 21  2707.00        6.445E-09        6.067E-10        7.484E-26        2.340E-09
2020  1 21  2708.00        6.208E-09        5.843E-10        7.208E-26        2.254E-09
2020  1 21  2709.00        6.000E-09        5.648E-10        6.967E-26        2.179E-09
2020  1 21  2710.00        5.812E-09        5.470E-10        6.747E-26        2.110E-09
2020  1 21  2711.00        5.862E-09        5.517E-10        6.805E-26        2.128E-09
2020  1 21  2712.00        5.613E-09        5.282E-10        6.516E-26        2.038E-09
2020  1 22  2713.00        5.424E-09        5.104E-10        6.296E-26        1.969E-09
2020  1 22  2714.00        5.317E-09        5.003E-10        6.172E-26        1.930E-09
2020  1 22  2715.00        5.088E-09        4.787E-10        5.906E-26        1.847E-09
2020  1 22  2716.00        4.949E-09        4.656E-10        5.744E-26        1.796E-09
2020  1 22  2717.00        4.837E-09        4.550E-10        5.613E-26        1.755E-09
2020  1 22  2718.00        4.798E-09        4.514E-10        5.568E-26        1.741E-09
2020  1 22  2719.00        4.711E-09        4.431E-10        5.466E-26        1.709E-09
2020  1 22  2720.00        4.740E-09        4.459E-10        5.500E-26        1.720E-09
2020  1 22  2721.00        5.189E-09        5.740E-10        7.760E-26        2.535E-09
2020  1 22  2722.00        1.255E-08        3.644E-09        6.441E-25        2.324E-08
2020  1 22  2723.00        1.291E-08        3.669E-09        6.466E-25        2.331E-08
2020  1 22  2724.00        1.338E-08        3.704E-09        6.500E-25        2.340E-08
2020  1 22  2725.00        1.547E-08        4.450E-09        7.853E-25        2.832E-08
2020  1 22  2726.00        2.033E-08        6.469E-09        1.158E-24        4.193E-08
2020  1 22  2727.00        2.611E-08        8.849E-09        1.596E-24        5.795E-08
2020  1 22  2728.00        2.996E-08        1.041E-08        1.884E-24        6.846E-08
2020  1 22  2729.00        2.883E-08        9.968E-09        1.802E-24        6.547E-08
2020  1 22  2730.00        7.179E-09        6.866E-10        8.470E-26        2.649E-09
2020  1 22  2731.00        7.284E-09        6.966E-10        8.593E-26        2.687E-09
2020  1 22  2732.00        7.301E-09        6.982E-10        8.612E-26        2.693E-09
2020  1 22  2733.00        7.220E-09        6.904E-10        8.516E-26        2.663E-09
2020  1 22  2734.00        7.395E-09        7.070E-10        8.721E-26        2.727E-09
2020  1 22  2735.00        7.420E-09        7.093E-10        8.750E-26        2.736E-09
2020  1 22  2736.00        7.363E-09        7.039E-10        8.683E-26        2.715E-09
2020  1 23  2737.00        6.913E-09        6.608E-10        8.151E-26        2.549E-09
2020  1 23  2738.00        6.963E-09        6.655E-10        8.209E-26        2.567E-09
2020  1 23  2739.00        6.760E-09        6.461E-10        7.970E-26        2.492E-09
2020  1 23  2740.00        6.833E-09        6.530E-10        8.055E-26        2.519E-09
2020  1 23  2741.00        7.295E-09        6.971E-10        8.600E-26        2.689E-09
2020  1 23  2742.00        7.813E-09        7.465E-10        9.209E-26        2.880E-09
2020  1 23  2743.00        7.927E-09        7.574E-10        9.343E-26        2.922E-09
2020  1 23  2744.00        7.885E-09        7.533E-10        9.293E-26        2.906E-09
2020  1 23  2745.00        7.822E-09        7.473E-10        9.218E-26        2.883E-09
2020  1 23  2746.00        3.472E-08        1.227E-08        2.225E-24        8.088E-08
2020  1 23  2747.00        3.605E-08        1.288E-08        2.337E-24        8.500E-08
2020  1 23  2748.00        3.714E-08        1.335E-08        2.424E-24        8.818E-08
2020  1 23  2749.00        3.688E-08        1.325E-08        2.405E-24        8.748E-08
2020  1 23  2750.00        3.641E-08        1.304E-08        2.367E-24        8.609E-08
2020  1 23  2751.00        1.709E-08        4.770E-09        8.361E-25        3.009E-08
2020  1 23  2752.00        3.550E-08        1.265E-08        2.294E-24        8.340E-08
2020  1 23  2753.00        2.366E-08        7.580E-09        1.356E-24        4.909E-08
2020  1 23  2754.00        7.625E-09        7.494E-10        9.244E-26        2.891E-09
2020  1 23  2755.00        7.522E-09        7.392E-10        9.119E-26        2.852E-09
2020  1 23  2756.00        7.470E-09        7.340E-10        9.055E-26        2.832E-09
2020  1 23  2757.00        7.421E-09        7.291E-10        8.994E-26        2.813E-09
2020  1 23  2758.00        7.336E-09        7.207E-10        8.891E-26        2.780E-09
2020  1 23  2759.00        7.285E-09        7.157E-10        8.828E-26        2.761E-09
2020  1 23  2760.00        6.906E-09        6.784E-10        8.369E-26        2.617E-09
2020  1 24  2761.00        6.601E-09        6.484E-10        7.999E-26        2.501E-09
2020  1 24  2762.00        6.414E-09        6.300E-10        7.771E-26        2.430E-09
2020  1 24  2763.00        6.651E-09        6.532E-10        8.058E-26        2.520E-09
2020  1 24  2764.00        6.845E-09        6.722E-10        8.293E-26        2.593E-09
2020  1 24  2765.00        6.930E-09        6.806E-10        8.396E-26        2.625E-09
2020  1 24  2766.00        6.853E-09        6.730E-10        8.302E-26        2.596E-09
2020  1 24  2767.00        6.749E-09        6.627E-10        8.176E-26        2.557E-09
2020  1 24  2768.00        6.474E-09        6.357E-10        7.842E-26        2.452E-09
2020  1 24  2769.00        1.378E-08        3.792E-09        6.629E-25        2.383E-08
2020  1 24  2770.00        1.369E-08        3.768E-09        6.587E-25        2.368E-08
2020  1 24  2771.00        1.233E-08        3.189E-09        5.516E-25        1.976E-08
2020  1 24  2772.00        1.388E-08        3.801E-09        6.639E-25        2.386E-08
2020  1 24  2773.00        1.397E-08        3.809E-09        6.646E-25        2.388E-08
2020  1 24  2774.00        1.498E-08        4.211E-09        7.385E-25        2.658E-08
2020  1 24  2775.00        1.884E-08        5.803E-09        1.032E-24        3.730E-08
2020  1 24  2776.00        1.194E-08        2.823E-09        4.798E-25        1.710E-08
2020  1 24  2777.00        2.204E-08        7.126E-09        1.276E-24        4.620E-08
2020  1 24  2778.00        6.996E-09        6.941E-10        8.562E-26        2.677E-09
2020  1 24  2779.00        6.899E-09        6.844E-10        8.443E-26        2.640E-09
2020  1 24  2780.00        6.815E-09        6.761E-10        8.340E-26        2.608E-09
2020  1 24  2781.00        6.901E-09        6.845E-10        8.444E-26        2.641E-09
2020  1 24  2782.00        6.980E-09        6.923E-10        8.540E-26        2.671E-09
2020  1 24  2783.00        7.072E-09        7.014E-10        8.652E-26        2.706E-09
2020  1 24  2784.00        7.023E-09        6.965E-10        8.591E-26        2.687E-09
2020  1 25  2785.00        7.000E-09        6.942E-10        8.564E-26        2.678E-09
2020  1 25  2786.00        6.964E-09        6.905E-10        8.518E-26        2.664E-09
2020  1 25  2787.00        6.891E-09        6.833E-10        8.429E-26        2.636E-09
2020  1 25  2788.00        6.862E-09        6.804E-10        8.393E-26        2.625E-09
2020  1 25  2789.00        6.777E-09        6.719E-10        8.288E-26        2.592E-09
2020  1 25  2790.00        6.774E-09        6.716E-10        8.284E-26        2.591E-09
2020  1 25  2791.00        6.462E-09        6.406E-10        7.902E-26        2.471E-09
2020  1 25  2792.00        6.527E-09        6.470E-10        7.981E-26        2.496E-09
2020  1 25  2793.00        6.672E-09        6.874E-10        8.689E-26        2.751E-09
2020  1 25  2794.00        1.480E-08        4.128E-09        7.228E-25        2.600E-08
2020  1 25  2795.00        1.951E-08        6.078E-09        1.082E-24        3.913E-08
2020  1 25  2796.00        1.805E-08        5.345E-09        9.445E-25        3.407E-08
2020  1 25  2797.00        3.318E-08        1.170E-08        2.118E-24        7.698E-08
2020  1 25  2798.00        3.733E-08        1.341E-08        2.432E-24        8.845E-08
2020  1 25  2799.00        4.166E-08        1.517E-08        2.757E-24        1.003E-07
2020  1 25  2800.00        4.456E-08        1.626E-08        2.956E-24        1.075E-07
2020  1 25  2801.00        5.174E-08        1.929E-08        3.513E-24        1.279E-07
2020  1 25  2802.00        8.813E-09        8.967E-10        1.106E-25        3.459E-09
2020  1 25  2803.00        8.483E-09        8.630E-10        1.065E-25        3.329E-09
2020  1 25  2804.00        8.270E-09        8.413E-10        1.038E-25        3.245E-09
2020  1 25  2805.00        8.035E-09        8.174E-10        1.008E-25        3.153E-09
2020  1 25  2806.00        7.858E-09        7.993E-10        9.860E-26        3.083E-09
2020  1 25  2807.00        7.517E-09        7.645E-10        9.431E-26        2.949E-09
2020  1 25  2808.00        7.550E-09        7.679E-10        9.473E-26        2.962E-09
2020  1 26  2809.00        7.438E-09        7.565E-10        9.331E-26        2.918E-09
2020  1 26  2810.00        7.346E-09        7.470E-10        9.215E-26        2.882E-09
2020  1 26  2811.00        7.217E-09        7.338E-10        9.052E-26        2.831E-09
2020  1 26  2812.00        7.201E-09        7.322E-10        9.032E-26        2.825E-09
2020  1 26  2813.00        7.153E-09        7.273E-10        8.972E-26        2.806E-09
2020  1 26  2814.00        7.205E-09        7.325E-10        9.036E-26        2.826E-09
2020  1 26  2815.00        7.464E-09        7.588E-10        9.360E-26        2.927E-09
2020  1 26  2816.00        7.547E-09        7.672E-10        9.464E-26        2.959E-09
2020  1 26  2817.00        7.678E-09        7.805E-10        9.628E-26        3.011E-09
2020  1 26  2818.00        4.142E-08        1.506E-08        2.736E-24        9.952E-08
2020  1 26  2819.00        5.961E-08        2.250E-08        4.104E-24        1.495E-07
2020  1 26  2820.00        8.130E-08        3.120E-08        5.702E-24        2.078E-07
2020  1 26  2821.00        7.057E-08        2.625E-08        4.778E-24        1.739E-07
2020  1 26  2822.00        7.837E-08        2.898E-08        5.272E-24        1.918E-07
2020  1 26  2823.00        1.138E-07        4.393E-08        8.032E-24        2.927E-07
2020  1 26  2824.00        1.157E-07        4.448E-08        8.126E-24        2.961E-07
2020  1 26  2825.00        8.409E-08        3.151E-08        5.738E-24        2.089E-07
2020  1 26  2826.00        1.231E-08        1.332E-09        1.644E-25        5.140E-09
2020  1 26  2827.00        1.197E-08        1.296E-09        1.598E-25        4.998E-09
2020  1 26  2828.00        1.195E-08        1.294E-09        1.596E-25        4.991E-09
2020  1 26  2829.00        1.193E-08        1.292E-09        1.593E-25        4.983E-09
2020  1 26  2830.00        1.140E-08        1.234E-09        1.522E-25        4.759E-09
2020  1 26  2831.00        1.167E-08        1.262E-09        1.557E-25        4.870E-09
2020  1 26  2832.00        1.136E-08        1.229E-09        1.517E-25        4.743E-09
2020  1 27  2833.00        1.140E-08        1.233E-09        1.521E-25        4.757E-09
2020  1 27  2834.00        1.167E-08        1.263E-09        1.558E-25        4.873E-09
2020  1 27  2835.00        1.307E-08        1.414E-09        1.744E-25        5.455E-09
2020  1 27  2836.00        1.303E-08        1.410E-09        1.739E-25        5.439E-09
2020  1 27  2837.00        1.405E-08        1.520E-09        1.875E-25        5.864E-09
2020  1 27  2838.00        1.350E-08        1.460E-09        1.801E-25        5.632E-09
2020  1 27  2839.00        1.330E-08        1.438E-09        1.774E-25        5.548E-09
2020  1 27  2840.00        1.336E-08        1.444E-09        1.782E-25        5.572E-09
2020  1 27  2841.00        5.097E-08        1.758E-08        3.164E-24        1.148E-07
2020  1 27  2842.00        8.774E-08        3.324E-08        6.059E-24        2.206E-07
2020  1 27  2843.00        9.933E-08        3.805E-08        6.945E-24        2.530E-07
2020  1 27  2844.00        1.036E-07        3.977E-08        7.259E-24        2.644E-07
2020  1 27  2845.00        8.446E-08        3.164E-08        5.756E-24        2.095E-07
2020  1 27  2846.00        9.611E-08        3.653E-08        6.657E-24        2.424E-07
2020  1 27  2847.00        8.229E-08        3.087E-08        5.614E-24        2.043E-07
2020  1 27  2848.00        6.125E-08        2.199E-08        3.973E-24        1.443E-07
2020  1 27  2849.00        9.336E-08        3.579E-08        6.527E-24        2.377E-07
2020  1 27  2850.00        1.325E-08        1.522E-09        1.878E-25        5.873E-09
2020  1 27  2851.00        1.267E-08        1.456E-09        1.796E-25        5.617E-09
2020  1 27  2852.00        1.235E-08        1.419E-09        1.750E-25        5.474E-09
2020  1 27  2853.00        1.369E-08        1.573E-09        1.940E-25        6.066E-09
2020  1 27  2854.00        1.380E-08        1.586E-09        1.956E-25        6.118E-09
2020  1 27  2855.00        1.375E-08        1.580E-09        1.949E-25        6.094E-09
2020  1 27  2856.00        1.387E-08        1.594E-09        1.966E-25        6.148E-09
2020  1 28  2857.00        1.374E-08        1.579E-09        1.947E-25        6.089E-09
2020  1 28  2858.00        1.352E-08        1.553E-09        1.916E-25        5.992E-09
2020  1 28  2859.00        1.307E-08        1.501E-09        1.851E-25        5.789E-09
2020  1 28  2860.00        1.216E-08        1.397E-09        1.723E-25        5.389E-09
2020  1 28  2861.00        1.217E-08        1.397E-09        1.724E-25        5.390E-09
2020  1 28  2862.00        1.262E-08        1.449E-09        1.788E-25        5.591E-09
2020  1 28  2863.00        1.294E-08        1.486E-09        1.833E-25        5.733E-09
2020  1 28  2864.00        1.237E-08        1.420E-09        1.752E-25        5.480E-09
2020  1 28  2865.00        7.433E-08        2.826E-08        5.147E-24        1.874E-07
2020  1 28  2866.00        6.255E-08        2.335E-08        4.242E-24        1.543E-07
2020  1 28  2867.00        3.306E-08        1.065E-08        1.890E-24        6.828E-08
2020  1 28  2868.00        8.683E-08        3.347E-08        6.107E-24        2.224E-07
2020  1 28  2869.00        7.931E-08        3.003E-08        5.464E-24        1.989E-07
2020  1 28  2870.00        6.973E-08        2.603E-08        4.727E-24        1.719E-07
2020  1 28  2871.00        6.062E-08        2.213E-08        4.004E-24        1.455E-07
2020  1 28  2872.00        8.713E-08        3.351E-08        6.111E-24        2.226E-07
2020  1 28  2873.00        7.837E-08        2.982E-08        5.427E-24        1.976E-07
2020  1 28  2874.00        1.184E-08        1.419E-09        1.750E-25        5.473E-09
2020  1 28  2875.00        1.160E-08        1.389E-09        1.714E-25        5.359E-09
2020  1 28  2876.00        1.121E-08        1.343E-09        1.657E-25        5.181E-09
2020  1 28  2877.00        1.142E-08        1.368E-09        1.688E-25        5.279E-09
2020  1 28  2878.00        1.145E-08        1.372E-09        1.692E-25        5.291E-09
2020  1 28  2879.00        1.154E-08        1.382E-09        1.705E-25        5.332E-09
2020  1 28  2880.00        1.065E-08        1.276E-09        1.574E-25        4.921E-09
2020  1 29  2881.00        1.054E-08        1.262E-09        1.557E-25        4.868E-09
2020  1 29  2882.00        1.059E-08        1.268E-09        1.565E-25        4.893E-09
2020  1 29  2883.00        1.092E-08        1.308E-09        1.613E-25        5.046E-09
2020  1 29  2884.00        1.112E-08        1.332E-09        1.643E-25        5.138E-09
2020  1 29  2885.00        1.117E-08        1.337E-09        1.650E-25        5.159E-09
2020  1 29  2886.00        1.126E-08        1.348E-09        1.663E-25        5.201E-09
2020  1 29  2887.00        1.112E-08        1.331E-09        1.642E-25        5.134E-09
2020  1 29  2888.00        1.124E-08        1.346E-09        1.660E-25        5.191E-09
2020  1 29  2889.00        1.130E-08        1.352E-09        1.668E-25        5.217E-09
2020  1 29  2890.00        7.842E-08        3.006E-08        5.478E-24        1.995E-07
2020  1 29  2891.00        8.034E-08        3.076E-08        5.604E-24        2.040E-07
2020  1 29  2892.00        8.565E-08        3.294E-08        6.003E-24        2.186E-07
2020  1 29  2893.00        8.882E-08        3.420E-08        6.234E-24        2.270E-07
2020  1 29  2894.00        8.971E-08        3.452E-08        6.291E-24        2.291E-07
2020  1 29  2895.00        9.529E-08        3.678E-08        6.705E-24        2.442E-07
2020  1 29  2896.00        8.958E-08        3.444E-08        6.275E-24        2.285E-07
2020  1 29  2897.00        4.165E-08        1.386E-08        2.465E-24        8.908E-08
2020  1 29  2898.00        1.305E-08        1.625E-09        2.004E-25        6.267E-09
2020  1 29  2899.00        1.282E-08        1.595E-09        1.968E-25        6.154E-09
2020  1 29  2900.00        1.241E-08        1.544E-09        1.905E-25        5.956E-09
2020  1 29  2901.00        1.215E-08        1.512E-09        1.865E-25        5.833E-09
2020  1 29  2902.00        1.249E-08        1.554E-09        1.917E-25        5.994E-09
2020  1 29  2903.00        1.326E-08        1.650E-09        2.035E-25        6.363E-09
2020  1 29  2904.00        1.355E-08        1.686E-09        2.080E-25        6.505E-09
2020  1 30  2905.00        1.377E-08        1.713E-09        2.113E-25        6.609E-09
2020  1 30  2906.00        1.392E-08        1.732E-09        2.137E-25        6.681E-09
2020  1 30  2907.00        1.373E-08        1.708E-09        2.107E-25        6.588E-09
2020  1 30  2908.00        1.360E-08        1.692E-09        2.087E-25        6.526E-09
2020  1 30  2909.00        1.357E-08        1.687E-09        2.081E-25        6.509E-09
2020  1 30  2910.00        1.358E-08        1.689E-09        2.083E-25        6.515E-09
2020  1 30  2911.00        1.344E-08        1.671E-09        2.061E-25        6.446E-09
2020  1 30  2912.00        1.379E-08        1.715E-09        2.115E-25        6.615E-09
2020  1 30  2913.00        1.026E-07        3.974E-08        7.246E-24        2.639E-07
2020  1 30  2914.00        1.073E-07        4.147E-08        7.558E-24        2.752E-07
2020  1 30  2915.00        6.162E-08        2.160E-08        3.873E-24        1.403E-07
2020  1 30  2916.00        1.359E-07        5.307E-08        9.687E-24        3.529E-07
2020  1 30  2917.00        7.558E-08        2.700E-08        4.855E-24        1.761E-07
2020  1 30  2918.00        6.779E-08        2.345E-08        4.194E-24        1.518E-07
2020  1 30  2919.00        6.588E-08        2.245E-08        4.002E-24        1.448E-07
2020  1 30  2920.00        4.251E-08        1.234E-08        2.129E-24        7.622E-08
2020  1 30  2921.00        7.450E-08        2.605E-08        4.665E-24        1.690E-07
2020  1 30  2922.00        1.927E-08        2.483E-09        3.063E-25        9.579E-09
2020  1 30  2923.00        1.874E-08        2.415E-09        2.979E-25        9.315E-09
2020  1 30  2924.00        1.871E-08        2.410E-09        2.973E-25        9.297E-09
2020  1 30  2925.00        1.943E-08        2.503E-09        3.088E-25        9.657E-09
2020  1 30  2926.00        2.120E-08        2.731E-09        3.369E-25        1.054E-08
2020  1 30  2927.00        2.147E-08        2.765E-09        3.411E-25        1.067E-08
2020  1 30  2928.00        2.174E-08        2.800E-09        3.454E-25        1.080E-08
2020  1 31  2929.00        2.272E-08        2.926E-09        3.610E-25        1.129E-08
2020  1 31  2930.00        2.324E-08        2.992E-09        3.691E-25        1.154E-08
2020  1 31  2931.00        2.193E-08        2.823E-09        3.483E-25        1.089E-08
2020  1 31  2932.00        2.209E-08        2.844E-09        3.509E-25        1.097E-08
2020  1 31  2933.00        2.198E-08        2.830E-09        3.491E-25        1.092E-08
2020  1 31  2934.00        2.092E-08        2.692E-09        3.321E-25        1.039E-08
2020  1 31  2935.00        2.036E-08        2.621E-09        3.233E-25        1.011E-08
2020  1 31  2936.00        1.986E-08        2.557E-09        3.154E-25        9.862E-09
2020  1 31  2937.00        1.510E-07        5.835E-08        1.072E-23        3.804E-07
2020  1 31  2938.00        4.334E-08        1.270E-08        2.211E-24        7.736E-08
2020  1 31  2939.00        1.781E-07        6.942E-08        1.277E-23        4.533E-07
2020  1 31  2940.00        1.217E-07        4.472E-08        8.142E-24        2.882E-07
2020  1 31  2941.00        1.991E-07        7.733E-08        1.421E-23        5.043E-07
2020  1 31  2942.00        1.416E-07        5.232E-08        9.531E-24        3.374E-07
2020  1 31  2943.00        1.359E-07        4.987E-08        9.072E-24        3.210E-07
2020  1 31  2944.00        2.100E-07        8.133E-08        1.494E-23        5.298E-07
2020  1 31  2945.00        1.683E-07        6.385E-08        1.168E-23        4.139E-07
2020  1 31  2946.00        2.427E-08        3.306E-09        4.082E-25        1.272E-08
2020  1 31  2947.00        2.350E-08        3.200E-09        3.952E-25        1.231E-08
2020  1 31  2948.00        2.273E-08        3.095E-09        3.822E-25        1.191E-08
2020  1 31  2949.00        2.310E-08        3.145E-09        3.884E-25        1.210E-08
2020  1 31  2950.00        2.347E-08        3.196E-09        3.947E-25        1.230E-08
2020  1 31  2951.00        2.392E-08        3.257E-09        4.022E-25        1.253E-08
2020  1 31  2952.00        2.402E-08        3.271E-09        4.039E-25        1.258E-08
2020  2  1  2953.00        2.396E-08        3.262E-09        4.028E-25        1.255E-08
2020  2  1  2954.00        2.307E-08        3.140E-09        3.878E-25        1.208E-08
2020  2  1  2955.00        2.325E-08        3.165E-09        3.908E-25        1.218E-08
2020  2  1  2956.00        2.362E-08        3.215E-09        3.970E-25        1.237E-08
2020  2  1  2957.00        2.387E-08        3.249E-09        4.012E-25        1.250E-08
2020  2  1  2958.00        2.425E-08        3.300E-09        4.075E-25        1.270E-08
2020  2  1  2959.00        2.298E-08        3.127E-09        3.861E-25        1.203E-08
2020  2  1  2960.00        2.312E-08        3.145E-09        3.883E-25        1.210E-08
2020  2  1  2961.00        2.326E-08        3.165E-09        3.908E-25        1.218E-08
2020  2  1  2962.00        1.495E-07        5.585E-08        1.032E-23        3.518E-07
2020  2  1  2963.00        7.099E-08        2.302E-08        4.130E-24        1.400E-07
2020  2  1  2964.00        3.313E-08        7.603E-09        1.236E-24        4.109E-08
2020  2  1  2965.00        1.557E-07        5.867E-08        1.086E-23        3.702E-07
2020  2  1  2966.00        6.804E-08        2.178E-08        3.894E-24        1.319E-07
2020  2  1  2967.00        1.917E-07        7.329E-08        1.360E-23        4.638E-07
2020  2  1  2968.00        2.402E-08        3.338E-09        4.127E-25        1.281E-08
2020  2  1  2969.00        2.386E-08        3.316E-09        4.099E-25        1.272E-08
2020  2  1  2970.00        2.341E-08        3.252E-09        4.021E-25        1.248E-08
2020  2  1  2971.00        2.292E-08        3.184E-09        3.936E-25        1.222E-08
2020  2  1  2972.00        2.194E-08        3.048E-09        3.768E-25        1.170E-08
2020  2  1  2973.00        2.086E-08        2.897E-09        3.581E-25        1.112E-08
2020  2  1  2974.00        2.009E-08        2.790E-09        3.449E-25        1.071E-08
2020  2  1  2975.00        1.978E-08        2.747E-09        3.396E-25        1.054E-08
2020  2  1  2976.00        1.948E-08        2.705E-09        3.344E-25        1.038E-08
2020  2  2  2977.00        1.946E-08        2.702E-09        3.340E-25        1.037E-08
2020  2  2  2978.00        1.924E-08        2.672E-09        3.303E-25        1.025E-08
2020  2  2  2979.00        1.913E-08        2.657E-09        3.284E-25        1.019E-08
2020  2  2  2980.00        1.887E-08        2.620E-09        3.239E-25        1.006E-08
2020  2  2  2981.00        1.831E-08        2.542E-09        3.142E-25        9.756E-09
2020  2  2  2982.00        1.774E-08        2.463E-09        3.044E-25        9.452E-09
2020  2  2  2983.00        1.772E-08        2.460E-09        3.041E-25        9.440E-09
2020  2  2  2984.00        1.742E-08        2.418E-09        2.989E-25        9.280E-09
2020  2  2  2985.00        1.665E-08        2.312E-09        2.858E-25        8.873E-09
2020  2  2  2986.00        6.173E-08        2.089E-08        3.818E-24        1.261E-07
2020  2  2  2987.00        3.545E-08        9.974E-09        1.739E-24        5.711E-08
2020  2  2  2988.00        1.504E-07        5.684E-08        1.063E-23        3.523E-07
2020  2  2  2989.00        2.351E-07        9.012E-08        1.691E-23        5.602E-07
2020  2  2  2990.00        2.372E-07        9.055E-08        1.697E-23        5.622E-07
2020  2  2  2991.00        1.888E-07        7.018E-08        1.308E-23        4.330E-07
2020  2  2  2992.00        2.096E-07        7.873E-08        1.470E-23        4.868E-07
2020  2  2  2993.00        2.818E-08        4.041E-09        5.007E-25        1.541E-08
2020  2  2  2994.00        2.707E-08        3.882E-09        4.811E-25        1.481E-08
2020  2  2  2995.00        2.634E-08        3.776E-09        4.680E-25        1.440E-08
2020  2  2  2996.00        2.599E-08        3.726E-09        4.617E-25        1.421E-08
2020  2  2  2997.00        2.569E-08        3.683E-09        4.564E-25        1.405E-08
2020  2  2  2998.00        2.541E-08        3.643E-09        4.514E-25        1.390E-08
2020  2  2  2999.00        2.547E-08        3.651E-09        4.524E-25        1.393E-08
2020  2  2  3000.00        2.537E-08        3.636E-09        4.506E-25        1.387E-08
2020  2  3  3001.00        2.377E-08        3.407E-09        4.222E-25        1.300E-08
2020  2  3  3002.00        2.374E-08        3.402E-09        4.215E-25        1.298E-08
2020  2  3  3003.00        2.385E-08        3.418E-09        4.235E-25        1.304E-08
2020  2  3  3004.00        2.444E-08        3.502E-09        4.340E-25        1.336E-08
2020  2  3  3005.00        2.414E-08        3.459E-09        4.286E-25        1.320E-08
2020  2  3  3006.00        2.381E-08        3.411E-09        4.227E-25        1.301E-08
2020  2  3  3007.00        2.352E-08        3.369E-09        4.175E-25        1.285E-08
2020  2  3  3008.00        2.323E-08        3.328E-09        4.124E-25        1.270E-08
2020  2  3  3009.00        1.226E-07        4.385E-08        8.182E-24        2.634E-07
2020  2  3  3010.00        1.052E-07        3.660E-08        6.786E-24        2.183E-07
2020  2  3  3011.00        5.991E-08        1.802E-08        3.218E-24        1.032E-07
2020  2  3  3012.00        2.671E-07        1.024E-07        1.939E-23        6.249E-07
2020  2  3  3013.00        1.682E-07        6.193E-08        1.163E-23        3.744E-07
2020  2  3  3014.00        1.713E-07        6.309E-08        1.184E-23        3.814E-07
2020  2  3  3015.00        1.666E-07        6.126E-08        1.149E-23        3.701E-07
2020  2  3  3016.00        1.644E-07        6.032E-08        1.131E-23        3.641E-07
2020  2  3  3017.00        1.700E-07        6.281E-08        1.179E-23        3.798E-07
2020  2  3  3018.00        2.346E-08        3.470E-09        4.314E-25        1.313E-08
2020  2  3  3019.00        2.287E-08        3.382E-09        4.205E-25        1.280E-08
2020  2  3  3020.00        2.235E-08        3.307E-09        4.111E-25        1.251E-08
2020  2  3  3021.00        2.037E-08        3.013E-09        3.745E-25        1.140E-08
2020  2  3  3022.00        2.039E-08        3.015E-09        3.749E-25        1.141E-08
2020  2  3  3023.00        2.006E-08        2.966E-09        3.687E-25        1.123E-08
2020  2  3  3024.00        1.917E-08        2.835E-09        3.524E-25        1.073E-08
2020  2  4  3025.00        1.719E-08        2.542E-09        3.161E-25        9.622E-09
2020  2  4  3026.00        1.727E-08        2.554E-09        3.176E-25        9.668E-09
2020  2  4  3027.00        1.754E-08        2.593E-09        3.224E-25        9.815E-09
2020  2  4  3028.00        1.728E-08        2.555E-09        3.177E-25        9.669E-09
2020  2  4  3029.00        1.742E-08        2.576E-09        3.203E-25        9.748E-09
2020  2  4  3030.00        1.733E-08        2.562E-09        3.187E-25        9.697E-09
2020  2  4  3031.00        1.708E-08        2.525E-09        3.142E-25        9.559E-09
2020  2  4  3032.00        1.671E-08        2.470E-09        3.073E-25        9.348E-09
2020  2  4  3033.00        1.546E-07        5.841E-08        3.037E-25        3.524E-07
2020  2  4  3034.00        1.677E-08        2.487E-09        3.057E-25        9.405E-09
2020  2  4  3035.00        1.150E-07        4.270E-08        2.776E-25        2.565E-07
2020  2  4  3036.00        8.856E-08        3.196E-08        2.782E-25        1.905E-07
2020  2  4  3037.00        1.739E-07        6.592E-08        3.218E-25        3.979E-07
2020  2  4  3038.00        1.808E-08        2.703E-09        3.228E-25        1.020E-08
2020  2  4  3039.00        1.878E-08        2.808E-09        3.353E-25        1.059E-08
2020  2  4  3040.00        1.829E-08        2.734E-09        3.266E-25        1.032E-08
2020  2  4  3041.00        1.030E-07        3.716E-08        3.210E-25        2.215E-07
2020  2  4  3042.00        1.761E-08        2.637E-09        3.127E-25        9.946E-09
2020  2  4  3043.00        1.732E-08        2.593E-09        3.076E-25        9.781E-09
2020  2  4  3044.00        1.824E-08        2.730E-09        3.239E-25        1.030E-08
2020  2  4  3045.00        1.855E-08        2.778E-09        3.295E-25        1.048E-08
2020  2  4  3046.00        1.752E-08        2.623E-09        3.112E-25        9.893E-09
2020  2  4  3047.00        1.696E-08        2.539E-09        3.013E-25        9.575E-09
2020  2  4  3048.00        1.671E-08        2.502E-09        2.969E-25        9.435E-09
2020  2  5  3049.00        1.647E-08        2.465E-09        2.926E-25        9.298E-09
2020  2  5  3050.00        1.647E-08        2.466E-09        2.927E-25        9.300E-09
2020  2  5  3051.00        1.650E-08        2.471E-09        2.933E-25        9.318E-09
2020  2  5  3052.00        1.663E-08        2.489E-09        2.955E-25        9.389E-09
2020  2  5  3053.00        1.667E-08        2.496E-09        2.963E-25        9.414E-09
2020  2  5  3054.00        1.650E-08        2.470E-09        2.932E-25        9.315E-09
2020  2  5  3055.00        1.615E-08        2.417E-09        2.869E-25        9.116E-09
2020  2  5  3056.00        1.565E-08        2.342E-09        2.781E-25        8.835E-09
2020  2  5  3057.00        1.354E-07        5.059E-08        9.594E-24        3.020E-07
2020  2  5  3058.00        1.378E-07        5.137E-08        9.737E-24        3.065E-07
2020  2  5  3059.00        1.807E-08        2.718E-09        3.232E-25        1.024E-08
2020  2  5  3060.00        1.892E-08        2.846E-09        3.384E-25        1.072E-08
2020  2  5  3061.00        1.933E-08        2.908E-09        3.457E-25        1.095E-08
2020  2  5  3062.00        2.011E-08        3.026E-09        3.597E-25        1.139E-08
2020  2  5  3063.00        2.036E-08        3.062E-09        3.641E-25        1.153E-08
2020  2  5  3064.00        2.023E-08        3.044E-09        3.619E-25        1.146E-08
2020  2  5  3065.00        1.962E-08        2.952E-09        3.509E-25        1.112E-08
2020  2  5  3066.00        1.804E-08        2.714E-09        3.227E-25        1.022E-08
2020  2  5  3067.00        1.693E-08        2.546E-09        3.027E-25        9.588E-09
2020  2  5  3068.00        1.654E-08        2.488E-09        2.958E-25        9.370E-09
2020  2  5  3069.00        1.593E-08        2.395E-09        2.848E-25        9.022E-09
2020  2  5  3070.00        1.546E-08        2.325E-09        2.764E-25        8.756E-09
2020  2  5  3071.00        1.472E-08        2.214E-09        2.632E-25        8.337E-09
2020  2  5  3072.00        1.419E-08        2.134E-09        2.538E-25        8.039E-09
2020  2  6  3073.00        1.475E-08        2.219E-09        2.638E-25        8.356E-09
2020  2  6  3074.00        1.546E-08        2.325E-09        2.764E-25        8.755E-09
2020  2  6  3075.00        1.572E-08        2.363E-09        2.810E-25        8.901E-09
2020  2  6  3076.00        1.599E-08        2.404E-09        2.859E-25        9.056E-09
2020  2  6  3077.00        1.567E-08        2.356E-09        2.802E-25        8.875E-09
2020  2  6  3078.00        1.552E-08        2.334E-09        2.776E-25        8.791E-09
2020  2  6  3079.00        1.570E-08        2.360E-09        2.807E-25        8.888E-09
2020  2  6  3080.00        1.538E-08        2.313E-09        2.751E-25        8.710E-09
2020  2  6  3081.00        1.565E-08        2.354E-09        2.800E-25        8.865E-09
2020  2  6  3082.00        1.647E-08        2.475E-09        2.946E-25        9.324E-09
2020  2  6  3083.00        1.768E-08        2.657E-09        3.163E-25        1.001E-08
2020  2  6  3084.00        1.876E-08        2.820E-09        3.357E-25        1.062E-08
2020  2  6  3085.00        1.932E-08        2.904E-09        3.457E-25        1.094E-08
2020  2  6  3086.00        1.966E-08        2.956E-09        3.519E-25        1.113E-08
2020  2  6  3087.00        1.956E-08        2.940E-09        3.501E-25        1.107E-08
2020  2  6  3088.00        1.942E-08        2.919E-09        3.476E-25        1.100E-08
2020  2  6  3089.00        1.924E-08        2.891E-09        3.444E-25        1.089E-08
2020  2  6  3090.00        1.740E-08        2.616E-09        3.116E-25        9.853E-09
2020  2  6  3091.00        1.601E-08        2.406E-09        2.866E-25        9.062E-09
2020  2  6  3092.00        1.453E-08        2.184E-09        2.603E-25        8.229E-09
2020  2  6  3093.00        1.335E-08        2.006E-09        2.390E-25        7.556E-09
2020  2  6  3094.00        1.278E-08        1.921E-09        2.290E-25        7.237E-09
2020  2  6  3095.00        1.260E-08        1.894E-09        2.257E-25        7.134E-09
2020  2  6  3096.00        1.238E-08        1.860E-09        2.217E-25        7.006E-09
2020  2  7  3097.00        1.218E-08        1.831E-09        2.183E-25        6.897E-09
2020  2  7  3098.00        1.209E-08        1.817E-09        2.166E-25        6.844E-09
2020  2  7  3099.00        1.207E-08        1.814E-09        2.163E-25        6.834E-09
2020  2  7  3100.00        1.236E-08        1.857E-09        2.214E-25        6.994E-09
2020  2  7  3101.00        1.225E-08        1.840E-09        2.195E-25        6.933E-09
2020  2  7  3102.00        1.211E-08        1.820E-09        2.171E-25        6.856E-09
2020  2  7  3103.00        1.216E-08        1.827E-09        2.179E-25        6.882E-09
2020  2  7  3104.00        1.228E-08        1.844E-09        2.200E-25        6.949E-09
2020  2  7  3105.00        1.292E-08        1.941E-09        2.315E-25        7.311E-09
2020  2  7  3106.00        1.401E-08        2.105E-09        2.512E-25        7.931E-09
2020  2  7  3107.00        1.472E-08        2.212E-09        2.639E-25        8.333E-09
2020  2  7  3108.00        1.622E-08        2.436E-09        2.907E-25        9.178E-09
2020  2  7  3109.00        1.782E-08        2.678E-09        3.196E-25        1.009E-08
2020  2  7  3110.00        1.963E-08        2.949E-09        3.520E-25        1.111E-08
2020  2  7  3111.00        2.080E-08        3.124E-09        3.730E-25        1.177E-08
2020  2  7  3112.00        2.104E-08        3.161E-09        3.774E-25        1.191E-08
2020  2  7  3113.00        2.014E-08        3.025E-09        3.613E-25        1.140E-08
2020  2  7  3114.00        1.823E-08        2.738E-09        3.271E-25        1.032E-08
2020  2  7  3115.00        1.769E-08        2.657E-09        3.174E-25        1.001E-08
2020  2  7  3116.00        1.640E-08        2.463E-09        2.943E-25        9.281E-09
2020  2  7  3117.00        1.594E-08        2.394E-09        2.860E-25        9.020E-09
2020  2  7  3118.00        1.525E-08        2.290E-09        2.737E-25        8.630E-09
2020  2  7  3119.00        1.435E-08        2.155E-09        2.575E-25        8.119E-09
2020  2  7  3120.00        1.374E-08        2.064E-09        2.467E-25        7.777E-09
2020  2  8  3121.00        1.405E-08        2.111E-09        2.523E-25        7.953E-09
2020  2  8  3122.00        1.411E-08        2.119E-09        2.533E-25        7.985E-09
2020  2  8  3123.00        1.391E-08        2.089E-09        2.498E-25        7.872E-09
2020  2  8  3124.00        1.392E-08        2.090E-09        2.499E-25        7.877E-09
2020  2  8  3125.00        1.401E-08        2.104E-09        2.516E-25        7.928E-09
2020  2  8  3126.00        1.452E-08        2.181E-09        2.608E-25        8.218E-09
2020  2  8  3127.00        1.542E-08        2.315E-09        2.768E-25        8.722E-09
2020  2  8  3128.00        1.644E-08        2.468E-09        2.953E-25        9.302E-09
2020  2  8  3129.00        1.858E-08        2.789E-09        3.337E-25        1.051E-08
2020  2  8  3130.00        2.094E-08        3.144E-09        3.762E-25        1.185E-08
2020  2  8  3131.00        2.295E-08        3.446E-09        4.124E-25        1.299E-08
2020  2  8  3132.00        2.486E-08        3.731E-09        4.466E-25        1.406E-08
2020  2  8  3133.00        2.719E-08        4.081E-09        4.886E-25        1.538E-08
2020  2  8  3134.00        2.947E-08        4.423E-09        5.297E-25        1.667E-08
2020  2  8  3135.00        3.049E-08        4.577E-09        5.482E-25        1.725E-08
2020  2  8  3136.00        3.052E-08        4.581E-09        5.487E-25        1.726E-08
2020  2  8  3137.00        2.915E-08        4.375E-09        5.242E-25        1.649E-08
2020  2  8  3138.00        2.606E-08        3.911E-09        4.687E-25        1.474E-08
2020  2  8  3139.00        2.343E-08        3.516E-09        4.215E-25        1.325E-08
2020  2  8  3140.00        2.412E-08        3.620E-09        4.340E-25        1.364E-08
2020  2  8  3141.00        2.373E-08        3.561E-09        4.270E-25        1.342E-08
2020  2  8  3142.00        2.245E-08        3.368E-09        4.039E-25        1.270E-08
2020  2  8  3143.00        2.308E-08        3.463E-09        4.154E-25        1.305E-08
2020  2  8  3144.00        2.205E-08        3.308E-09        3.969E-25        1.247E-08
2020  2  9  3145.00        2.041E-08        3.062E-09        3.675E-25        1.154E-08
2020  2  9  3146.00        2.096E-08        3.145E-09        3.774E-25        1.185E-08
2020  2  9  3147.00        2.041E-08        3.062E-09        3.676E-25        1.154E-08
2020  2  9  3148.00        2.033E-08        3.050E-09        3.662E-25        1.150E-08
2020  2  9  3149.00        1.911E-08        2.867E-09        3.443E-25        1.081E-08
2020  2  9  3150.00        2.023E-08        3.035E-09        3.644E-25        1.144E-08
2020  2  9  3151.00        2.406E-08        3.609E-09        4.335E-25        1.361E-08
2020  2  9  3152.00        2.563E-08        3.844E-09        4.617E-25        1.449E-08
2020  2  9  3153.00        9.576E-08        3.120E-08        4.685E-25        1.727E-07
2020  2  9  3154.00        1.418E-07        4.915E-08        4.728E-25        2.765E-07
2020  2  9  3155.00        1.290E-07        4.396E-08        4.820E-25        2.461E-07
2020  2  9  3156.00        1.871E-07        6.623E-08        5.134E-25        3.744E-07
2020  2  9  3157.00        7.189E-08        2.083E-08        5.335E-25        1.112E-07
2020  2  9  3158.00        1.646E-07        5.700E-08        5.410E-25        3.203E-07
2020  2  9  3159.00        2.096E-07        7.441E-08        5.508E-25        4.208E-07
2020  2  9  3160.00        1.981E-07        6.956E-08        5.706E-25        3.922E-07
2020  2  9  3161.00        2.209E-07        7.819E-08        5.883E-25        4.416E-07
2020  2  9  3162.00        3.528E-08        5.401E-09        5.928E-25        2.014E-08
2020  2  9  3163.00        3.403E-08        5.208E-09        5.718E-25        1.943E-08
2020  2  9  3164.00        3.248E-08        4.971E-09        5.459E-25        1.854E-08
2020  2  9  3165.00        3.207E-08        4.908E-09        5.391E-25        1.831E-08
2020  2  9  3166.00        3.230E-08        4.943E-09        5.431E-25        1.844E-08
2020  2  9  3167.00        3.178E-08        4.864E-09        5.345E-25        1.814E-08
2020  2  9  3168.00        3.059E-08        4.681E-09        5.145E-25        1.746E-08
2020  2 10  3169.00        2.882E-08        4.410E-09        4.849E-25        1.645E-08
2020  2 10  3170.00        2.780E-08        4.253E-09        4.677E-25        1.587E-08
2020  2 10  3171.00        2.821E-08        4.316E-09        4.746E-25        1.610E-08
2020  2 10  3172.00        2.673E-08        4.090E-09        4.497E-25        1.526E-08
2020  2 10  3173.00        2.652E-08        4.058E-09        4.462E-25        1.514E-08
2020  2 10  3174.00        2.657E-08        4.064E-09        4.468E-25        1.516E-08
2020  2 10  3175.00        2.465E-08        3.772E-09        4.147E-25        1.407E-08
2020  2 10  3176.00        2.321E-08        3.550E-09        3.903E-25        1.325E-08
2020  2 10  3177.00        1.097E-07        3.748E-08        7.153E-24        2.073E-07
2020  2 10  3178.00        2.884E-07        1.065E-07        2.086E-23        6.009E-07
2020  2 10  3179.00        3.087E-07        1.142E-07        2.236E-23        6.441E-07
2020  2 10  3180.00        2.077E-07        7.469E-08        1.450E-23        4.183E-07
2020  2 10  3181.00        2.592E-08        4.015E-09        4.465E-25        1.487E-08
2020  2 10  3182.00        2.668E-08        4.131E-09        4.595E-25        1.530E-08
2020  2 10  3183.00        2.724E-08        4.219E-09        4.692E-25        1.562E-08
2020  2 10  3184.00        2.610E-08        4.042E-09        4.495E-25        1.497E-08
2020  2 10  3185.00        1.526E-07        5.350E-08        1.030E-23        2.976E-07
2020  2 10  3186.00        2.309E-08        3.582E-09        3.990E-25        1.325E-08
2020  2 10  3187.00        2.260E-08        3.505E-09        3.905E-25        1.297E-08
2020  2 10  3188.00        2.287E-08        3.547E-09        3.952E-25        1.312E-08
2020  2 10  3189.00        2.216E-08        3.438E-09        3.830E-25        1.272E-08
2020  2 10  3190.00        2.396E-08        3.716E-09        4.140E-25        1.375E-08
2020  2 10  3191.00        2.441E-08        3.786E-09        4.217E-25        1.401E-08
2020  2 10  3192.00        2.027E-08        3.144E-09        3.502E-25        1.163E-08
2020  2 11  3193.00        1.937E-08        3.004E-09        3.346E-25        1.111E-08
2020  2 11  3194.00        1.976E-08        3.065E-09        3.414E-25        1.134E-08
2020  2 11  3195.00        2.042E-08        3.167E-09        3.528E-25        1.172E-08
2020  2 11  3196.00        2.064E-08        3.201E-09        3.567E-25        1.184E-08
2020  2 11  3197.00        2.070E-08        3.210E-09        3.576E-25        1.188E-08
2020  2 11  3198.00        2.072E-08        3.213E-09        3.580E-25        1.189E-08
2020  2 11  3199.00        2.087E-08        3.237E-09        3.608E-25        1.198E-08
2020  2 11  3200.00        2.094E-08        3.248E-09        3.620E-25        1.202E-08
2020  2 11  3201.00        1.547E-07        5.491E-08        3.526E-25        3.041E-07
2020  2 11  3202.00        2.762E-07        1.016E-07        3.628E-25        5.675E-07
2020  2 11  3203.00        3.025E-07        1.116E-07        3.705E-25        6.236E-07
2020  2 11  3204.00        2.285E-08        3.575E-09        3.808E-25        1.315E-08
2020  2 11  3205.00        2.356E-08        3.685E-09        3.926E-25        1.356E-08
2020  2 11  3206.00        2.467E-08        3.858E-09        4.111E-25        1.419E-08
2020  2 11  3207.00        3.025E-07        1.115E-07        3.722E-25        6.230E-07
2020  2 11  3208.00        2.110E-07        7.639E-08        3.560E-25        4.249E-07
2020  2 11  3209.00        1.964E-07        7.078E-08        3.498E-25        3.932E-07
2020  2 11  3210.00        2.298E-08        3.622E-09        3.701E-25        1.326E-08
2020  2 11  3211.00        2.199E-08        3.466E-09        3.543E-25        1.269E-08
2020  2 11  3212.00        2.113E-08        3.331E-09        3.405E-25        1.219E-08
2020  2 11  3213.00        2.134E-08        3.364E-09        3.439E-25        1.231E-08
2020  2 11  3214.00        2.101E-08        3.311E-09        3.386E-25        1.212E-08
2020  2 11  3215.00        2.101E-08        3.312E-09        3.387E-25        1.212E-08
2020  2 11  3216.00        2.129E-08        3.355E-09        3.432E-25        1.228E-08
2020  2 12  3217.00        2.056E-08        3.241E-09        3.315E-25        1.186E-08
2020  2 12  3218.00        2.070E-08        3.262E-09        3.337E-25        1.194E-08
2020  2 12  3219.00        2.098E-08        3.307E-09        3.384E-25        1.211E-08
2020  2 12  3220.00        2.078E-08        3.275E-09        3.351E-25        1.199E-08
2020  2 12  3221.00        2.075E-08        3.270E-09        3.346E-25        1.197E-08
2020  2 12  3222.00        2.095E-08        3.301E-09        3.379E-25        1.209E-08
2020  2 12  3223.00        2.135E-08        3.364E-09        3.444E-25        1.232E-08
2020  2 12  3224.00        2.119E-08        3.339E-09        3.419E-25        1.223E-08
2020  2 12  3225.00        2.128E-08        3.353E-09        3.433E-25        1.228E-08
2020  2 12  3226.00        2.594E-08        5.039E-09        3.505E-25        2.159E-08
2020  2 12  3227.00        3.054E-07        1.120E-07        3.638E-25        6.201E-07
2020  2 12  3228.00        2.445E-07        8.826E-08        3.841E-25        4.868E-07
2020  2 12  3229.00        4.989E-08        1.357E-08        3.884E-25        6.833E-08
2020  2 12  3230.00        6.091E-08        1.760E-08        4.013E-25        9.064E-08
2020  2 12  3231.00        8.540E-08        2.703E-08        3.977E-25        1.435E-07
2020  2 12  3232.00        9.433E-08        3.045E-08        3.968E-25        1.626E-07
2020  2 12  3233.00        7.216E-08        2.262E-08        3.492E-25        1.197E-07
2020  2 12  3234.00        2.169E-08        3.445E-09        3.368E-25        1.254E-08
2020  2 12  3235.00        2.239E-08        3.556E-09        3.477E-25        1.294E-08
2020  2 12  3236.00        2.147E-08        3.410E-09        3.335E-25        1.241E-08
2020  2 12  3237.00        2.093E-08        3.324E-09        3.251E-25        1.210E-08
2020  2 12  3238.00        2.088E-08        3.317E-09        3.245E-25        1.207E-08
2020  2 12  3239.00        2.071E-08        3.290E-09        3.219E-25        1.198E-08
2020  2 12  3240.00        2.099E-08        3.334E-09        3.263E-25        1.214E-08
2020  2 13  3241.00        2.154E-08        3.421E-09        3.347E-25        1.245E-08
2020  2 13  3242.00        2.106E-08        3.345E-09        3.274E-25        1.218E-08
2020  2 13  3243.00        1.943E-08        3.086E-09        3.021E-25        1.124E-08
2020  2 13  3244.00        1.847E-08        2.934E-09        2.872E-25        1.068E-08
2020  2 13  3245.00        1.922E-08        3.053E-09        2.989E-25        1.111E-08
2020  2 13  3246.00        2.009E-08        3.190E-09        3.123E-25        1.161E-08
2020  2 13  3247.00        1.981E-08        3.146E-09        3.081E-25        1.146E-08
2020  2 13  3248.00        2.186E-08        3.471E-09        3.400E-25        1.264E-08
2020  2 13  3249.00        2.245E-08        3.565E-09        3.492E-25        1.298E-08
2020  2 13  3250.00        1.234E-07        4.198E-08        3.511E-25        2.260E-07
2020  2 13  3251.00        1.171E-07        3.934E-08        3.657E-25        2.110E-07
2020  2 13  3252.00        1.976E-07        6.964E-08        3.896E-25        3.785E-07
2020  2 13  3253.00        1.059E-07        3.502E-08        3.652E-25        1.869E-07
2020  2 13  3254.00        3.384E-07        1.234E-07        3.782E-25        6.767E-07
2020  2 13  3255.00        2.586E-07        9.211E-08        4.313E-25        5.020E-07
2020  2 13  3256.00        2.058E-07        7.186E-08        4.385E-25        3.893E-07
2020  2 13  3257.00        1.417E-07        4.750E-08        4.323E-25        2.543E-07
2020  2 13  3258.00        2.861E-08        4.598E-09        4.182E-25        1.658E-08
2020  2 13  3259.00        2.709E-08        4.354E-09        3.960E-25        1.570E-08
2020  2 13  3260.00        2.667E-08        4.286E-09        3.899E-25        1.546E-08
2020  2 13  3261.00        2.555E-08        4.106E-09        3.736E-25        1.481E-08
2020  2 13  3262.00        2.573E-08        4.134E-09        3.762E-25        1.491E-08
2020  2 13  3263.00        2.700E-08        4.338E-09        3.948E-25        1.565E-08
2020  2 13  3264.00        2.748E-08        4.416E-09        4.020E-25        1.593E-08
2020  2 14  3265.00        2.738E-08        4.399E-09        4.004E-25        1.587E-08
2020  2 14  3266.00        2.739E-08        4.401E-09        4.007E-25        1.587E-08
2020  2 14  3267.00        2.680E-08        4.305E-09        3.921E-25        1.553E-08
2020  2 14  3268.00        2.675E-08        4.297E-09        3.914E-25        1.550E-08
2020  2 14  3269.00        2.617E-08        4.204E-09        3.829E-25        1.516E-08
2020  2 14  3270.00        2.584E-08        4.151E-09        3.782E-25        1.497E-08
2020  2 14  3271.00        2.538E-08        4.078E-09        3.715E-25        1.471E-08
2020  2 14  3272.00        2.498E-08        4.013E-09        3.657E-25        1.448E-08
2020  2 14  3273.00        2.546E-08        4.089E-09        3.727E-25        1.475E-08
2020  2 14  3274.00        7.092E-08        2.124E-08        3.748E-25        1.087E-07
2020  2 14  3275.00        9.434E-08        2.996E-08        3.825E-25        1.563E-07
2020  2 14  3276.00        1.310E-07        4.353E-08        4.000E-25        2.303E-07
2020  2 14  3277.00        1.528E-07        5.149E-08        4.183E-25        2.735E-07
2020  2 14  3278.00        1.527E-07        5.152E-08        4.111E-25        2.737E-07
2020  2 14  3279.00        1.677E-07        5.703E-08        4.195E-25        3.036E-07
2020  2 14  3280.00        1.838E-07        6.277E-08        4.402E-25        3.346E-07
2020  2 14  3281.00        5.237E-08        1.297E-08        4.458E-25        6.143E-08
2020  2 14  3282.00        3.131E-08        5.061E-09        4.422E-25        1.816E-08
2020  2 14  3283.00        3.078E-08        4.975E-09        4.347E-25        1.785E-08
2020  2 14  3284.00        2.995E-08        4.841E-09        4.231E-25        1.737E-08
2020  2 14  3285.00        2.919E-08        4.718E-09        4.124E-25        1.693E-08
2020  2 14  3286.00        2.821E-08        4.560E-09        3.986E-25        1.636E-08
2020  2 14  3287.00        2.623E-08        4.239E-09        3.706E-25        1.521E-08
2020  2 14  3288.00        2.638E-08        4.264E-09        3.728E-25        1.530E-08
2020  2 15  3289.00        2.539E-08        4.103E-09        3.589E-25        1.472E-08
2020  2 15  3290.00        2.314E-08        3.740E-09        3.272E-25        1.342E-08
2020  2 15  3291.00        2.291E-08        3.702E-09        3.238E-25        1.328E-08
2020  2 15  3292.00        2.537E-08        4.100E-09        3.586E-25        1.471E-08
2020  2 15  3293.00        2.723E-08        4.400E-09        3.848E-25        1.579E-08
2020  2 15  3294.00        2.687E-08        4.342E-09        3.797E-25        1.558E-08
2020  2 15  3295.00        2.523E-08        4.078E-09        3.565E-25        1.463E-08
2020  2 15  3296.00        2.562E-08        4.140E-09        3.619E-25        1.486E-08
2020  2 15  3297.00        1.567E-07        5.203E-08        1.003E-23        2.717E-07
2020  2 15  3298.00        2.907E-07        1.024E-07        2.031E-23        5.435E-07
2020  2 15  3299.00        3.602E-07        1.279E-07        2.548E-23        6.806E-07
2020  2 15  3300.00        2.815E-07        9.755E-08        1.921E-23        5.156E-07
2020  2 15  3301.00        3.278E-07        1.140E-07        2.250E-23        6.034E-07
2020  2 15  3302.00        3.036E-07        1.044E-07        2.048E-23        5.503E-07
2020  2 15  3303.00        3.444E-07        1.190E-07        2.340E-23        6.279E-07
2020  2 15  3304.00        5.608E-07        2.001E-07        3.996E-23        1.066E-06
2020  2 15  3305.00        3.739E-07        1.305E-07        2.581E-23        6.908E-07
2020  2 15  3306.00        4.227E-08        6.947E-09        6.488E-25        2.449E-08
2020  2 15  3307.00        4.149E-08        6.819E-09        6.368E-25        2.404E-08
2020  2 15  3308.00        4.226E-08        6.944E-09        6.484E-25        2.448E-08
2020  2 15  3309.00        4.401E-08        7.233E-09        6.753E-25        2.550E-08
2020  2 15  3310.00        4.352E-08        7.151E-09        6.676E-25        2.522E-08
2020  2 15  3311.00        4.453E-08        7.318E-09        6.831E-25        2.580E-08
2020  2 15  3312.00        4.672E-08        7.678E-09        7.166E-25        2.707E-08
2020  2 16  3313.00        4.967E-08        8.161E-09        7.617E-25        2.878E-08
2020  2 16  3314.00        5.148E-08        8.459E-09        7.894E-25        2.983E-08
2020  2 16  3315.00        5.031E-08        8.266E-09        7.712E-25        2.915E-08
2020  2 16  3316.00        5.071E-08        8.333E-09        7.774E-25        2.939E-08
2020  2 16  3317.00        5.207E-08        8.556E-09        7.981E-25        3.018E-08
2020  2 16  3318.00        4.937E-08        8.112E-09        7.566E-25        2.861E-08
2020  2 16  3319.00        4.722E-08        7.758E-09        7.236E-25        2.736E-08
2020  2 16  3320.00        4.859E-08        7.983E-09        7.444E-25        2.816E-08
2020  2 16  3321.00        2.437E-07        7.840E-08        1.535E-23        3.922E-07
2020  2 16  3322.00        4.867E-07        1.662E-07        3.359E-23        8.464E-07
2020  2 16  3323.00        6.518E-07        2.255E-07        4.585E-23        1.152E-06
2020  2 16  3324.00        3.723E-07        1.230E-07        2.445E-23        6.199E-07
2020  2 16  3325.00        7.804E-07        2.708E-07        5.515E-23        1.384E-06
2020  2 16  3326.00        4.077E-07        1.344E-07        2.669E-23        6.763E-07
2020  2 16  3327.00        7.898E-07        2.731E-07        5.553E-23        1.394E-06
2020  2 16  3328.00        7.799E-07        2.684E-07        5.447E-23        1.368E-06
2020  2 16  3329.00        5.702E-07        1.917E-07        3.847E-23        9.698E-07
2020  2 16  3330.00        7.750E-08        1.294E-08        1.306E-24        4.440E-08
2020  2 16  3331.00        7.641E-08        1.276E-08        1.288E-24        4.378E-08
2020  2 16  3332.00        7.636E-08        1.275E-08        1.287E-24        4.375E-08
2020  2 16  3333.00        6.177E-08        1.032E-08        1.041E-24        3.539E-08
2020  2 16  3334.00        4.417E-08        7.376E-09        7.441E-25        2.531E-08
2020  2 16  3335.00        4.356E-08        7.273E-09        7.337E-25        2.496E-08
2020  2 16  3336.00        4.196E-08        7.007E-09        7.068E-25        2.404E-08
2020  2 17  3337.00        4.081E-08        6.815E-09        6.873E-25        2.338E-08
2020  2 17  3338.00        4.220E-08        7.047E-09        7.106E-25        2.418E-08
2020  2 17  3339.00        4.202E-08        7.016E-09        7.079E-25        2.407E-08
2020  2 17  3340.00        4.205E-08        7.022E-09        7.088E-25        2.410E-08
2020  2 17  3341.00        4.211E-08        7.031E-09        7.099E-25        2.413E-08
2020  2 17  3342.00        4.148E-08        6.926E-09        6.996E-25        2.377E-08
2020  2 17  3343.00        4.042E-08        6.749E-09        6.820E-25        2.316E-08
2020  2 17  3344.00        4.009E-08        6.695E-09        6.767E-25        2.297E-08
2020  2 17  3345.00        9.674E-08        2.702E-08       -3.567E-24        1.260E-07
2020  2 17  3346.00        2.017E-07        6.468E-08       -1.142E-23        3.167E-07
2020  2 17  3347.00        2.531E-07        8.297E-08       -1.521E-23        4.091E-07
2020  2 17  3348.00        3.087E-07        1.028E-07       -1.935E-23        5.096E-07
2020  2 17  3349.00        2.648E-07        8.589E-08       -1.551E-23        4.220E-07
2020  2 17  3350.00        2.786E-07        9.036E-08       -1.633E-23        4.439E-07
2020  2 17  3351.00        2.553E-07        8.178E-08       -1.449E-23        4.001E-07
2020  2 17  3352.00        5.633E-07        1.936E-07       -3.820E-23        9.685E-07
2020  2 17  3353.00        3.747E-07        1.268E-07       -2.450E-23        6.312E-07
2020  2 17  3354.00        4.315E-08        7.244E-09        6.011E-25        2.455E-08
2020  2 17  3355.00        4.181E-08        7.020E-09        5.828E-25        2.379E-08
2020  2 17  3356.00        4.349E-08        7.302E-09        6.065E-25        2.475E-08
2020  2 17  3357.00        4.485E-08        7.529E-09        6.256E-25        2.552E-08
2020  2 17  3358.00        4.406E-08        7.396E-09        6.148E-25        2.507E-08
2020  2 17  3359.00        4.245E-08        7.126E-09        5.926E-25        2.415E-08
2020  2 17  3360.00        4.248E-08        7.132E-09        5.934E-25        2.418E-08
2020  2 18  3361.00        4.179E-08        7.016E-09        5.839E-25        2.378E-08
2020  2 18  3362.00        4.144E-08        6.957E-09        5.793E-25        2.358E-08
2020  2 18  3363.00        4.188E-08        7.031E-09        5.854E-25        2.383E-08
2020  2 18  3364.00        3.853E-08        6.468E-09        5.385E-25        2.193E-08
2020  2 18  3365.00        3.869E-08        6.495E-09        5.406E-25        2.202E-08
2020  2 18  3366.00        3.882E-08        6.516E-09        5.424E-25        2.209E-08
2020  2 18  3367.00        3.818E-08        6.410E-09        5.335E-25        2.173E-08
2020  2 18  3368.00        3.765E-08        6.321E-09        5.260E-25        2.143E-08
2020  2 18  3369.00        2.503E-07        8.222E-08        1.654E-23        3.994E-07
2020  2 18  3370.00        4.672E-07        1.593E-07        3.275E-23        7.826E-07
2020  2 18  3371.00        2.292E-07        7.398E-08        1.472E-23        3.573E-07
2020  2 18  3372.00        3.193E-07        1.058E-07        2.140E-23        5.152E-07
2020  2 18  3373.00        5.082E-07        1.730E-07        3.557E-23        8.498E-07
2020  2 18  3374.00        5.387E-07        1.837E-07        3.779E-23        9.023E-07
2020  2 18  3375.00        5.407E-07        1.841E-07        3.784E-23        9.036E-07
2020  2 18  3376.00        5.172E-07        1.755E-07        3.603E-23        8.610E-07
2020  2 18  3377.00        4.573E-07        1.539E-07        3.144E-23        7.527E-07
2020  2 18  3378.00        4.780E-08        8.075E-09        7.206E-25        2.687E-08
2020  2 18  3379.00        4.569E-08        7.718E-09        6.887E-25        2.569E-08
2020  2 18  3380.00        4.519E-08        7.634E-09        6.812E-25        2.541E-08
2020  2 18  3381.00        4.463E-08        7.538E-09        6.725E-25        2.509E-08
2020  2 18  3382.00        4.512E-08        7.621E-09        6.799E-25        2.537E-08
2020  2 18  3383.00        4.635E-08        7.829E-09        6.984E-25        2.606E-08
2020  2 18  3384.00        4.715E-08        7.965E-09        7.104E-25        2.651E-08
2020  2 19  3385.00        4.680E-08        7.906E-09        7.051E-25        2.632E-08
2020  2 19  3386.00        4.506E-08        7.611E-09        6.788E-25        2.534E-08
2020  2 19  3387.00        4.388E-08        7.412E-09        6.611E-25        2.467E-08
2020  2 19  3388.00        3.787E-08        6.396E-09        5.706E-25        2.129E-08
2020  2 19  3389.00        3.973E-08        6.711E-09        5.987E-25        2.234E-08
2020  2 19  3390.00        3.727E-08        6.296E-09        5.617E-25        2.096E-08
2020  2 19  3391.00        3.768E-08        6.365E-09        5.680E-25        2.119E-08
2020  2 19  3392.00        3.803E-08        6.424E-09        5.733E-25        2.139E-08
2020  2 19  3393.00        2.902E-07        9.588E-08        5.722E-25        4.607E-07
2020  2 19  3394.00        2.422E-07        7.864E-08        5.846E-25        3.757E-07
2020  2 19  3395.00        3.167E-07        1.047E-07        6.098E-25        5.032E-07
2020  2 19  3396.00        4.876E-07        1.651E-07        6.239E-25        7.991E-07
2020  2 19  3397.00        5.606E-08        1.173E-08        6.408E-25        4.569E-08
2020  2 19  3398.00        7.638E-08        1.865E-08        6.629E-25        7.926E-08
2020  2 19  3399.00        1.252E-07        3.598E-08        6.602E-25        1.644E-07
2020  2 19  3400.00        1.449E-07        4.291E-08        6.655E-25        1.983E-07
2020  2 19  3401.00        1.519E-07        4.535E-08        6.643E-25        2.102E-07
2020  2 19  3402.00        4.433E-08        7.503E-09        6.404E-25        2.479E-08
2020  2 19  3403.00        4.153E-08        7.029E-09        6.000E-25        2.322E-08
2020  2 19  3404.00        4.030E-08        6.821E-09        5.824E-25        2.254E-08
2020  2 19  3405.00        4.155E-08        7.032E-09        6.004E-25        2.323E-08
2020  2 19  3406.00        4.050E-08        6.855E-09        5.854E-25        2.265E-08
2020  2 19  3407.00        4.054E-08        6.861E-09        5.860E-25        2.267E-08
2020  2 19  3408.00        4.211E-08        7.127E-09        6.088E-25        2.355E-08
2020  2 20  3409.00        4.440E-08        7.514E-09        6.419E-25        2.483E-08
2020  2 20  3410.00        4.529E-08        7.666E-09        6.550E-25        2.533E-08
2020  2 20  3411.00        4.630E-08        7.836E-09        6.696E-25        2.589E-08
2020  2 20  3412.00        4.725E-08        7.997E-09        6.835E-25        2.642E-08
2020  2 20  3413.00        4.840E-08        8.192E-09        7.003E-25        2.707E-08
2020  2 20  3414.00        4.882E-08        8.262E-09        7.064E-25        2.730E-08
2020  2 20  3415.00        4.891E-08        8.278E-09        7.078E-25        2.736E-08
2020  2 20  3416.00        4.957E-08        8.389E-09        7.175E-25        2.772E-08
2020  2 20  3417.00        1.860E-07        5.608E-08        7.364E-25        2.570E-07
2020  2 20  3418.00        3.515E-07        1.142E-07        7.374E-25        5.366E-07
2020  2 20  3419.00        5.724E-07        1.911E-07        7.819E-25        9.060E-07
2020  2 20  3420.00        1.968E-07        5.906E-08        7.819E-25        2.700E-07
2020  2 20  3421.00        6.351E-07        2.124E-07        8.241E-25        1.007E-06
2020  2 20  3422.00        3.935E-07        1.273E-07        8.313E-25        5.971E-07
2020  2 20  3423.00        4.053E-07        1.312E-07        8.444E-25        6.155E-07
2020  2 20  3424.00        5.118E-07        1.689E-07        8.182E-25        7.971E-07
2020  2 20  3425.00        3.007E-07        9.463E-08        8.125E-25        4.396E-07
2020  2 20  3426.00        1.266E-07        3.319E-08        8.305E-25        1.433E-07
2020  2 20  3427.00        6.194E-08        1.051E-08        8.253E-25        3.419E-08
2020  2 20  3428.00        5.800E-08        9.846E-09        7.730E-25        3.202E-08
2020  2 20  3429.00        5.590E-08        9.489E-09        7.451E-25        3.086E-08
2020  2 20  3430.00        4.622E-08        7.846E-09        6.162E-25        2.552E-08
2020  2 20  3431.00        4.452E-08        7.557E-09        5.936E-25        2.458E-08
2020  2 20  3432.00        4.355E-08        7.393E-09        5.807E-25        2.405E-08
2020  2 21  3433.00        4.137E-08        7.022E-09        5.517E-25        2.284E-08
2020  2 21  3434.00        4.074E-08        6.915E-09        5.434E-25        2.249E-08
2020  2 21  3435.00        4.145E-08        7.035E-09        5.529E-25        2.288E-08
2020  2 21  3436.00        4.157E-08        7.056E-09        5.546E-25        2.295E-08
2020  2 21  3437.00        4.132E-08        7.014E-09        5.513E-25        2.282E-08
2020  2 21  3438.00        4.146E-08        7.037E-09        5.532E-25        2.289E-08
2020  2 21  3439.00        3.959E-08        6.720E-09        5.283E-25        2.186E-08
2020  2 21  3440.00        3.833E-08        6.506E-09        5.116E-25        2.116E-08
2020  2 21  3441.00        3.326E-07        1.089E-07        5.301E-25        5.062E-07
2020  2 21  3442.00        2.360E-07        7.452E-08        5.761E-25        3.424E-07
2020  2 21  3443.00        3.185E-07        1.024E-07        6.359E-25        4.736E-07
2020  2 21  3444.00        3.786E-07        1.225E-07        6.935E-25        5.676E-07
2020  2 21  3445.00        3.243E-07        1.033E-07        7.123E-25        4.757E-07
2020  2 21  3446.00        6.375E-07        2.122E-07        7.285E-25        9.918E-07
2020  2 21  3447.00        6.999E-07        2.331E-07        7.765E-25        1.090E-06
2020  2 21  3448.00        6.730E-07        2.236E-07        7.781E-25        1.044E-06
2020  2 21  3449.00        5.178E-07        1.696E-07        7.552E-25        7.884E-07
2020  2 21  3450.00        6.154E-08        1.084E-08        7.257E-25        3.580E-08
2020  2 21  3451.00        5.784E-08        9.840E-09        7.061E-25        3.146E-08
2020  2 21  3452.00        5.743E-08        9.771E-09        7.012E-25        3.124E-08
2020  2 21  3453.00        5.618E-08        9.558E-09        6.861E-25        3.056E-08
2020  2 21  3454.00        5.532E-08        9.412E-09        6.757E-25        3.009E-08
2020  2 21  3455.00        5.512E-08        9.378E-09        6.734E-25        2.998E-08
2020  2 21  3456.00        5.398E-08        9.184E-09        6.595E-25        2.936E-08
2020  2 22  3457.00        5.281E-08        8.984E-09        6.453E-25        2.873E-08
2020  2 22  3458.00        5.328E-08        9.064E-09        6.511E-25        2.898E-08
2020  2 22  3459.00        5.357E-08        9.113E-09        6.545E-25        2.914E-08
2020  2 22  3460.00        5.286E-08        8.993E-09        6.458E-25        2.876E-08
2020  2 22  3461.00        5.508E-08        9.370E-09        6.728E-25        2.996E-08
2020  2 22  3462.00        5.759E-08        9.797E-09        7.033E-25        3.133E-08
2020  2 22  3463.00        5.871E-08        9.988E-09        7.169E-25        3.194E-08
2020  2 22  3464.00        5.948E-08        1.012E-08        7.262E-25        3.236E-08
2020  2 22  3465.00        4.845E-07        1.563E-07        3.230E-23        7.105E-07
2020  2 22  3466.00        6.910E-07        2.265E-07        4.734E-23        1.035E-06
2020  2 22  3467.00        7.626E-07        2.505E-07        5.246E-23        1.145E-06
2020  2 22  3468.00        7.622E-07        2.496E-07        5.216E-23        1.139E-06
2020  2 22  3469.00        7.566E-07        2.479E-07        5.185E-23        1.132E-06
2020  2 22  3470.00        8.041E-07        2.644E-07        5.544E-23        1.209E-06
2020  2 22  3471.00        1.874E-07        5.200E-08        9.538E-24        2.228E-07
2020  2 22  3472.00        4.656E-07        1.482E-07        3.040E-23        6.700E-07
2020  2 22  3473.00        3.447E-07        1.065E-07        2.139E-23        4.763E-07
2020  2 22  3474.00        3.243E-07        9.939E-08        1.983E-23        4.429E-07
2020  2 22  3475.00        7.343E-08        1.251E-08        9.920E-25        3.914E-08
2020  2 22  3476.00        7.496E-08        1.277E-08        1.012E-24        3.996E-08
2020  2 22  3477.00        7.589E-08        1.293E-08        1.025E-24        4.045E-08
2020  2 22  3478.00        7.600E-08        1.295E-08        1.026E-24        4.052E-08
2020  2 22  3479.00        7.602E-08        1.295E-08        1.026E-24        4.053E-08
2020  2 22  3480.00        7.574E-08        1.290E-08        1.022E-24        4.038E-08
2020  2 23  3481.00        7.615E-08        1.297E-08        1.028E-24        4.060E-08
2020  2 23  3482.00        7.258E-08        1.237E-08        9.794E-25        3.870E-08
2020  2 23  3483.00        7.254E-08        1.236E-08        9.791E-25        3.868E-08
2020  2 23  3484.00        7.270E-08        1.239E-08        9.815E-25        3.877E-08
2020  2 23  3485.00        7.134E-08        1.215E-08        9.633E-25        3.804E-08
2020  2 23  3486.00        7.140E-08        1.217E-08        9.643E-25        3.808E-08
2020  2 23  3487.00        7.065E-08        1.204E-08        9.543E-25        3.768E-08
2020  2 23  3488.00        7.436E-08        1.267E-08        1.005E-24        3.966E-08
2020  2 23  3489.00        9.543E-08        1.866E-08        1.099E-24        6.508E-08
2020  2 23  3490.00        4.812E-07        1.495E-07        1.142E-24        6.558E-07
2020  2 23  3491.00        5.772E-07        1.815E-07        1.181E-24        7.997E-07
2020  2 23  3492.00        7.167E-07        2.289E-07        1.180E-24        1.014E-06
2020  2 23  3493.00        8.255E-07        2.662E-07        1.150E-24        1.182E-06
2020  2 23  3494.00        8.289E-07        2.664E-07        1.201E-24        1.182E-06
2020  2 23  3495.00        2.292E-07        6.197E-08        1.201E-24        2.571E-07
2020  2 23  3496.00        4.839E-07        1.492E-07        1.161E-24        6.521E-07
2020  2 23  3497.00        4.770E-07        1.464E-07        1.184E-24        6.388E-07
2020  2 23  3498.00        4.717E-07        1.446E-07        1.172E-24        6.308E-07
2020  2 23  3499.00        7.657E-08        1.304E-08        9.487E-25        4.008E-08
2020  2 23  3500.00        7.288E-08        1.242E-08        9.031E-25        3.815E-08
2020  2 23  3501.00        7.239E-08        1.233E-08        8.972E-25        3.790E-08
2020  2 23  3502.00        6.943E-08        1.183E-08        8.606E-25        3.635E-08
2020  2 23  3503.00        6.724E-08        1.146E-08        8.336E-25        3.520E-08
2020  2 23  3504.00        6.555E-08        1.117E-08        8.128E-25        3.432E-08
2020  2 24  3505.00        6.138E-08        1.046E-08        7.613E-25        3.214E-08
2020  2 24  3506.00        5.774E-08        9.837E-09        7.162E-25        3.024E-08
2020  2 24  3507.00        5.612E-08        9.561E-09        6.962E-25        2.939E-08
2020  2 24  3508.00        5.757E-08        9.808E-09        7.142E-25        3.015E-08
2020  2 24  3509.00        5.669E-08        9.658E-09        7.034E-25        2.969E-08
2020  2 24  3510.00        5.509E-08        9.386E-09        6.837E-25        2.885E-08
2020  2 24  3511.00        5.648E-08        9.622E-09        7.010E-25        2.958E-08
2020  2 24  3512.00        5.750E-08        9.796E-09        7.138E-25        3.011E-08
2020  2 24  3513.00        1.872E-07        5.321E-08        7.392E-25        2.221E-07
2020  2 24  3514.00        3.761E-07        1.170E-07        7.305E-25        5.050E-07
2020  2 24  3515.00        4.482E-07        1.412E-07        7.298E-25        6.125E-07
2020  2 24  3516.00        5.667E-07        1.808E-07        7.597E-25        7.869E-07
2020  2 24  3517.00        2.368E-07        6.718E-08        9.195E-25        2.801E-07
2020  2 24  3518.00        9.529E-07        3.056E-07        1.137E-24        1.333E-06
2020  2 24  3519.00        1.071E-06        3.438E-07        1.248E-24        1.499E-06
2020  2 24  3520.00        6.719E-07        2.093E-07        1.205E-24        9.035E-07
2020  2 24  3521.00        5.463E-07        1.675E-07        1.155E-24        7.187E-07
2020  2 24  3522.00        6.383E-07        1.983E-07        1.161E-24        8.550E-07
2020  2 24  3523.00        1.016E-07        1.729E-08        1.152E-24        5.210E-08
2020  2 24  3524.00        9.892E-08        1.684E-08        1.122E-24        5.075E-08
2020  2 24  3525.00        9.455E-08        1.609E-08        1.073E-24        4.851E-08
2020  2 24  3526.00        9.631E-08        1.639E-08        1.093E-24        4.942E-08
2020  2 24  3527.00        9.700E-08        1.651E-08        1.101E-24        4.977E-08
2020  2 24  3528.00        9.688E-08        1.649E-08        1.100E-24        4.971E-08
2020  2 25  3529.00        9.666E-08        1.645E-08        1.098E-24        4.960E-08
2020  2 25  3530.00        9.514E-08        1.619E-08        1.081E-24        4.883E-08
2020  2 25  3531.00        9.559E-08        1.627E-08        1.086E-24        4.906E-08
2020  2 25  3532.00        9.186E-08        1.564E-08        1.044E-24        4.715E-08
2020  2 25  3533.00        8.909E-08        1.516E-08        1.013E-24        4.573E-08
2020  2 25  3534.00        8.435E-08        1.436E-08        9.589E-25        4.330E-08
2020  2 25  3535.00        8.032E-08        1.367E-08        9.132E-25        4.123E-08
2020  2 25  3536.00        4.257E-07        1.295E-07        8.787E-25        5.462E-07
2020  2 25  3537.00        5.734E-07        1.792E-07        8.526E-25        7.626E-07
2020  2 25  3538.00        8.185E-07        2.607E-07        8.718E-25        1.117E-06
2020  2 25  3539.00        4.500E-07        1.365E-07        9.324E-25        5.747E-07
2020  2 25  3540.00        9.481E-07        3.031E-07        9.167E-25        1.300E-06
2020  2 25  3541.00        6.579E-07        2.051E-07        9.693E-25        8.718E-07
2020  2 25  3542.00        6.548E-07        2.037E-07        9.808E-25        8.653E-07
2020  2 25  3543.00        9.989E-07        3.187E-07        9.686E-25        1.366E-06
2020  2 25  3544.00        9.978E-07        3.180E-07        9.757E-25        1.362E-06
2020  2 25  3545.00        1.659E-07        4.227E-08        8.273E-25        1.649E-07
2020  2 25  3546.00        5.261E-07        1.635E-07        7.690E-25        6.938E-07
2020  2 25  3547.00        6.886E-08        1.170E-08        7.044E-25        3.446E-08
2020  2 25  3548.00        6.660E-08        1.132E-08        6.814E-25        3.333E-08
2020  2 25  3549.00        6.925E-08        1.177E-08        7.086E-25        3.466E-08
2020  2 25  3550.00        7.031E-08        1.195E-08        7.195E-25        3.519E-08
2020  2 25  3551.00        7.049E-08        1.198E-08        7.215E-25        3.528E-08
2020  2 25  3552.00        6.918E-08        1.175E-08        7.081E-25        3.463E-08
2020  2 26  3553.00        6.649E-08        1.130E-08        6.807E-25        3.328E-08
2020  2 26  3554.00        6.650E-08        1.130E-08        6.809E-25        3.329E-08
2020  2 26  3555.00        6.615E-08        1.124E-08        0.000E+00        3.311E-08
2020  2 26  3556.00        6.541E-08        1.111E-08        0.000E+00        3.275E-08
2020  2 26  3557.00        6.572E-08        1.117E-08        0.000E+00        3.290E-08
2020  2 26  3558.00        6.555E-08        1.114E-08        0.000E+00        3.282E-08
2020  2 26  3559.00        6.078E-08        1.033E-08        0.000E+00        3.043E-08
2020  2 26  3560.00        5.548E-08        9.426E-09        0.000E+00        2.777E-08
2020  2 26  3561.00        2.097E-07        6.090E-08        6.196E-11        2.489E-07
2020  2 26  3562.00        1.578E-07        4.332E-08        4.050E-11        1.730E-07
2020  2 26  3563.00        4.529E-07        1.416E-07        1.585E-10        5.948E-07
2020  2 26  3564.00        4.041E-07        1.247E-07        1.376E-10        5.217E-07
2020  2 26  3565.00        5.623E-07        1.774E-07        2.010E-10        7.479E-07
2020  2 26  3566.00        3.577E-07        1.086E-07        1.176E-10        4.515E-07
2020  2 26  3567.00        6.245E-07        1.975E-07        2.243E-10        8.328E-07
2020  2 26  3568.00        6.947E-07        2.204E-07        2.514E-10        9.306E-07
2020  2 26  3569.00        4.921E-07        1.530E-07        1.706E-10        6.411E-07
2020  2 26  3570.00        2.001E-07        5.575E-08        5.382E-11        2.237E-07
2020  2 26  3571.00        6.578E-08        1.117E-08        4.694E-13        3.251E-08
2020  2 26  3572.00        6.428E-08        1.091E-08        4.578E-13        3.177E-08
2020  2 26  3573.00        6.474E-08        1.099E-08        4.601E-13        3.200E-08
2020  2 26  3574.00        6.507E-08        1.105E-08        4.615E-13        3.216E-08
2020  2 26  3575.00        6.448E-08        1.095E-08        4.563E-13        3.187E-08
2020  2 26  3576.00        6.049E-08        1.027E-08        4.272E-13        2.990E-08
2020  2 27  3577.00        6.227E-08        1.057E-08        4.389E-13        3.078E-08
2020  2 27  3578.00        6.402E-08        1.087E-08        4.503E-13        3.164E-08
2020  2 27  3579.00        6.381E-08        1.083E-08        4.464E-13        3.154E-08
2020  2 27  3580.00        6.219E-08        1.056E-08        4.326E-13        3.074E-08
2020  2 27  3581.00        6.199E-08        1.052E-08        4.289E-13        3.064E-08
2020  2 27  3582.00        6.179E-08        1.049E-08        4.252E-13        3.054E-08
2020  2 27  3583.00        6.144E-08        1.043E-08        4.205E-13        3.037E-08
2020  2 27  3584.00        6.274E-08        1.065E-08        4.271E-13        3.102E-08
2020  2 27  3585.00        3.239E-07        9.778E-08        2.667E-10        4.000E-07
2020  2 27  3586.00        2.041E-07        5.713E-08        1.404E-10        2.269E-07
2020  2 27  3587.00        5.511E-07        1.730E-07        4.947E-10        7.176E-07
2020  2 27  3588.00        5.504E-07        1.728E-07        4.945E-10        7.168E-07
2020  2 27  3589.00        2.271E-07        6.481E-08        1.643E-10        2.593E-07
2020  2 27  3590.00        4.266E-07        1.322E-07        3.726E-10        5.456E-07
2020  2 27  3591.00        1.225E-07        3.073E-08        6.283E-11        1.161E-07
2020  2 27  3592.00        2.490E-07        7.358E-08        1.957E-10        2.984E-07
2020  2 27  3593.00        2.061E-07        5.960E-08        1.542E-10        2.397E-07
2020  2 27  3594.00        2.592E-07        7.727E-08        2.080E-10        3.144E-07
2020  2 27  3595.00        5.550E-08        9.417E-09        1.050E-12        2.720E-08
2020  2 27  3596.00        5.536E-08        9.393E-09        1.046E-12        2.713E-08
2020  2 27  3597.00        5.605E-08        9.510E-09        1.057E-12        2.747E-08
2020  2 27  3598.00        5.928E-08        1.006E-08        1.116E-12        2.905E-08
2020  2 27  3599.00        6.119E-08        1.038E-08        1.150E-12        2.999E-08
2020  2 27  3600.00        6.189E-08        1.050E-08        1.161E-12        3.033E-08
2020  2 28  3601.00        6.240E-08        1.059E-08        1.169E-12        3.058E-08
2020  2 28  3602.00        6.250E-08        1.061E-08        1.168E-12        3.063E-08
2020  2 28  3603.00        6.365E-08        1.080E-08        1.186E-12        3.120E-08
2020  2 28  3604.00        6.240E-08        1.059E-08        1.158E-12        3.059E-08
2020  2 28  3605.00        6.177E-08        1.048E-08        1.142E-12        3.028E-08
2020  2 28  3606.00        5.987E-08        1.016E-08        1.103E-12        2.934E-08
2020  2 28  3607.00        5.883E-08        9.983E-09        1.081E-12        2.884E-08
2020  2 28  3608.00        3.389E-07        1.039E-07        5.175E-10        4.200E-07
2020  2 28  3609.00        4.174E-07        1.299E-07        6.589E-10        5.279E-07
2020  2 28  3610.00        5.827E-07        1.847E-07        9.569E-10        7.553E-07
2020  2 28  3611.00        4.986E-07        1.553E-07        7.883E-10        6.308E-07
2020  2 28  3612.00        8.778E-08        1.597E-08        1.456E-11        4.870E-08
2020  2 28  3613.00        1.096E-07        2.279E-08        4.936E-11        7.644E-08
2020  2 28  3614.00        1.336E-07        3.042E-08        8.911E-11        1.077E-07
2020  2 28  3615.00        1.459E-07        3.445E-08        1.107E-10        1.243E-07
2020  2 28  3616.00        1.886E-07        4.934E-08        1.957E-10        1.870E-07
2020  2 28  3617.00        1.624E-07        4.062E-08        1.482E-10        1.508E-07
2020  2 28  3618.00        1.553E-07        3.800E-08        1.325E-10        1.395E-07
2020  2 28  3619.00        8.309E-08        1.410E-08        2.909E-12        4.045E-08
2020  2 28  3620.00        7.825E-08        1.327E-08        2.733E-12        3.809E-08
2020  2 28  3621.00        7.700E-08        1.306E-08        2.684E-12        3.748E-08
2020  2 28  3622.00        8.192E-08        1.390E-08        2.849E-12        3.988E-08
2020  2 28  3623.00        8.855E-08        1.502E-08        3.072E-12        4.311E-08
2020  2 28  3624.00        9.391E-08        1.593E-08        3.250E-12        4.572E-08
2020  2 29  3625.00        9.341E-08        1.584E-08        3.224E-12        4.547E-08
2020  2 29  3626.00        1.022E-07        1.734E-08        3.518E-12        4.976E-08
2020  2 29  3627.00        1.021E-07        1.732E-08        3.494E-12        4.970E-08
2020  2 29  3628.00        1.082E-07        1.836E-08        3.684E-12        5.271E-08
2020  2 29  3629.00        1.107E-07        1.877E-08        3.742E-12        5.388E-08
2020  2 29  3630.00        1.091E-07        1.851E-08        3.667E-12        5.313E-08
2020  2 29  3631.00        1.088E-07        1.845E-08        3.632E-12        5.296E-08
2020  2 29  3632.00        6.727E-07        2.114E-07        2.000E-09        8.325E-07
2020  2 29  3633.00        3.537E-07        1.021E-07        8.684E-10        3.906E-07
2020  2 29  3634.00        5.248E-07        1.588E-07        1.437E-09        6.175E-07
2020  2 29  3635.00        2.729E-07        7.213E-08        5.367E-10        2.667E-07
2020  2 29  3636.00        7.016E-07        2.155E-07        1.987E-09        8.420E-07
2020  2 29  3637.00        4.277E-07        1.214E-07        1.012E-09        4.614E-07
2020  2 29  3638.00        4.714E-07        1.345E-07        1.130E-09        5.120E-07
2020  2 29  3639.00        4.678E-07        1.327E-07        1.106E-09        5.038E-07
2020  2 29  3640.00        3.014E-07        8.392E-08        6.816E-10        3.164E-07
2020  2 29  3641.00        8.827E-07        2.819E-07        2.721E-09        1.115E-06
2020  2 29  3642.00        3.042E-07        8.655E-08        7.263E-10        3.288E-07
2020  2 29  3643.00        9.394E-08        1.593E-08        8.897E-12        4.507E-08
2020  2 29  3644.00        8.957E-08        1.519E-08        8.468E-12        4.297E-08
2020  2 29  3645.00        8.835E-08        1.499E-08        8.340E-12        4.239E-08
2020  2 29  3646.00        8.914E-08        1.512E-08        8.400E-12        4.277E-08
2020  2 29  3647.00        9.160E-08        1.554E-08        8.618E-12        4.395E-08
2020  2 29  3648.00        8.192E-08        1.390E-08        7.694E-12        3.931E-08
2020  3  1  3649.00        8.833E-08        1.498E-08        8.284E-12        4.239E-08
2020  3  1  3650.00        8.900E-08        1.510E-08        8.333E-12        4.271E-08
2020  3  1  3651.00        8.803E-08        1.493E-08        8.224E-12        4.225E-08
2020  3  1  3652.00        8.928E-08        1.514E-08        8.321E-12        4.285E-08
2020  3  1  3653.00        9.036E-08        1.533E-08        8.402E-12        4.337E-08
2020  3  1  3654.00        9.256E-08        1.570E-08        8.586E-12        4.443E-08
2020  3  1  3655.00        9.219E-08        1.564E-08        8.531E-12        4.425E-08
2020  3  1  3656.00        1.918E-07        5.024E-08        4.998E-10        1.807E-07
2020  3  1  3657.00        6.251E-07        1.978E-07        2.557E-09        7.597E-07
2020  3  1  3658.00        3.707E-07        1.098E-07        1.314E-09        4.130E-07
2020  3  1  3659.00        7.526E-07        2.397E-07        3.122E-09        9.222E-07
2020  3  1  3660.00        5.656E-07        1.741E-07        2.183E-09        6.626E-07
2020  3  1  3661.00        6.273E-07        1.939E-07        2.443E-09        7.385E-07
2020  3  1  3662.00        6.292E-07        1.939E-07        2.435E-09        7.377E-07
2020  3  1  3663.00        5.405E-07        1.637E-07        2.018E-09        6.196E-07
2020  3  1  3664.00        4.015E-07        1.160E-07        1.350E-09        4.319E-07
2020  3  1  3665.00        2.283E-07        5.726E-08        5.342E-10        2.016E-07
2020  3  1  3666.00        7.209E-07        2.266E-07        2.915E-09        8.677E-07
2020  3  1  3667.00        1.011E-07        1.715E-08        1.788E-11        4.773E-08
2020  3  1  3668.00        9.239E-08        1.568E-08        1.633E-11        4.364E-08
2020  3  1  3669.00        8.923E-08        1.514E-08        1.575E-11        4.215E-08
2020  3  1  3670.00        8.438E-08        1.432E-08        1.488E-11        3.986E-08
2020  3  1  3671.00        8.318E-08        1.411E-08        1.465E-11        3.930E-08
2020  3  1  3672.00        8.664E-08        1.470E-08        1.525E-11        4.093E-08
2020  3  2  3673.00        8.848E-08        1.501E-08        1.555E-11        4.180E-08
2020  3  2  3674.00        8.658E-08        1.469E-08        1.520E-11        4.091E-08
2020  3  2  3675.00        8.470E-08        1.437E-08        1.485E-11        4.002E-08
2020  3  2  3676.00        8.186E-08        1.389E-08        1.434E-11        3.868E-08
2020  3  2  3677.00        8.183E-08        1.388E-08        1.431E-11        3.867E-08
2020  3  2  3678.00        7.665E-08        1.301E-08        1.339E-11        3.622E-08
2020  3  2  3679.00        7.622E-08        1.293E-08        1.330E-11        3.602E-08
2020  3  2  3680.00        8.033E-08        1.363E-08        1.400E-11        3.797E-08
2020  3  2  3681.00        4.496E-07        1.395E-07        2.165E-09        5.199E-07
2020  3  2  3682.00        7.535E-07        2.426E-07        3.919E-09        9.139E-07
2020  3  2  3683.00        9.143E-07        2.969E-07        4.838E-09        1.121E-06
2020  3  2  3684.00        6.125E-07        1.920E-07        3.016E-09        7.171E-07
2020  3  2  3685.00        1.182E-07        2.007E-08        2.673E-11        5.540E-08
2020  3  2  3686.00        1.229E-07        2.086E-08        2.775E-11        5.759E-08
2020  3  2  3687.00        1.223E-07        2.076E-08        2.758E-11        5.732E-08
2020  3  2  3688.00        1.225E-07        2.079E-08        2.758E-11        5.741E-08
2020  3  2  3689.00        4.603E-07        1.378E-07        2.055E-09        5.071E-07
2020  3  2  3690.00        1.812E-07        4.320E-08        4.485E-10        1.456E-07
2020  3  2  3691.00        1.038E-07        1.763E-08        2.428E-11        4.860E-08
2020  3  2  3692.00        1.025E-07        1.741E-08        2.394E-11        4.800E-08
2020  3  2  3693.00        9.875E-08        1.676E-08        2.303E-11        4.623E-08
2020  3  2  3694.00        9.677E-08        1.643E-08        2.255E-11        4.530E-08
2020  3  2  3695.00        9.480E-08        1.609E-08        2.206E-11        4.438E-08
2020  3  2  3696.00        9.462E-08        1.606E-08        2.200E-11        4.430E-08
2020  3  3  3697.00        9.237E-08        1.568E-08        2.145E-11        4.325E-08
2020  3  3  3698.00        8.866E-08        1.505E-08        2.057E-11        4.151E-08
2020  3  3  3699.00        8.492E-08        1.442E-08        1.968E-11        3.976E-08
2020  3  3  3700.00        8.371E-08        1.421E-08        1.938E-11        3.920E-08
2020  3  3  3701.00        8.458E-08        1.436E-08        1.955E-11        3.960E-08
2020  3  3  3702.00        8.268E-08        1.403E-08        1.910E-11        3.872E-08
2020  3  3  3703.00        8.027E-08        1.363E-08        1.852E-11        3.759E-08
2020  3  3  3704.00        2.381E-07        6.817E-08        1.102E-09        2.429E-07
2020  3  3  3705.00        3.352E-07        1.010E-07        1.743E-09        3.659E-07
2020  3  3  3706.00        5.060E-07        1.589E-07        2.874E-09        5.828E-07
2020  3  3  3707.00        6.164E-07        1.959E-07        3.588E-09        7.207E-07
2020  3  3  3708.00        9.822E-08        1.668E-08        2.592E-11        4.577E-08
2020  3  3  3709.00        1.054E-07        1.790E-08        2.780E-11        4.914E-08
2020  3  3  3710.00        1.083E-07        1.838E-08        2.851E-11        5.046E-08
2020  3  3  3711.00        1.093E-07        1.856E-08        2.875E-11        5.095E-08
2020  3  3  3712.00        1.116E-07        1.895E-08        2.931E-11        5.201E-08
2020  3  3  3713.00        5.602E-07        1.762E-07        3.192E-09        6.462E-07
2020  3  3  3714.00        3.419E-07        1.013E-07        1.714E-09        3.645E-07
2020  3  3  3715.00        9.430E-08        1.601E-08        2.636E-11        4.385E-08
2020  3  3  3716.00        9.228E-08        1.567E-08        2.577E-11        4.291E-08
2020  3  3  3717.00        8.984E-08        1.526E-08        2.507E-11        4.178E-08
2020  3  3  3718.00        8.548E-08        1.452E-08        2.383E-11        3.975E-08
2020  3  3  3719.00        8.509E-08        1.445E-08        2.370E-11        3.957E-08
2020  3  3  3720.00        8.663E-08        1.471E-08        2.411E-11        4.029E-08
2020  3  4  3721.00        8.773E-08        1.490E-08        2.439E-11        4.080E-08
2020  3  4  3722.00        8.697E-08        1.477E-08        2.416E-11        4.045E-08
2020  3  4  3723.00        8.692E-08        1.476E-08        2.412E-11        4.043E-08
2020  3  4  3724.00        8.973E-08        1.524E-08        2.487E-11        4.174E-08
2020  3  4  3725.00        9.031E-08        1.533E-08        2.500E-11        4.201E-08
2020  3  4  3726.00        9.258E-08        1.572E-08        2.560E-11        4.307E-08
2020  3  4  3727.00        9.464E-08        1.607E-08        2.614E-11        4.403E-08
2020  3  4  3728.00        7.448E-07        2.418E-07        5.220E-09        8.744E-07
2020  3  4  3729.00        8.271E-07        2.698E-07        5.851E-09        9.764E-07
2020  3  4  3730.00        1.017E-06        3.346E-07        7.320E-09        1.214E-06
2020  3  4  3731.00        7.100E-07        2.265E-07        4.807E-09        8.145E-07
2020  3  4  3732.00        7.992E-07        2.558E-07        5.452E-09        9.209E-07
2020  3  4  3733.00        1.300E-07        2.210E-08        4.864E-11        5.972E-08
2020  3  4  3734.00        1.299E-07        2.207E-08        4.852E-11        5.965E-08
2020  3  4  3735.00        1.130E-06        3.711E-07        8.110E-09        1.345E-06
2020  3  4  3736.00        3.600E-07        1.037E-07        1.964E-09        3.613E-07
2020  3  4  3737.00        8.767E-07        2.830E-07        6.085E-09        1.020E-06
2020  3  4  3738.00        6.437E-07        2.016E-07        4.208E-09        7.208E-07
2020  3  4  3739.00        1.118E-07        1.901E-08        4.898E-11        5.091E-08
2020  3  4  3740.00        1.021E-07        1.736E-08        4.468E-11        4.649E-08
2020  3  4  3741.00        9.736E-08        1.656E-08        4.259E-11        4.434E-08
2020  3  4  3742.00        9.521E-08        1.619E-08        4.162E-11        4.337E-08
2020  3  4  3743.00        9.523E-08        1.619E-08        4.160E-11        4.338E-08
2020  3  4  3744.00        1.023E-07        1.740E-08        4.466E-11        4.660E-08
2020  3  5  3745.00        9.873E-08        1.679E-08        4.307E-11        4.498E-08
2020  3  5  3746.00        9.713E-08        1.652E-08        4.234E-11        4.425E-08
2020  3  5  3747.00        9.614E-08        1.635E-08        4.188E-11        4.380E-08
2020  3  5  3748.00        9.576E-08        1.628E-08        4.168E-11        4.363E-08
2020  3  5  3749.00        9.483E-08        1.612E-08        4.124E-11        4.320E-08
2020  3  5  3750.00        9.416E-08        1.601E-08        4.092E-11        4.290E-08
2020  3  5  3751.00        9.473E-08        1.611E-08        4.114E-11        4.317E-08
2020  3  5  3752.00        5.747E-07        1.831E-07        4.363E-09        6.438E-07
2020  3  5  3753.00        5.788E-07        1.838E-07        4.369E-09        6.458E-07
2020  3  5  3754.00        8.568E-07        2.797E-07        6.832E-09        9.898E-07
2020  3  5  3755.00        4.595E-07        1.403E-07        3.200E-09        4.871E-07
2020  3  5  3756.00        1.026E-06        3.372E-07        8.295E-09        1.195E-06
2020  3  5  3757.00        9.106E-07        2.967E-07        7.241E-09        1.049E-06
2020  3  5  3758.00        9.424E-07        3.072E-07        7.499E-09        1.086E-06
2020  3  5  3759.00        9.309E-07        3.033E-07        7.404E-09        1.072E-06
2020  3  5  3760.00        8.903E-07        2.891E-07        7.041E-09        1.021E-06
2020  3  5  3761.00        5.763E-07        1.795E-07        4.195E-09        6.259E-07
2020  3  5  3762.00        1.743E-07        3.977E-08        5.837E-10        1.235E-07
2020  3  5  3763.00        1.158E-07        1.973E-08        7.111E-11        5.163E-08
2020  3  5  3764.00        1.142E-07        1.945E-08        7.005E-11        5.090E-08
2020  3  5  3765.00        1.128E-07        1.921E-08        6.918E-11        5.030E-08
2020  3  5  3766.00        1.128E-07        1.921E-08        6.911E-11        5.027E-08
2020  3  5  3767.00        1.135E-07        1.934E-08        6.954E-11        5.062E-08
2020  3  5  3768.00        1.136E-07        1.935E-08        6.954E-11        5.065E-08
2020  3  6  3769.00        1.135E-07        1.933E-08        6.944E-11        5.061E-08
2020  3  6  3770.00        1.136E-07        1.934E-08        6.944E-11        5.064E-08
2020  3  6  3771.00        1.135E-07        1.933E-08        6.936E-11        5.062E-08
2020  3  6  3772.00        1.131E-07        1.927E-08        6.909E-11        5.045E-08
2020  3  6  3773.00        1.102E-07        1.876E-08        6.724E-11        4.914E-08
2020  3  6  3774.00        1.059E-07        1.803E-08        6.458E-11        4.723E-08
2020  3  6  3775.00        1.027E-07        1.750E-08        6.262E-11        4.582E-08
2020  3  6  3776.00        9.977E-08        1.699E-08        6.078E-11        4.450E-08
2020  3  6  3777.00        1.117E-07        2.130E-08        1.876E-10        5.981E-08
2020  3  6  3778.00        4.308E-07        1.325E-07        3.370E-09        4.514E-07
2020  3  6  3779.00        6.578E-07        2.115E-07        5.624E-09        7.291E-07
2020  3  6  3780.00        7.256E-07        2.346E-07        6.274E-09        8.099E-07
2020  3  6  3781.00        7.583E-07        2.455E-07        6.576E-09        8.477E-07
2020  3  6  3782.00        8.483E-07        2.763E-07        7.446E-09        9.556E-07
2020  3  6  3783.00        4.148E-07        1.232E-07        3.024E-09        4.150E-07
2020  3  6  3784.00        8.517E-07        2.755E-07        7.381E-09        9.509E-07
2020  3  6  3785.00        7.110E-07        2.253E-07        5.920E-09        7.731E-07
2020  3  6  3786.00        2.440E-07        6.341E-08        1.310E-09        2.037E-07
2020  3  6  3787.00        1.171E-07        1.997E-08        8.611E-11        5.150E-08
2020  3  6  3788.00        1.135E-07        1.936E-08        8.341E-11        4.991E-08
2020  3  6  3789.00        1.115E-07        1.902E-08        8.193E-11        4.905E-08
2020  3  6  3790.00        1.083E-07        1.846E-08        7.947E-11        4.761E-08
2020  3  6  3791.00        1.082E-07        1.845E-08        7.940E-11        4.759E-08
2020  3  6  3792.00        1.106E-07        1.886E-08        8.113E-11        4.865E-08
2020  3  7  3793.00        1.126E-07        1.920E-08        8.255E-11        4.953E-08
2020  3  7  3794.00        1.092E-07        1.862E-08        8.002E-11        4.804E-08
2020  3  7  3795.00        1.083E-07        1.847E-08        7.933E-11        4.765E-08
2020  3  7  3796.00        1.037E-07        1.768E-08        7.589E-11        4.561E-08
2020  3  7  3797.00        1.051E-07        1.792E-08        7.687E-11        4.623E-08
2020  3  7  3798.00        1.035E-07        1.765E-08        7.568E-11        4.554E-08
2020  3  7  3799.00        1.028E-07        1.753E-08        7.514E-11        4.524E-08
2020  3  7  3800.00        1.032E-07        1.761E-08        7.540E-11        4.542E-08
2020  3  7  3801.00        1.058E-07        1.804E-08        7.723E-11        4.655E-08
2020  3  7  3802.00        1.144E-07        1.950E-08        8.344E-11        5.032E-08
2020  3  7  3803.00        1.226E-07        2.091E-08        8.939E-11        5.394E-08
2020  3  7  3804.00        1.296E-07        2.209E-08        9.441E-11        5.701E-08
2020  3  7  3805.00        1.337E-07        2.280E-08        9.736E-11        5.883E-08
2020  3  7  3806.00        1.408E-07        2.401E-08        1.025E-10        6.197E-08
2020  3  7  3807.00        1.471E-07        2.509E-08        1.070E-10        6.475E-08
2020  3  7  3808.00        1.499E-07        2.556E-08        1.089E-10        6.596E-08
2020  3  7  3809.00        1.465E-07        2.498E-08        1.064E-10        6.448E-08
2020  3  7  3810.00        1.438E-07        2.451E-08        1.043E-10        6.328E-08
2020  3  7  3811.00        1.407E-07        2.399E-08        1.020E-10        6.193E-08
2020  3  7  3812.00        1.369E-07        2.334E-08        9.914E-11        6.025E-08
2020  3  7  3813.00        1.360E-07        2.319E-08        9.844E-11        5.987E-08
2020  3  7  3814.00        1.366E-07        2.329E-08        9.880E-11        6.013E-08
2020  3  7  3815.00        1.369E-07        2.334E-08        9.895E-11        6.027E-08
2020  3  7  3816.00        1.374E-07        2.343E-08        9.924E-11        6.049E-08
2020  3  8  3817.00        1.376E-07        2.345E-08        9.929E-11        6.057E-08
2020  3  8  3818.00        1.361E-07        2.320E-08        9.814E-11        5.992E-08
2020  3  8  3819.00        1.365E-07        2.328E-08        9.838E-11        6.012E-08
2020  3  8  3820.00        1.317E-07        2.246E-08        9.486E-11        5.802E-08
2020  3  8  3821.00        1.289E-07        2.198E-08        9.276E-11        5.678E-08
2020  3  8  3822.00        1.267E-07        2.161E-08        9.110E-11        5.582E-08
2020  3  8  3823.00        1.311E-07        2.235E-08        9.416E-11        5.774E-08
2020  3  8  3824.00        1.384E-07        2.360E-08        9.933E-11        6.096E-08
2020  3  8  3825.00        1.452E-07        2.584E-08        1.764E-10        6.831E-08
2020  3  8  3826.00        2.229E-07        5.074E-08        1.007E-09        1.492E-07
2020  3  8  3827.00        2.251E-07        4.872E-08        8.501E-10        1.406E-07
2020  3  8  3828.00        3.370E-07        8.782E-08        2.262E-09        2.700E-07
2020  3  8  3829.00        3.705E-07        9.881E-08        2.638E-09        3.059E-07
2020  3  8  3830.00        4.186E-07        1.160E-07        3.272E-09        3.631E-07
2020  3  8  3831.00        4.152E-07        1.153E-07        3.262E-09        3.609E-07
2020  3  8  3832.00        4.094E-07        1.141E-07        3.245E-09        3.575E-07
2020  3  8  3833.00        3.438E-07        9.192E-08        2.468E-09        2.845E-07
2020  3  8  3834.00        2.600E-07        6.233E-08        1.391E-09        1.862E-07
2020  3  8  3835.00        1.586E-07        2.705E-08        1.222E-10        6.950E-08
2020  3  8  3836.00        1.513E-07        2.582E-08        1.165E-10        6.633E-08
2020  3  8  3837.00        1.410E-07        2.405E-08        1.084E-10        6.180E-08
2020  3  8  3838.00        1.331E-07        2.271E-08        1.023E-10        5.836E-08
2020  3  8  3839.00        1.347E-07        2.298E-08        1.034E-10        5.904E-08
2020  3  8  3840.00        1.360E-07        2.320E-08        1.043E-10        5.961E-08
2020  3  9  3841.00        1.331E-07        2.270E-08        1.020E-10        5.834E-08
2020  3  9  3842.00        1.304E-07        2.224E-08        9.989E-11        5.717E-08
2020  3  9  3843.00        1.314E-07        2.241E-08        1.005E-10        5.760E-08
2020  3  9  3844.00        1.314E-07        2.242E-08        1.005E-10        5.764E-08
2020  3  9  3845.00        1.312E-07        2.238E-08        1.002E-10        5.753E-08
2020  3  9  3846.00        1.312E-07        2.237E-08        1.001E-10        5.752E-08
2020  3  9  3847.00        1.285E-07        2.193E-08        9.804E-11        5.637E-08
2020  3  9  3848.00        6.342E-07        2.036E-07        7.490E-09        6.430E-07
2020  3  9  3849.00        9.115E-07        3.019E-07        1.145E-08        9.594E-07
2020  3  9  3850.00        1.120E-06        3.758E-07        1.442E-08        1.197E-06
2020  3  9  3851.00        1.374E-06        4.654E-07        1.802E-08        1.485E-06
2020  3  9  3852.00        8.214E-07        2.661E-07        9.894E-09        8.410E-07
2020  3  9  3853.00        8.079E-07        2.610E-07        9.679E-09        8.240E-07
2020  3  9  3854.00        5.506E-07        1.676E-07        5.853E-09        5.217E-07
2020  3  9  3855.00        5.392E-07        1.629E-07        5.649E-09        5.063E-07
2020  3  9  3856.00        5.633E-07        1.704E-07        5.918E-09        5.296E-07
2020  3  9  3857.00        4.404E-07        1.266E-07        4.148E-09        3.882E-07
2020  3  9  3858.00        4.587E-07        1.343E-07        4.501E-09        4.139E-07
2020  3  9  3859.00        1.537E-07        2.629E-08        1.554E-10        6.591E-08
2020  3  9  3860.00        1.489E-07        2.548E-08        1.505E-10        6.387E-08
2020  3  9  3861.00        1.422E-07        2.432E-08        1.436E-10        6.099E-08
2020  3  9  3862.00        1.420E-07        2.429E-08        1.434E-10        6.092E-08
2020  3  9  3863.00        1.438E-07        2.460E-08        1.451E-10        6.170E-08
2020  3  9  3864.00        1.441E-07        2.465E-08        1.453E-10        6.182E-08
2020  3 10  3865.00        1.459E-07        2.496E-08        1.470E-10        6.261E-08
2020  3 10  3866.00        1.468E-07        2.511E-08        1.478E-10        6.297E-08
2020  3 10  3867.00        1.414E-07        2.420E-08        1.423E-10        6.070E-08
2020  3 10  3868.00        1.324E-07        2.264E-08        1.331E-10        5.680E-08
2020  3 10  3869.00        1.348E-07        2.306E-08        1.354E-10        5.785E-08
2020  3 10  3870.00        1.398E-07        2.391E-08        1.403E-10        5.999E-08
2020  3 10  3871.00        1.454E-07        2.488E-08        1.459E-10        6.242E-08
2020  3 10  3872.00        2.694E-07        6.831E-08        2.123E-09        1.953E-07
2020  3 10  3873.00        2.378E-07        5.627E-08        1.539E-09        1.580E-07
2020  3 10  3874.00        1.130E-06        3.782E-07        1.654E-08        1.148E-06
2020  3 10  3875.00        1.257E-06        4.227E-07        1.858E-08        1.284E-06
2020  3 10  3876.00        1.453E-06        4.918E-07        2.175E-08        1.495E-06
2020  3 10  3877.00        1.649E-06        5.602E-07        2.487E-08        1.704E-06
2020  3 10  3878.00        1.702E-06        5.774E-07        2.561E-08        1.756E-06
2020  3 10  3879.00        6.552E-07        1.974E-07        7.811E-09        5.847E-07
2020  3 10  3880.00        1.457E-06        4.856E-07        2.122E-08        1.471E-06
2020  3 10  3881.00        1.165E-06        3.769E-07        1.604E-08        1.134E-06
2020  3 10  3882.00        5.895E-07        1.675E-07        6.219E-09        4.884E-07
2020  3 10  3883.00        2.355E-07        4.048E-08        3.244E-10        9.800E-08
2020  3 10  3884.00        2.362E-07        4.059E-08        3.251E-10        9.829E-08
2020  3 10  3885.00        2.398E-07        4.121E-08        3.297E-10        9.978E-08
2020  3 10  3886.00        2.323E-07        3.992E-08        3.191E-10        9.667E-08
2020  3 10  3887.00        2.338E-07        4.017E-08        3.209E-10        9.729E-08
2020  3 10  3888.00        2.330E-07        4.003E-08        3.196E-10        9.697E-08
2020  3 11  3889.00        2.225E-07        3.823E-08        3.050E-10        9.262E-08
2020  3 11  3890.00        2.232E-07        3.836E-08        3.057E-10        9.293E-08
2020  3 11  3891.00        2.195E-07        3.771E-08        3.003E-10        9.138E-08
2020  3 11  3892.00        2.162E-07        3.715E-08        2.955E-10        9.002E-08
2020  3 11  3893.00        2.155E-07        3.703E-08        2.943E-10        8.976E-08
2020  3 11  3894.00        2.135E-07        3.668E-08        2.912E-10        8.891E-08
2020  3 11  3895.00        2.124E-07        3.649E-08        2.895E-10        8.847E-08
2020  3 11  3896.00        4.684E-07        1.306E-07        5.562E-09        3.578E-07
2020  3 11  3897.00        1.254E-06        4.186E-07        2.165E-08        1.181E-06
2020  3 11  3898.00        1.823E-06        6.258E-07        3.319E-08        1.773E-06
2020  3 11  3899.00        1.768E-06        6.061E-07        3.211E-08        1.716E-06
2020  3 11  3900.00        2.116E-06        7.322E-07        3.911E-08        2.075E-06
2020  3 11  3901.00        1.603E-06        5.445E-07        2.865E-08        1.538E-06
2020  3 11  3902.00        4.701E-07        1.279E-07        5.325E-09        3.456E-07
2020  3 11  3903.00        5.272E-07        1.486E-07        6.482E-09        4.048E-07
2020  3 11  3904.00        5.688E-07        1.624E-07        7.195E-09        4.435E-07
2020  3 11  3905.00        5.606E-07        1.569E-07        6.784E-09        4.263E-07
2020  3 11  3906.00        9.008E-07        2.829E-07        1.389E-08        7.872E-07
2020  3 11  3907.00        2.338E-07        4.038E-08        4.154E-10        9.438E-08
2020  3 11  3908.00        2.392E-07        4.131E-08        4.247E-10        9.658E-08
2020  3 11  3909.00        2.466E-07        4.260E-08        4.376E-10        9.959E-08
2020  3 11  3910.00        2.531E-07        4.372E-08        4.489E-10        1.022E-07
2020  3 11  3911.00        2.568E-07        4.435E-08        4.550E-10        1.037E-07
2020  3 11  3912.00        2.576E-07        4.449E-08        4.561E-10        1.041E-07
2020  3 12  3913.00        2.583E-07        4.461E-08        4.569E-10        1.043E-07
2020  3 12  3914.00        2.513E-07        4.340E-08        4.443E-10        1.015E-07
2020  3 12  3915.00        2.348E-07        4.056E-08        4.148E-10        9.488E-08
2020  3 12  3916.00        2.339E-07        4.039E-08        4.128E-10        9.451E-08
2020  3 12  3917.00        2.321E-07        4.009E-08        4.093E-10        9.381E-08
2020  3 12  3918.00        2.261E-07        3.905E-08        3.984E-10        9.139E-08
2020  3 12  3919.00        2.014E-07        3.478E-08        3.546E-10        8.142E-08
2020  3 12  3920.00        5.278E-07        1.559E-07        7.796E-09        4.132E-07
2020  3 12  3921.00        3.534E-07        9.442E-08        4.164E-09        2.458E-07
2020  3 12  3922.00        8.614E-07        2.840E-07        1.586E-08        7.653E-07
2020  3 12  3923.00        1.082E-06        3.628E-07        2.057E-08        9.798E-07
2020  3 12  3924.00        1.161E-06        3.911E-07        2.226E-08        1.056E-06
2020  3 12  3925.00        2.128E-07        3.680E-08        4.035E-10        8.516E-08
2020  3 12  3926.00        2.163E-07        3.741E-08        4.099E-10        8.658E-08
2020  3 12  3927.00        2.192E-07        3.791E-08        4.151E-10        8.774E-08
2020  3 12  3928.00        2.233E-07        3.862E-08        4.226E-10        8.939E-08
2020  3 12  3929.00        2.221E-07        3.841E-08        4.200E-10        8.892E-08
2020  3 12  3930.00        2.102E-07        3.637E-08        3.974E-10        8.420E-08
2020  3 12  3931.00        1.930E-07        3.338E-08        3.645E-10        7.728E-08
2020  3 12  3932.00        1.888E-07        3.265E-08        3.564E-10        7.560E-08
2020  3 12  3933.00        1.792E-07        3.099E-08        3.381E-10        7.176E-08
2020  3 12  3934.00        1.559E-07        2.696E-08        2.940E-10        6.244E-08
2020  3 12  3935.00        1.503E-07        2.600E-08        2.834E-10        6.023E-08
2020  3 12  3936.00        1.542E-07        2.667E-08        2.905E-10        6.177E-08
2020  3 13  3937.00        1.530E-07        2.647E-08        2.882E-10        6.131E-08
2020  3 13  3938.00        1.508E-07        2.609E-08        2.839E-10        6.044E-08
2020  3 13  3939.00        1.519E-07        2.627E-08        2.857E-10        6.086E-08
2020  3 13  3940.00        1.528E-07        2.643E-08        2.873E-10        6.123E-08
2020  3 13  3941.00        1.564E-07        2.704E-08        2.939E-10        6.267E-08
2020  3 13  3942.00        1.569E-07        2.714E-08        2.948E-10        6.290E-08
2020  3 13  3943.00        1.569E-07        2.713E-08        2.945E-10        6.287E-08
2020  3 13  3944.00        5.778E-07        1.839E-07        1.043E-08        4.802E-07
2020  3 13  3945.00        1.312E-06        4.573E-07        2.813E-08        1.208E-06
2020  3 13  3946.00        1.564E-06        5.503E-07        3.412E-08        1.455E-06
2020  3 13  3947.00        1.041E-06        3.528E-07        2.122E-08        9.282E-07
2020  3 13  3948.00        1.829E-06        6.466E-07        4.025E-08        1.710E-06
2020  3 13  3949.00        1.855E-06        6.555E-07        4.079E-08        1.733E-06
2020  3 13  3950.00        1.997E-07        3.468E-08        4.399E-10        7.823E-08
2020  3 13  3951.00        2.043E-07        3.549E-08        4.499E-10        8.006E-08
2020  3 13  3952.00        2.093E-07        3.635E-08        4.606E-10        8.201E-08
2020  3 13  3953.00        2.020E-07        3.508E-08        4.443E-10        7.916E-08
2020  3 13  3954.00        1.899E-07        3.298E-08        4.174E-10        7.441E-08
2020  3 13  3955.00        1.838E-07        3.193E-08        4.040E-10        7.205E-08
2020  3 13  3956.00        1.789E-07        3.107E-08        3.930E-10        7.012E-08
2020  3 13  3957.00        1.732E-07        3.008E-08        3.803E-10        6.789E-08
2020  3 13  3958.00        1.634E-07        2.838E-08        3.587E-10        6.406E-08
2020  3 13  3959.00        1.537E-07        2.669E-08        3.371E-10        6.025E-08
2020  3 13  3960.00        1.447E-07        2.513E-08        3.174E-10        5.674E-08
2020  3 14  3961.00        1.331E-07        2.311E-08        2.917E-10        5.217E-08
2020  3 14  3962.00        1.290E-07        2.240E-08        2.827E-10        5.058E-08
2020  3 14  3963.00        1.346E-07        2.337E-08        2.948E-10        5.278E-08
2020  3 14  3964.00        1.281E-07        2.225E-08        2.805E-10        5.024E-08
2020  3 14  3965.00        1.249E-07        2.169E-08        2.734E-10        4.898E-08
2020  3 14  3966.00        1.192E-07        2.069E-08        2.608E-10        4.674E-08
2020  3 14  3967.00        1.162E-07        2.018E-08        2.542E-10        4.558E-08
2020  3 14  3968.00        2.818E-07        8.097E-08        4.325E-09        2.029E-07
2020  3 14  3969.00        1.225E-06        4.301E-07        2.785E-08        1.107E-06
2020  3 14  3970.00        8.187E-07        2.732E-07        1.697E-08        6.984E-07
2020  3 14  3971.00        1.072E-06        3.649E-07        2.305E-08        9.351E-07
2020  3 14  3972.00        1.182E-06        4.027E-07        2.546E-08        1.032E-06
2020  3 14  3973.00        5.919E-07        1.780E-07        1.003E-08        4.476E-07
2020  3 14  3974.00        9.621E-07        3.151E-07        1.927E-08        8.025E-07
2020  3 14  3975.00        6.281E-07        1.867E-07        1.040E-08        4.683E-07
2020  3 14  3976.00        5.568E-07        1.606E-07        8.657E-09        4.006E-07
2020  3 14  3977.00        8.978E-07        2.901E-07        1.754E-08        7.368E-07
2020  3 14  3978.00        4.267E-07        1.151E-07        5.728E-09        2.835E-07
2020  3 14  3979.00        2.182E-07        3.803E-08        5.398E-10        8.389E-08
2020  3 14  3980.00        2.122E-07        3.698E-08        5.247E-10        8.159E-08
2020  3 14  3981.00        2.043E-07        3.561E-08        5.050E-10        7.858E-08
2020  3 14  3982.00        1.971E-07        3.436E-08        4.870E-10        7.582E-08
2020  3 14  3983.00        1.905E-07        3.319E-08        4.703E-10        7.325E-08
2020  3 14  3984.00        1.901E-07        3.313E-08        4.692E-10        7.312E-08
2020  3 15  3985.00        1.878E-07        3.274E-08        4.634E-10        7.226E-08
2020  3 15  3986.00        1.818E-07        3.168E-08        4.483E-10        6.993E-08
2020  3 15  3987.00        1.864E-07        3.249E-08        4.595E-10        7.172E-08
2020  3 15  3988.00        1.795E-07        3.129E-08        4.423E-10        6.908E-08
2020  3 15  3989.00        1.797E-07        3.132E-08        4.427E-10        6.917E-08
2020  3 15  3990.00        1.671E-07        2.912E-08        4.113E-10        6.431E-08
2020  3 15  3991.00        1.838E-07        3.203E-08        4.522E-10        7.073E-08
2020  3 15  3992.00        5.083E-07        1.587E-07        9.824E-09        3.886E-07
2020  3 15  3993.00        5.071E-07        1.541E-07        9.284E-09        3.759E-07
2020  3 15  3994.00        8.677E-07        2.821E-07        1.814E-08        6.937E-07
2020  3 15  3995.00        1.088E-06        3.606E-07        2.358E-08        8.884E-07
2020  3 15  3996.00        1.247E-06        4.178E-07        2.759E-08        1.030E-06
2020  3 15  3997.00        1.300E-06        4.354E-07        2.875E-08        1.073E-06
2020  3 15  3998.00        2.162E-06        7.615E-07        5.238E-08        1.888E-06
2020  3 15  3999.00        2.185E-06        7.682E-07        5.278E-08        1.904E-06
2020  3 15  4000.00        9.114E-07        2.826E-07        1.745E-08        6.878E-07
2020  3 15  4001.00        1.951E-06        6.755E-07        4.588E-08        1.670E-06
2020  3 15  4002.00        1.339E-06        4.434E-07        2.907E-08        1.088E-06
2020  3 15  4003.00        2.923E-07        5.126E-08        8.624E-10        1.088E-07
2020  3 15  4004.00        2.450E-07        4.298E-08        7.226E-10        9.124E-08
2020  3 15  4005.00        2.074E-07        3.638E-08        6.115E-10        7.725E-08
2020  3 15  4006.00        1.927E-07        3.380E-08        5.678E-10        7.177E-08
2020  3 15  4007.00        1.866E-07        3.272E-08        5.495E-10        6.949E-08
2020  3 15  4008.00        1.756E-07        3.079E-08        5.169E-10        6.539E-08
2020  3 16  4009.00        1.731E-07        3.036E-08        5.096E-10        6.449E-08
2020  3 16  4010.00        1.683E-07        2.952E-08        4.953E-10        6.270E-08
2020  3 16  4011.00        1.569E-07        2.752E-08        4.615E-10        5.845E-08
2020  3 16  4012.00        1.521E-07        2.668E-08        4.473E-10        5.667E-08
2020  3 16  4013.00        1.445E-07        2.534E-08        4.248E-10        5.383E-08
2020  3 16  4014.00        1.409E-07        2.470E-08        4.140E-10        5.249E-08
2020  3 16  4015.00        1.405E-07        2.464E-08        4.128E-10        5.236E-08
2020  3 16  4016.00        6.700E-07        2.252E-07        1.575E-08        5.334E-07
2020  3 16  4017.00        1.545E-06        5.509E-07        4.038E-08        1.313E-06
2020  3 16  4018.00        1.074E-06        3.600E-07        2.513E-08        8.519E-07
2020  3 16  4019.00        1.345E-06        4.562E-07        3.217E-08        1.081E-06
2020  3 16  4020.00        1.536E-06        5.229E-07        3.699E-08        1.239E-06
2020  3 16  4021.00        1.597E-06        5.445E-07        3.857E-08        1.290E-06
2020  3 16  4022.00        1.620E-06        5.474E-07        3.851E-08        1.294E-06
2020  3 16  4023.00        1.464E-06        4.837E-07        3.343E-08        1.140E-06
2020  3 16  4024.00        1.229E-06        3.906E-07        2.612E-08        9.150E-07
2020  3 16  4025.00        2.173E-06        7.522E-07        5.400E-08        1.783E-06
2020  3 16  4026.00        1.032E-06        3.232E-07        2.134E-08        7.542E-07
2020  3 16  4027.00        3.085E-07        5.446E-08        1.061E-09        1.112E-07
2020  3 16  4028.00        2.992E-07        5.281E-08        1.028E-09        1.078E-07
2020  3 16  4029.00        2.919E-07        5.151E-08        1.002E-09        1.052E-07
2020  3 16  4030.00        2.858E-07        5.044E-08        9.811E-10        1.030E-07
2020  3 16  4031.00        2.799E-07        4.941E-08        9.606E-10        1.009E-07
2020  3 16  4032.00        2.643E-07        4.665E-08        9.066E-10        9.530E-08
2020  3 17  4033.00        2.608E-07        4.603E-08        8.942E-10        9.404E-08
2020  3 17  4034.00        2.560E-07        4.518E-08        8.774E-10        9.232E-08
2020  3 17  4035.00        2.442E-07        4.309E-08        8.365E-10        8.806E-08
2020  3 17  4036.00        2.388E-07        4.214E-08        8.176E-10        8.612E-08
2020  3 17  4037.00        2.268E-07        4.002E-08        7.763E-10        8.180E-08
2020  3 17  4038.00        2.302E-07        4.063E-08        7.878E-10        8.305E-08
2020  3 17  4039.00        2.211E-07        3.902E-08        7.563E-10        7.977E-08
2020  3 17  4040.00        6.811E-07        2.209E-07        1.599E-08        4.939E-07
2020  3 17  4041.00        1.776E-06        6.388E-07        5.023E-08        1.442E-06
2020  3 17  4042.00        1.116E-06        3.780E-07        2.839E-08        8.482E-07
2020  3 17  4043.00        1.374E-06        4.718E-07        3.585E-08        1.060E-06
2020  3 17  4044.00        1.547E-06        5.339E-07        4.072E-08        1.199E-06
2020  3 17  4045.00        1.645E-06        5.665E-07        4.315E-08        1.272E-06
2020  3 17  4046.00        1.657E-06        5.660E-07        4.287E-08        1.269E-06
2020  3 17  4047.00        1.569E-06        5.281E-07        3.954E-08        1.182E-06
2020  3 17  4048.00        1.359E-06        4.446E-07        3.254E-08        9.907E-07
2020  3 17  4049.00        1.057E-06        3.267E-07        2.276E-08        7.221E-07
2020  3 17  4050.00        1.560E-06        5.262E-07        3.950E-08        1.176E-06
2020  3 17  4051.00        3.236E-07        5.748E-08        1.264E-09        1.131E-07
2020  3 17  4052.00        2.995E-07        5.319E-08        1.170E-09        1.047E-07
2020  3 17  4053.00        2.529E-07        4.492E-08        9.873E-10        8.839E-08
2020  3 17  4054.00        2.427E-07        4.309E-08        9.469E-10        8.481E-08
2020  3 17  4055.00        2.375E-07        4.217E-08        9.263E-10        8.300E-08
2020  3 17  4056.00        2.267E-07        4.026E-08        8.841E-10        7.925E-08
2020  3 18  4057.00        2.254E-07        4.003E-08        8.788E-10        7.881E-08
2020  3 18  4058.00        2.032E-07        3.608E-08        7.920E-10        7.104E-08
2020  3 18  4059.00        1.868E-07        3.317E-08        7.279E-10        6.532E-08
2020  3 18  4060.00        1.837E-07        3.261E-08        7.153E-10        6.422E-08
2020  3 18  4061.00        1.839E-07        3.266E-08        7.163E-10        6.432E-08
2020  3 18  4062.00        1.894E-07        3.362E-08        7.371E-10        6.622E-08
2020  3 18  4063.00        2.169E-07        3.851E-08        8.440E-10        7.585E-08
2020  3 18  4064.00        1.065E-06        3.616E-07        2.902E-08        7.651E-07
2020  3 18  4065.00        1.940E-06        6.984E-07        5.863E-08        1.484E-06
2020  3 18  4066.00        1.254E-06        4.220E-07        3.366E-08        8.915E-07
2020  3 18  4067.00        1.568E-06        5.358E-07        4.327E-08        1.133E-06
2020  3 18  4068.00        1.801E-06        6.192E-07        5.025E-08        1.309E-06
2020  3 18  4069.00        1.856E-06        6.370E-07        5.164E-08        1.346E-06
2020  3 18  4070.00        1.856E-06        6.312E-07        5.083E-08        1.332E-06
2020  3 18  4071.00        1.754E-06        5.855E-07        4.649E-08        1.233E-06
2020  3 18  4072.00        1.496E-06        4.842E-07        3.747E-08        1.015E-06
2020  3 18  4073.00        2.703E-06        9.582E-07        7.966E-08        2.028E-06
2020  3 18  4074.00        6.662E-07        1.656E-07        9.575E-09        3.340E-07
2020  3 18  4075.00        4.052E-07        7.249E-08        1.801E-09        1.368E-07
2020  3 18  4076.00        3.632E-07        6.499E-08        1.614E-09        1.227E-07
2020  3 18  4077.00        3.222E-07        5.765E-08        1.431E-09        1.088E-07
2020  3 18  4078.00        3.020E-07        5.403E-08        1.341E-09        1.020E-07
2020  3 18  4079.00        2.802E-07        5.014E-08        1.244E-09        9.466E-08
2020  3 18  4080.00        2.682E-07        4.800E-08        1.190E-09        9.063E-08
2020  3 19  4081.00        2.762E-07        4.943E-08        1.226E-09        9.336E-08
2020  3 19  4082.00        2.604E-07        4.661E-08        1.155E-09        8.803E-08
2020  3 19  4083.00        2.497E-07        4.468E-08        1.107E-09        8.441E-08
2020  3 19  4084.00        2.454E-07        4.392E-08        1.088E-09        8.297E-08
2020  3 19  4085.00        2.360E-07        4.225E-08        1.046E-09        7.983E-08
2020  3 19  4086.00        2.190E-07        3.919E-08        9.701E-10        7.406E-08
2020  3 19  4087.00        2.139E-07        3.828E-08        9.474E-10        7.235E-08
2020  3 19  4088.00        4.127E-07        1.166E-07        8.390E-09        2.289E-07
2020  3 19  4089.00        1.856E-06        6.765E-07        6.102E-08        1.346E-06
2020  3 19  4090.00        1.167E-06        3.937E-07        3.353E-08        7.798E-07
2020  3 19  4091.00        1.544E-06        5.325E-07        4.615E-08        1.056E-06
2020  3 19  4092.00        1.829E-06        6.346E-07        5.527E-08        1.258E-06
2020  3 19  4093.00        1.946E-06        6.733E-07        5.852E-08        1.334E-06
2020  3 19  4094.00        1.554E-06        5.165E-07        4.352E-08        1.020E-06
2020  3 19  4095.00        2.826E-06        1.023E-06        9.188E-08        2.031E-06
2020  3 19  4096.00        2.651E-06        9.522E-07        8.514E-08        1.889E-06
2020  3 19  4097.00        1.598E-06        5.366E-07        4.565E-08        1.058E-06
2020  3 19  4098.00        1.725E-06        5.910E-07        5.108E-08        1.166E-06
2020  3 19  4099.00        4.010E-07        7.242E-08        2.017E-09        1.308E-07
2020  3 19  4100.00        4.065E-07        7.343E-08        2.044E-09        1.326E-07
2020  3 19  4101.00        3.874E-07        6.999E-08        1.947E-09        1.264E-07
2020  3 19  4102.00        3.828E-07        6.916E-08        1.924E-09        1.250E-07
2020  3 19  4103.00        3.682E-07        6.653E-08        1.850E-09        1.202E-07
2020  3 19  4104.00        3.591E-07        6.490E-08        1.804E-09        1.173E-07
2020  3 20  4105.00        3.371E-07        6.093E-08        1.693E-09        1.101E-07
2020  3 20  4106.00        3.202E-07        5.788E-08        1.608E-09        1.046E-07
2020  3 20  4107.00        3.059E-07        5.531E-08        1.536E-09        1.000E-07
2020  3 20  4108.00        2.949E-07        5.331E-08        1.480E-09        9.641E-08
2020  3 20  4109.00        2.868E-07        5.186E-08        1.439E-09        9.378E-08
2020  3 20  4110.00        2.807E-07        5.077E-08        1.408E-09        9.183E-08
2020  3 20  4111.00        2.783E-07        5.033E-08        1.396E-09        9.105E-08
2020  3 20  4112.00        5.937E-07        1.755E-07        1.373E-08        3.317E-07
2020  3 20  4113.00        9.471E-07        3.160E-07        2.759E-08        6.016E-07
2020  3 20  4114.00        1.214E-06        4.220E-07        3.806E-08        8.053E-07
2020  3 20  4115.00        4.971E-07        1.356E-07        9.711E-09        2.542E-07
2020  3 20  4116.00        1.853E-06        6.764E-07        6.320E-08        1.294E-06
2020  3 20  4117.00        2.615E-06        9.755E-07        9.250E-08        1.868E-06
2020  3 20  4118.00        2.298E-06        8.462E-07        7.955E-08        1.619E-06
2020  3 20  4119.00        1.763E-06        6.352E-07        5.884E-08        1.213E-06
2020  3 20  4120.00        1.496E-06        5.314E-07        4.874E-08        1.013E-06
2020  3 20  4121.00        3.664E-07        8.246E-08        4.460E-09        1.495E-07
2020  3 20  4122.00        9.844E-07        3.296E-07        2.893E-08        6.247E-07
2020  3 20  4123.00        2.881E-07        5.250E-08        1.573E-09        9.189E-08
2020  3 20  4124.00        2.792E-07        5.090E-08        1.524E-09        8.910E-08
2020  3 20  4125.00        2.664E-07        4.857E-08        1.454E-09        8.504E-08
2020  3 20  4126.00        2.448E-07        4.464E-08        1.336E-09        7.817E-08
2020  3 20  4127.00        2.329E-07        4.248E-08        1.271E-09        7.440E-08
2020  3 20  4128.00        2.271E-07        4.142E-08        1.239E-09        7.254E-08
2020  3 21  4129.00        2.256E-07        4.116E-08        1.231E-09        7.209E-08
2020  3 21  4130.00        2.243E-07        4.093E-08        1.224E-09        7.170E-08
2020  3 21  4131.00        2.249E-07        4.106E-08        1.228E-09        7.193E-08
2020  3 21  4132.00        2.311E-07        4.220E-08        1.262E-09        7.393E-08
2020  3 21  4133.00        2.351E-07        4.293E-08        1.283E-09        7.523E-08
2020  3 21  4134.00        2.336E-07        4.267E-08        1.275E-09        7.476E-08
2020  3 21  4135.00        2.298E-07        4.198E-08        1.254E-09        7.356E-08
2020  3 21  4136.00        8.900E-07        3.088E-07        2.849E-08        5.721E-07
2020  3 21  4137.00        1.741E-06        6.478E-07        6.279E-08        1.205E-06
2020  3 21  4138.00        1.088E-06        3.819E-07        3.555E-08        7.074E-07
2020  3 21  4139.00        1.234E-06        4.364E-07        4.084E-08        8.086E-07
2020  3 21  4140.00        1.220E-06        4.277E-07        3.978E-08        7.918E-07
2020  3 21  4141.00        1.435E-06        5.110E-07        4.808E-08        9.468E-07
2020  3 21  4142.00        1.588E-06        5.678E-07        5.360E-08        1.052E-06
2020  3 21  4143.00        1.505E-06        5.321E-07        4.981E-08        9.846E-07
2020  3 21  4144.00        1.332E-06        4.602E-07        4.239E-08        8.498E-07
2020  3 21  4145.00        1.038E-06        3.427E-07        3.048E-08        6.301E-07
2020  3 21  4146.00        1.575E-06        5.627E-07        5.310E-08        1.041E-06
2020  3 21  4147.00        2.942E-07        5.417E-08        1.733E-09        9.197E-08
2020  3 21  4148.00        2.683E-07        4.941E-08        1.580E-09        8.390E-08
2020  3 21  4149.00        2.516E-07        4.633E-08        1.482E-09        7.868E-08
2020  3 21  4150.00        2.298E-07        4.234E-08        1.354E-09        7.190E-08
2020  3 21  4151.00        2.176E-07        4.009E-08        1.282E-09        6.810E-08
2020  3 21  4152.00        2.091E-07        3.854E-08        1.232E-09        6.546E-08
2020  3 22  4153.00        2.004E-07        3.695E-08        1.181E-09        6.277E-08
2020  3 22  4154.00        1.925E-07        3.549E-08        1.134E-09        6.030E-08
2020  3 22  4155.00        1.877E-07        3.463E-08        1.106E-09        5.883E-08
2020  3 22  4156.00        1.830E-07        3.376E-08        1.078E-09        5.737E-08
2020  3 22  4157.00        1.723E-07        3.181E-08        1.016E-09        5.405E-08
2020  3 22  4158.00        1.783E-07        3.292E-08        1.051E-09        5.593E-08
2020  3 22  4159.00        1.784E-07        3.294E-08        1.052E-09        5.597E-08
2020  3 22  4160.00        7.789E-07        2.730E-07        2.582E-08        4.944E-07
2020  3 22  4161.00        6.793E-07        2.298E-07        2.115E-08        4.149E-07
2020  3 22  4162.00        9.235E-07        3.242E-07        3.071E-08        5.869E-07
2020  3 22  4163.00        1.191E-06        4.269E-07        4.105E-08        7.738E-07
2020  3 22  4164.00        1.402E-06        5.078E-07        4.919E-08        9.210E-07
2020  3 22  4165.00        1.576E-06        5.718E-07        5.547E-08        1.037E-06
2020  3 22  4166.00        1.632E-06        5.896E-07        5.702E-08        1.068E-06
2020  3 22  4167.00        1.586E-06        5.658E-07        5.425E-08        1.024E-06
2020  3 22  4168.00        1.388E-06        4.837E-07        4.561E-08        8.733E-07
2020  3 22  4169.00        1.071E-06        3.561E-07        3.237E-08        6.397E-07
2020  3 22  4170.00        1.824E-06        6.618E-07        6.423E-08        1.199E-06
2020  3 22  4171.00        5.350E-07        1.500E-07        1.162E-08        2.642E-07
2020  3 22  4172.00        2.722E-07        5.066E-08        1.716E-09        8.360E-08
2020  3 22  4173.00        2.544E-07        4.738E-08        1.604E-09        7.819E-08
2020  3 22  4174.00        2.378E-07        4.429E-08        1.499E-09        7.310E-08
2020  3 22  4175.00        2.221E-07        4.139E-08        1.401E-09        6.832E-08
2020  3 22  4176.00        2.113E-07        3.939E-08        1.333E-09        6.501E-08
2020  3 23  4177.00        2.027E-07        3.780E-08        1.279E-09        6.240E-08
2020  3 23  4178.00        1.989E-07        3.710E-08        1.255E-09        6.124E-08
2020  3 23  4179.00        1.942E-07        3.623E-08        1.226E-09        5.981E-08
2020  3 23  4180.00        1.897E-07        3.541E-08        1.198E-09        5.846E-08
2020  3 23  4181.00        1.846E-07        3.447E-08        1.166E-09        5.692E-08
2020  3 23  4182.00        1.799E-07        3.359E-08        1.136E-09        5.548E-08
2020  3 23  4183.00        2.326E-07        5.584E-08        3.537E-09        9.543E-08
2020  3 23  4184.00        6.027E-07        2.045E-07        1.916E-08        3.616E-07
2020  3 23  4185.00        5.927E-07        1.979E-07        1.830E-08        3.493E-07
2020  3 23  4186.00        8.066E-07        2.812E-07        2.690E-08        4.981E-07
2020  3 23  4187.00        1.082E-06        3.882E-07        3.792E-08        6.892E-07
2020  3 23  4188.00        1.321E-06        4.797E-07        4.725E-08        8.521E-07
2020  3 23  4189.00        1.504E-06        5.479E-07        5.409E-08        9.733E-07
2020  3 23  4190.00        1.600E-06        5.804E-07        5.715E-08        1.030E-06
2020  3 23  4191.00        1.554E-06        5.575E-07        5.446E-08        9.884E-07
2020  3 23  4192.00        1.358E-06        4.764E-07        4.579E-08        8.425E-07
2020  3 23  4193.00        1.052E-06        3.522E-07        3.269E-08        6.198E-07
2020  3 23  4194.00        1.771E-06        6.461E-07        6.386E-08        1.146E-06
2020  3 23  4195.00        5.274E-07        1.522E-07        1.233E-08        2.629E-07
2020  3 23  4196.00        2.441E-07        4.596E-08        1.633E-09        7.390E-08
2020  3 23  4197.00        2.356E-07        4.438E-08        1.577E-09        7.138E-08
2020  3 23  4198.00        2.183E-07        4.113E-08        1.461E-09        6.615E-08
2020  3 23  4199.00        2.094E-07        3.948E-08        1.402E-09        6.350E-08
2020  3 23  4200.00        1.879E-07        3.544E-08        1.259E-09        5.700E-08
2020  3 24  4201.00        1.795E-07        3.386E-08        1.202E-09        5.447E-08
2020  3 24  4202.00        1.775E-07        3.350E-08        1.190E-09        5.390E-08
2020  3 24  4203.00        1.782E-07        3.365E-08        1.195E-09        5.414E-08
2020  3 24  4204.00        1.781E-07        3.363E-08        1.194E-09        5.412E-08
2020  3 24  4205.00        1.754E-07        3.313E-08        1.176E-09        5.331E-08
2020  3 24  4206.00        1.720E-07        3.251E-08        1.154E-09        5.232E-08
2020  3 24  4207.00        2.341E-07        5.819E-08        3.936E-09        9.749E-08
2020  3 24  4208.00        6.383E-07        2.187E-07        2.093E-08        3.791E-07
2020  3 24  4209.00        7.007E-07        2.386E-07        2.272E-08        4.132E-07
2020  3 24  4210.00        9.714E-07        3.438E-07        3.372E-08        5.974E-07
2020  3 24  4211.00        1.249E-06        4.506E-07        4.481E-08        7.841E-07
2020  3 24  4212.00        1.453E-06        5.293E-07        5.300E-08        9.216E-07
2020  3 24  4213.00        1.613E-06        5.890E-07        5.908E-08        1.025E-06
2020  3 24  4214.00        1.687E-06        6.134E-07        6.134E-08        1.067E-06
2020  3 24  4215.00        1.632E-06        5.861E-07        5.812E-08        1.018E-06
2020  3 24  4216.00        1.431E-06        5.023E-07        4.899E-08        8.702E-07
2020  3 24  4217.00        1.111E-06        3.721E-07        3.501E-08        6.411E-07
2020  3 24  4218.00        7.222E-07        2.173E-07        1.860E-08        3.694E-07
2020  3 24  4219.00        5.644E-07        1.643E-07        1.360E-08        2.780E-07
2020  3 24  4220.00        2.486E-07        4.738E-08        1.757E-09        7.438E-08
2020  3 24  4221.00        2.333E-07        4.449E-08        1.649E-09        6.985E-08
2020  3 24  4222.00        2.056E-07        3.921E-08        1.453E-09        6.156E-08
2020  3 24  4223.00        1.982E-07        3.783E-08        1.402E-09        5.939E-08
2020  3 24  4224.00        1.844E-07        3.520E-08        1.304E-09        5.527E-08
2020  3 25  4225.00        1.862E-07        3.556E-08        1.318E-09        5.584E-08
2020  3 25  4226.00        1.955E-07        3.735E-08        1.384E-09        5.865E-08
2020  3 25  4227.00        1.908E-07        3.647E-08        1.351E-09        5.728E-08
2020  3 25  4228.00        1.848E-07        3.533E-08        1.309E-09        5.549E-08
2020  3 25  4229.00        1.789E-07        3.423E-08        1.268E-09        5.376E-08
2020  3 25  4230.00        1.665E-07        3.187E-08        1.180E-09        5.005E-08
2020  3 25  4231.00        1.731E-07        3.493E-08        1.536E-09        5.538E-08
2020  3 25  4232.00        4.559E-07        1.471E-07        1.361E-08        2.484E-07
2020  3 25  4233.00        6.745E-07        2.295E-07        2.218E-08        3.894E-07
2020  3 25  4234.00        9.844E-07        3.499E-07        3.497E-08        5.961E-07
2020  3 25  4235.00        1.307E-06        4.739E-07        4.806E-08        8.087E-07
2020  3 25  4236.00        1.538E-06        5.628E-07        5.744E-08        9.611E-07
2020  3 25  4237.00        1.732E-06        6.344E-07        6.481E-08        1.083E-06
2020  3 25  4238.00        1.825E-06        6.642E-07        6.756E-08        1.133E-06
2020  3 25  4239.00        1.769E-06        6.336E-07        6.371E-08        1.078E-06
2020  3 25  4240.00        1.584E-06        5.513E-07        5.428E-08        9.350E-07
2020  3 25  4241.00        1.242E-06        4.088E-07        3.850E-08        6.885E-07
2020  3 25  4242.00        2.027E-06        7.342E-07        7.445E-08        1.250E-06
2020  3 25  4243.00        6.094E-07        1.717E-07        1.390E-08        2.826E-07
2020  3 25  4244.00        2.946E-07        5.688E-08        2.205E-09        8.695E-08
2020  3 25  4245.00        2.948E-07        5.694E-08        2.207E-09        8.705E-08
2020  3 25  4246.00        2.852E-07        5.512E-08        2.136E-09        8.428E-08
2020  3 25  4247.00        2.789E-07        5.393E-08        2.090E-09        8.247E-08
2020  3 25  4248.00        2.597E-07        5.023E-08        1.946E-09        7.682E-08
2020  3 26  4249.00        2.335E-07        4.518E-08        1.750E-09        6.910E-08
2020  3 26  4250.00        2.114E-07        4.094E-08        1.585E-09        6.261E-08
2020  3 26  4251.00        2.185E-07        4.233E-08        1.639E-09        6.474E-08
2020  3 26  4252.00        1.992E-07        3.860E-08        1.495E-09        5.905E-08
2020  3 26  4253.00        1.909E-07        3.701E-08        1.433E-09        5.661E-08
2020  3 26  4254.00        1.915E-07        3.714E-08        1.438E-09        5.682E-08
2020  3 26  4255.00        2.063E-07        4.171E-08        1.847E-09        6.432E-08
2020  3 26  4256.00        9.865E-07        3.563E-07        3.667E-08        5.945E-07
2020  3 26  4257.00        8.504E-07        2.955E-07        2.955E-08        4.911E-07
2020  3 26  4258.00        1.150E-06        4.117E-07        4.210E-08        6.861E-07
2020  3 26  4259.00        1.396E-06        5.076E-07        5.249E-08        8.471E-07
2020  3 26  4260.00        1.656E-06        6.074E-07        6.320E-08        1.014E-06
2020  3 26  4261.00        1.836E-06        6.735E-07        7.010E-08        1.124E-06
2020  3 26  4262.00        1.844E-06        6.732E-07        6.982E-08        1.123E-06
2020  3 26  4263.00        1.724E-06        6.214E-07        6.387E-08        1.034E-06
2020  3 26  4264.00        1.490E-06        5.242E-07        5.293E-08        8.698E-07
2020  3 26  4265.00        1.207E-06        4.054E-07        3.949E-08        6.686E-07
2020  3 26  4266.00        2.024E-06        7.412E-07        7.710E-08        1.235E-06
2020  3 26  4267.00        6.445E-07        1.878E-07        1.601E-08        3.030E-07
2020  3 26  4268.00        2.923E-07        5.724E-08        2.318E-09        8.514E-08
2020  3 26  4269.00        2.986E-07        5.850E-08        2.368E-09        8.702E-08
2020  3 26  4270.00        2.954E-07        5.789E-08        2.344E-09        8.613E-08
2020  3 26  4271.00        2.969E-07        5.822E-08        2.356E-09        8.662E-08
2020  3 26  4272.00        2.884E-07        5.659E-08        2.290E-09        8.420E-08
2020  3 27  4273.00        2.752E-07        5.404E-08        2.187E-09        8.041E-08
2020  3 27  4274.00        2.712E-07        5.327E-08        2.155E-09        7.928E-08
2020  3 27  4275.00        2.491E-07        4.895E-08        1.980E-09        7.286E-08
2020  3 27  4276.00        2.119E-07        4.167E-08        1.685E-09        6.202E-08
2020  3 27  4277.00        1.951E-07        3.839E-08        1.552E-09        5.714E-08
2020  3 27  4278.00        1.890E-07        3.720E-08        1.504E-09        5.537E-08
2020  3 27  4279.00        2.200E-07        5.103E-08        3.161E-09        7.818E-08
2020  3 27  4280.00        6.475E-07        2.236E-07        2.274E-08        3.605E-07
2020  3 27  4281.00        1.602E-06        6.077E-07        6.624E-08        9.886E-07
2020  3 27  4282.00        1.225E-06        4.420E-07        4.651E-08        7.154E-07
2020  3 27  4283.00        1.560E-06        5.706E-07        6.065E-08        9.246E-07
2020  3 27  4284.00        1.841E-06        6.764E-07        7.212E-08        1.096E-06
2020  3 27  4285.00        2.013E-06        7.368E-07        7.834E-08        1.193E-06
2020  3 27  4286.00        2.075E-06        7.509E-07        7.922E-08        1.214E-06
2020  3 27  4287.00        1.983E-06        7.052E-07        7.342E-08        1.137E-06
2020  3 27  4288.00        1.758E-06        6.059E-07        6.160E-08        9.730E-07
2020  3 27  4289.00        1.415E-06        4.599E-07        4.450E-08        7.324E-07
2020  3 27  4290.00        9.662E-07        2.748E-07        2.322E-08        4.287E-07
2020  3 27  4291.00        2.339E-06        8.525E-07        9.042E-08        1.377E-06
2020  3 27  4292.00        4.165E-07        8.280E-08        3.508E-09        1.195E-07
2020  3 27  4293.00        4.204E-07        8.362E-08        3.543E-09        1.208E-07
2020  3 27  4294.00        4.330E-07        8.617E-08        3.650E-09        1.244E-07
2020  3 27  4295.00        3.607E-07        7.183E-08        3.042E-09        1.037E-07
2020  3 27  4296.00        2.935E-07        5.848E-08        2.476E-09        8.447E-08
2020  3 28  4297.00        2.757E-07        5.496E-08        2.327E-09        7.939E-08
2020  3 28  4298.00        2.665E-07        5.316E-08        2.250E-09        7.680E-08
2020  3 28  4299.00        2.506E-07        5.003E-08        2.118E-09        7.228E-08
2020  3 28  4300.00        2.431E-07        4.854E-08        2.054E-09        7.014E-08
2020  3 28  4301.00        2.365E-07        4.726E-08        2.000E-09        6.829E-08
2020  3 28  4302.00        2.303E-07        4.605E-08        1.948E-09        6.654E-08
2020  3 28  4303.00        7.522E-07        2.637E-07        2.774E-08        4.126E-07
2020  3 28  4304.00        1.061E-06        3.874E-07        4.206E-08        6.086E-07
2020  3 28  4305.00        2.106E-06        8.081E-07        9.085E-08        1.275E-06
2020  3 28  4306.00        1.466E-06        5.268E-07        5.650E-08        8.256E-07
2020  3 28  4307.00        1.828E-06        6.650E-07        7.200E-08        1.043E-06
2020  3 28  4308.00        2.075E-06        7.584E-07        8.240E-08        1.190E-06
2020  3 28  4309.00        2.237E-06        8.145E-07        8.825E-08        1.277E-06
2020  3 28  4310.00        2.227E-06        8.050E-07        8.676E-08        1.260E-06
2020  3 28  4311.00        2.054E-06        7.332E-07        7.830E-08        1.146E-06
2020  3 28  4312.00        1.760E-06        6.143E-07        6.447E-08        9.567E-07
2020  3 28  4313.00        1.376E-06        4.598E-07        4.655E-08        7.116E-07
2020  3 28  4314.00        2.183E-06        8.007E-07        8.728E-08        1.254E-06
2020  3 28  4315.00        4.495E-07        9.317E-08        4.482E-09        1.312E-07
2020  3 28  4316.00        3.933E-07        7.945E-08        3.525E-09        1.111E-07
2020  3 28  4317.00        3.584E-07        7.246E-08        3.215E-09        1.014E-07
2020  3 28  4318.00        3.250E-07        6.575E-08        2.916E-09        9.201E-08
2020  3 28  4319.00        3.113E-07        6.302E-08        2.795E-09        8.819E-08
2020  3 28  4320.00        2.815E-07        5.703E-08        2.529E-09        7.981E-08
2020  3 29  4321.00        2.682E-07        5.436E-08        2.410E-09        7.608E-08
2020  3 29  4322.00        2.757E-07        5.592E-08        2.479E-09        7.827E-08
2020  3 29  4323.00        2.571E-07        5.219E-08        2.313E-09        7.305E-08
2020  3 29  4324.00        2.436E-07        4.947E-08        2.193E-09        6.926E-08
2020  3 29  4325.00        2.381E-07        4.838E-08        2.144E-09        6.773E-08
2020  3 29  4326.00        2.452E-07        4.986E-08        2.210E-09        6.981E-08
2020  3 29  4327.00        9.366E-07        3.389E-07        3.693E-08        5.224E-07
2020  3 29  4328.00        1.030E-06        3.773E-07        4.147E-08        5.822E-07
2020  3 29  4329.00        1.709E-06        6.534E-07        7.408E-08        1.013E-06
2020  3 29  4330.00        1.750E-06        6.686E-07        7.577E-08        1.036E-06
2020  3 29  4331.00        2.140E-06        8.293E-07        9.494E-08        1.288E-06
2020  3 29  4332.00        2.029E-06        7.853E-07        8.983E-08        1.219E-06
2020  3 29  4333.00        1.750E-06        6.723E-07        7.653E-08        1.042E-06
2020  3 29  4334.00        1.637E-06        6.270E-07        7.121E-08        9.713E-07
2020  3 29  4335.00        1.424E-06        5.375E-07        6.044E-08        8.308E-07
2020  3 29  4336.00        1.201E-06        4.452E-07        4.940E-08        6.863E-07
2020  3 29  4337.00        8.326E-07        2.923E-07        3.113E-08        4.470E-07
2020  3 29  4338.00        6.746E-07        2.251E-07        2.297E-08        3.414E-07
2020  3 29  4339.00        1.024E-06        3.684E-07        3.998E-08        5.652E-07
2020  3 29  4340.00        2.777E-07        5.707E-08        2.630E-09        7.767E-08
2020  3 29  4341.00        2.764E-07        5.685E-08        2.619E-09        7.736E-08
2020  3 29  4342.00        2.713E-07        5.582E-08        2.572E-09        7.598E-08
2020  3 29  4343.00        2.444E-07        5.032E-08        2.318E-09        6.849E-08
2020  3 29  4344.00        2.185E-07        4.503E-08        2.074E-09        6.130E-08
2020  3 30  4345.00        2.063E-07        4.254E-08        1.959E-09        5.791E-08
2020  3 30  4346.00        1.993E-07        4.112E-08        1.894E-09        5.599E-08
2020  3 30  4347.00        1.902E-07        3.928E-08        1.809E-09        5.348E-08
2020  3 30  4348.00        1.858E-07        3.839E-08        1.768E-09        5.227E-08
2020  3 30  4349.00        1.734E-07        3.586E-08        1.652E-09        4.883E-08
2020  3 30  4350.00        1.643E-07        3.400E-08        1.565E-09        4.629E-08
2020  3 30  4351.00        2.049E-07        5.166E-08        3.759E-09        7.364E-08
2020  3 30  4352.00        4.957E-07        1.688E-07        1.764E-08        2.534E-07
2020  3 30  4353.00        5.455E-07        1.830E-07        1.889E-08        2.741E-07
2020  3 30  4354.00        9.346E-07        3.388E-07        3.730E-08        5.130E-07
2020  3 30  4355.00        1.210E-06        4.493E-07        5.036E-08        6.824E-07
2020  3 30  4356.00        1.416E-06        5.311E-07        5.999E-08        8.077E-07
2020  3 30  4357.00        1.587E-06        5.979E-07        6.776E-08        9.096E-07
2020  3 30  4358.00        1.612E-06        6.050E-07        6.836E-08        9.195E-07
2020  3 30  4359.00        1.562E-06        5.805E-07        6.513E-08        8.809E-07
2020  3 30  4360.00        1.275E-06        4.586E-07        5.020E-08        6.924E-07
2020  3 30  4361.00        1.949E-06        7.406E-07        8.446E-08        1.127E-06
2020  3 30  4362.00        1.245E-06        4.466E-07        4.877E-08        6.735E-07
2020  3 30  4363.00        8.760E-07        2.933E-07        3.022E-08        4.371E-07
2020  3 30  4364.00        3.403E-07        7.114E-08        3.367E-09        9.488E-08
2020  3 30  4365.00        3.270E-07        6.841E-08        3.237E-09        9.125E-08
2020  3 30  4366.00        3.169E-07        6.634E-08        3.139E-09        8.850E-08
2020  3 30  4367.00        3.128E-07        6.553E-08        3.100E-09        8.742E-08
2020  3 30  4368.00        3.087E-07        6.473E-08        3.062E-09        8.635E-08
2020  3 31  4369.00        2.914E-07        6.114E-08        2.892E-09        8.157E-08
2020  3 31  4370.00        2.804E-07        5.888E-08        2.785E-09        7.857E-08
2020  3 31  4371.00        2.659E-07        5.589E-08        2.643E-09        7.458E-08
2020  3 31  4372.00        2.617E-07        5.503E-08        2.602E-09        7.344E-08
2020  3 31  4373.00        2.429E-07        5.112E-08        2.417E-09        6.823E-08
2020  3 31  4374.00        2.256E-07        4.751E-08        2.246E-09        6.341E-08
2020  3 31  4375.00        4.111E-07        1.237E-07        1.151E-08        1.783E-07
2020  3 31  4376.00        6.169E-07        2.071E-07        2.159E-08        3.039E-07
2020  3 31  4377.00        9.073E-07        3.252E-07        3.586E-08        4.817E-07
2020  3 31  4378.00        1.183E-06        4.353E-07        4.904E-08        6.472E-07
2020  3 31  4379.00        1.488E-06        5.577E-07        6.370E-08        8.311E-07
2020  3 31  4380.00        1.722E-06        6.506E-07        7.477E-08        9.703E-07
2020  3 31  4381.00        1.838E-06        6.954E-07        8.000E-08        1.037E-06
2020  3 31  4382.00        1.861E-06        7.015E-07        8.048E-08        1.045E-06
2020  3 31  4383.00        1.756E-06        6.545E-07        7.445E-08        9.733E-07
2020  3 31  4384.00        1.537E-06        5.608E-07        6.276E-08        8.310E-07
2020  3 31  4385.00        1.230E-06        4.325E-07        4.697E-08        6.368E-07
2020  3 31  4386.00        2.096E-06        7.990E-07        9.243E-08        1.191E-06
2020  3 31  4387.00        7.489E-07        2.426E-07        2.444E-08        3.516E-07
2020  3 31  4388.00        2.840E-07        6.041E-08        2.943E-09        7.877E-08
2020  3 31  4389.00        2.745E-07        5.844E-08        2.847E-09        7.621E-08
2020  3 31  4390.00        2.718E-07        5.790E-08        2.821E-09        7.551E-08
2020  3 31  4391.00        2.340E-07        4.989E-08        2.430E-09        6.507E-08
2020  3 31  4392.00        2.218E-07        4.734E-08        2.306E-09        6.174E-08
2020  4  1  4393.00        2.071E-07        4.424E-08        2.154E-09        5.770E-08
2020  4  1  4394.00        2.039E-07        4.357E-08        2.122E-09        5.684E-08
2020  4  1  4395.00        1.938E-07        4.146E-08        2.019E-09        5.408E-08
2020  4  1  4396.00        1.891E-07        4.049E-08        1.971E-09        5.281E-08
2020  4  1  4397.00        1.821E-07        3.902E-08        1.900E-09        5.090E-08
2020  4  1  4398.00        1.772E-07        3.799E-08        1.849E-09        4.956E-08
2020  4  1  4399.00        5.335E-07        1.876E-07        2.054E-08        2.720E-07
2020  4  1  4400.00        5.147E-07        1.767E-07        1.894E-08        2.551E-07
2020  4  1  4401.00        7.134E-07        2.524E-07        2.778E-08        3.661E-07
2020  4  1  4402.00        1.185E-06        4.399E-07        5.036E-08        6.426E-07
2020  4  1  4403.00        1.571E-06        5.916E-07        6.848E-08        8.659E-07
2020  4  1  4404.00        1.793E-06        6.798E-07        7.908E-08        9.956E-07
2020  4  1  4405.00        1.910E-06        7.248E-07        8.440E-08        1.061E-06
2020  4  1  4406.00        1.942E-06        7.340E-07        8.522E-08        1.074E-06
2020  4  1  4407.00        1.832E-06        6.841E-07        7.870E-08        9.988E-07
2020  4  1  4408.00        1.624E-06        5.942E-07        6.726E-08        8.643E-07
2020  4  1  4409.00        1.315E-06        4.641E-07        5.097E-08        6.705E-07
2020  4  1  4410.00        2.198E-06        8.380E-07        9.796E-08        1.227E-06
2020  4  1  4411.00        4.513E-07        1.107E-07        7.558E-09        1.469E-07
2020  4  1  4412.00        3.318E-07        7.186E-08        3.598E-09        9.164E-08
2020  4  1  4413.00        2.982E-07        6.463E-08        3.236E-09        8.243E-08
2020  4  1  4414.00        2.684E-07        5.823E-08        2.915E-09        7.427E-08
2020  4  1  4415.00        2.490E-07        5.405E-08        2.706E-09        6.895E-08
2020  4  1  4416.00        2.425E-07        5.269E-08        2.637E-09        6.721E-08
2020  4  2  4417.00        2.218E-07        4.824E-08        2.414E-09        6.154E-08
2020  4  2  4418.00        2.049E-07        4.461E-08        2.233E-09        5.691E-08
2020  4  2  4419.00        2.047E-07        4.458E-08        2.231E-09        5.688E-08
2020  4  2  4420.00        1.985E-07        4.328E-08        2.166E-09        5.522E-08
2020  4  2  4421.00        1.900E-07        4.146E-08        2.075E-09        5.291E-08
2020  4  2  4422.00        1.853E-07        4.046E-08        2.024E-09        5.163E-08
2020  4  2  4423.00        5.411E-07        1.917E-07        2.132E-08        2.722E-07
2020  4  2  4424.00        5.234E-07        1.790E-07        1.926E-08        2.526E-07
2020  4  2  4425.00        8.789E-07        3.191E-07        3.625E-08        4.548E-07
2020  4  2  4426.00        1.263E-06        4.724E-07        5.499E-08        6.763E-07
2020  4  2  4427.00        1.583E-06        6.003E-07        7.065E-08        8.611E-07
2020  4  2  4428.00        1.823E-06        6.956E-07        8.225E-08        9.985E-07
2020  4  2  4429.00        1.833E-06        6.982E-07        8.245E-08        1.002E-06
2020  4  2  4430.00        1.944E-06        7.394E-07        8.721E-08        1.060E-06
2020  4  2  4431.00        1.831E-06        6.894E-07        8.068E-08        9.865E-07
2020  4  2  4432.00        1.655E-06        6.100E-07        7.018E-08        8.695E-07
2020  4  2  4433.00        1.322E-06        4.707E-07        5.258E-08        6.665E-07
2020  4  2  4434.00        2.248E-06        8.631E-07        1.025E-07        1.238E-06
2020  4  2  4435.00        2.101E-06        8.066E-07        9.586E-08        1.157E-06
2020  4  2  4436.00        3.973E-07        8.761E-08        4.517E-09        1.090E-07
2020  4  2  4437.00        3.902E-07        8.614E-08        4.441E-09        1.072E-07
2020  4  2  4438.00        3.589E-07        7.929E-08        4.087E-09        9.868E-08
2020  4  2  4439.00        3.487E-07        7.709E-08        3.974E-09        9.596E-08
2020  4  2  4440.00        3.591E-07        7.948E-08        4.096E-09        9.894E-08
2020  4  3  4441.00        3.675E-07        8.140E-08        4.195E-09        1.013E-07
2020  4  3  4442.00        3.615E-07        8.014E-08        4.130E-09        9.978E-08
2020  4  3  4443.00        3.681E-07        8.169E-08        4.209E-09        1.017E-07
2020  4  3  4444.00        3.688E-07        8.191E-08        4.220E-09        1.020E-07
2020  4  3  4445.00        3.598E-07        7.998E-08        4.120E-09        9.960E-08
2020  4  3  4446.00        3.553E-07        7.904E-08        4.071E-09        9.845E-08
2020  4  3  4447.00        8.696E-07        2.977E-07        3.253E-08        4.072E-07
2020  4  3  4448.00        1.229E-06        4.497E-07        5.227E-08        6.217E-07
2020  4  3  4449.00        2.419E-06        9.529E-07        1.176E-07        1.332E-06
2020  4  3  4450.00        1.605E-06        5.989E-07        7.079E-08        8.298E-07
2020  4  3  4451.00        1.639E-06        6.111E-07        7.217E-08        8.463E-07
2020  4  3  4452.00        1.544E-06        5.696E-07        6.666E-08        7.872E-07
2020  4  3  4453.00        1.782E-06        6.688E-07        7.942E-08        9.267E-07
2020  4  3  4454.00        3.307E-06        1.318E-06        1.641E-07        1.844E-06
2020  4  3  4455.00        3.086E-06        1.224E-06        1.518E-07        1.710E-06
2020  4  3  4456.00        2.906E-06        1.146E-06        1.417E-07        1.600E-06
2020  4  3  4457.00        2.608E-06        1.020E-06        1.252E-07        1.420E-06
2020  4  3  4458.00        1.722E-06        6.434E-07        7.620E-08        8.885E-07
2020  4  3  4459.00        4.967E-07        1.257E-07        9.025E-09        1.578E-07
2020  4  3  4460.00        3.686E-07        8.278E-08        4.425E-09        9.985E-08
2020  4  3  4461.00        3.347E-07        7.525E-08        4.022E-09        9.077E-08
2020  4  3  4462.00        2.934E-07        6.603E-08        3.529E-09        7.966E-08
2020  4  3  4463.00        2.757E-07        6.210E-08        3.319E-09        7.492E-08
2020  4  3  4464.00        2.529E-07        5.702E-08        3.047E-09        6.880E-08
2020  4  4  4465.00        2.415E-07        5.449E-08        2.912E-09        6.575E-08
2020  4  4  4466.00        2.235E-07        5.049E-08        2.698E-09        6.092E-08
2020  4  4  4467.00        2.210E-07        4.997E-08        2.670E-09        6.030E-08
2020  4  4  4468.00        2.071E-07        4.686E-08        2.504E-09        5.656E-08
2020  4  4  4469.00        2.007E-07        4.547E-08        2.429E-09        5.488E-08
2020  4  4  4470.00        1.970E-07        4.466E-08        2.386E-09        5.390E-08
2020  4  4  4471.00        3.726E-07        1.190E-07        1.220E-08        1.561E-07
2020  4  4  4472.00        6.311E-07        2.202E-07        2.478E-08        2.933E-07
2020  4  4  4473.00        1.129E-06        4.169E-07        4.947E-08        5.608E-07
2020  4  4  4474.00        1.568E-06        5.916E-07        7.148E-08        7.984E-07
2020  4  4  4475.00        1.894E-06        7.250E-07        8.866E-08        9.805E-07
2020  4  4  4476.00        2.142E-06        8.249E-07        1.014E-07        1.116E-06
2020  4  4  4477.00        2.300E-06        8.849E-07        1.087E-07        1.197E-06
2020  4  4  4478.00        2.327E-06        8.894E-07        1.087E-07        1.201E-06
2020  4  4  4479.00        2.182E-06        8.227E-07        9.940E-08        1.108E-06
2020  4  4  4480.00        1.927E-06        7.091E-07        8.390E-08        9.504E-07
2020  4  4  4481.00        1.577E-06        5.565E-07        6.334E-08        7.395E-07
2020  4  4  4482.00        1.130E-06        3.670E-07        3.830E-08        4.789E-07
2020  4  4  4483.00        1.101E-06        3.674E-07        3.951E-08        4.822E-07
2020  4  4  4484.00        4.307E-07        9.871E-08        5.408E-09        1.165E-07
2020  4  4  4485.00        3.797E-07        8.709E-08        4.771E-09        1.028E-07
2020  4  4  4486.00        3.600E-07        8.267E-08        4.528E-09        9.757E-08
2020  4  4  4487.00        3.327E-07        7.646E-08        4.188E-09        9.025E-08
2020  4  4  4488.00        2.809E-07        6.462E-08        3.539E-09        7.628E-08
2020  4  5  4489.00        2.740E-07        6.309E-08        3.455E-09        7.448E-08
2020  4  5  4490.00        2.560E-07        5.901E-08        3.231E-09        6.966E-08
2020  4  5  4491.00        2.616E-07        6.037E-08        3.305E-09        7.127E-08
2020  4  5  4492.00        2.731E-07        6.308E-08        3.454E-09        7.448E-08
2020  4  5  4493.00        2.710E-07        6.264E-08        3.429E-09        7.397E-08
2020  4  5  4494.00        2.748E-07        6.360E-08        3.482E-09        7.511E-08
2020  4  5  4495.00        6.591E-07        2.302E-07        2.649E-08        2.928E-07
2020  4  5  4496.00        1.782E-06        7.066E-07        9.133E-08        9.136E-07
2020  4  5  4497.00        1.321E-06        4.899E-07        5.977E-08        6.278E-07
2020  4  5  4498.00        1.830E-06        6.898E-07        8.537E-08        8.855E-07
2020  4  5  4499.00        2.299E-06        8.735E-07        1.089E-07        1.122E-06
2020  4  5  4500.00        2.692E-06        1.024E-06        1.277E-07        1.315E-06
2020  4  5  4501.00        2.865E-06        1.087E-06        1.355E-07        1.396E-06
2020  4  5  4502.00        2.887E-06        1.085E-06        1.340E-07        1.390E-06
2020  4  5  4503.00        2.719E-06        1.004E-06        1.221E-07        1.282E-06
2020  4  5  4504.00        2.385E-06        8.556E-07        1.012E-07        1.087E-06
2020  4  5  4505.00        1.912E-06        6.559E-07        7.412E-08        8.260E-07
2020  4  5  4506.00        3.330E-06        1.280E-06        1.612E-07        1.642E-06
2020  4  5  4507.00        7.922E-07        1.964E-07        1.312E-08        2.291E-07
2020  4  5  4508.00        5.970E-07        1.396E-07        7.895E-09        1.600E-07
2020  4  5  4509.00        4.839E-07        1.132E-07        6.405E-09        1.298E-07
2020  4  5  4510.00        4.464E-07        1.046E-07        5.915E-09        1.199E-07
2020  4  5  4511.00        4.220E-07        9.895E-08        5.596E-09        1.135E-07
2020  4  5  4512.00        3.663E-07        8.598E-08        4.862E-09        9.860E-08
2020  4  6  4513.00        3.740E-07        8.789E-08        4.970E-09        1.008E-07
2020  4  6  4514.00        3.681E-07        8.658E-08        4.895E-09        9.931E-08
2020  4  6  4515.00        3.592E-07        8.458E-08        4.781E-09        9.702E-08
2020  4  6  4516.00        3.620E-07        8.533E-08        4.823E-09        9.789E-08
2020  4  6  4517.00        3.440E-07        8.116E-08        4.587E-09        9.312E-08
2020  4  6  4518.00        3.387E-07        8.001E-08        4.521E-09        9.180E-08
2020  4  6  4519.00        9.689E-07        3.531E-07        4.437E-08        4.112E-07
2020  4  6  4520.00        2.485E-06        1.001E-06        1.380E-07        1.169E-06
2020  4  6  4521.00        1.741E-06        6.286E-07        7.825E-08        7.311E-07
2020  4  6  4522.00        2.313E-06        8.568E-07        1.094E-07        9.969E-07
2020  4  6  4523.00        2.742E-06        1.032E-06        1.339E-07        1.201E-06
2020  4  6  4524.00        2.933E-06        1.101E-06        1.424E-07        1.280E-06
2020  4  6  4525.00        2.968E-06        1.105E-06        1.419E-07        1.284E-06
2020  4  6  4526.00        2.865E-06        1.050E-06        1.327E-07        1.217E-06
2020  4  6  4527.00        2.659E-06        9.502E-07        1.171E-07        1.100E-06
2020  4  6  4528.00        2.387E-06        8.278E-07        9.873E-08        9.556E-07
2020  4  6  4529.00        2.034E-06        6.741E-07        7.619E-08        7.752E-07
2020  4  6  4530.00        3.195E-06        1.198E-06        1.550E-07        1.389E-06
2020  4  6  4531.00        1.499E-06        4.666E-07        4.851E-08        5.327E-07
2020  4  6  4532.00        8.392E-07        2.004E-07        1.174E-08        2.228E-07
2020  4  6  4533.00        7.214E-07        1.725E-07        1.010E-08        1.918E-07
2020  4  6  4534.00        6.503E-07        1.556E-07        9.111E-09        1.731E-07
2020  4  6  4535.00        6.322E-07        1.515E-07        8.867E-09        1.685E-07
2020  4  6  4536.00        6.296E-07        1.510E-07        8.838E-09        1.680E-07
2020  4  7  4537.00        6.102E-07        1.465E-07        8.574E-09        1.631E-07
2020  4  7  4538.00        5.518E-07        1.327E-07        7.761E-09        1.476E-07
2020  4  7  4539.00        5.214E-07        1.255E-07        7.339E-09        1.397E-07
2020  4  7  4540.00        4.671E-07        1.125E-07        6.582E-09        1.253E-07
2020  4  7  4541.00        4.169E-07        1.006E-07        5.880E-09        1.120E-07
2020  4  7  4542.00        4.057E-07        9.796E-08        5.727E-09        1.091E-07
2020  4  7  4543.00        2.125E-06        8.766E-07        1.285E-07        9.282E-07
2020  4  7  4544.00        1.871E-06        7.489E-07        1.069E-07        7.945E-07
2020  4  7  4545.00        1.484E-06        5.569E-07        7.474E-08        5.932E-07
2020  4  7  4546.00        2.018E-06        7.851E-07        1.092E-07        8.340E-07
2020  4  7  4547.00        2.445E-06        9.666E-07        1.365E-07        1.025E-06
2020  4  7  4548.00        2.747E-06        1.090E-06        1.544E-07        1.155E-06
2020  4  7  4549.00        2.941E-06        1.163E-06        1.643E-07        1.232E-06
2020  4  7  4550.00        2.961E-06        1.159E-06        1.621E-07        1.227E-06
2020  4  7  4551.00        2.788E-06        1.072E-06        1.475E-07        1.136E-06
2020  4  7  4552.00        2.448E-06        9.124E-07        1.217E-07        9.674E-07
2020  4  7  4553.00        2.007E-06        7.103E-07        8.951E-08        7.541E-07
2020  4  7  4554.00        3.381E-06        1.336E-06        1.885E-07        1.412E-06
2020  4  7  4555.00        9.133E-07        2.359E-07        1.708E-08        2.530E-07
2020  4  7  4556.00        7.230E-07        1.766E-07        1.074E-08        1.899E-07
2020  4  7  4557.00        7.057E-07        1.726E-07        1.049E-08        1.856E-07
2020  4  7  4558.00        6.068E-07        1.486E-07        9.032E-09        1.598E-07
2020  4  7  4559.00        5.249E-07        1.287E-07        7.820E-09        1.384E-07
2020  4  7  4560.00        4.517E-07        1.109E-07        6.737E-09        1.193E-07
2020  4  8  4561.00        4.453E-07        1.094E-07        6.648E-09        1.177E-07
2020  4  8  4562.00        4.352E-07        1.071E-07        6.504E-09        1.152E-07
2020  4  8  4563.00        4.103E-07        1.010E-07        6.137E-09        1.087E-07
2020  4  8  4564.00        3.907E-07        9.632E-08        5.850E-09        1.037E-07
2020  4  8  4565.00        3.816E-07        9.418E-08        5.720E-09        1.014E-07
2020  4  8  4566.00        3.870E-07        9.564E-08        5.807E-09        1.030E-07
2020  4  8  4567.00        5.261E-07        1.538E-07        1.507E-08        1.585E-07
2020  4  8  4568.00        2.636E-06        1.113E-06        1.790E-07        1.059E-06
2020  4  8  4569.00        1.700E-06        6.544E-07        9.634E-08        6.336E-07
2020  4  8  4570.00        2.262E-06        8.918E-07        1.345E-07        8.592E-07
2020  4  8  4571.00        2.806E-06        1.112E-06        1.687E-07        1.070E-06
2020  4  8  4572.00        2.993E-06        1.174E-06        1.762E-07        1.130E-06
2020  4  8  4573.00        3.013E-06        1.167E-06        1.729E-07        1.126E-06
2020  4  8  4574.00        2.887E-06        1.091E-06        1.575E-07        1.056E-06
2020  4  8  4575.00        2.703E-06        9.992E-07        1.407E-07        9.699E-07
2020  4  8  4576.00        2.446E-06        8.819E-07        1.206E-07        8.591E-07
2020  4  8  4577.00        2.058E-06        7.101E-07        9.176E-08        6.967E-07
2020  4  8  4578.00        3.204E-06        1.251E-06        1.870E-07        1.202E-06
2020  4  8  4579.00        1.466E-06        4.553E-07        5.006E-08        4.542E-07
2020  4  8  4580.00        7.939E-07        1.987E-07        1.256E-08        2.071E-07
2020  4  8  4581.00        6.692E-07        1.677E-07        1.060E-08        1.748E-07
2020  4  8  4582.00        5.766E-07        1.447E-07        9.140E-09        1.508E-07
2020  4  8  4583.00        5.392E-07        1.355E-07        8.555E-09        1.412E-07
2020  4  8  4584.00        4.971E-07        1.250E-07        7.895E-09        1.304E-07
2020  4  9  4585.00        4.618E-07        1.163E-07        7.342E-09        1.213E-07
2020  4  9  4586.00        4.461E-07        1.125E-07        7.101E-09        1.173E-07
2020  4  9  4587.00        4.286E-07        1.082E-07        6.829E-09        1.129E-07
2020  4  9  4588.00        3.931E-07        9.936E-08        6.269E-09        1.036E-07
2020  4  9  4589.00        3.698E-07        9.358E-08        5.903E-09        9.763E-08
2020  4  9  4590.00        3.647E-07        9.239E-08        5.826E-09        9.640E-08
2020  4  9  4591.00        7.406E-07        2.801E-07        5.473E-08        2.628E-07
2020  4  9  4592.00        2.242E-06        1.017E-06        2.439E-07        9.174E-07
2020  4  9  4593.00        1.532E-06        6.356E-07        1.392E-07        5.837E-07
2020  4  9  4594.00        2.040E-06        8.697E-07        1.962E-07        7.940E-07
2020  4  9  4595.00        2.511E-06        1.080E-06        2.458E-07        9.835E-07
2020  4  9  4596.00        2.905E-06        1.247E-06        2.836E-07        1.136E-06
2020  4  9  4597.00        3.000E-06        1.276E-06        2.871E-07        1.163E-06
2020  4  9  4598.00        2.907E-06        1.216E-06        2.689E-07        1.111E-06
2020  4  9  4599.00        2.711E-06        1.116E-06        2.423E-07        1.022E-06
2020  4  9  4600.00        2.412E-06        9.685E-07        2.043E-07        8.904E-07
2020  4  9  4601.00        2.012E-06        7.706E-07        1.531E-07        7.142E-07
2020  4  9  4602.00        3.446E-06        1.511E-06        3.510E-07        1.366E-06
2020  4  9  4603.00        1.472E-06        5.469E-07        1.041E-07        5.087E-07
2020  4  9  4604.00        6.411E-07        1.650E-07        1.132E-08        1.661E-07
2020  4  9  4605.00        6.308E-07        1.626E-07        1.115E-08        1.636E-07
2020  4  9  4606.00        5.949E-07        1.535E-07        1.052E-08        1.545E-07
2020  4  9  4607.00        5.277E-07        1.363E-07        9.343E-09        1.372E-07
2020  4  9  4608.00        4.715E-07        1.220E-07        8.356E-09        1.228E-07
2020  4 10  4609.00        4.306E-07        1.115E-07        7.638E-09        1.123E-07
2020  4 10  4610.00        4.021E-07        1.043E-07        7.140E-09        1.050E-07
2020  4 10  4611.00        3.858E-07        1.002E-07        6.856E-09        1.009E-07
2020  4 10  4612.00        3.753E-07        9.757E-08        6.675E-09        9.827E-08
2020  4 10  4613.00        3.581E-07        9.320E-08        6.375E-09        9.388E-08
2020  4 10  4614.00        3.348E-07        8.727E-08        5.966E-09        8.791E-08
2020  4 10  4615.00        4.620E-07        1.536E-07        2.776E-08        1.441E-07
2020  4 10  4616.00        2.355E-06        1.153E-06        3.601E-07        9.879E-07
2020  4 10  4617.00        1.537E-06        6.797E-07        1.920E-07        5.945E-07
2020  4 10  4618.00        1.974E-06        9.009E-07        2.631E-07        7.825E-07
2020  4 10  4619.00        2.375E-06        1.099E-06        3.251E-07        9.511E-07
2020  4 10  4620.00        2.709E-06        1.255E-06        3.720E-07        1.086E-06
2020  4 10  4621.00        2.897E-06        1.336E-06        3.945E-07        1.156E-06
2020  4 10  4622.00        2.871E-06        1.310E-06        3.825E-07        1.135E-06
2020  4 10  4623.00        2.664E-06        1.190E-06        3.399E-07        1.035E-06
2020  4 10  4624.00        2.357E-06        1.022E-06        2.823E-07        8.929E-07
2020  4 10  4625.00        1.957E-06        8.090E-07        2.111E-07        7.128E-07
2020  4 10  4626.00        3.394E-06        1.605E-06        4.853E-07        1.379E-06
2020  4 10  4627.00        1.640E-06        6.638E-07        1.684E-07        5.861E-07
2020  4 10  4628.00        7.144E-07        1.898E-07        1.450E-08        1.841E-07
2020  4 10  4629.00        6.376E-07        1.696E-07        1.295E-08        1.646E-07
2020  4 10  4630.00        5.898E-07        1.571E-07        1.199E-08        1.524E-07
2020  4 10  4631.00        5.259E-07        1.402E-07        1.070E-08        1.361E-07
2020  4 10  4632.00        4.979E-07        1.329E-07        1.014E-08        1.290E-07
2020  4 11  4633.00        4.477E-07        1.197E-07        9.125E-09        1.162E-07
2020  4 11  4634.00        3.732E-07        9.988E-08        7.615E-09        9.700E-08
2020  4 11  4635.00        3.721E-07        9.971E-08        7.599E-09        9.684E-08
2020  4 11  4636.00        3.412E-07        9.156E-08        6.975E-09        8.893E-08
2020  4 11  4637.00        3.166E-07        8.504E-08        6.476E-09        8.261E-08
2020  4 11  4638.00        3.004E-07        8.079E-08        6.150E-09        7.848E-08
2020  4 11  4639.00        8.385E-07        3.918E-07        1.338E-07        3.270E-07
2020  4 11  4640.00        9.452E-07        4.266E-07        1.402E-07        3.587E-07
2020  4 11  4641.00        1.396E-06        6.713E-07        2.361E-07        5.565E-07
2020  4 11  4642.00        1.879E-06        9.221E-07        3.306E-07        7.608E-07
2020  4 11  4643.00        2.340E-06        1.155E-06        4.165E-07        9.513E-07
2020  4 11  4644.00        2.650E-06        1.311E-06        4.740E-07        1.079E-06
2020  4 11  4645.00        2.828E-06        1.394E-06        5.020E-07        1.147E-06
2020  4 11  4646.00        2.725E-06        1.301E-06        4.538E-07        1.077E-06
2020  4 11  4647.00        2.535E-06        1.171E-06        3.944E-07        9.748E-07
2020  4 11  4648.00        2.275E-06        1.003E-06        3.201E-07        8.424E-07
2020  4 11  4649.00        1.961E-06        8.085E-07        2.364E-07        6.885E-07
2020  4 11  4650.00        1.551E-06        5.763E-07        1.425E-07        5.021E-07
2020  4 11  4651.00        1.560E-06        6.209E-07        1.722E-07        5.324E-07
2020  4 11  4652.00        7.830E-07        2.151E-07        1.817E-08        2.027E-07
2020  4 11  4653.00        6.757E-07        1.858E-07        1.569E-08        1.752E-07
2020  4 11  4654.00        5.837E-07        1.608E-07        1.356E-08        1.515E-07
2020  4 11  4655.00        4.976E-07        1.372E-07        1.157E-08        1.293E-07
2020  4 11  4656.00        4.907E-07        1.355E-07        1.142E-08        1.277E-07
2020  4 12  4657.00        4.448E-07        1.229E-07        1.036E-08        1.159E-07
2020  4 12  4658.00        4.154E-07        1.150E-07        9.682E-09        1.084E-07
2020  4 12  4659.00        3.951E-07        1.095E-07        9.216E-09        1.033E-07
2020  4 12  4660.00        3.923E-07        1.088E-07        9.157E-09        1.027E-07
2020  4 12  4661.00        3.907E-07        1.085E-07        9.127E-09        1.024E-07
2020  4 12  4662.00        3.843E-07        1.069E-07        8.985E-09        1.009E-07
2020  4 12  4663.00        8.974E-07        4.421E-07        1.773E-07        3.513E-07
2020  4 12  4664.00        2.286E-06        1.310E-06        6.014E-07        1.005E-06
2020  4 12  4665.00        1.572E-06        7.769E-07        3.123E-07        6.161E-07
2020  4 12  4666.00        2.047E-06        1.050E-06        4.376E-07        8.250E-07
2020  4 12  4667.00        2.427E-06        1.271E-06        5.403E-07        9.936E-07
2020  4 12  4668.00        2.603E-06        1.364E-06        5.798E-07        1.065E-06
2020  4 12  4669.00        2.646E-06        1.370E-06        5.759E-07        1.072E-06
2020  4 12  4670.00        2.565E-06        1.295E-06        5.312E-07        1.018E-06
2020  4 12  4671.00        2.403E-06        1.177E-06        4.680E-07        9.309E-07
2020  4 12  4672.00        2.139E-06        1.012E-06        3.878E-07        8.064E-07
2020  4 12  4673.00        3.344E-06        1.837E-06        8.135E-07        1.417E-06
2020  4 12  4674.00        2.932E-06        1.580E-06        6.885E-07        1.222E-06
2020  4 12  4675.00        1.223E-06        4.843E-07        1.446E-07        4.008E-07
2020  4 12  4676.00        8.072E-07        2.303E-07        2.240E-08        2.089E-07
2020  4 12  4677.00        6.923E-07        1.977E-07        1.922E-08        1.794E-07
2020  4 12  4678.00        6.002E-07        1.716E-07        1.667E-08        1.557E-07
2020  4 12  4679.00        5.842E-07        1.673E-07        1.624E-08        1.518E-07
2020  4 12  4680.00        4.755E-07        1.363E-07        1.323E-08        1.237E-07
2020  4 13  4681.00        4.394E-07        1.261E-07        1.223E-08        1.145E-07
2020  4 13  4682.00        4.150E-07        1.193E-07        1.156E-08        1.083E-07
2020  4 13  4683.00        4.169E-07        1.200E-07        1.163E-08        1.089E-07
2020  4 13  4684.00        4.317E-07        1.244E-07        1.205E-08        1.129E-07
2020  4 13  4685.00        4.603E-07        1.328E-07        1.286E-08        1.206E-07
2020  4 13  4686.00        4.424E-07        1.278E-07        1.237E-08        1.160E-07
2020  4 13  4687.00        1.562E-06        9.058E-07        4.303E-07        6.827E-07
2020  4 13  4688.00        9.462E-07        4.910E-07        2.114E-07        3.787E-07
2020  4 13  4689.00        1.173E-06        6.469E-07        2.946E-07        4.924E-07
2020  4 13  4690.00        1.512E-06        8.819E-07        4.207E-07        6.635E-07
2020  4 13  4691.00        1.846E-06        1.114E-06        5.452E-07        8.322E-07
2020  4 13  4692.00        1.298E-06        7.324E-07        3.401E-07        5.543E-07
2020  4 13  4693.00        1.748E-06        1.033E-06        4.973E-07        7.742E-07
2020  4 13  4694.00        1.818E-06        1.072E-06        5.153E-07        8.038E-07
2020  4 13  4695.00        1.766E-06        1.027E-06        4.881E-07        7.717E-07
2020  4 13  4696.00        1.563E-06        8.853E-07        4.120E-07        6.684E-07
2020  4 13  4697.00        1.284E-06        6.964E-07        3.120E-07        5.300E-07
2020  4 13  4698.00        2.209E-06        1.338E-06        6.564E-07        9.973E-07
2020  4 13  4699.00        1.190E-06        6.551E-07        2.973E-07        4.967E-07
2020  4 13  4700.00        3.558E-07        1.052E-07        1.132E-08        9.262E-08
2020  4 13  4701.00        3.131E-07        9.269E-08        9.973E-09        8.159E-08
2020  4 13  4702.00        3.048E-07        9.035E-08        9.718E-09        7.953E-08
2020  4 13  4703.00        2.869E-07        8.515E-08        9.156E-09        7.496E-08
2020  4 13  4704.00        2.825E-07        8.395E-08        9.025E-09        7.391E-08
2020  4 14  4705.00        2.542E-07        7.563E-08        8.129E-09        6.660E-08
2020  4 14  4706.00        2.448E-07        7.293E-08        7.837E-09        6.422E-08
2020  4 14  4707.00        2.231E-07        6.656E-08        7.151E-09        5.861E-08
2020  4 14  4708.00        2.552E-07        7.622E-08        8.187E-09        6.712E-08
2020  4 14  4709.00        2.728E-07        8.158E-08        8.761E-09        7.185E-08
2020  4 14  4710.00        2.786E-07        8.341E-08        8.955E-09        7.347E-08
2020  4 14  4711.00        3.327E-07        1.165E-07        2.549E-08        9.791E-08
2020  4 14  4712.00        5.883E-07        2.861E-07        1.156E-07        2.212E-07
2020  4 14  4713.00        1.005E-06        5.696E-07        2.687E-07        4.263E-07
2020  4 14  4714.00        2.131E-06        1.355E-06        7.001E-07        9.923E-07
2020  4 14  4715.00        1.409E-06        8.402E-07        4.133E-07        6.223E-07
2020  4 14  4716.00        1.504E-06        9.017E-07        4.456E-07        6.670E-07
2020  4 14  4717.00        1.624E-06        9.804E-07        4.870E-07        7.241E-07
2020  4 14  4718.00        1.595E-06        9.544E-07        4.708E-07        7.057E-07
2020  4 14  4719.00        1.451E-06        8.506E-07        4.127E-07        6.311E-07
2020  4 14  4720.00        1.344E-06        7.692E-07        3.656E-07        5.730E-07
2020  4 14  4721.00        2.263E-06        1.417E-06        7.234E-07        1.039E-06
2020  4 14  4722.00        9.512E-07        4.873E-07        2.080E-07        3.702E-07
2020  4 14  4723.00        5.781E-07        2.388E-07        7.550E-08        1.898E-07
2020  4 14  4724.00        3.598E-07        1.101E-07        1.280E-08        9.460E-08
2020  4 14  4725.00        3.205E-07        9.824E-08        1.141E-08        8.438E-08
2020  4 14  4726.00        2.950E-07        9.052E-08        1.051E-08        7.776E-08
2020  4 14  4727.00        2.777E-07        8.534E-08        9.909E-09        7.332E-08
2020  4 14  4728.00        2.578E-07        7.930E-08        9.205E-09        6.813E-08
2020  4 15  4729.00        2.454E-07        7.560E-08        8.774E-09        6.495E-08
2020  4 15  4730.00        2.411E-07        7.435E-08        8.628E-09        6.389E-08
2020  4 15  4731.00        2.276E-07        7.029E-08        8.156E-09        6.040E-08
2020  4 15  4732.00        2.223E-07        6.873E-08        7.973E-09        5.906E-08
2020  4 15  4733.00        2.192E-07        6.786E-08        7.870E-09        5.832E-08
2020  4 15  4734.00        2.156E-07        6.681E-08        7.747E-09        5.742E-08
2020  4 15  4735.00        4.850E-07        2.583E-07        1.168E-07        1.928E-07
2020  4 15  4736.00        1.167E-06        7.362E-07        3.866E-07        5.316E-07
2020  4 15  4737.00        1.055E-06        6.250E-07        3.121E-07        4.565E-07
2020  4 15  4738.00        1.434E-06        8.723E-07        4.453E-07        6.339E-07
2020  4 15  4739.00        1.743E-06        1.072E-06        5.518E-07        7.770E-07
2020  4 15  4740.00        2.016E-06        1.245E-06        6.427E-07        9.015E-07
2020  4 15  4741.00        2.197E-06        1.352E-06        6.967E-07        9.794E-07
2020  4 15  4742.00        2.210E-06        1.341E-06        6.823E-07        9.730E-07
2020  4 15  4743.00        2.148E-06        1.271E-06        6.338E-07        9.262E-07
2020  4 15  4744.00        1.948E-06        1.109E-06        5.341E-07        8.132E-07
2020  4 15  4745.00        1.653E-06        8.877E-07        4.039E-07        6.576E-07
2020  4 15  4746.00        2.872E-06        1.784E-06        9.249E-07        1.287E-06
2020  4 15  4747.00        1.468E-06        7.869E-07        3.571E-07        5.821E-07
2020  4 15  4748.00        5.424E-07        1.721E-07        2.200E-08        1.432E-07
2020  4 15  4749.00        4.724E-07        1.501E-07        1.917E-08        1.249E-07
2020  4 15  4750.00        4.412E-07        1.404E-07        1.793E-08        1.168E-07
2020  4 15  4751.00        3.755E-07        1.196E-07        1.527E-08        9.953E-08
2020  4 15  4752.00        3.626E-07        1.156E-07        1.476E-08        9.624E-08
2020  4 16  4753.00        3.473E-07        1.109E-07        1.415E-08        9.229E-08
2020  4 16  4754.00        3.444E-07        1.101E-07        1.405E-08        9.166E-08
2020  4 16  4755.00        3.181E-07        1.018E-07        1.299E-08        8.476E-08
2020  4 16  4756.00        3.216E-07        1.031E-07        1.314E-08        8.581E-08
2020  4 16  4757.00        3.312E-07        1.063E-07        1.355E-08        8.850E-08
2020  4 16  4758.00        3.079E-07        9.894E-08        1.261E-08        8.238E-08
2020  4 16  4759.00        8.899E-07        5.637E-07        3.129E-07        3.914E-07
2020  4 16  4760.00        8.422E-07        4.840E-07        2.467E-07        3.431E-07
2020  4 16  4761.00        1.316E-06        8.080E-07        4.369E-07        5.645E-07
2020  4 16  4762.00        1.740E-06        1.094E-06        6.030E-07        7.602E-07
2020  4 16  4763.00        2.073E-06        1.326E-06        7.407E-07        9.178E-07
2020  4 16  4764.00        2.335E-06        1.499E-06        8.395E-07        1.036E-06
2020  4 16  4765.00        2.397E-06        1.519E-06        8.424E-07        1.052E-06
2020  4 16  4766.00        2.330E-06        1.433E-06        7.747E-07        9.979E-07
2020  4 16  4767.00        2.178E-06        1.280E-06        6.645E-07        8.988E-07
2020  4 16  4768.00        1.994E-06        1.099E-06        5.355E-07        7.816E-07
2020  4 16  4769.00        1.731E-06        8.904E-07        4.011E-07        6.423E-07
2020  4 16  4770.00        2.628E-06        1.657E-06        9.144E-07        1.147E-06
2020  4 16  4771.00        1.429E-06        7.444E-07        3.401E-07        5.346E-07
2020  4 16  4772.00        7.910E-07        2.609E-07        3.663E-08        2.104E-07
2020  4 16  4773.00        7.522E-07        2.484E-07        3.485E-08        2.004E-07
2020  4 16  4774.00        6.150E-07        2.033E-07        2.851E-08        1.641E-07
2020  4 16  4775.00        5.429E-07        1.797E-07        2.519E-08        1.450E-07
2020  4 16  4776.00        4.616E-07        1.530E-07        2.144E-08        1.235E-07
2020  4 17  4777.00        4.278E-07        1.419E-07        1.988E-08        1.146E-07
2020  4 17  4778.00        3.891E-07        1.293E-07        1.810E-08        1.044E-07
2020  4 17  4779.00        3.750E-07        1.247E-07        1.746E-08        1.007E-07
2020  4 17  4780.00        3.634E-07        1.210E-07        1.694E-08        9.772E-08
2020  4 17  4781.00        3.504E-07        1.169E-07        1.635E-08        9.437E-08
2020  4 17  4782.00        3.193E-07        1.066E-07        1.491E-08        8.609E-08
2020  4 17  4783.00        4.427E-07        2.106E-07        8.681E-08        1.522E-07
2020  4 17  4784.00        1.699E-06        1.307E-06        8.595E-07        8.437E-07
2020  4 17  4785.00        1.153E-06        7.774E-07        4.676E-07        5.152E-07
2020  4 17  4786.00        1.471E-06        1.034E-06        6.409E-07        6.793E-07
2020  4 17  4787.00        1.784E-06        1.272E-06        7.952E-07        8.326E-07
2020  4 17  4788.00        2.042E-06        1.456E-06        9.113E-07        9.530E-07
2020  4 17  4789.00        2.189E-06        1.549E-06        9.640E-07        1.015E-06
2020  4 17  4790.00        2.224E-06        1.537E-06        9.396E-07        1.011E-06
2020  4 17  4791.00        2.085E-06        1.379E-06        8.158E-07        9.146E-07
2020  4 17  4792.00        1.884E-06        1.193E-06        6.800E-07        7.976E-07
2020  4 17  4793.00        1.610E-06        9.602E-07        5.186E-07        6.499E-07
2020  4 17  4794.00        2.542E-06        1.833E-06        1.155E-06        1.194E-06
2020  4 17  4795.00        1.323E-06        7.895E-07        4.260E-07        5.334E-07
2020  4 17  4796.00        6.731E-07        2.314E-07        3.590E-08        1.805E-07
2020  4 17  4797.00        6.426E-07        2.211E-07        3.430E-08        1.726E-07
2020  4 17  4798.00        5.706E-07        1.966E-07        3.048E-08        1.535E-07
2020  4 17  4799.00        5.332E-07        1.839E-07        2.850E-08        1.436E-07
2020  4 17  4800.00        4.650E-07        1.606E-07        2.488E-08        1.254E-07
2020  4 18  4801.00        4.168E-07        1.441E-07        2.232E-08        1.126E-07
2020  4 18  4802.00        3.790E-07        1.312E-07        2.031E-08        1.025E-07
2020  4 18  4803.00        3.604E-07        1.249E-07        1.934E-08        9.759E-08
2020  4 18  4804.00        3.482E-07        1.209E-07        1.870E-08        9.440E-08
2020  4 18  4805.00        3.462E-07        1.203E-07        1.861E-08        9.399E-08
2020  4 18  4806.00        3.430E-07        1.193E-07        1.845E-08        9.325E-08
2020  4 18  4807.00        9.008E-07        6.540E-07        4.235E-07        4.145E-07
2020  4 18  4808.00        1.703E-06        1.408E-06        9.897E-07        8.691E-07
2020  4 18  4809.00        1.206E-06        8.349E-07        5.216E-07        5.343E-07
2020  4 18  4810.00        2.555E-06        2.177E-06        1.555E-06        1.335E-06
2020  4 18  4811.00        1.569E-06        1.116E-06        7.115E-07        7.090E-07
2020  4 18  4812.00        1.524E-06        1.056E-06        6.593E-07        6.739E-07
2020  4 18  4813.00        1.609E-06        1.152E-06        7.371E-07        7.300E-07
2020  4 18  4814.00        2.403E-06        1.994E-06        1.403E-06        1.227E-06
2020  4 18  4815.00        1.962E-06        1.590E-06        1.104E-06        9.828E-07
2020  4 18  4816.00        1.434E-06        1.033E-06        6.631E-07        6.525E-07
2020  4 18  4817.00        1.231E-06        7.938E-07        4.666E-07        5.128E-07
2020  4 18  4818.00        1.549E-06        1.129E-06        7.304E-07        7.109E-07
2020  4 18  4819.00        6.887E-07        2.743E-07        7.251E-08        2.004E-07
2020  4 18  4820.00        5.922E-07        2.125E-07        3.623E-08        1.605E-07
2020  4 18  4821.00        5.492E-07        1.973E-07        3.362E-08        1.491E-07
2020  4 18  4822.00        4.878E-07        1.755E-07        2.989E-08        1.326E-07
2020  4 18  4823.00        4.714E-07        1.698E-07        2.891E-08        1.283E-07
2020  4 18  4824.00        4.258E-07        1.535E-07        2.613E-08        1.160E-07
2020  4 19  4825.00        3.888E-07        1.403E-07        2.388E-08        1.061E-07
2020  4 19  4826.00        4.150E-07        1.500E-07        2.552E-08        1.134E-07
2020  4 19  4827.00        4.476E-07        1.620E-07        2.755E-08        1.225E-07
2020  4 19  4828.00        4.499E-07        1.630E-07        2.771E-08        1.232E-07
2020  4 19  4829.00        4.442E-07        1.611E-07        2.738E-08        1.219E-07
2020  4 19  4830.00        4.154E-07        1.508E-07        2.563E-08        1.141E-07
2020  4 19  4831.00        6.532E-07        4.118E-07        2.392E-07        2.630E-07
2020  4 19  4832.00        1.093E-06        8.908E-07        6.299E-07        5.365E-07
2020  4 19  4833.00        6.559E-07        3.931E-07        2.165E-07        2.542E-07
2020  4 19  4834.00        9.886E-07        7.630E-07        5.208E-07        4.647E-07
2020  4 19  4835.00        1.328E-06        1.140E-06        8.304E-07        6.792E-07
2020  4 19  4836.00        5.420E-07        2.577E-07        1.017E-07        1.776E-07
2020  4 19  4837.00        1.697E-06        1.535E-06        1.150E-06        9.051E-07
2020  4 19  4838.00        1.389E-06        1.148E-06        8.175E-07        6.885E-07
2020  4 19  4839.00        1.408E-06        1.134E-06        7.940E-07        6.833E-07
2020  4 19  4840.00        1.403E-06        1.086E-06        7.412E-07        6.595E-07
2020  4 19  4841.00        8.997E-07        5.288E-07        2.830E-07        3.420E-07
2020  4 19  4842.00        7.575E-07        3.724E-07        1.546E-07        2.528E-07
2020  4 19  4843.00        9.561E-07        6.168E-07        3.631E-07        3.898E-07
2020  4 19  4844.00        5.542E-07        2.067E-07        3.724E-08        1.532E-07
2020  4 19  4845.00        4.749E-07        1.773E-07        3.193E-08        1.314E-07
2020  4 19  4846.00        4.653E-07        1.740E-07        3.132E-08        1.289E-07
2020  4 19  4847.00        4.397E-07        1.646E-07        2.962E-08        1.220E-07
2020  4 19  4848.00        4.272E-07        1.601E-07        2.881E-08        1.187E-07
2020  4 20  4849.00        3.689E-07        1.384E-07        2.490E-08        1.026E-07
2020  4 20  4850.00        3.638E-07        1.367E-07        2.457E-08        1.013E-07
2020  4 20  4851.00        3.313E-07        1.246E-07        2.240E-08        9.242E-08
2020  4 20  4852.00        3.244E-07        1.222E-07        2.196E-08        9.062E-08
2020  4 20  4853.00        3.153E-07        1.189E-07        2.136E-08        8.818E-08
2020  4 20  4854.00        2.882E-07        1.088E-07        1.954E-08        8.070E-08
2020  4 20  4855.00        8.644E-07        8.022E-07        6.182E-07        4.579E-07
2020  4 20  4856.00        1.481E-06        1.526E-06        1.237E-06        8.529E-07
2020  4 20  4857.00        9.931E-07        8.617E-07        6.393E-07        4.985E-07
2020  4 20  4858.00        1.239E-06        1.122E-06        8.523E-07        6.430E-07
2020  4 20  4859.00        1.480E-06        1.371E-06        1.055E-06        7.820E-07
2020  4 20  4860.00        1.678E-06        1.566E-06        1.209E-06        8.915E-07
2020  4 20  4861.00        1.814E-06        1.680E-06        1.291E-06        9.572E-07
2020  4 20  4862.00        1.845E-06        1.677E-06        1.275E-06        9.586E-07
2020  4 20  4863.00        1.747E-06        1.544E-06        1.156E-06        8.874E-07
2020  4 20  4864.00        1.582E-06        1.328E-06        9.635E-07        7.709E-07
2020  4 20  4865.00        1.361E-06        1.057E-06        7.272E-07        6.235E-07
2020  4 20  4866.00        1.094E-06        7.463E-07        4.624E-07        4.535E-07
2020  4 20  4867.00        1.376E-06        1.152E-06        8.332E-07        6.684E-07
2020  4 20  4868.00        5.918E-07        2.315E-07        4.578E-08        1.658E-07
2020  4 20  4869.00        5.394E-07        2.112E-07        4.175E-08        1.513E-07
2020  4 20  4870.00        5.056E-07        1.982E-07        3.917E-08        1.420E-07
2020  4 20  4871.00        4.741E-07        1.861E-07        3.676E-08        1.333E-07
2020  4 20  4872.00        4.378E-07        1.720E-07        3.398E-08        1.233E-07
2020  4 21  4873.00        4.079E-07        1.604E-07        3.168E-08        1.150E-07
2020  4 21  4874.00        3.946E-07        1.554E-07        3.068E-08        1.114E-07
2020  4 21  4875.00        3.701E-07        1.460E-07        2.880E-08        1.046E-07
2020  4 21  4876.00        3.657E-07        1.444E-07        2.849E-08        1.035E-07
2020  4 21  4877.00        3.228E-07        1.276E-07        2.516E-08        9.149E-08
2020  4 21  4878.00        3.060E-07        1.211E-07        2.388E-08        8.686E-08
2020  4 21  4879.00        8.565E-07        8.961E-07        7.402E-07        4.833E-07
2020  4 21  4880.00        6.918E-07        6.085E-07        4.583E-07        3.406E-07
2020  4 21  4881.00        9.295E-07        8.939E-07        7.078E-07        4.905E-07
2020  4 21  4882.00        1.178E-06        1.184E-06        9.581E-07        6.434E-07
2020  4 21  4883.00        1.423E-06        1.462E-06        1.196E-06        7.907E-07
2020  4 21  4884.00        1.608E-06        1.665E-06        1.367E-06        8.987E-07
2020  4 21  4885.00        1.722E-06        1.770E-06        1.447E-06        9.563E-07
2020  4 21  4886.00        1.737E-06        1.746E-06        1.412E-06        9.470E-07
2020  4 21  4887.00        1.640E-06        1.577E-06        1.246E-06        8.629E-07
2020  4 21  4888.00        1.494E-06        1.343E-06        1.021E-06        7.450E-07
2020  4 21  4889.00        1.315E-06        1.087E-06        7.829E-07        6.140E-07
2020  4 21  4890.00        1.091E-06        7.915E-07        5.149E-07        4.611E-07
2020  4 21  4891.00        1.339E-06        1.222E-06        9.355E-07        6.748E-07
2020  4 21  4892.00        6.198E-07        2.545E-07        5.473E-08        1.766E-07
2020  4 21  4893.00        5.596E-07        2.300E-07        4.946E-08        1.597E-07
2020  4 21  4894.00        5.181E-07        2.132E-07        4.582E-08        1.480E-07
2020  4 21  4895.00        4.793E-07        1.975E-07        4.242E-08        1.371E-07
2020  4 21  4896.00        4.069E-07        1.678E-07        3.605E-08        1.165E-07
2020  4 22  4897.00        3.736E-07        1.543E-07        3.312E-08        1.071E-07
2020  4 22  4898.00        3.509E-07        1.451E-07        3.114E-08        1.008E-07
2020  4 22  4899.00        3.411E-07        1.412E-07        3.031E-08        9.810E-08
2020  4 22  4900.00        3.332E-07        1.381E-07        2.963E-08        9.595E-08
2020  4 22  4901.00        3.117E-07        1.294E-07        2.775E-08        8.988E-08
2020  4 22  4902.00        3.261E-07        1.553E-07        5.359E-08        1.022E-07
2020  4 22  4903.00        8.514E-07        1.003E-06        8.783E-07        5.114E-07
2020  4 22  4904.00        7.139E-07        6.710E-07        5.259E-07        3.592E-07
2020  4 22  4905.00        9.186E-07        9.677E-07        8.055E-07        5.048E-07
2020  4 22  4906.00        1.109E-06        1.246E-06        1.069E-06        6.412E-07
2020  4 22  4907.00        1.305E-06        1.514E-06        1.316E-06        7.738E-07
2020  4 22  4908.00        1.495E-06        1.737E-06        1.511E-06        8.871E-07
2020  4 22  4909.00        1.597E-06        1.820E-06        1.568E-06        9.324E-07
2020  4 22  4910.00        1.579E-06        1.711E-06        1.441E-06        8.851E-07
2020  4 22  4911.00        1.511E-06        1.528E-06        1.243E-06        8.017E-07
2020  4 22  4912.00        1.402E-06        1.325E-06        1.038E-06        7.054E-07
2020  4 22  4913.00        1.272E-06        1.087E-06        7.981E-07        5.921E-07
2020  4 22  4914.00        1.096E-06        8.222E-07        5.446E-07        4.628E-07
2020  4 22  4915.00        1.286E-06        1.298E-06        1.053E-06        6.804E-07
2020  4 22  4916.00        5.902E-07        2.550E-07        5.940E-08        1.716E-07
2020  4 22  4917.00        5.352E-07        2.316E-07        5.392E-08        1.558E-07
2020  4 22  4918.00        4.605E-07        1.995E-07        4.644E-08        1.342E-07
2020  4 22  4919.00        4.232E-07        1.835E-07        4.271E-08        1.235E-07
2020  4 22  4920.00        3.616E-07        1.570E-07        3.652E-08        1.056E-07
2020  4 23  4921.00        3.418E-07        1.486E-07        3.456E-08        9.998E-08
2020  4 23  4922.00        2.929E-07        1.275E-07        2.964E-08        8.579E-08
2020  4 23  4923.00        3.027E-07        1.319E-07        3.067E-08        8.879E-08
2020  4 23  4924.00        2.813E-07        1.227E-07        2.852E-08        8.259E-08
2020  4 23  4925.00        2.599E-07        1.135E-07        2.639E-08        7.643E-08
2020  4 23  4926.00        2.805E-07        1.227E-07        2.850E-08        8.258E-08
2020  4 23  4927.00        7.265E-07        9.996E-07        9.307E-07        4.803E-07
2020  4 23  4928.00        6.339E-07        6.780E-07        5.676E-07        3.431E-07
2020  4 23  4929.00        8.310E-07        9.922E-07        8.739E-07        4.902E-07
2020  4 23  4930.00        1.022E-06        1.293E-06        1.167E-06        6.312E-07
2020  4 23  4931.00        1.244E-06        1.608E-06        1.462E-06        7.813E-07
2020  4 23  4932.00        1.398E-06        1.823E-06        1.663E-06        8.840E-07
2020  4 23  4933.00        1.430E-06        1.821E-06        1.645E-06        8.867E-07
2020  4 23  4934.00        1.417E-06        1.726E-06        1.530E-06        8.474E-07
2020  4 23  4935.00        1.362E-06        1.560E-06        1.346E-06        7.753E-07
2020  4 23  4936.00        1.282E-06        1.347E-06        1.113E-06        6.818E-07
2020  4 23  4937.00        1.176E-06        1.115E-06        8.677E-07        5.778E-07
2020  4 23  4938.00        1.499E-06        1.952E-06        1.775E-06        9.446E-07
2020  4 23  4939.00        1.140E-06        1.271E-06        1.080E-06        6.339E-07
2020  4 23  4940.00        7.188E-07        5.632E-07        3.797E-07        3.059E-07
2020  4 23  4941.00        4.768E-07        2.181E-07        5.523E-08        1.417E-07
2020  4 23  4942.00        4.072E-07        1.865E-07        4.721E-08        1.212E-07
2020  4 23  4943.00        3.815E-07        1.749E-07        4.426E-08        1.137E-07
2020  4 23  4944.00        3.474E-07        1.595E-07        4.034E-08        1.037E-07
2020  4 24  4945.00        3.035E-07        1.395E-07        3.528E-08        9.068E-08
2020  4 24  4946.00        2.867E-07        1.319E-07        3.336E-08        8.577E-08
2020  4 24  4947.00        2.894E-07        1.333E-07        3.371E-08        8.668E-08
2020  4 24  4948.00        2.907E-07        1.341E-07        3.389E-08        8.717E-08
2020  4 24  4949.00        2.887E-07        1.333E-07        3.369E-08        8.667E-08
2020  4 24  4950.00        2.874E-07        1.329E-07        3.358E-08        8.642E-08
2020  4 24  4951.00        5.396E-07        6.609E-07        6.053E-07        3.192E-07
2020  4 24  4952.00        5.003E-07        4.986E-07        4.103E-07        2.523E-07
2020  4 24  4953.00        7.482E-07        9.226E-07        8.469E-07        4.449E-07
2020  4 24  4954.00        9.545E-07        1.269E-06        1.201E-06        6.024E-07
2020  4 24  4955.00        1.123E-06        1.554E-06        1.493E-06        7.319E-07
2020  4 24  4956.00        1.240E-06        1.741E-06        1.682E-06        8.174E-07
2020  4 24  4957.00        1.307E-06        1.827E-06        1.761E-06        8.582E-07
2020  4 24  4958.00        1.304E-06        1.775E-06        1.694E-06        8.377E-07
2020  4 24  4959.00        1.251E-06        1.634E-06        1.533E-06        7.769E-07
2020  4 24  4960.00        1.158E-06        1.411E-06        1.284E-06        6.799E-07
2020  4 24  4961.00        1.041E-06        1.149E-06        9.958E-07        5.652E-07
2020  4 24  4962.00        1.478E-06        2.234E-06        2.211E-06        1.033E-06
2020  4 24  4963.00        6.587E-07        4.429E-07        2.530E-07        2.481E-07
2020  4 24  4964.00        4.987E-07        2.671E-07        1.010E-07        1.617E-07
2020  4 24  4965.00        4.169E-07        2.011E-07        5.470E-08        1.267E-07
2020  4 24  4966.00        3.786E-07        1.828E-07        4.972E-08        1.152E-07
2020  4 24  4967.00        3.580E-07        1.731E-07        4.706E-08        1.091E-07
2020  4 24  4968.00        3.379E-07        1.635E-07        4.445E-08        1.030E-07
2020  4 25  4969.00        3.064E-07        1.484E-07        4.035E-08        9.357E-08
2020  4 25  4970.00        2.855E-07        1.385E-07        3.763E-08        8.728E-08
2020  4 25  4971.00        2.893E-07        1.405E-07        3.817E-08        8.855E-08
2020  4 25  4972.00        2.830E-07        1.376E-07        3.738E-08        8.674E-08
2020  4 25  4973.00        2.787E-07        1.356E-07        3.683E-08        8.550E-08
2020  4 25  4974.00        2.794E-07        1.361E-07        3.697E-08        8.584E-08
2020  4 25  4975.00        3.786E-07        3.622E-07        2.920E-07        1.836E-07
2020  4 25  4976.00        5.661E-07        7.957E-07        7.827E-07        3.706E-07
2020  4 25  4977.00        8.191E-07        1.386E-06        1.452E-06        6.250E-07
2020  4 25  4978.00        5.922E-07        8.085E-07        7.856E-07        3.784E-07
2020  4 25  4979.00        7.085E-07        1.057E-06        1.062E-06        4.867E-07
2020  4 25  4980.00        8.775E-07        1.409E-06        1.451E-06        6.404E-07
2020  4 25  4981.00        9.279E-07        1.489E-06        1.534E-06        6.769E-07
2020  4 25  4982.00        9.544E-07        1.504E-06        1.538E-06        6.852E-07
2020  4 25  4983.00        9.335E-07        1.413E-06        1.425E-06        6.480E-07
2020  4 25  4984.00        8.877E-07        1.261E-06        1.242E-06        5.848E-07
2020  4 25  4985.00        8.032E-07        1.035E-06        9.787E-07        4.887E-07
2020  4 25  4986.00        6.828E-07        7.489E-07        6.527E-07        3.656E-07
2020  4 25  4987.00        5.158E-07        4.143E-07        2.857E-07        2.186E-07
2020  4 25  4988.00        5.439E-07        6.036E-07        5.291E-07        2.939E-07
2020  4 25  4989.00        3.171E-07        1.603E-07        4.613E-08        9.849E-08
2020  4 25  4990.00        3.052E-07        1.545E-07        4.444E-08        9.492E-08
2020  4 25  4991.00        2.806E-07        1.422E-07        4.089E-08        8.736E-08
2020  4 25  4992.00        2.560E-07        1.299E-07        3.736E-08        7.982E-08
2020  4 26  4993.00        2.402E-07        1.220E-07        3.507E-08        7.496E-08
2020  4 26  4994.00        2.196E-07        1.116E-07        3.209E-08        6.861E-08
2020  4 26  4995.00        2.021E-07        1.029E-07        2.957E-08        6.323E-08
2020  4 26  4996.00        1.946E-07        9.919E-08        2.851E-08        6.096E-08
2020  4 26  4997.00        1.956E-07        9.979E-08        2.868E-08        6.134E-08
2020  4 26  4998.00        2.045E-07        1.386E-07        7.827E-08        7.696E-08
2020  4 26  4999.00        2.884E-07        3.071E-07        2.682E-07        1.503E-07
2020  4 26  5000.00        4.482E-07        5.949E-07        5.831E-07        2.775E-07
2020  4 26  5001.00        6.174E-07        8.954E-07        9.104E-07        4.106E-07
2020  4 26  5002.00        7.677E-07        1.168E-06        1.209E-06        5.308E-07
2020  4 26  5003.00        9.084E-07        1.412E-06        1.472E-06        6.391E-07
2020  4 26  5004.00        1.023E-06        1.606E-06        1.681E-06        7.255E-07
2020  4 26  5005.00        1.088E-06        1.695E-06        1.768E-06        7.665E-07
2020  4 26  5006.00        1.118E-06        1.693E-06        1.747E-06        7.690E-07
2020  4 26  5007.00        1.098E-06        1.594E-06        1.618E-06        7.293E-07
2020  4 26  5008.00        1.025E-06        1.397E-06        1.382E-06        6.464E-07
2020  4 26  5009.00        9.187E-07        1.134E-06        1.070E-06        5.349E-07
2020  4 26  5010.00        1.325E-06        2.173E-06        2.305E-06        9.727E-07
2020  4 26  5011.00        9.034E-07        1.219E-06        1.199E-06        5.645E-07
2020  4 26  5012.00        6.438E-07        7.263E-07        6.512E-07        3.485E-07
2020  4 26  5013.00        3.758E-07        1.998E-07        6.134E-08        1.191E-07
2020  4 26  5014.00        3.284E-07        1.748E-07        5.365E-08        1.042E-07
2020  4 26  5015.00        2.961E-07        1.578E-07        4.842E-08        9.404E-08
2020  4 26  5016.00        2.842E-07        1.516E-07        4.651E-08        9.035E-08
2020  4 27  5017.00        2.725E-07        1.455E-07        4.465E-08        8.675E-08
2020  4 27  5018.00        2.505E-07        1.339E-07        4.107E-08        7.982E-08
2020  4 27  5019.00        2.286E-07        1.223E-07        3.752E-08        7.293E-08
2020  4 27  5020.00        2.162E-07        1.158E-07        3.552E-08        6.906E-08
2020  4 27  5021.00        2.062E-07        1.106E-07        3.391E-08        6.594E-08
2020  4 27  5022.00        3.785E-07        5.603E-07        5.973E-07        2.517E-07
2020  4 27  5023.00        5.109E-07        8.465E-07        9.411E-07        3.727E-07
2020  4 27  5024.00        5.152E-07        6.676E-07        6.700E-07        3.078E-07
2020  4 27  5025.00        6.984E-07        9.756E-07        1.014E-06        4.430E-07
2020  4 27  5026.00        8.952E-07        1.314E-06        1.395E-06        5.911E-07
2020  4 27  5027.00        1.057E-06        1.587E-06        1.699E-06        7.105E-07
2020  4 27  5028.00        1.157E-06        1.762E-06        1.896E-06        7.865E-07
2020  4 27  5029.00        1.185E-06        1.787E-06        1.915E-06        7.988E-07
2020  4 27  5030.00        1.135E-06        1.640E-06        1.727E-06        7.386E-07
2020  4 27  5031.00        1.144E-06        1.583E-06        1.634E-06        7.184E-07
2020  4 27  5032.00        1.071E-06        1.359E-06        1.344E-06        6.270E-07
2020  4 27  5033.00        9.526E-07        1.071E-06        9.876E-07        5.068E-07
2020  4 27  5034.00        1.348E-06        2.108E-06        2.287E-06        9.346E-07
2020  4 27  5035.00        1.001E-06        1.268E-06        1.250E-06        5.843E-07
2020  4 27  5036.00        8.344E-07        9.378E-07        8.631E-07        4.431E-07
2020  4 27  5037.00        4.788E-07        2.676E-07        8.765E-08        1.546E-07
2020  4 27  5038.00        3.768E-07        2.107E-07        6.902E-08        1.218E-07
2020  4 27  5039.00        3.475E-07        1.946E-07        6.371E-08        1.125E-07
2020  4 27  5040.00        3.139E-07        1.759E-07        5.760E-08        1.017E-07
2020  4 28  5041.00        2.921E-07        1.639E-07        5.365E-08        9.475E-08
2020  4 28  5042.00        2.915E-07        1.637E-07        5.359E-08        9.467E-08
2020  4 28  5043.00        2.705E-07        1.521E-07        4.978E-08        8.796E-08
2020  4 28  5044.00        2.601E-07        1.464E-07        4.790E-08        8.466E-08
2020  4 28  5045.00        2.604E-07        1.467E-07        4.800E-08        8.486E-08
2020  4 28  5046.00        6.314E-07        1.144E-06        1.365E-06        4.871E-07
2020  4 28  5047.00        4.049E-07        4.065E-07        3.570E-07        1.956E-07
2020  4 28  5048.00        8.063E-07        1.374E-06        1.606E-06        5.912E-07
2020  4 28  5049.00        1.091E-06        1.991E-06        2.381E-06        8.466E-07
2020  4 28  5050.00        1.291E-06        2.377E-06        2.850E-06        1.009E-06
2020  4 28  5051.00        9.655E-07        1.381E-06        1.501E-06        6.122E-07
2020  4 28  5052.00        9.127E-07        1.182E-06        1.223E-06        5.345E-07
2020  4 28  5053.00        7.594E-07        8.581E-07        8.174E-07        3.996E-07
2020  4 28  5054.00        8.424E-07        1.317E-06        1.486E-06        5.739E-07
2020  4 28  5055.00        1.037E-06        1.934E-06        2.327E-06        8.186E-07
2020  4 28  5056.00        1.116E-06        2.077E-06        2.496E-06        8.790E-07
2020  4 28  5057.00        7.704E-07        1.012E-06        1.052E-06        4.552E-07
2020  4 28  5058.00        9.097E-07        1.427E-06        1.610E-06        6.205E-07
2020  4 28  5059.00        7.435E-07        9.671E-07        9.988E-07        4.355E-07
2020  4 28  5060.00        6.564E-07        7.914E-07        7.819E-07        3.619E-07
2020  4 28  5061.00        4.382E-07        2.574E-07        9.013E-08        1.441E-07
2020  4 28  5062.00        4.174E-07        2.454E-07        8.592E-08        1.374E-07
2020  4 28  5063.00        4.039E-07        2.378E-07        8.322E-08        1.332E-07
2020  4 28  5064.00        3.979E-07        2.345E-07        8.204E-08        1.313E-07
2020  4 29  5065.00        3.915E-07        2.309E-07        8.080E-08        1.294E-07
2020  4 29  5066.00        3.716E-07        2.194E-07        7.675E-08        1.229E-07
2020  4 29  5067.00        3.736E-07        2.208E-07        7.723E-08        1.237E-07
2020  4 29  5068.00        3.592E-07        2.125E-07        7.432E-08        1.191E-07
2020  4 29  5069.00        3.477E-07        2.059E-07        7.198E-08        1.154E-07
2020  4 29  5070.00        5.133E-07        6.689E-07        7.187E-07        2.974E-07
2020  4 29  5071.00        4.553E-07        4.824E-07        4.508E-07        2.252E-07
2020  4 29  5072.00        6.300E-07        9.752E-07        1.140E-06        4.187E-07
2020  4 29  5073.00        8.662E-07        1.640E-06        2.071E-06        6.798E-07
2020  4 29  5074.00        9.744E-07        1.972E-06        2.542E-06        8.088E-07
2020  4 29  5075.00        9.427E-07        1.883E-06        2.418E-06        7.736E-07
2020  4 29  5076.00        7.678E-07        1.287E-06        1.554E-06        5.439E-07
2020  4 29  5077.00        8.887E-07        1.549E-06        1.897E-06        6.499E-07
2020  4 29  5078.00        8.019E-07        1.266E-06        1.489E-06        5.402E-07
2020  4 29  5079.00        1.204E-06        2.461E-06        3.179E-06        1.007E-06
2020  4 29  5080.00        7.393E-07        1.103E-06        1.265E-06        4.752E-07
2020  4 29  5081.00        7.714E-07        1.095E-06        1.225E-06        4.761E-07
2020  4 29  5082.00        7.904E-07        1.205E-06        1.394E-06        5.168E-07
2020  4 29  5083.00        4.988E-07        4.049E-07        2.799E-07        2.015E-07
2020  4 29  5084.00        5.502E-07        5.858E-07        5.429E-07        2.710E-07
2020  4 29  5085.00        4.301E-07        2.648E-07        9.824E-08        1.442E-07
2020  4 29  5086.00        4.115E-07        2.536E-07        9.407E-08        1.381E-07
2020  4 29  5087.00        3.957E-07        2.441E-07        9.052E-08        1.329E-07
2020  4 29  5088.00        3.503E-07        2.163E-07        8.021E-08        1.178E-07
2020  4 30  5089.00        3.046E-07        1.883E-07        6.980E-08        1.026E-07
2020  4 30  5090.00        2.983E-07        1.846E-07        6.842E-08        1.006E-07
2020  4 30  5091.00        2.988E-07        1.851E-07        6.859E-08        1.008E-07
2020  4 30  5092.00        3.060E-07        1.897E-07        7.031E-08        1.034E-07
2020  4 30  5093.00        3.040E-07        1.886E-07        6.990E-08        1.028E-07
2020  4 30  5094.00        3.007E-07        1.868E-07        6.921E-08        1.018E-07
2020  4 30  5095.00        3.269E-07        2.490E-07        1.551E-07        1.265E-07
2020  4 30  5096.00        5.801E-07        1.032E-06        1.304E-06        4.264E-07
2020  4 30  5097.00        5.165E-07        7.778E-07        9.147E-07        3.313E-07
2020  4 30  5098.00        6.522E-07        1.157E-06        1.460E-06        4.782E-07
2020  4 30  5099.00        7.037E-07        1.289E-06        1.646E-06        5.299E-07
2020  4 30  5100.00        8.088E-07        1.529E-06        1.973E-06        6.250E-07
2020  4 30  5101.00        8.452E-07        1.581E-06        2.033E-06        6.472E-07
2020  4 30  5102.00        7.145E-07        1.182E-06        1.447E-06        4.939E-07
2020  4 30  5103.00        9.995E-07        2.067E-06        2.749E-06        8.329E-07
2020  4 30  5104.00        6.124E-07        1.113E-06        1.415E-06        4.575E-07
2020  4 30  5105.00        5.342E-07        9.202E-07        1.145E-06        3.814E-07
2020  4 30  5106.00        7.583E-07        1.568E-06        2.084E-06        6.315E-07
2020  4 30  5107.00        6.132E-07        1.082E-06        1.359E-06        4.465E-07
2020  4 30  5108.00        4.925E-07        7.741E-07        9.248E-07        3.258E-07
2020  4 30  5109.00        3.013E-07        1.937E-07        7.551E-08        1.030E-07
2020  4 30  5110.00        3.023E-07        1.946E-07        7.584E-08        1.035E-07
2020  4 30  5111.00        2.934E-07        1.890E-07        7.364E-08        1.005E-07
2020  4 30  5112.00        2.790E-07        1.799E-07        7.009E-08        9.566E-08
2020  5  1  5113.00        2.684E-07        1.733E-07        6.750E-08        9.215E-08
2020  5  1  5114.00        2.657E-07        1.716E-07        6.686E-08        9.129E-08
2020  5  1  5115.00        2.608E-07        1.687E-07        6.570E-08        8.972E-08
2020  5  1  5116.00        2.673E-07        1.731E-07        6.739E-08        9.205E-08
2020  5  1  5117.00        2.484E-07        1.610E-07        6.267E-08        8.561E-08
2020  5  1  5118.00        2.586E-07        2.097E-07        1.409E-07        1.034E-07
2020  5  1  5119.00        4.617E-07        8.114E-07        1.038E-06        3.321E-07
2020  5  1  5120.00        6.489E-07        1.350E-06        1.836E-06        5.375E-07
2020  5  1  5121.00        4.997E-07        8.207E-07        1.019E-06        3.399E-07
2020  5  1  5122.00        5.529E-07        9.627E-07        1.226E-06        3.945E-07
2020  5  1  5123.00        6.492E-07        1.212E-06        1.586E-06        4.906E-07
2020  5  1  5124.00        7.018E-07        1.336E-06        1.760E-06        5.389E-07
2020  5  1  5125.00        6.731E-07        1.230E-06        1.595E-06        4.993E-07
2020  5  1  5126.00        6.881E-07        1.303E-06        1.712E-06        5.258E-07
2020  5  1  5127.00        7.460E-07        1.390E-06        1.816E-06        5.624E-07
2020  5  1  5128.00        6.390E-07        1.109E-06        1.407E-06        4.539E-07
2020  5  1  5129.00        5.923E-07        9.382E-07        1.142E-06        3.902E-07
2020  5  1  5130.00        7.198E-07        1.476E-06        1.993E-06        5.878E-07
2020  5  1  5131.00        4.557E-07        6.859E-07        8.130E-07        2.879E-07
2020  5  1  5132.00        3.378E-07        3.889E-07        3.863E-07        1.728E-07
2020  5  1  5133.00        2.746E-07        1.839E-07        7.480E-08        9.570E-08
2020  5  1  5134.00        2.676E-07        1.794E-07        7.297E-08        9.337E-08
2020  5  1  5135.00        2.693E-07        1.807E-07        7.349E-08        9.406E-08
2020  5  1  5136.00        2.501E-07        1.680E-07        6.830E-08        8.743E-08
2020  5  2  5137.00        2.502E-07        1.682E-07        6.838E-08        8.755E-08
2020  5  2  5138.00        2.598E-07        1.748E-07        7.108E-08        9.101E-08
2020  5  2  5139.00        2.572E-07        1.733E-07        7.043E-08        9.020E-08
2020  5  2  5140.00        2.562E-07        1.727E-07        7.020E-08        8.992E-08
2020  5  2  5141.00        2.603E-07        1.757E-07        7.139E-08        9.146E-08
2020  5  2  5142.00        3.134E-07        3.639E-07        3.674E-07        1.610E-07
2020  5  2  5143.00        3.367E-07        4.341E-07        4.744E-07        1.873E-07
2020  5  2  5144.00        5.177E-07        1.019E-06        1.378E-06        4.051E-07
2020  5  2  5145.00        4.236E-07        6.748E-07        8.339E-07        2.785E-07
2020  5  2  5146.00        5.777E-07        1.119E-06        1.504E-06        4.460E-07
2020  5  2  5147.00        4.817E-07        8.608E-07        1.121E-06        3.477E-07
2020  5  2  5148.00        5.340E-07        1.079E-06        1.473E-06        4.272E-07
2020  5  2  5149.00        6.084E-07        1.265E-06        1.743E-06        4.984E-07
2020  5  2  5150.00        6.716E-07        1.388E-06        1.910E-06        5.474E-07
2020  5  2  5151.00        6.263E-07        1.205E-06        1.615E-06        4.804E-07
2020  5  2  5152.00        4.976E-07        8.625E-07        1.106E-06        3.498E-07
2020  5  2  5153.00        6.684E-07        1.449E-06        2.024E-06        5.670E-07
2020  5  2  5154.00        6.749E-07        1.439E-06        1.999E-06        5.644E-07
2020  5  2  5155.00        6.360E-07        1.264E-06        1.713E-06        5.010E-07
2020  5  2  5156.00        4.979E-07        8.738E-07        1.125E-06        3.532E-07
2020  5  2  5157.00        2.675E-07        1.864E-07        7.907E-08        9.499E-08
2020  5  2  5158.00        2.535E-07        1.768E-07        7.498E-08        9.009E-08
2020  5  2  5159.00        2.412E-07        1.684E-07        7.142E-08        8.582E-08
2020  5  2  5160.00        2.101E-07        1.468E-07        6.225E-08        7.482E-08
2020  5  3  5161.00        2.016E-07        1.410E-07        5.979E-08        7.188E-08
2020  5  3  5162.00        1.989E-07        1.393E-07        5.904E-08        7.099E-08
2020  5  3  5163.00        1.965E-07        1.377E-07        5.837E-08        7.018E-08
2020  5  3  5164.00        1.811E-07        1.270E-07        5.384E-08        6.474E-08
2020  5  3  5165.00        1.793E-07        1.259E-07        5.335E-08        6.417E-08
2020  5  3  5166.00        2.119E-07        2.657E-07        2.859E-07        1.142E-07
2020  5  3  5167.00        4.130E-07        8.758E-07        1.240E-06        3.399E-07
2020  5  3  5168.00        5.958E-07        1.381E-06        2.014E-06        5.290E-07
2020  5  3  5169.00        4.295E-07        7.278E-07        9.394E-07        2.933E-07
2020  5  3  5170.00        5.240E-07        9.607E-07        1.285E-06        3.817E-07
2020  5  3  5171.00        6.296E-07        1.256E-06        1.737E-06        4.919E-07
2020  5  3  5172.00        6.900E-07        1.395E-06        1.938E-06        5.450E-07
2020  5  3  5173.00        7.132E-07        1.432E-06        1.984E-06        5.598E-07
2020  5  3  5174.00        7.072E-07        1.376E-06        1.884E-06        5.407E-07
2020  5  3  5175.00        6.037E-07        1.029E-06        1.329E-06        4.136E-07
2020  5  3  5176.00        5.581E-07        8.467E-07        1.028E-06        3.479E-07
2020  5  3  5177.00        7.283E-07        1.493E-06        2.083E-06        5.815E-07
2020  5  3  5178.00        5.489E-07        8.031E-07        9.533E-07        3.322E-07
2020  5  3  5179.00        5.780E-07        9.834E-07        1.267E-06        3.950E-07
2020  5  3  5180.00        3.455E-07        2.578E-07        1.253E-07        1.275E-07
2020  5  3  5181.00        3.128E-07        2.264E-07        9.973E-08        1.131E-07
2020  5  3  5182.00        2.986E-07        2.164E-07        9.529E-08        1.081E-07
2020  5  3  5183.00        2.952E-07        2.141E-07        9.426E-08        1.070E-07
2020  5  3  5184.00        2.912E-07        2.114E-07        9.308E-08        1.057E-07
2020  5  4  5185.00        2.868E-07        2.084E-07        9.172E-08        1.041E-07
2020  5  4  5186.00        2.861E-07        2.081E-07        9.158E-08        1.040E-07
2020  5  4  5187.00        2.843E-07        2.069E-07        9.107E-08        1.034E-07
2020  5  4  5188.00        2.807E-07        2.045E-07        8.999E-08        1.022E-07
2020  5  4  5189.00        2.761E-07        2.013E-07        8.859E-08        1.006E-07
2020  5  4  5190.00        2.729E-07        1.991E-07        8.760E-08        9.955E-08
2020  5  4  5191.00        5.331E-07        1.167E-06        1.706E-06        4.442E-07
2020  5  4  5192.00        4.752E-07        9.341E-07        1.311E-06        3.618E-07
2020  5  4  5193.00        5.192E-07        1.120E-06        1.630E-06        4.273E-07
2020  5  4  5194.00        5.844E-07        1.360E-06        2.030E-06        5.128E-07
2020  5  4  5195.00        5.824E-07        1.339E-06        1.990E-06        5.055E-07
2020  5  4  5196.00        7.708E-07        1.995E-06        3.073E-06        7.406E-07
2020  5  4  5197.00        5.210E-07        1.007E-06        1.402E-06        3.906E-07
2020  5  4  5198.00        6.101E-07        1.276E-06        1.833E-06        4.886E-07
2020  5  4  5199.00        6.468E-07        1.344E-06        1.924E-06        5.148E-07
2020  5  4  5200.00        6.193E-07        1.211E-06        1.691E-06        4.683E-07
2020  5  4  5201.00        5.388E-07        9.410E-07        1.249E-06        3.712E-07
2020  5  4  5202.00        5.037E-07        7.951E-07        9.997E-07        3.197E-07
2020  5  4  5203.00        6.230E-07        1.313E-06        1.889E-06        5.016E-07
2020  5  4  5204.00        5.820E-07        1.308E-06        1.925E-06        4.947E-07
2020  5  4  5205.00        2.641E-07        1.991E-07        9.162E-08        9.722E-08
2020  5  4  5206.00        2.481E-07        1.872E-07        8.613E-08        9.141E-08
2020  5  4  5207.00        2.447E-07        1.847E-07        8.500E-08        9.023E-08
2020  5  4  5208.00        2.418E-07        1.828E-07        8.408E-08        8.927E-08
2020  5  5  5209.00        2.288E-07        1.730E-07        7.960E-08        8.452E-08
2020  5  5  5210.00        2.217E-07        1.678E-07        7.720E-08        8.199E-08
2020  5  5  5211.00        2.076E-07        1.573E-07        7.236E-08        7.685E-08
2020  5  5  5212.00        1.974E-07        1.497E-07        6.886E-08        7.314E-08
2020  5  5  5213.00        1.890E-07        1.435E-07        6.598E-08        7.010E-08
2020  5  5  5214.00        2.428E-07        3.635E-07        4.466E-07        1.469E-07
2020  5  5  5215.00        2.631E-07        3.988E-07        4.934E-07        1.608E-07
2020  5  5  5216.00        4.892E-07        1.260E-06        1.966E-06        4.635E-07
2020  5  5  5217.00        3.910E-07        8.189E-07        1.190E-06        3.106E-07
2020  5  5  5218.00        4.608E-07        1.032E-06        1.538E-06        3.874E-07
2020  5  5  5219.00        5.259E-07        1.217E-06        1.833E-06        4.543E-07
2020  5  5  5220.00        5.787E-07        1.356E-06        2.052E-06        5.053E-07
2020  5  5  5221.00        6.239E-07        1.467E-06        2.220E-06        5.460E-07
2020  5  5  5222.00        6.444E-07        1.483E-06        2.228E-06        5.536E-07
2020  5  5  5223.00        6.346E-07        1.403E-06        2.078E-06        5.269E-07
2020  5  5  5224.00        5.978E-07        1.240E-06        1.791E-06        4.702E-07
2020  5  5  5225.00        5.417E-07        1.026E-06        1.425E-06        3.950E-07
2020  5  5  5226.00        4.704E-07        7.837E-07        1.020E-06        3.088E-07
2020  5  5  5227.00        3.864E-07        5.104E-07        5.670E-07        2.111E-07
2020  5  5  5228.00        3.345E-07        4.165E-07        4.391E-07        1.747E-07
2020  5  5  5229.00        2.411E-07        1.884E-07        8.981E-08        9.035E-08
2020  5  5  5230.00        2.185E-07        1.710E-07        8.147E-08        8.197E-08
2020  5  5  5231.00        1.960E-07        1.534E-07        7.312E-08        7.358E-08
2020  5  5  5232.00        1.808E-07        1.417E-07        6.752E-08        6.795E-08
2020  5  6  5233.00        1.729E-07        1.356E-07        6.459E-08        6.501E-08
2020  5  6  5234.00        1.705E-07        1.339E-07        6.377E-08        6.419E-08
2020  5  6  5235.00        1.571E-07        1.234E-07        5.880E-08        5.920E-08
2020  5  6  5236.00        1.537E-07        1.208E-07        5.755E-08        5.795E-08
2020  5  6  5237.00        1.399E-07        1.101E-07        5.243E-08        5.280E-08
2020  5  6  5238.00        1.819E-07        2.700E-07        3.311E-07        1.082E-07
2020  5  6  5239.00        3.702E-07        9.220E-07        1.446E-06        3.365E-07
2020  5  6  5240.00        3.242E-07        6.305E-07        8.991E-07        2.394E-07
2020  5  6  5241.00        4.111E-07        8.778E-07        1.302E-06        3.280E-07
2020  5  6  5242.00        5.005E-07        1.126E-06        1.703E-06        4.171E-07
2020  5  6  5243.00        5.791E-07        1.347E-06        2.064E-06        4.966E-07
2020  5  6  5244.00        6.294E-07        1.489E-06        2.293E-06        5.472E-07
2020  5  6  5245.00        6.570E-07        1.554E-06        2.392E-06        5.709E-07
2020  5  6  5246.00        6.649E-07        1.535E-06        2.342E-06        5.658E-07
2020  5  6  5247.00        6.660E-07        1.461E-06        2.186E-06        5.426E-07
2020  5  6  5248.00        6.405E-07        1.313E-06        1.911E-06        4.930E-07
2020  5  6  5249.00        5.945E-07        1.104E-06        1.534E-06        4.214E-07
2020  5  6  5250.00        5.227E-07        8.403E-07        1.078E-06        3.298E-07
2020  5  6  5251.00        6.329E-07        1.368E-06        2.033E-06        5.089E-07
2020  5  6  5252.00        6.040E-07        1.417E-06        2.171E-06        5.204E-07
2020  5  6  5253.00        2.777E-07        2.255E-07        1.118E-07        1.058E-07
2020  5  6  5254.00        2.544E-07        2.067E-07        1.025E-07        9.704E-08
2020  5  6  5255.00        2.621E-07        2.132E-07        1.057E-07        1.001E-07
2020  5  6  5256.00        2.172E-07        1.768E-07        8.768E-08        8.302E-08
2020  5  7  5257.00        1.954E-07        1.592E-07        7.891E-08        7.473E-08
2020  5  7  5258.00        1.731E-07        1.412E-07        6.997E-08        6.627E-08
2020  5  7  5259.00        1.684E-07        1.375E-07        6.813E-08        6.453E-08
2020  5  7  5260.00        1.598E-07        1.305E-07        6.468E-08        6.128E-08
2020  5  7  5261.00        1.547E-07        1.264E-07        6.266E-08        5.936E-08
2020  5  7  5262.00        1.900E-07        2.923E-07        3.717E-07        1.145E-07
2020  5  7  5263.00        3.642E-07        9.560E-07        1.564E-06        3.395E-07
2020  5  7  5264.00        3.487E-07        6.849E-07        1.001E-06        2.551E-07
2020  5  7  5265.00        4.756E-07        9.936E-07        1.493E-06        3.659E-07
2020  5  7  5266.00        5.800E-07        1.269E-06        1.944E-06        4.637E-07
2020  5  7  5267.00        6.327E-07        1.453E-06        2.268E-06        5.265E-07
2020  5  7  5268.00        6.929E-07        1.614E-06        2.532E-06        5.833E-07
2020  5  7  5269.00        7.217E-07        1.680E-06        2.633E-06        6.069E-07
2020  5  7  5270.00        7.495E-07        1.665E-06        2.561E-06        6.058E-07
2020  5  7  5271.00        7.323E-07        1.538E-06        2.311E-06        5.648E-07
2020  5  7  5272.00        7.009E-07        1.362E-06        1.973E-06        5.069E-07
2020  5  7  5273.00        6.493E-07        1.130E-06        1.542E-06        4.293E-07
2020  5  7  5274.00        7.636E-07        1.814E-06        2.860E-06        6.523E-07
2020  5  7  5275.00        5.495E-07        1.014E-06        1.430E-06        3.808E-07
2020  5  7  5276.00        5.253E-07        1.020E-06        1.476E-06        3.794E-07
2020  5  7  5277.00        3.389E-07        2.860E-07        1.476E-07        1.314E-07
2020  5  7  5278.00        3.058E-07        2.582E-07        1.333E-07        1.186E-07
2020  5  7  5279.00        2.751E-07        2.325E-07        1.200E-07        1.068E-07
2020  5  7  5280.00        2.501E-07        2.115E-07        1.092E-07        9.720E-08
2020  5  8  5281.00        2.382E-07        2.016E-07        1.040E-07        9.265E-08
2020  5  8  5282.00        2.201E-07        1.864E-07        9.619E-08        8.568E-08
2020  5  8  5283.00        2.039E-07        1.729E-07        8.919E-08        7.946E-08
2020  5  8  5284.00        2.019E-07        1.713E-07        8.837E-08        7.873E-08
2020  5  8  5285.00        1.967E-07        1.670E-07        8.616E-08        7.678E-08
2020  5  8  5286.00        2.377E-07        4.129E-07        5.782E-07        1.545E-07
2020  5  8  5287.00        2.578E-07        3.609E-07        4.312E-07        1.421E-07
2020  5  8  5288.00        5.233E-07        1.600E-06        2.824E-06        5.419E-07
2020  5  8  5289.00        4.706E-07        1.012E-06        1.581E-06        3.626E-07
2020  5  8  5290.00        5.645E-07        1.285E-06        2.054E-06        4.555E-07
2020  5  8  5291.00        6.550E-07        1.530E-06        2.471E-06        5.399E-07
2020  5  8  5292.00        6.981E-07        1.626E-06        2.621E-06        5.738E-07
2020  5  8  5293.00        7.166E-07        1.629E-06        2.600E-06        5.771E-07
2020  5  8  5294.00        7.126E-07        1.519E-06        2.357E-06        5.442E-07
2020  5  8  5295.00        6.720E-07        1.324E-06        1.978E-06        4.814E-07
2020  5  8  5296.00        6.575E-07        1.251E-06        1.835E-06        4.579E-07
2020  5  8  5297.00        6.256E-07        1.092E-06        1.524E-06        4.068E-07
2020  5  8  5298.00        7.493E-07        1.848E-06        3.041E-06        6.453E-07
2020  5  8  5299.00        5.634E-07        1.104E-06        1.642E-06        4.014E-07
2020  5  8  5300.00        4.290E-07        4.978E-07        4.771E-07        2.050E-07
2020  5  8  5301.00        3.555E-07        3.113E-07        1.669E-07        1.403E-07
2020  5  8  5302.00        3.203E-07        2.807E-07        1.505E-07        1.265E-07
2020  5  8  5303.00        3.039E-07        2.665E-07        1.428E-07        1.201E-07
2020  5  8  5304.00        2.689E-07        2.360E-07        1.265E-07        1.064E-07
2020  5  9  5305.00        2.506E-07        2.201E-07        1.179E-07        9.921E-08
2020  5  9  5306.00        2.447E-07        2.151E-07        1.153E-07        9.699E-08
2020  5  9  5307.00        2.422E-07        2.130E-07        1.141E-07        9.604E-08
2020  5  9  5308.00        2.282E-07        2.009E-07        1.076E-07        9.056E-08
2020  5  9  5309.00        2.149E-07        1.893E-07        1.014E-07        8.537E-08
2020  5  9  5310.00        2.164E-07        2.104E-07        1.482E-07        9.152E-08
2020  5  9  5311.00        3.585E-07        9.087E-07        1.558E-06        3.086E-07
2020  5  9  5312.00        4.394E-07        1.301E-06        2.348E-06        4.307E-07
2020  5  9  5313.00        5.318E-07        1.792E-06        3.352E-06        5.823E-07
2020  5  9  5314.00        4.654E-07        1.098E-06        1.830E-06        3.776E-07
2020  5  9  5315.00        5.382E-07        1.335E-06        2.267E-06        4.547E-07
2020  5  9  5316.00        6.378E-07        1.612E-06        2.756E-06        5.472E-07
2020  5  9  5317.00        6.775E-07        1.551E-06        2.548E-06        5.358E-07
2020  5  9  5318.00        6.637E-07        1.427E-06        2.279E-06        4.989E-07
2020  5  9  5319.00        7.021E-07        1.377E-06        2.097E-06        4.903E-07
2020  5  9  5320.00        6.920E-07        1.254E-06        1.825E-06        4.543E-07
2020  5  9  5321.00        6.627E-07        1.112E-06        1.536E-06        4.098E-07
2020  5  9  5322.00        6.169E-07        9.218E-07        1.164E-06        3.497E-07
2020  5  9  5323.00        6.492E-07        1.353E-06        2.123E-06        4.754E-07
2020  5  9  5324.00        4.779E-07        5.579E-07        5.331E-07        2.269E-07
2020  5  9  5325.00        3.365E-07        3.055E-07        1.698E-07        1.353E-07
2020  5  9  5326.00        3.048E-07        2.770E-07        1.539E-07        1.226E-07
2020  5  9  5327.00        2.897E-07        2.635E-07        1.464E-07        1.167E-07
2020  5  9  5328.00        2.632E-07        2.395E-07        1.331E-07        1.061E-07
2020  5 10  5329.00        2.474E-07        2.253E-07        1.251E-07        9.975E-08
2020  5 10  5330.00        2.430E-07        2.214E-07        1.230E-07        9.806E-08
2020  5 10  5331.00        2.406E-07        2.194E-07        1.219E-07        9.717E-08
2020  5 10  5332.00        2.330E-07        2.126E-07        1.181E-07        9.417E-08
2020  5 10  5333.00        2.234E-07        2.041E-07        1.133E-07        9.039E-08
2020  5 10  5334.00        2.780E-07        7.027E-07        1.228E-06        2.342E-07
2020  5 10  5335.00        2.579E-07        3.076E-07        3.045E-07        1.239E-07
2020  5 10  5336.00        3.599E-07        1.047E-06        1.922E-06        3.405E-07
2020  5 10  5337.00        3.603E-07        7.945E-07        1.308E-06        2.720E-07
2020  5 10  5338.00        4.122E-07        9.033E-07        1.482E-06        3.096E-07
2020  5 10  5339.00        4.344E-07        9.605E-07        1.582E-06        3.285E-07
2020  5 10  5340.00        5.874E-07        2.240E-06        4.419E-06        6.995E-07
2020  5 10  5341.00        5.262E-07        1.808E-06        3.477E-06        5.726E-07
2020  5 10  5342.00        3.908E-07        7.336E-07        1.104E-06        2.598E-07
2020  5 10  5343.00        5.230E-07        1.848E-06        3.576E-06        5.826E-07
2020  5 10  5344.00        5.795E-07        2.171E-06        4.262E-06        6.790E-07
2020  5 10  5345.00        4.459E-07        8.673E-07        1.330E-06        3.042E-07
2020  5 10  5346.00        5.021E-07        1.399E-06        2.523E-06        4.573E-07
2020  5 10  5347.00        3.816E-07        4.460E-07        4.184E-07        1.798E-07
2020  5 10  5348.00        3.394E-07        3.602E-07        2.833E-07        1.500E-07
2020  5 10  5349.00        2.857E-07        2.691E-07        1.551E-07        1.170E-07
2020  5 10  5350.00        2.373E-07        2.237E-07        1.289E-07        9.729E-08
2020  5 10  5351.00        2.115E-07        1.995E-07        1.150E-07        8.677E-08
2020  5 10  5352.00        1.966E-07        1.855E-07        1.069E-07        8.070E-08
2020  5 11  5353.00        1.857E-07        1.754E-07        1.011E-07        7.631E-08
2020  5 11  5354.00        1.761E-07        1.664E-07        9.592E-08        7.241E-08
2020  5 11  5355.00        1.718E-07        1.625E-07        9.363E-08        7.070E-08
2020  5 11  5356.00        1.667E-07        1.578E-07        9.093E-08        6.866E-08
2020  5 11  5357.00        1.659E-07        1.571E-07        9.050E-08        6.835E-08
2020  5 11  5358.00        1.639E-07        1.553E-07        8.949E-08        6.759E-08
2020  5 11  5359.00        1.910E-07        4.342E-07        7.250E-07        1.471E-07
2020  5 11  5360.00        1.725E-07        2.491E-07        3.036E-07        9.426E-08
2020  5 11  5361.00        2.403E-07        8.835E-07        1.739E-06        2.761E-07
2020  5 11  5362.00        2.972E-07        1.349E-06        2.779E-06        4.108E-07
2020  5 11  5363.00        2.815E-07        1.001E-06        1.954E-06        3.143E-07
2020  5 11  5364.00        3.070E-07        1.112E-06        2.179E-06        3.481E-07
2020  5 11  5365.00        2.977E-07        9.954E-07        1.909E-06        3.151E-07
2020  5 11  5366.00        3.056E-07        1.012E-06        1.934E-06        3.207E-07
2020  5 11  5367.00        3.226E-07        1.079E-06        2.069E-06        3.416E-07
2020  5 11  5368.00        3.245E-07        1.031E-06        1.947E-06        3.289E-07
2020  5 11  5369.00        3.172E-07        9.009E-07        1.640E-06        2.925E-07
2020  5 11  5370.00        2.798E-07        6.439E-07        1.076E-06        2.172E-07
2020  5 11  5371.00        3.105E-07        1.054E-06        2.026E-06        3.327E-07
2020  5 11  5372.00        2.335E-07        4.682E-07        7.271E-07        1.626E-07
2020  5 11  5373.00        1.839E-07        1.788E-07        1.060E-07        7.672E-08
2020  5 11  5374.00        1.708E-07        1.662E-07        9.850E-08        7.131E-08
2020  5 11  5375.00        1.596E-07        1.554E-07        9.208E-08        6.667E-08
2020  5 11  5376.00        1.432E-07        1.396E-07        8.271E-08        5.989E-08
2020  5 12  5377.00        1.379E-07        1.344E-07        7.966E-08        5.769E-08
2020  5 12  5378.00        1.322E-07        1.290E-07        7.643E-08        5.536E-08
2020  5 12  5379.00        1.196E-07        1.168E-07        6.919E-08        5.011E-08
2020  5 12  5380.00        1.115E-07        1.089E-07        6.455E-08        4.675E-08
2020  5 12  5381.00        1.074E-07        1.050E-07        6.219E-08        4.505E-08
2020  5 12  5382.00        1.327E-07        2.931E-07        4.814E-07        9.962E-08
2020  5 12  5383.00        1.859E-07        7.170E-07        1.433E-06        2.219E-07
2020  5 12  5384.00        1.898E-07        5.440E-07        9.972E-07        1.760E-07
2020  5 12  5385.00        2.251E-07        7.404E-07        1.418E-06        2.343E-07
2020  5 12  5386.00        2.519E-07        9.073E-07        1.782E-06        2.834E-07
2020  5 12  5387.00        2.640E-07        9.904E-07        1.965E-06        3.076E-07
2020  5 12  5388.00        2.673E-07        9.666E-07        1.899E-06        3.017E-07
2020  5 12  5389.00        2.973E-07        1.178E-06        2.366E-06        3.630E-07
2020  5 12  5390.00        2.990E-07        1.124E-06        2.230E-06        3.489E-07
2020  5 12  5391.00        2.980E-07        1.055E-06        2.059E-06        3.300E-07
2020  5 12  5392.00        2.979E-07        9.952E-07        1.911E-06        3.139E-07
2020  5 12  5393.00        2.880E-07        8.661E-07        1.609E-06        2.776E-07
2020  5 12  5394.00        2.763E-07        7.038E-07        1.228E-06        2.321E-07
2020  5 12  5395.00        3.101E-07        1.174E-06        2.331E-06        3.639E-07
2020  5 12  5396.00        2.200E-07        4.356E-07        6.674E-07        1.512E-07
2020  5 12  5397.00        1.756E-07        1.763E-07        1.075E-07        7.459E-08
2020  5 12  5398.00        1.502E-07        1.509E-07        9.199E-08        6.384E-08
2020  5 12  5399.00        1.373E-07        1.381E-07        8.417E-08        5.842E-08
2020  5 12  5400.00        1.366E-07        1.374E-07        8.378E-08        5.815E-08
2020  5 13  5401.00        1.390E-07        1.400E-07        8.533E-08        5.923E-08
2020  5 13  5402.00        1.440E-07        1.451E-07        8.842E-08        6.138E-08
2020  5 13  5403.00        1.406E-07        1.417E-07        8.638E-08        5.997E-08
2020  5 13  5404.00        1.397E-07        1.409E-07        8.586E-08        5.962E-08
2020  5 13  5405.00        1.338E-07        1.351E-07        8.230E-08        5.715E-08
2020  5 13  5406.00        1.438E-07        3.459E-07        5.914E-07        1.151E-07
2020  5 13  5407.00        2.094E-07        8.724E-07        1.785E-06        2.662E-07
2020  5 13  5408.00        2.185E-07        6.251E-07        1.147E-06        2.015E-07
2020  5 13  5409.00        2.555E-07        8.391E-07        1.612E-06        2.645E-07
2020  5 13  5410.00        2.809E-07        1.014E-06        2.001E-06        3.152E-07
2020  5 13  5411.00        2.462E-07        6.794E-07        1.229E-06        2.203E-07
2020  5 13  5412.00        3.016E-07        1.171E-06        2.355E-06        3.605E-07
2020  5 13  5413.00        3.220E-07        1.268E-06        2.556E-06        3.894E-07
2020  5 13  5414.00        3.279E-07        1.227E-06        2.443E-06        3.795E-07
2020  5 13  5415.00        3.252E-07        1.136E-06        2.218E-06        3.545E-07
2020  5 13  5416.00        3.282E-07        1.415E-06        2.913E-06        4.296E-07
2020  5 13  5417.00        3.097E-07        1.420E-06        2.960E-06        4.279E-07
2020  5 13  5418.00        2.435E-07        5.864E-07        9.972E-07        1.946E-07
2020  5 13  5419.00        2.456E-07        7.407E-07        1.380E-06        2.362E-07
2020  5 13  5420.00        2.309E-07        6.449E-07        1.168E-06        2.083E-07
2020  5 13  5421.00        1.891E-07        1.963E-07        1.233E-07        8.177E-08
2020  5 13  5422.00        1.809E-07        1.879E-07        1.180E-07        7.828E-08
2020  5 13  5423.00        1.700E-07        1.767E-07        1.110E-07        7.362E-08
2020  5 13  5424.00        1.676E-07        1.743E-07        1.095E-07        7.263E-08
2020  5 14  5425.00        1.534E-07        1.596E-07        1.002E-07        6.649E-08
2020  5 14  5426.00        1.420E-07        1.478E-07        9.285E-08        6.161E-08
2020  5 14  5427.00        1.385E-07        1.442E-07        9.059E-08        6.011E-08
2020  5 14  5428.00        1.319E-07        1.375E-07        8.632E-08        5.728E-08
2020  5 14  5429.00        1.312E-07        1.369E-07        8.595E-08        5.705E-08
2020  5 14  5430.00        1.426E-07        3.746E-07        6.656E-07        1.221E-07
2020  5 14  5431.00        1.841E-07        8.376E-07        1.756E-06        2.517E-07
2020  5 14  5432.00        1.806E-07        5.663E-07        1.075E-06        1.790E-07
2020  5 14  5433.00        2.142E-07        7.781E-07        1.545E-06        2.406E-07
2020  5 14  5434.00        2.398E-07        9.643E-07        1.965E-06        2.941E-07
2020  5 14  5435.00        2.657E-07        1.135E-06        2.346E-06        3.435E-07
2020  5 14  5436.00        2.873E-07        1.258E-06        2.613E-06        3.796E-07
2020  5 14  5437.00        2.944E-07        1.267E-06        2.622E-06        3.831E-07
2020  5 14  5438.00        3.112E-07        1.291E-06        2.649E-06        3.920E-07
2020  5 14  5439.00        3.133E-07        1.231E-06        2.491E-06        3.762E-07
2020  5 14  5440.00        3.154E-07        1.127E-06        2.222E-06        3.488E-07
2020  5 14  5441.00        3.028E-07        9.539E-07        1.808E-06        3.008E-07
2020  5 14  5442.00        2.872E-07        7.589E-07        1.345E-06        2.465E-07
2020  5 14  5443.00        3.073E-07        1.261E-06        2.576E-06        3.831E-07
2020  5 14  5444.00        2.318E-07        5.261E-07        8.651E-07        1.759E-07
2020  5 14  5445.00        1.712E-07        1.837E-07        1.188E-07        7.536E-08
2020  5 14  5446.00        1.701E-07        1.825E-07        1.181E-07        7.489E-08
2020  5 14  5447.00        1.646E-07        1.767E-07        1.143E-07        7.252E-08
2020  5 14  5448.00        1.593E-07        1.712E-07        1.107E-07        7.025E-08
2020  5 15  5449.00        1.617E-07        1.738E-07        1.124E-07        7.133E-08
2020  5 15  5450.00        1.551E-07        1.668E-07        1.079E-07        6.847E-08
2020  5 15  5451.00        1.443E-07        1.553E-07        1.004E-07        6.373E-08
2020  5 15  5452.00        1.311E-07        1.412E-07        9.134E-08        5.796E-08
2020  5 15  5453.00        1.296E-07        1.397E-07        9.033E-08        5.733E-08
2020  5 15  5454.00        1.302E-07        3.610E-07        6.566E-07        1.159E-07
2020  5 15  5455.00        1.718E-07        8.333E-07        1.781E-06        2.473E-07
2020  5 15  5456.00        1.792E-07        5.897E-07        1.141E-06        1.841E-07
2020  5 15  5457.00        2.075E-07        7.896E-07        1.595E-06        2.414E-07
2020  5 15  5458.00        2.434E-07        1.001E-06        2.062E-06        3.029E-07
2020  5 15  5459.00        2.678E-07        1.176E-06        2.459E-06        3.528E-07
2020  5 15  5460.00        2.826E-07        1.266E-06        2.658E-06        3.789E-07
2020  5 15  5461.00        2.952E-07        1.335E-06        2.810E-06        3.992E-07
2020  5 15  5462.00        3.053E-07        1.338E-06        2.794E-06        4.014E-07
2020  5 15  5463.00        3.165E-07        1.286E-06        2.638E-06        3.894E-07
2020  5 15  5464.00        3.222E-07        1.169E-06        2.326E-06        3.593E-07
2020  5 15  5465.00        3.109E-07        9.943E-07        1.899E-06        3.112E-07
2020  5 15  5466.00        2.903E-07        7.845E-07        1.404E-06        2.525E-07
2020  5 15  5467.00        2.968E-07        1.294E-06        2.698E-06        3.883E-07
2020  5 15  5468.00        2.288E-07        5.315E-07        8.827E-07        1.760E-07
2020  5 15  5469.00        1.825E-07        2.022E-07        1.347E-07        8.173E-08
2020  5 15  5470.00        1.654E-07        1.835E-07        1.222E-07        7.415E-08
2020  5 15  5471.00        1.485E-07        1.648E-07        1.098E-07        6.660E-08
2020  5 15  5472.00        1.390E-07        1.543E-07        1.028E-07        6.238E-08
2020  5 16  5473.00        1.262E-07        1.402E-07        9.340E-08        5.667E-08
2020  5 16  5474.00        1.232E-07        1.370E-07        9.125E-08        5.538E-08
2020  5 16  5475.00        1.190E-07        1.323E-07        8.814E-08        5.349E-08
2020  5 16  5476.00        1.153E-07        1.283E-07        8.544E-08        5.185E-08
2020  5 16  5477.00        1.077E-07        1.199E-07        7.988E-08        4.848E-08
2020  5 16  5478.00        1.177E-07        3.598E-07        6.826E-07        1.129E-07
2020  5 16  5479.00        1.619E-07        8.885E-07        1.963E-06        2.584E-07
2020  5 16  5480.00        1.874E-07        6.372E-07        1.253E-06        1.966E-07
2020  5 16  5481.00        2.402E-07        8.972E-07        1.815E-06        2.730E-07
2020  5 16  5482.00        2.651E-07        1.093E-06        2.270E-06        3.282E-07
2020  5 16  5483.00        2.824E-07        1.249E-06        2.640E-06        3.719E-07
2020  5 16  5484.00        3.025E-07        1.379E-06        2.934E-06        4.090E-07
2020  5 16  5485.00        3.174E-07        1.435E-06        3.047E-06        4.260E-07
2020  5 16  5486.00        3.209E-07        1.348E-06        2.811E-06        4.037E-07
2020  5 16  5487.00        3.022E-07        9.943E-07        1.929E-06        3.079E-07
2020  5 16  5488.00        3.321E-07        1.223E-06        2.458E-06        3.724E-07
2020  5 16  5489.00        3.336E-07        1.031E-06        1.956E-06        3.224E-07
2020  5 16  5490.00        3.234E-07        8.406E-07        1.481E-06        2.708E-07
2020  5 16  5491.00        3.103E-07        1.248E-06        2.570E-06        3.755E-07
2020  5 16  5492.00        2.602E-07        5.638E-07        8.970E-07        1.883E-07
2020  5 16  5493.00        2.286E-07        2.617E-07        1.794E-07        1.042E-07
2020  5 16  5494.00        2.032E-07        2.328E-07        1.596E-07        9.271E-08
2020  5 16  5495.00        1.810E-07        2.074E-07        1.422E-07        8.261E-08
2020  5 16  5496.00        1.693E-07        1.942E-07        1.331E-07        7.733E-08
2020  5 17  5497.00        1.568E-07        1.800E-07        1.233E-07        7.168E-08
2020  5 17  5498.00        1.521E-07        1.747E-07        1.197E-07        6.958E-08
2020  5 17  5499.00        1.328E-07        1.526E-07        1.046E-07        6.079E-08
2020  5 17  5500.00        1.159E-07        1.332E-07        9.129E-08        5.307E-08
2020  5 17  5501.00        1.114E-07        1.281E-07        8.776E-08        5.102E-08
2020  5 17  5502.00        1.217E-07        2.080E-07        2.818E-07        7.371E-08
2020  5 17  5503.00        1.512E-07        9.196E-07        2.158E-06        2.660E-07
2020  5 17  5504.00        1.793E-07        6.350E-07        1.313E-06        1.953E-07
2020  5 17  5505.00        2.038E-07        8.419E-07        1.820E-06        2.536E-07
2020  5 17  5506.00        2.244E-07        1.029E-06        2.281E-06        3.060E-07
2020  5 17  5507.00        2.472E-07        1.196E-06        2.685E-06        3.536E-07
2020  5 17  5508.00        2.672E-07        1.317E-06        2.968E-06        3.887E-07
2020  5 17  5509.00        2.843E-07        1.396E-06        3.140E-06        4.118E-07
2020  5 17  5510.00        2.980E-07        1.388E-06        3.087E-06        4.119E-07
2020  5 17  5511.00        3.173E-07        1.347E-06        2.928E-06        4.040E-07
2020  5 17  5512.00        3.282E-07        1.233E-06        2.590E-06        3.756E-07
2020  5 17  5513.00        3.320E-07        1.065E-06        2.119E-06        3.317E-07
2020  5 17  5514.00        3.265E-07        8.517E-07        1.548E-06        2.745E-07
2020  5 17  5515.00        3.132E-07        1.348E-06        2.935E-06        4.033E-07
2020  5 17  5516.00        2.878E-07        5.944E-07        9.356E-07        2.006E-07
2020  5 17  5517.00        2.428E-07        2.872E-07        2.028E-07        1.127E-07
2020  5 17  5518.00        2.033E-07        2.406E-07        1.699E-07        9.445E-08
2020  5 17  5519.00        1.827E-07        2.164E-07        1.528E-07        8.496E-08
2020  5 17  5520.00        1.692E-07        2.005E-07        1.415E-07        7.870E-08
2020  5 18  5521.00        1.720E-07        2.039E-07        1.440E-07        8.006E-08
2020  5 18  5522.00        1.570E-07        1.862E-07        1.315E-07        7.312E-08
2020  5 18  5523.00        1.383E-07        1.642E-07        1.159E-07        6.446E-08
2020  5 18  5524.00        1.565E-07        1.858E-07        1.311E-07        7.295E-08
2020  5 18  5525.00        1.612E-07        1.915E-07        1.352E-07        7.520E-08
2020  5 18  5526.00        1.688E-07        2.946E-07        4.794E-07        1.069E-07
2020  5 18  5527.00        2.019E-07        7.553E-07        2.022E-06        2.484E-07
2020  5 18  5528.00        2.282E-07        6.060E-07        1.394E-06        2.066E-07
2020  5 18  5529.00        2.670E-07        8.430E-07        2.112E-06        2.818E-07
2020  5 18  5530.00        2.934E-07        1.018E-06        2.650E-06        3.370E-07
2020  5 18  5531.00        3.157E-07        1.157E-06        3.070E-06        3.809E-07
2020  5 18  5532.00        3.405E-07        1.283E-06        3.439E-06        4.214E-07
2020  5 18  5533.00        3.593E-07        1.293E-06        3.408E-06        4.264E-07
2020  5 18  5534.00        3.820E-07        1.256E-06        3.194E-06        4.176E-07
2020  5 18  5535.00        4.037E-07        1.181E-06        2.847E-06        3.974E-07
2020  5 18  5536.00        4.166E-07        1.087E-06        2.463E-06        3.706E-07
2020  5 18  5537.00        4.262E-07        9.745E-07        2.024E-06        3.380E-07
2020  5 18  5538.00        4.174E-07        8.397E-07        1.569E-06        2.966E-07
2020  5 18  5539.00        4.040E-07        1.210E-06        2.945E-06        4.058E-07
2020  5 18  5540.00        3.513E-07        4.320E-07        3.299E-07        1.674E-07
2020  5 18  5541.00        3.119E-07        3.791E-07        2.766E-07        1.473E-07
2020  5 18  5542.00        2.489E-07        3.027E-07        2.208E-07        1.176E-07
2020  5 18  5543.00        2.258E-07        2.747E-07        2.003E-07        1.067E-07
2020  5 18  5544.00        2.075E-07        2.526E-07        1.842E-07        9.817E-08
2020  5 19  5545.00        1.722E-07        2.098E-07        1.529E-07        8.151E-08
2020  5 19  5546.00        1.605E-07        1.956E-07        1.426E-07        7.601E-08
2020  5 19  5547.00        1.444E-07        1.761E-07        1.283E-07        6.842E-08
2020  5 19  5548.00        1.412E-07        1.723E-07        1.256E-07        6.695E-08
2020  5 19  5549.00        1.315E-07        1.605E-07        1.170E-07        6.237E-08
2020  5 19  5550.00        1.562E-07        3.890E-07        1.139E-06        1.453E-07
2020  5 19  5551.00        2.059E-07        8.137E-07        3.019E-06        2.995E-07
2020  5 19  5552.00        2.313E-07        5.662E-07        1.635E-06        2.115E-07
2020  5 19  5553.00        2.614E-07        7.189E-07        2.246E-06        2.674E-07
2020  5 19  5554.00        2.908E-07        8.557E-07        2.779E-06        3.174E-07
2020  5 19  5555.00        3.186E-07        9.949E-07        3.333E-06        3.683E-07
2020  5 19  5556.00        3.512E-07        1.061E-06        3.492E-06        3.931E-07
2020  5 19  5557.00        3.747E-07        1.076E-06        3.443E-06        3.994E-07
2020  5 19  5558.00        3.962E-07        1.054E-06        3.212E-06        3.918E-07
2020  5 19  5559.00        4.072E-07        1.010E-06        2.932E-06        3.764E-07
2020  5 19  5560.00        4.240E-07        9.459E-07        2.518E-06        3.539E-07
2020  5 19  5561.00        4.206E-07        8.615E-07        2.108E-06        3.234E-07
2020  5 19  5562.00        4.013E-07        6.522E-07        1.154E-06        2.476E-07
2020  5 19  5563.00        3.852E-07        8.663E-07        2.318E-06        3.239E-07
2020  5 19  5564.00        3.443E-07        5.898E-07        1.140E-06        2.232E-07
2020  5 19  5565.00        3.135E-07        3.902E-07        2.954E-07        1.505E-07
2020  5 19  5566.00        2.992E-07        3.725E-07        2.820E-07        1.437E-07
2020  5 19  5567.00        2.873E-07        3.579E-07        2.709E-07        1.380E-07
2020  5 19  5568.00        2.723E-07        3.394E-07        2.569E-07        1.309E-07
2020  5 20  5569.00        2.318E-07        2.890E-07        2.187E-07        1.115E-07
2020  5 20  5570.00        2.176E-07        2.715E-07        2.054E-07        1.047E-07
2020  5 20  5571.00        2.204E-07        2.751E-07        2.081E-07        1.061E-07
2020  5 20  5572.00        2.111E-07        2.636E-07        1.994E-07        1.017E-07
2020  5 20  5573.00        1.974E-07        2.467E-07        1.865E-07        9.516E-08
2020  5 20  5574.00        1.965E-07        3.731E-07        1.172E-06        1.547E-07
2020  5 20  5575.00        2.149E-07        6.622E-07        3.247E-06        2.888E-07
2020  5 20  5576.00        2.432E-07        5.024E-07        1.762E-06        2.105E-07
2020  5 20  5577.00        2.635E-07        5.810E-07        2.191E-06        2.453E-07
2020  5 20  5578.00        2.630E-07        8.609E-07        4.359E-06        3.769E-07
2020  5 20  5579.00        2.756E-07        1.064E-06        5.821E-06        4.712E-07
2020  5 20  5580.00        2.903E-07        6.582E-07        2.547E-06        2.784E-07
2020  5 20  5581.00        3.002E-07        6.896E-07        2.700E-06        2.920E-07
2020  5 20  5582.00        3.227E-07        8.388E-07        3.654E-06        3.597E-07
2020  5 20  5583.00        3.377E-07        8.274E-07        3.430E-06        3.525E-07
2020  5 20  5584.00        3.556E-07        7.900E-07        2.980E-06        3.329E-07
2020  5 20  5585.00        3.428E-07        7.014E-07        2.405E-06        2.925E-07
2020  5 20  5586.00        3.225E-07        9.480E-07        4.488E-06        4.106E-07
2020  5 20  5587.00        3.042E-07        4.644E-07        9.057E-07        1.850E-07
2020  5 20  5588.00        2.697E-07        4.406E-07        1.024E-06        1.775E-07
2020  5 20  5589.00        2.398E-07        3.056E-07        2.424E-07        1.173E-07
2020  5 20  5590.00        2.142E-07        2.731E-07        2.167E-07        1.048E-07
2020  5 20  5591.00        2.008E-07        2.562E-07        2.032E-07        9.834E-08
2020  5 20  5592.00        1.877E-07        2.395E-07        1.899E-07        9.193E-08
2020  5 21  5593.00        1.721E-07        2.198E-07        1.742E-07        8.435E-08
2020  5 21  5594.00        1.605E-07        2.050E-07        1.625E-07        7.869E-08
2020  5 21  5595.00        1.568E-07        2.005E-07        1.589E-07        7.695E-08
2020  5 21  5596.00        1.550E-07        1.982E-07        1.571E-07        7.606E-08
2020  5 21  5597.00        1.510E-07        1.932E-07        1.531E-07        7.415E-08
2020  5 21  5598.00        1.620E-07        2.823E-07        1.330E-06        1.392E-07
2020  5 21  5599.00        2.032E-07        4.722E-07        3.502E-06        2.685E-07
2020  5 21  5600.00        2.416E-07        4.172E-07        1.919E-06        2.044E-07
2020  5 21  5601.00        2.775E-07        5.014E-07        2.545E-06        2.523E-07
2020  5 21  5602.00        3.170E-07        5.988E-07        3.309E-06        3.088E-07
2020  5 21  5603.00        3.678E-07        6.663E-07        3.389E-06        3.353E-07
2020  5 21  5604.00        4.020E-07        7.044E-07        3.325E-06        3.472E-07
2020  5 21  5605.00        4.333E-07        7.274E-07        3.077E-06        3.485E-07
2020  5 21  5606.00        4.562E-07        7.374E-07        2.788E-06        3.440E-07
2020  5 21  5607.00        4.656E-07        7.345E-07        2.551E-06        3.363E-07
2020  5 21  5608.00        4.784E-07        7.288E-07        2.209E-06        3.246E-07
2020  5 21  5609.00        4.869E-07        7.173E-07        1.855E-06        3.105E-07
2020  5 21  5610.00        4.763E-07        6.861E-07        1.559E-06        2.909E-07
2020  5 21  5611.00        4.501E-07        7.310E-07        2.747E-06        3.403E-07
2020  5 21  5612.00        4.058E-07        5.912E-07        1.412E-06        2.525E-07
2020  5 21  5613.00        3.321E-07        4.330E-07        3.576E-07        1.660E-07
2020  5 21  5614.00        2.726E-07        3.557E-07        2.936E-07        1.364E-07
2020  5 21  5615.00        2.339E-07        3.054E-07        2.521E-07        1.171E-07
2020  5 21  5616.00        2.246E-07        2.934E-07        2.422E-07        1.125E-07
2020  5 22  5617.00        2.117E-07        2.768E-07        2.284E-07        1.061E-07
2020  5 22  5618.00        1.988E-07        2.600E-07        2.145E-07        9.968E-08
2020  5 22  5619.00        1.975E-07        2.584E-07        2.132E-07        9.908E-08
2020  5 22  5620.00        1.870E-07        2.448E-07        2.019E-07        9.385E-08
2020  5 22  5621.00        1.871E-07        2.451E-07        2.021E-07        9.396E-08
2020  5 22  5622.00        2.085E-07        2.768E-07        9.574E-07        1.358E-07
2020  5 22  5623.00        2.378E-07        3.219E-07        2.344E-06        2.080E-07
2020  5 22  5624.00        2.868E-07        3.943E-07        4.039E-06        3.023E-07
2020  5 22  5625.00        3.405E-07        4.517E-07        1.312E-06        2.114E-07
2020  5 22  5626.00        3.728E-07        5.097E-07        4.473E-06        3.602E-07
2020  5 22  5627.00        3.786E-07        5.199E-07        4.882E-06        3.803E-07
2020  5 22  5628.00        4.304E-07        5.776E-07        2.660E-06        3.100E-07
2020  5 22  5629.00        4.493E-07        6.007E-07        2.170E-06        2.982E-07
2020  5 22  5630.00        4.692E-07        6.286E-07        2.384E-06        3.166E-07
2020  5 22  5631.00        4.806E-07        6.422E-07        1.919E-06        3.024E-07
2020  5 22  5632.00        4.504E-07        6.106E-07        3.460E-06        3.541E-07
2020  5 22  5633.00        3.920E-07        5.355E-07        3.684E-06        3.368E-07
2020  5 22  5634.00        3.183E-07        4.364E-07        3.239E-06        2.841E-07
2020  5 22  5635.00        2.629E-07        3.552E-07        1.511E-06        1.855E-07
2020  5 22  5636.00        2.321E-07        3.096E-07        4.656E-07        1.270E-07
2020  5 22  5637.00        2.283E-07        3.038E-07        2.622E-07        1.167E-07
2020  5 22  5638.00        2.311E-07        3.076E-07        2.654E-07        1.182E-07
2020  5 22  5639.00        2.330E-07        3.104E-07        2.678E-07        1.192E-07
2020  5 22  5640.00        2.310E-07        3.079E-07        2.655E-07        1.182E-07
2020  5 23  5641.00        2.287E-07        3.050E-07        2.630E-07        1.172E-07
2020  5 23  5642.00        2.180E-07        2.909E-07        2.508E-07        1.117E-07
2020  5 23  5643.00        2.044E-07        2.729E-07        2.353E-07        1.048E-07
2020  5 23  5644.00        1.958E-07        2.617E-07        2.255E-07        1.005E-07
2020  5 23  5645.00        1.921E-07        2.568E-07        2.213E-07        9.862E-08
2020  5 23  5646.00        1.896E-07        2.536E-07        5.113E-07        1.084E-07
2020  5 23  5647.00        1.875E-07        2.509E-07        1.200E-06        1.332E-07
2020  5 23  5648.00        1.884E-07        2.523E-07        2.499E-06        1.824E-07
2020  5 23  5649.00        1.920E-07        2.572E-07        3.958E-06        2.387E-07
2020  5 23  5650.00        1.948E-07        2.610E-07        4.995E-06        2.789E-07
2020  5 23  5651.00        1.995E-07        2.675E-07        2.125E-06        1.736E-07
2020  5 23  5652.00        1.978E-07        2.654E-07        2.796E-06        1.980E-07
2020  5 23  5653.00        2.199E-07        2.953E-07        3.862E-06        2.484E-07
2020  5 23  5654.00        2.345E-07        3.151E-07        3.629E-06        2.466E-07
2020  5 23  5655.00        2.522E-07        3.391E-07        3.543E-06        2.518E-07
2020  5 23  5656.00        2.449E-07        3.294E-07        2.734E-06        2.181E-07
2020  5 23  5657.00        2.723E-07        3.665E-07        2.785E-06        2.330E-07
2020  5 23  5658.00        2.670E-07        3.597E-07        1.960E-06        1.997E-07
2020  5 23  5659.00        2.584E-07        3.484E-07        4.223E-06        2.805E-07
2020  5 23  5660.00        2.362E-07        3.188E-07        1.791E-06        1.790E-07
2020  5 23  5661.00        2.157E-07        2.913E-07        2.640E-07        1.121E-07
2020  5 23  5662.00        2.003E-07        2.707E-07        2.453E-07        1.042E-07
2020  5 23  5663.00        1.883E-07        2.546E-07        2.307E-07        9.800E-08
2020  5 23  5664.00        1.696E-07        2.294E-07        2.078E-07        8.831E-08
2020  5 24  5665.00        1.611E-07        2.180E-07        1.974E-07        8.391E-08
2020  5 24  5666.00        1.583E-07        2.143E-07        1.941E-07        8.249E-08
2020  5 24  5667.00        1.527E-07        2.068E-07        1.872E-07        7.959E-08
2020  5 24  5668.00        1.488E-07        2.017E-07        1.826E-07        7.762E-08
2020  5 24  5669.00        1.513E-07        2.051E-07        1.857E-07        7.894E-08
2020  5 24  5670.00        1.512E-07        2.050E-07        1.412E-06        1.193E-07
2020  5 24  5671.00        1.609E-07        2.184E-07        3.456E-06        1.914E-07
2020  5 24  5672.00        1.741E-07        2.364E-07        1.883E-06        1.460E-07
2020  5 24  5673.00        1.852E-07        2.515E-07        2.406E-06        1.685E-07
2020  5 24  5674.00        2.015E-07        2.738E-07        3.144E-06        2.008E-07
2020  5 24  5675.00        2.245E-07        3.052E-07        3.714E-06        2.307E-07
2020  5 24  5676.00        2.340E-07        3.184E-07        3.801E-06        2.382E-07
2020  5 24  5677.00        2.407E-07        3.277E-07        3.698E-06        2.381E-07
2020  5 24  5678.00        2.274E-07        3.098E-07        6.310E-06        3.178E-07
2020  5 24  5679.00        2.205E-07        3.006E-07        4.874E-06        2.672E-07
2020  5 24  5680.00        2.116E-07        2.887E-07        4.211E-06        2.411E-07
2020  5 24  5681.00        2.161E-07        2.951E-07        1.656E-06        1.591E-07
2020  5 24  5682.00        2.206E-07        3.014E-07        1.326E-06        1.505E-07
2020  5 24  5683.00        2.166E-07        2.960E-07        9.802E-07        1.372E-07
2020  5 24  5684.00        2.079E-07        2.844E-07        4.089E-06        2.355E-07
2020  5 24  5685.00        2.003E-07        2.741E-07        2.617E-07        1.057E-07
2020  5 24  5686.00        1.961E-07        2.685E-07        2.563E-07        1.036E-07
2020  5 24  5687.00        1.908E-07        2.614E-07        2.495E-07        1.008E-07
2020  5 24  5688.00        1.870E-07        2.563E-07        2.446E-07        9.884E-08
2020  5 25  5689.00        1.840E-07        2.524E-07        2.408E-07        9.733E-08
2020  5 25  5690.00        1.826E-07        2.507E-07        2.392E-07        9.667E-08
2020  5 25  5691.00        1.808E-07        2.484E-07        2.369E-07        9.578E-08
2020  5 25  5692.00        1.777E-07        2.444E-07        2.331E-07        9.424E-08
2020  5 25  5693.00        1.760E-07        2.422E-07        2.310E-07        9.341E-08
2020  5 25  5694.00        1.771E-07        2.440E-07        8.624E-07        1.118E-07
2020  5 25  5695.00        1.822E-07        2.513E-07        5.534E-07        1.057E-07
2020  5 25  5696.00        1.890E-07        2.608E-07        3.265E-06        1.855E-07
2020  5 25  5697.00        1.979E-07        2.734E-07        5.173E-06        2.437E-07
2020  5 25  5698.00        2.146E-07        2.968E-07        2.772E-06        1.845E-07
2020  5 25  5699.00        2.290E-07        3.171E-07        3.236E-06        2.048E-07
2020  5 25  5700.00        2.391E-07        3.315E-07        3.454E-06        2.161E-07
2020  5 25  5701.00        2.454E-07        3.406E-07        3.074E-06        2.087E-07
2020  5 25  5702.00        2.461E-07        3.420E-07        3.029E-06        2.079E-07
2020  5 25  5703.00        2.634E-07        3.667E-07        3.600E-06        2.328E-07
2020  5 25  5704.00        2.775E-07        3.868E-07        3.463E-06        2.361E-07
2020  5 25  5705.00        2.766E-07        3.862E-07        2.776E-06        2.165E-07
2020  5 25  5706.00        2.789E-07        3.900E-07        2.202E-06        2.017E-07
2020  5 25  5707.00        2.625E-07        3.678E-07        4.520E-06        2.590E-07
2020  5 25  5708.00        2.275E-07        3.191E-07        5.556E-07        1.299E-07
2020  5 25  5709.00        1.877E-07        2.637E-07        2.629E-07        1.018E-07
2020  5 25  5710.00        1.680E-07        2.362E-07        2.356E-07        9.124E-08
2020  5 25  5711.00        1.565E-07        2.203E-07        2.196E-07        8.509E-08
2020  5 25  5712.00        1.426E-07        2.009E-07        2.002E-07        7.758E-08
2020  5 26  5713.00        1.368E-07        1.929E-07        1.922E-07        7.450E-08
2020  5 26  5714.00        1.284E-07        1.811E-07        1.805E-07        6.996E-08
2020  5 26  5715.00        1.171E-07        1.653E-07        1.647E-07        6.385E-08
2020  5 26  5716.00        1.100E-07        1.555E-07        1.549E-07        6.005E-08
2020  5 26  5717.00        1.094E-07        1.548E-07        1.542E-07        5.980E-08
2020  5 26  5718.00        1.184E-07        1.677E-07        1.618E-06        9.890E-08
2020  5 26  5719.00        1.469E-07        2.083E-07        3.583E-06        1.598E-07
2020  5 26  5720.00        1.768E-07        2.509E-07        1.988E-06        1.378E-07
2020  5 26  5721.00        1.933E-07        2.747E-07        2.692E-06        1.630E-07
2020  5 26  5722.00        2.126E-07        3.025E-07        3.329E-06        1.880E-07
2020  5 26  5723.00        2.346E-07        3.343E-07        3.875E-06        2.124E-07
2020  5 26  5724.00        2.511E-07        3.583E-07        4.270E-06        2.304E-07
2020  5 26  5725.00        2.683E-07        3.835E-07        4.228E-06        2.385E-07
2020  5 26  5726.00        2.831E-07        4.055E-07        3.967E-06        2.403E-07
2020  5 26  5727.00        2.917E-07        4.186E-07        3.601E-06        2.364E-07
2020  5 26  5728.00        2.964E-07        4.262E-07        3.177E-06        2.292E-07
2020  5 26  5729.00        2.930E-07        4.222E-07        2.691E-06        2.163E-07
2020  5 26  5730.00        2.892E-07        4.177E-07        2.098E-06        2.007E-07
2020  5 26  5731.00        2.679E-07        3.877E-07        4.004E-06        2.346E-07
2020  5 26  5732.00        2.325E-07        3.372E-07        1.795E-06        1.644E-07
2020  5 26  5733.00        2.015E-07        2.928E-07        3.058E-07        1.132E-07
2020  5 26  5734.00        1.627E-07        2.367E-07        2.472E-07        9.153E-08
2020  5 26  5735.00        1.487E-07        2.166E-07        2.261E-07        8.376E-08
2020  5 26  5736.00        1.446E-07        2.107E-07        2.200E-07        8.150E-08
2020  5 27  5737.00        1.394E-07        2.033E-07        2.123E-07        7.865E-08
2020  5 27  5738.00        1.184E-07        1.729E-07        1.805E-07        6.686E-08
2020  5 27  5739.00        1.092E-07        1.597E-07        1.667E-07        6.176E-08
2020  5 27  5740.00        1.036E-07        1.516E-07        1.583E-07        5.866E-08
2020  5 27  5741.00        1.027E-07        1.504E-07        1.569E-07        5.816E-08
2020  5 27  5742.00        1.102E-07        1.616E-07        1.568E-06        8.842E-08
2020  5 27  5743.00        1.380E-07        2.027E-07        3.490E-06        1.392E-07
2020  5 27  5744.00        1.778E-07        2.613E-07        2.044E-06        1.339E-07
2020  5 27  5745.00        2.208E-07        3.248E-07        2.851E-06        1.722E-07
2020  5 27  5746.00        2.510E-07        3.699E-07        3.418E-06        1.992E-07
2020  5 27  5747.00        2.730E-07        4.030E-07        3.608E-06        2.149E-07
2020  5 27  5748.00        2.848E-07        4.213E-07        3.685E-06        2.231E-07
2020  5 27  5749.00        2.957E-07        4.384E-07        3.601E-06        2.277E-07
2020  5 27  5750.00        3.066E-07        4.555E-07        3.383E-06        2.300E-07
2020  5 27  5751.00        3.086E-07        4.597E-07        3.159E-06        2.273E-07
2020  5 27  5752.00        2.870E-07        4.285E-07        2.703E-06        2.074E-07
2020  5 27  5753.00        2.776E-07        4.153E-07        2.161E-06        1.925E-07
2020  5 27  5754.00        2.719E-07        4.077E-07        4.708E-06        2.369E-07
2020  5 27  5755.00        2.596E-07        3.901E-07        3.509E-06        2.082E-07
2020  5 27  5756.00        2.338E-07        3.521E-07        1.932E-06        1.650E-07
2020  5 27  5757.00        1.964E-07        2.963E-07        3.229E-07        1.147E-07
2020  5 27  5758.00        1.769E-07        2.673E-07        2.912E-07        1.035E-07
2020  5 27  5759.00        1.683E-07        2.546E-07        2.774E-07        9.859E-08
2020  5 27  5760.00        1.611E-07        2.440E-07        2.658E-07        9.446E-08
2020  5 28  5761.00        1.559E-07        2.364E-07        2.575E-07        9.154E-08
2020  5 28  5762.00        1.501E-07        2.279E-07        2.482E-07        8.823E-08
2020  5 28  5763.00        1.312E-07        1.994E-07        2.171E-07        7.721E-08
2020  5 28  5764.00        1.173E-07        1.784E-07        1.943E-07        6.909E-08
2020  5 28  5765.00        1.048E-07        1.596E-07        1.738E-07        6.180E-08
2020  5 28  5766.00        1.113E-07        1.696E-07        1.689E-06        8.671E-08
2020  5 28  5767.00        1.254E-07        1.913E-07        3.545E-06        1.207E-07
2020  5 28  5768.00        1.395E-07        2.130E-07        1.968E-06        1.067E-07
2020  5 28  5769.00        1.521E-07        2.324E-07        2.606E-06        1.229E-07
2020  5 28  5770.00        1.677E-07        2.566E-07        3.193E-06        1.401E-07
2020  5 28  5771.00        1.873E-07        2.869E-07        3.744E-06        1.591E-07
2020  5 28  5772.00        2.032E-07        3.117E-07        4.149E-06        1.739E-07
2020  5 28  5773.00        2.097E-07        3.222E-07        4.296E-06        1.799E-07
2020  5 28  5774.00        2.212E-07        3.405E-07        4.246E-06        1.860E-07
2020  5 28  5775.00        2.320E-07        3.578E-07        3.818E-06        1.864E-07
2020  5 28  5776.00        2.368E-07        3.658E-07        3.327E-06        1.825E-07
2020  5 28  5777.00        2.377E-07        3.680E-07        2.807E-06        1.760E-07
2020  5 28  5778.00        2.316E-07        3.592E-07        2.205E-06        1.643E-07
2020  5 28  5779.00        2.193E-07        3.408E-07        4.495E-06        1.895E-07
2020  5 28  5780.00        1.959E-07        3.050E-07        2.106E-06        1.428E-07
2020  5 28  5781.00        1.562E-07        2.436E-07        2.774E-07        9.440E-08
2020  5 28  5782.00        1.421E-07        2.218E-07        2.526E-07        8.595E-08
2020  5 28  5783.00        1.352E-07        2.114E-07        2.406E-07        8.191E-08
2020  5 28  5784.00        1.134E-07        1.775E-07        2.021E-07        6.878E-08
2020  5 29  5785.00        1.028E-07        1.610E-07        1.833E-07        6.239E-08
2020  5 29  5786.00        9.624E-08        1.508E-07        1.717E-07        5.846E-08
2020  5 29  5787.00        9.206E-08        1.444E-07        1.644E-07        5.598E-08
2020  5 29  5788.00        8.571E-08        1.346E-07        1.532E-07        5.217E-08
2020  5 29  5789.00        8.569E-08        1.348E-07        1.533E-07        5.222E-08
2020  5 29  5790.00        9.036E-08        1.423E-07        1.539E-06        6.803E-08
2020  5 29  5791.00        1.129E-07        1.779E-07        3.409E-06        9.895E-08
2020  5 29  5792.00        1.398E-07        2.206E-07        2.002E-06        1.019E-07
2020  5 29  5793.00        1.608E-07        2.540E-07        2.709E-06        1.211E-07
2020  5 29  5794.00        1.840E-07        2.910E-07        3.354E-06        1.410E-07
2020  5 29  5795.00        2.046E-07        3.240E-07        3.879E-06        1.584E-07
2020  5 29  5796.00        2.198E-07        3.487E-07        4.018E-06        1.690E-07
2020  5 29  5797.00        2.307E-07        3.666E-07        3.920E-06        1.748E-07
2020  5 29  5798.00        2.382E-07        3.793E-07        3.707E-06        1.776E-07
2020  5 29  5799.00        2.454E-07        3.917E-07        3.424E-06        1.796E-07
2020  5 29  5800.00        2.486E-07        3.977E-07        3.033E-06        1.782E-07
2020  5 29  5801.00        2.450E-07        3.927E-07        2.630E-06        1.726E-07
2020  5 29  5802.00        2.378E-07        3.821E-07        2.111E-06        1.637E-07
2020  5 29  5803.00        2.246E-07        3.616E-07        1.453E-06        1.498E-07
2020  5 29  5804.00        2.048E-07        3.305E-07        2.221E-06        1.453E-07
2020  5 29  5805.00        1.689E-07        2.730E-07        3.226E-07        1.058E-07
2020  5 29  5806.00        1.645E-07        2.662E-07        3.146E-07        1.032E-07
2020  5 29  5807.00        1.478E-07        2.395E-07        2.830E-07        9.287E-08
2020  5 29  5808.00        1.195E-07        1.939E-07        2.291E-07        7.518E-08
2020  5 30  5809.00        1.048E-07        1.703E-07        2.012E-07        6.602E-08
2020  5 30  5810.00        9.431E-08        1.533E-07        1.811E-07        5.945E-08
2020  5 30  5811.00        8.880E-08        1.445E-07        1.707E-07        5.604E-08
2020  5 30  5812.00        8.513E-08        1.387E-07        1.638E-07        5.377E-08
2020  5 30  5813.00        7.754E-08        1.265E-07        1.493E-07        4.903E-08
2020  5 30  5814.00        9.221E-08        1.506E-07        1.730E-06        6.541E-08
2020  5 30  5815.00        1.208E-07        1.975E-07        3.672E-06        9.214E-08
2020  5 30  5816.00        1.424E-07        2.330E-07        2.065E-06        9.843E-08
2020  5 30  5817.00        1.688E-07        2.765E-07        2.804E-06        1.184E-07
2020  5 30  5818.00        1.979E-07        3.247E-07        3.413E-06        1.396E-07
2020  5 30  5819.00        2.238E-07        3.678E-07        3.477E-06        1.564E-07
2020  5 30  5820.00        2.249E-07        3.705E-07        3.674E-06        1.583E-07
2020  5 30  5821.00        2.277E-07        3.758E-07        3.645E-06        1.602E-07
2020  5 30  5822.00        2.374E-07        3.927E-07        3.436E-06        1.657E-07
2020  5 30  5823.00        2.347E-07        3.891E-07        3.252E-06        1.635E-07
2020  5 30  5824.00        2.265E-07        3.764E-07        2.909E-06        1.571E-07
2020  5 30  5825.00        2.266E-07        3.773E-07        2.542E-06        1.558E-07
2020  5 30  5826.00        2.288E-07        3.817E-07        2.077E-06        1.553E-07
2020  5 30  5827.00        2.185E-07        3.655E-07        4.096E-06        1.583E-07
2020  5 30  5828.00        1.942E-07        3.256E-07        5.948E-07        1.271E-07
2020  5 30  5829.00        1.738E-07        2.918E-07        3.573E-07        1.132E-07
2020  5 30  5830.00        1.552E-07        2.611E-07        3.197E-07        1.013E-07
2020  5 30  5831.00        1.337E-07        2.253E-07        2.757E-07        8.736E-08
2020  5 30  5832.00        1.146E-07        1.932E-07        2.365E-07        7.494E-08
2020  5 31  5833.00        1.032E-07        1.743E-07        2.133E-07        6.759E-08
2020  5 31  5834.00        9.030E-08        1.526E-07        1.867E-07        5.918E-08
2020  5 31  5835.00        8.782E-08        1.485E-07        1.817E-07        5.760E-08
2020  5 31  5836.00        7.813E-08        1.323E-07        1.618E-07        5.129E-08
2020  5 31  5837.00        7.595E-08        1.287E-07        1.575E-07        4.992E-08
2020  5 31  5838.00        7.834E-08        1.329E-07        4.158E-07        5.155E-08
2020  5 31  5839.00        1.070E-07        1.818E-07        3.386E-06        7.052E-08
2020  5 31  5840.00        1.232E-07        2.095E-07        1.878E-06        8.124E-08
2020  5 31  5841.00        1.397E-07        2.379E-07        2.673E-06        9.225E-08
2020  5 31  5842.00        1.515E-07        2.582E-07        3.236E-06        1.002E-07
2020  5 31  5843.00        1.577E-07        2.692E-07        3.665E-06        1.044E-07
2020  5 31  5844.00        1.704E-07        2.913E-07        4.037E-06        1.130E-07
2020  5 31  5845.00        1.867E-07        3.197E-07        4.032E-06        1.240E-07
2020  5 31  5846.00        2.000E-07        3.431E-07        3.721E-06        1.331E-07
2020  5 31  5847.00        2.089E-07        3.592E-07        3.360E-06        1.393E-07
2020  5 31  5848.00        2.122E-07        3.656E-07        3.005E-06        1.418E-07
2020  5 31  5849.00        2.044E-07        3.528E-07        2.654E-06        1.368E-07
2020  5 31  5850.00        1.993E-07        3.448E-07        2.145E-06        1.337E-07
2020  5 31  5851.00        1.893E-07        3.282E-07        4.191E-06        1.273E-07
2020  5 31  5852.00        1.716E-07        2.982E-07        2.211E-06        1.156E-07
2020  5 31  5853.00        1.525E-07        2.655E-07        3.369E-07        1.030E-07
2020  5 31  5854.00        1.308E-07        2.280E-07        2.892E-07        8.841E-08
2020  5 31  5855.00        1.154E-07        2.014E-07        2.555E-07        7.810E-08
2020  5 31  5856.00        1.029E-07        1.797E-07        2.280E-07        6.970E-08
2020  6  1  5857.00        9.276E-08        1.622E-07        2.058E-07        6.291E-08
2020  6  1  5858.00        8.157E-08        1.428E-07        1.811E-07        5.537E-08
2020  6  1  5859.00        8.332E-08        1.460E-07        1.852E-07        5.662E-08
2020  6  1  5860.00        8.067E-08        1.415E-07        1.794E-07        5.486E-08
2020  6  1  5861.00        7.662E-08        1.345E-07        1.706E-07        5.216E-08
2020  6  1  5862.00        8.801E-08        1.547E-07        1.821E-06        5.998E-08
2020  6  1  5863.00        1.094E-07        1.924E-07        3.536E-06        7.463E-08
2020  6  1  5864.00        1.355E-07        2.386E-07        2.103E-06        9.255E-08
2020  6  1  5865.00        1.560E-07        2.751E-07        2.819E-06        1.067E-07
2020  6  1  5866.00        1.799E-07        3.178E-07        3.237E-06        1.232E-07
2020  6  1  5867.00        2.006E-07        3.550E-07        3.250E-06        1.377E-07
2020  6  1  5868.00        2.129E-07        3.775E-07        3.212E-06        1.464E-07
2020  6  1  5869.00        2.218E-07        3.943E-07        3.086E-06        1.529E-07
2020  6  1  5870.00        2.332E-07        4.155E-07        2.800E-06        1.611E-07
2020  6  1  5871.00        2.409E-07        4.302E-07        2.533E-06        1.668E-07
2020  6  1  5872.00        2.442E-07        4.374E-07        2.293E-06        1.696E-07
2020  6  1  5873.00        2.426E-07        4.356E-07        2.066E-06        1.689E-07
2020  6  1  5874.00        2.353E-07        4.236E-07        1.800E-06        1.643E-07
2020  6  1  5875.00        2.155E-07        3.890E-07        3.081E-06        1.508E-07
2020  6  1  5876.00        1.752E-07        3.169E-07        1.475E-06        1.229E-07
2020  6  1  5877.00        1.487E-07        2.695E-07        3.519E-07        1.045E-07
2020  6  1  5878.00        1.512E-07        2.745E-07        3.584E-07        1.065E-07
2020  6  1  5879.00        1.226E-07        2.230E-07        2.911E-07        8.647E-08
2020  6  1  5880.00        1.050E-07        1.912E-07        2.496E-07        7.415E-08
2020  6  2  5881.00        9.160E-08        1.670E-07        2.180E-07        6.477E-08
2020  6  2  5882.00        8.970E-08        1.637E-07        2.136E-07        6.349E-08
2020  6  2  5883.00        8.020E-08        1.465E-07        1.912E-07        5.681E-08
2020  6  2  5884.00        8.191E-08        1.497E-07        1.954E-07        5.807E-08
2020  6  2  5885.00        8.145E-08        1.490E-07        1.945E-07        5.780E-08
2020  6  2  5886.00        9.164E-08        1.678E-07        1.925E-06        6.509E-08
2020  6  2  5887.00        1.216E-07        2.229E-07        3.855E-06        8.646E-08
2020  6  2  5888.00        1.467E-07        2.693E-07        2.183E-06        1.044E-07
2020  6  2  5889.00        1.698E-07        3.122E-07        2.703E-06        1.211E-07
2020  6  2  5890.00        1.889E-07        3.481E-07        2.878E-06        1.350E-07
2020  6  2  5891.00        2.127E-07        3.926E-07        2.707E-06        1.523E-07
2020  6  2  5892.00        2.281E-07        4.223E-07        2.492E-06        1.638E-07
2020  6  2  5893.00        2.376E-07        4.409E-07        2.301E-06        1.710E-07
2020  6  2  5894.00        2.500E-07        4.652E-07        1.974E-06        1.804E-07
2020  6  2  5895.00        2.530E-07        4.720E-07        1.848E-06        1.831E-07
2020  6  2  5896.00        2.572E-07        4.813E-07        1.645E-06        1.866E-07
2020  6  2  5897.00        2.433E-07        4.567E-07        1.744E-06        1.771E-07
2020  6  2  5898.00        2.328E-07        4.382E-07        1.604E-06        1.699E-07
2020  6  2  5899.00        2.149E-07        4.056E-07        2.510E-06        1.573E-07
2020  6  2  5900.00        1.945E-07        3.681E-07        5.766E-07        1.427E-07
2020  6  2  5901.00        1.686E-07        3.198E-07        1.427E-06        1.240E-07
2020  6  2  5902.00        1.527E-07        2.903E-07        3.877E-07        1.126E-07
2020  6  2  5903.00        1.480E-07        2.819E-07        3.764E-07        1.093E-07
2020  6  2  5904.00        1.398E-07        2.667E-07        3.560E-07        1.034E-07
2020  6  3  5905.00        1.337E-07        2.556E-07        3.412E-07        9.913E-08
2020  6  3  5906.00        1.280E-07        2.450E-07        3.271E-07        9.503E-08
2020  6  3  5907.00        1.151E-07        2.207E-07        2.945E-07        8.557E-08
2020  6  3  5908.00        1.016E-07        1.950E-07        2.603E-07        7.564E-08
2020  6  3  5909.00        9.335E-08        1.794E-07        1.048E-06        6.959E-08
2020  6  3  5910.00        8.794E-08        1.692E-07        1.391E-06        6.563E-08
2020  6  3  5911.00        1.070E-07        2.062E-07        3.614E-06        7.997E-08
2020  6  3  5912.00        1.251E-07        2.412E-07        2.037E-06        9.354E-08
2020  6  3  5913.00        1.411E-07        2.725E-07        2.654E-06        1.057E-07
2020  6  3  5914.00        1.492E-07        2.888E-07        2.959E-06        1.120E-07
2020  6  3  5915.00        1.618E-07        3.138E-07        3.180E-06        1.217E-07
2020  6  3  5916.00        1.735E-07        3.372E-07        3.152E-06        1.308E-07
2020  6  3  5917.00        1.818E-07        3.541E-07        3.015E-06        1.373E-07
2020  6  3  5918.00        1.770E-07        3.455E-07        2.492E-06        1.340E-07
2020  6  3  5919.00        1.678E-07        3.283E-07        4.081E-06        1.273E-07
2020  6  3  5920.00        1.704E-07        3.342E-07        2.383E-06        1.296E-07
2020  6  3  5921.00        1.828E-07        3.593E-07        2.255E-06        1.393E-07
2020  6  3  5922.00        1.772E-07        3.491E-07        1.810E-06        1.354E-07
2020  6  3  5923.00        1.667E-07        3.292E-07        3.410E-06        1.277E-07
2020  6  3  5924.00        1.488E-07        2.946E-07        1.564E-06        1.143E-07
2020  6  3  5925.00        1.220E-07        2.419E-07        3.576E-07        9.382E-08
2020  6  3  5926.00        1.088E-07        2.161E-07        2.971E-07        8.380E-08
2020  6  3  5927.00        1.064E-07        2.117E-07        2.910E-07        8.210E-08
2020  6  3  5928.00        1.035E-07        2.061E-07        2.833E-07        7.994E-08
2020  6  4  5929.00        1.023E-07        2.042E-07        2.806E-07        7.918E-08
2020  6  4  5930.00        9.829E-08        1.963E-07        2.698E-07        7.614E-08
2020  6  4  5931.00        9.331E-08        1.866E-07        2.564E-07        7.237E-08
2020  6  4  5932.00        8.939E-08        1.790E-07        2.459E-07        6.941E-08
2020  6  4  5933.00        9.094E-08        1.823E-07        2.504E-07        7.069E-08
2020  6  4  5934.00        9.013E-08        1.809E-07        1.209E-06        7.015E-08
2020  6  4  5935.00        9.049E-08        1.818E-07        1.396E-06        7.051E-08
2020  6  4  5936.00        9.247E-08        1.860E-07        5.251E-07        7.213E-08
2020  6  4  5937.00        9.389E-08        1.891E-07        3.293E-06        7.333E-08
2020  6  4  5938.00        9.142E-08        1.843E-07        6.649E-07        7.149E-08
2020  6  4  5939.00        8.884E-08        1.793E-07        2.839E-06        6.955E-08
2020  6  4  5940.00        8.796E-08        1.778E-07        3.541E-06        6.894E-08
2020  6  4  5941.00        8.905E-08        1.802E-07        9.729E-07        6.987E-08
2020  6  4  5942.00        8.461E-08        1.714E-07        3.025E-06        6.646E-08
2020  6  4  5943.00        8.223E-08        1.667E-07        3.489E-06        6.466E-08
2020  6  4  5944.00        8.268E-08        1.678E-07        3.632E-06        6.509E-08
2020  6  4  5945.00        8.050E-08        1.636E-07        2.663E-06        6.344E-08
2020  6  4  5946.00        7.797E-08        1.586E-07        6.360E-07        6.151E-08
2020  6  4  5947.00        7.553E-08        1.538E-07        2.556E-06        5.965E-08
2020  6  4  5948.00        7.644E-08        1.558E-07        9.443E-07        6.042E-08
2020  6  4  5949.00        7.280E-08        1.485E-07        2.088E-07        5.760E-08
2020  6  4  5950.00        6.808E-08        1.390E-07        1.955E-07        5.392E-08
2020  6  4  5951.00        6.694E-08        1.368E-07        1.923E-07        5.306E-08
2020  6  4  5952.00        6.525E-08        1.335E-07        1.876E-07        5.176E-08
2020  6  5  5953.00        6.289E-08        1.288E-07        1.810E-07        4.994E-08
2020  6  5  5954.00        6.153E-08        1.261E-07        1.772E-07        4.890E-08
2020  6  5  5955.00        6.095E-08        1.250E-07        1.757E-07        4.848E-08
2020  6  5  5956.00        6.139E-08        1.260E-07        1.771E-07        4.887E-08
2020  6  5  5957.00        5.687E-08        1.169E-07        1.642E-07        4.532E-08
2020  6  5  5958.00        5.970E-08        1.228E-07        4.178E-07        4.763E-08
2020  6  5  5959.00        6.316E-08        1.300E-07        1.609E-06        5.043E-08
2020  6  5  5960.00        6.804E-08        1.402E-07        3.277E-06        5.438E-08
2020  6  5  5961.00        7.118E-08        1.468E-07        3.296E-06        5.694E-08
2020  6  5  5962.00        7.401E-08        1.528E-07        1.472E-06        5.926E-08
2020  6  5  5963.00        7.838E-08        1.620E-07        4.191E-06        6.281E-08
2020  6  5  5964.00        7.634E-08        1.579E-07        4.138E-06        6.124E-08
2020  6  5  5965.00        7.446E-08        1.542E-07        1.518E-06        5.980E-08
2020  6  5  5966.00        7.243E-08        1.501E-07        3.186E-06        5.823E-08
2020  6  5  5967.00        6.609E-08        1.371E-07        3.610E-06        5.318E-08
2020  6  5  5968.00        7.846E-08        1.629E-07        2.580E-06        6.318E-08
2020  6  5  5969.00        6.823E-08        1.418E-07        1.983E-06        5.500E-08
2020  6  5  5970.00        6.886E-08        1.433E-07        3.507E-06        5.557E-08
2020  6  5  5971.00        6.693E-08        1.394E-07        2.001E-06        5.406E-08
2020  6  5  5972.00        6.266E-08        1.306E-07        6.907E-07        5.065E-08
2020  6  5  5973.00        5.847E-08        1.220E-07        1.763E-07        4.730E-08
2020  6  5  5974.00        5.935E-08        1.239E-07        1.791E-07        4.807E-08
2020  6  5  5975.00        5.382E-08        1.125E-07        1.626E-07        4.363E-08
2020  6  5  5976.00        5.233E-08        1.095E-07        1.582E-07        4.246E-08
2020  6  6  5977.00        5.732E-08        1.201E-07        1.735E-07        4.656E-08
2020  6  6  5978.00        5.813E-08        1.219E-07        1.761E-07        4.726E-08
2020  6  6  5979.00        5.794E-08        1.216E-07        1.757E-07        4.715E-08
2020  6  6  5980.00        5.475E-08        1.150E-07        1.662E-07        4.460E-08
2020  6  6  5981.00        5.769E-08        1.213E-07        2.098E-07        4.705E-08
2020  6  6  5982.00        6.007E-08        1.264E-07        9.728E-07        4.903E-08
2020  6  6  5983.00        6.447E-08        1.358E-07        3.033E-06        5.267E-08
2020  6  6  5984.00        7.013E-08        1.479E-07        1.675E-06        5.734E-08
2020  6  6  5985.00        6.670E-08        1.408E-07        3.506E-06        5.460E-08
2020  6  6  5986.00        6.645E-08        1.404E-07        3.554E-06        5.443E-08
2020  6  6  5987.00        7.344E-08        1.553E-07        2.863E-06        6.022E-08
2020  6  6  5988.00        8.364E-08        1.770E-07        3.175E-06        6.865E-08
2020  6  6  5989.00        8.986E-08        1.904E-07        3.312E-06        7.384E-08
2020  6  6  5990.00        9.117E-08        1.934E-07        2.476E-06        7.501E-08
2020  6  6  5991.00        9.624E-08        2.045E-07        2.733E-06        7.930E-08
2020  6  6  5992.00        9.373E-08        1.994E-07        2.212E-06        7.734E-08
2020  6  6  5993.00        9.798E-08        2.088E-07        2.317E-06        8.096E-08
2020  6  6  5994.00        8.974E-08        1.915E-07        2.887E-06        7.426E-08
2020  6  6  5995.00        8.739E-08        1.867E-07        2.773E-06        7.241E-08
2020  6  6  5996.00        8.324E-08        1.781E-07        3.520E-07        6.906E-08
2020  6  6  5997.00        7.955E-08        1.704E-07        3.018E-07        6.607E-08
2020  6  6  5998.00        6.960E-08        1.492E-07        2.215E-07        5.787E-08
2020  6  6  5999.00        6.271E-08        1.346E-07        1.998E-07        5.220E-08
2020  6  6  6000.00        5.896E-08        1.267E-07        1.880E-07        4.912E-08
2020  6  7  6001.00        5.665E-08        1.218E-07        1.808E-07        4.724E-08
2020  6  7  6002.00        5.877E-08        1.265E-07        1.877E-07        4.905E-08
2020  6  7  6003.00        5.975E-08        1.287E-07        1.910E-07        4.991E-08
2020  6  7  6004.00        6.065E-08        1.307E-07        1.940E-07        5.071E-08
2020  6  7  6005.00        6.262E-08        1.351E-07        6.608E-07        5.240E-08
2020  6  7  6006.00        6.308E-08        1.362E-07        7.217E-07        5.282E-08
2020  6  7  6007.00        6.503E-08        1.405E-07        2.832E-06        5.451E-08
2020  6  7  6008.00        6.889E-08        1.490E-07        1.671E-06        5.780E-08
2020  6  7  6009.00        7.410E-08        1.605E-07        2.207E-06        6.223E-08
2020  6  7  6010.00        7.853E-08        1.703E-07        2.566E-06        6.603E-08
2020  6  7  6011.00        7.967E-08        1.729E-07        2.190E-06        6.706E-08
2020  6  7  6012.00        8.625E-08        1.874E-07        3.143E-06        7.268E-08
2020  6  7  6013.00        8.464E-08        1.842E-07        4.577E-06        7.142E-08
2020  6  7  6014.00        8.954E-08        1.951E-07        3.080E-06        7.566E-08
2020  6  7  6015.00        9.554E-08        2.084E-07        3.120E-06        8.083E-08
2020  6  7  6016.00        9.535E-08        2.083E-07        2.656E-06        8.079E-08
2020  6  7  6017.00        9.622E-08        2.105E-07        2.172E-06        8.165E-08
2020  6  7  6018.00        9.486E-08        2.079E-07        4.286E-06        8.063E-08
2020  6  7  6019.00        9.379E-08        2.059E-07        1.315E-06        7.984E-08
2020  6  7  6020.00        8.938E-08        1.965E-07        6.609E-07        7.621E-08
2020  6  7  6021.00        7.706E-08        1.696E-07        1.766E-06        6.579E-08
2020  6  7  6022.00        6.639E-08        1.463E-07        2.231E-07        5.675E-08
2020  6  7  6023.00        6.238E-08        1.376E-07        2.098E-07        5.338E-08
2020  6  7  6024.00        5.441E-08        1.202E-07        1.832E-07        4.660E-08
2020  6  8  6025.00        5.342E-08        1.181E-07        1.800E-07        4.579E-08
2020  6  8  6026.00        5.630E-08        1.246E-07        1.899E-07        4.831E-08
2020  6  8  6027.00        5.729E-08        1.269E-07        1.933E-07        4.919E-08
2020  6  8  6028.00        5.727E-08        1.269E-07        1.934E-07        4.922E-08
2020  6  8  6029.00        5.848E-08        1.297E-07        6.240E-07        5.030E-08
2020  6  8  6030.00        5.985E-08        1.329E-07        8.104E-07        5.153E-08
2020  6  8  6031.00        6.366E-08        1.414E-07        2.215E-06        5.485E-08
2020  6  8  6032.00        6.807E-08        1.514E-07        3.550E-06        5.871E-08
2020  6  8  6033.00        7.592E-08        1.690E-07        2.326E-06        6.555E-08
2020  6  8  6034.00        7.730E-08        1.723E-07        2.059E-06        6.683E-08
2020  6  8  6035.00        7.967E-08        1.778E-07        2.280E-06        6.895E-08
2020  6  8  6036.00        8.494E-08        1.898E-07        2.899E-06        7.361E-08
2020  6  8  6037.00        8.666E-08        1.939E-07        2.587E-06        7.521E-08
2020  6  8  6038.00        8.588E-08        1.924E-07        2.469E-06        7.463E-08
2020  6  8  6039.00        9.105E-08        2.043E-07        2.353E-06        7.924E-08
2020  6  8  6040.00        8.881E-08        1.996E-07        2.023E-06        7.741E-08
2020  6  8  6041.00        8.845E-08        1.991E-07        2.117E-06        7.721E-08
2020  6  8  6042.00        8.569E-08        1.932E-07        4.125E-06        7.491E-08
2020  6  8  6043.00        8.182E-08        1.847E-07        2.636E-06        7.163E-08
2020  6  8  6044.00        8.205E-08        1.855E-07        2.111E-06        7.193E-08
2020  6  8  6045.00        7.188E-08        1.627E-07        2.542E-07        6.310E-08
2020  6  8  6046.00        6.504E-08        1.474E-07        2.302E-07        5.716E-08
2020  6  8  6047.00        6.056E-08        1.374E-07        2.146E-07        5.328E-08
2020  6  8  6048.00        5.875E-08        1.334E-07        2.084E-07        5.173E-08
2020  6  9  6049.00        5.803E-08        1.319E-07        2.060E-07        5.115E-08
2020  6  9  6050.00        5.597E-08        1.273E-07        1.989E-07        4.938E-08
2020  6  9  6051.00        5.378E-08        1.225E-07        1.912E-07        4.749E-08
2020  6  9  6052.00        5.541E-08        1.263E-07        1.972E-07        4.897E-08
2020  6  9  6053.00        5.709E-08        1.302E-07        8.887E-07        5.050E-08
2020  6  9  6054.00        5.879E-08        1.342E-07        7.401E-07        5.205E-08
2020  6  9  6055.00        6.008E-08        1.373E-07        1.378E-06        5.324E-08
2020  6  9  6056.00        6.214E-08        1.421E-07        2.310E-06        5.512E-08
2020  6  9  6057.00        6.481E-08        1.484E-07        2.999E-06        5.755E-08
2020  6  9  6058.00        6.555E-08        1.502E-07        3.277E-06        5.827E-08
2020  6  9  6059.00        6.674E-08        1.531E-07        3.420E-06        5.939E-08
2020  6  9  6060.00        6.773E-08        1.556E-07        3.686E-06        6.034E-08
2020  6  9  6061.00        7.086E-08        1.630E-07        4.167E-06        6.320E-08
2020  6  9  6062.00        7.406E-08        1.705E-07        2.061E-06        6.613E-08
2020  6  9  6063.00        7.661E-08        1.766E-07        4.279E-06        6.849E-08
2020  6  9  6064.00        8.005E-08        1.848E-07        1.947E-06        7.165E-08
2020  6  9  6065.00        8.464E-08        1.956E-07        2.372E-06        7.587E-08
2020  6  9  6066.00        8.357E-08        1.935E-07        4.095E-06        7.502E-08
2020  6  9  6067.00        7.923E-08        1.837E-07        2.911E-06        7.124E-08
2020  6  9  6068.00        7.436E-08        1.726E-07        1.228E-06        6.695E-08
2020  6  9  6069.00        7.137E-08        1.659E-07        2.664E-07        6.435E-08
2020  6  9  6070.00        6.911E-08        1.608E-07        2.582E-07        6.238E-08
2020  6  9  6071.00        6.591E-08        1.536E-07        2.465E-07        5.956E-08
2020  6  9  6072.00        6.304E-08        1.471E-07        2.360E-07        5.703E-08
2020  6 10  6073.00        6.169E-08        1.441E-07        2.312E-07        5.587E-08
2020  6 10  6074.00        6.023E-08        1.408E-07        2.260E-07        5.461E-08
2020  6 10  6075.00        5.861E-08        1.372E-07        2.201E-07        5.319E-08
2020  6 10  6076.00        5.789E-08        1.356E-07        2.176E-07        5.259E-08
2020  6 10  6077.00        5.627E-08        1.319E-07        7.078E-07        5.117E-08
2020  6 10  6078.00        5.703E-08        1.338E-07        2.251E-06        5.191E-08
2020  6 10  6079.00        5.995E-08        1.409E-07        1.934E-06        5.463E-08
2020  6 10  6080.00        6.459E-08        1.519E-07        3.338E-06        5.891E-08
2020  6 10  6081.00        6.924E-08        1.630E-07        1.619E-06        6.322E-08
2020  6 10  6082.00        7.116E-08        1.678E-07        4.014E-06        6.506E-08
2020  6 10  6083.00        7.574E-08        1.788E-07        2.253E-06        6.933E-08
2020  6 10  6084.00        8.410E-08        1.988E-07        3.189E-06        7.708E-08
2020  6 10  6085.00        8.574E-08        2.030E-07        3.053E-06        7.871E-08
2020  6 10  6086.00        8.364E-08        1.983E-07        2.314E-06        7.691E-08
2020  6 10  6087.00        7.935E-08        1.884E-07        1.500E-06        7.308E-08
2020  6 10  6088.00        7.182E-08        1.708E-07        9.549E-07        6.624E-08
2020  6 10  6089.00        7.551E-08        1.798E-07        3.141E-06        6.974E-08
2020  6 10  6090.00        7.566E-08        1.804E-07        2.835E-06        6.998E-08
2020  6 10  6091.00        7.738E-08        1.848E-07        2.794E-06        7.167E-08
2020  6 10  6092.00        7.651E-08        1.830E-07        1.547E-06        7.097E-08
2020  6 10  6093.00        7.205E-08        1.726E-07        8.402E-07        6.693E-08
2020  6 10  6094.00        6.905E-08        1.656E-07        2.722E-07        6.423E-08
2020  6 10  6095.00        6.723E-08        1.614E-07        2.653E-07        6.261E-08
2020  6 10  6096.00        6.807E-08        1.637E-07        2.690E-07        6.347E-08
2020  6 11  6097.00        6.395E-08        1.540E-07        2.530E-07        5.971E-08
2020  6 11  6098.00        6.059E-08        1.460E-07        2.400E-07        5.663E-08
2020  6 11  6099.00        5.641E-08        1.361E-07        2.236E-07        5.278E-08
2020  6 11  6100.00        5.487E-08        1.325E-07        2.177E-07        5.139E-08
2020  6 11  6101.00        5.527E-08        1.336E-07        8.615E-07        5.183E-08
2020  6 11  6102.00        5.476E-08        1.325E-07        2.312E-06        5.140E-08
2020  6 11  6103.00        5.851E-08        1.418E-07        1.399E-06        5.498E-08
2020  6 11  6104.00        6.243E-08        1.514E-07        2.350E-06        5.871E-08
2020  6 11  6105.00        6.439E-08        1.563E-07        1.198E-06        6.063E-08
2020  6 11  6106.00        6.766E-08        1.645E-07        3.736E-06        6.379E-08
2020  6 11  6107.00        7.036E-08        1.713E-07        4.080E-06        6.641E-08
2020  6 11  6108.00        7.573E-08        1.846E-07        2.378E-06        7.158E-08
2020  6 11  6109.00        8.622E-08        2.105E-07        3.254E-06        8.162E-08
2020  6 11  6110.00        8.885E-08        2.173E-07        3.044E-06        8.426E-08
2020  6 11  6111.00        8.524E-08        2.088E-07        2.637E-06        8.099E-08
2020  6 11  6112.00        8.092E-08        1.986E-07        3.984E-06        7.701E-08
2020  6 11  6113.00        8.425E-08        2.071E-07        4.242E-06        8.032E-08
2020  6 11  6114.00        8.593E-08        2.116E-07        3.812E-06        8.206E-08
2020  6 11  6115.00        8.488E-08        2.094E-07        2.653E-06        8.121E-08
2020  6 11  6116.00        7.935E-08        1.961E-07        1.080E-06        7.605E-08
2020  6 11  6117.00        7.006E-08        1.734E-07        2.926E-07        6.725E-08
2020  6 11  6118.00        6.056E-08        1.501E-07        2.533E-07        5.822E-08
2020  6 11  6119.00        5.842E-08        1.450E-07        2.446E-07        5.623E-08
2020  6 11  6120.00        5.543E-08        1.377E-07        2.324E-07        5.342E-08
2020  6 12  6121.00        4.996E-08        1.243E-07        2.096E-07        4.819E-08
2020  6 12  6122.00        4.914E-08        1.223E-07        2.064E-07        4.745E-08
2020  6 12  6123.00        4.761E-08        1.186E-07        2.001E-07        4.601E-08
2020  6 12  6124.00        4.707E-08        1.174E-07        1.980E-07        4.553E-08
2020  6 12  6125.00        4.439E-08        1.108E-07        1.062E-06        4.297E-08
2020  6 12  6126.00        4.789E-08        1.197E-07        1.693E-06        4.640E-08
2020  6 12  6127.00        5.784E-08        1.446E-07        1.277E-06        5.610E-08
2020  6 12  6128.00        6.745E-08        1.689E-07        1.906E-06        6.549E-08
2020  6 12  6129.00        7.971E-08        1.998E-07        2.466E-06        7.750E-08
2020  6 12  6130.00        9.150E-08        2.298E-07        2.651E-06        8.912E-08
2020  6 12  6131.00        1.028E-07        2.587E-07        2.552E-06        1.003E-07
2020  6 12  6132.00        1.118E-07        2.819E-07        2.360E-06        1.093E-07
2020  6 12  6133.00        1.170E-07        2.959E-07        2.206E-06        1.148E-07
2020  6 12  6134.00        1.238E-07        3.139E-07        1.973E-06        1.217E-07
2020  6 12  6135.00        1.270E-07        3.228E-07        1.817E-06        1.252E-07
2020  6 12  6136.00        1.246E-07        3.176E-07        1.719E-06        1.232E-07
2020  6 12  6137.00        1.220E-07        3.118E-07        1.490E-06        1.209E-07
2020  6 12  6138.00        1.293E-07        3.313E-07        1.354E-06        1.285E-07
2020  6 12  6139.00        1.244E-07        3.196E-07        1.870E-06        1.239E-07
2020  6 12  6140.00        1.028E-07        2.650E-07        8.310E-07        1.028E-07
2020  6 12  6141.00        8.940E-08        2.308E-07        3.954E-07        8.952E-08
2020  6 12  6142.00        6.865E-08        1.776E-07        3.042E-07        6.889E-08
2020  6 12  6143.00        6.317E-08        1.637E-07        2.804E-07        6.349E-08
2020  6 12  6144.00        6.352E-08        1.648E-07        2.823E-07        6.393E-08
2020  6 13  6145.00        6.334E-08        1.646E-07        2.819E-07        6.384E-08
2020  6 13  6146.00        6.262E-08        1.630E-07        2.790E-07        6.320E-08
2020  6 13  6147.00        6.167E-08        1.607E-07        2.752E-07        6.233E-08
2020  6 13  6148.00        6.119E-08        1.597E-07        2.734E-07        6.192E-08
2020  6 13  6149.00        6.081E-08        1.589E-07        2.720E-07        6.163E-08
2020  6 13  6150.00        6.046E-08        1.582E-07        2.723E-07        6.135E-08
2020  6 13  6151.00        6.407E-08        1.679E-07        2.420E-06        6.510E-08
2020  6 13  6152.00        6.849E-08        1.797E-07        3.429E-06        6.970E-08
2020  6 13  6153.00        7.662E-08        2.014E-07        2.322E-06        7.810E-08
2020  6 13  6154.00        8.480E-08        2.233E-07        2.522E-06        8.659E-08
2020  6 13  6155.00        9.325E-08        2.460E-07        2.461E-06        9.541E-08
2020  6 13  6156.00        1.032E-07        2.728E-07        4.707E-07        1.058E-07
2020  6 13  6157.00        1.010E-07        2.678E-07        4.619E-07        1.038E-07
2020  6 13  6158.00        9.390E-08        2.495E-07        4.304E-07        9.676E-08
2020  6 13  6159.00        9.530E-08        2.538E-07        4.378E-07        9.843E-08
2020  6 13  6160.00        9.456E-08        2.524E-07        4.354E-07        9.790E-08
2020  6 13  6161.00        9.674E-08        2.588E-07        4.464E-07        1.004E-07
2020  6 13  6162.00        1.092E-07        2.928E-07        5.051E-07        1.136E-07
2020  6 13  6163.00        1.009E-07        2.714E-07        6.448E-07        1.052E-07
2020  6 13  6164.00        8.883E-08        2.395E-07        8.369E-07        9.287E-08
2020  6 13  6165.00        8.200E-08        2.215E-07        9.387E-07        8.592E-08
2020  6 13  6166.00        8.186E-08        2.216E-07        3.825E-07        8.595E-08
2020  6 13  6167.00        7.696E-08        2.088E-07        3.604E-07        8.097E-08
2020  6 13  6168.00        7.282E-08        1.980E-07        3.416E-07        7.677E-08
2020  6 14  6169.00        6.859E-08        1.868E-07        3.224E-07        7.245E-08
2020  6 14  6170.00        6.783E-08        1.851E-07        3.193E-07        7.177E-08
2020  6 14  6171.00        6.701E-08        1.831E-07        3.160E-07        7.103E-08
2020  6 14  6172.00        6.532E-08        1.788E-07        3.085E-07        6.935E-08
2020  6 14  6173.00        6.354E-08        1.742E-07        5.127E-07        6.757E-08
2020  6 14  6174.00        6.360E-08        1.747E-07        7.110E-07        6.775E-08
2020  6 14  6175.00        6.510E-08        1.791E-07        2.030E-06        6.946E-08
2020  6 14  6176.00        6.453E-08        1.778E-07        2.095E-06        6.896E-08
2020  6 14  6177.00        6.312E-08        1.742E-07        2.126E-06        6.757E-08
2020  6 14  6178.00        6.426E-08        1.777E-07        2.663E-06        6.890E-08
2020  6 14  6179.00        6.559E-08        1.817E-07        3.131E-06        7.045E-08
2020  6 14  6180.00        6.838E-08        1.897E-07        2.044E-06        7.357E-08
2020  6 14  6181.00        7.299E-08        2.029E-07        2.460E-06        7.868E-08
2020  6 14  6182.00        7.205E-08        2.007E-07        1.996E-06        7.782E-08
2020  6 14  6183.00        7.361E-08        2.054E-07        1.880E-06        7.966E-08
2020  6 14  6184.00        7.465E-08        2.087E-07        3.081E-06        8.095E-08
2020  6 14  6185.00        7.338E-08        2.056E-07        2.818E-06        7.973E-08
2020  6 14  6186.00        7.241E-08        2.033E-07        7.936E-07        7.883E-08
2020  6 14  6187.00        6.918E-08        1.946E-07        3.630E-07        7.547E-08
2020  6 14  6188.00        6.480E-08        1.826E-07        3.201E-07        7.082E-08
2020  6 14  6189.00        5.943E-08        1.678E-07        2.941E-07        6.507E-08
2020  6 14  6190.00        5.719E-08        1.617E-07        2.834E-07        6.271E-08
2020  6 14  6191.00        5.658E-08        1.602E-07        2.808E-07        6.214E-08
2020  6 14  6192.00        5.557E-08        1.576E-07        2.762E-07        6.113E-08
2020  6 15  6193.00        5.393E-08        1.532E-07        2.684E-07        5.941E-08
2020  6 15  6194.00        5.312E-08        1.511E-07        2.648E-07        5.861E-08
2020  6 15  6195.00        5.170E-08        1.473E-07        2.581E-07        5.712E-08
2020  6 15  6196.00        5.098E-08        1.454E-07        2.548E-07        5.639E-08
2020  6 15  6197.00        5.061E-08        1.446E-07        2.533E-07        5.607E-08
2020  6 15  6198.00        5.122E-08        1.465E-07        3.461E-07        5.681E-08
2020  6 15  6199.00        5.373E-08        1.539E-07        1.756E-06        5.968E-08
2020  6 15  6200.00        5.479E-08        1.572E-07        2.060E-06        6.095E-08
2020  6 15  6201.00        5.894E-08        1.693E-07        3.300E-06        6.566E-08
2020  6 15  6202.00        6.574E-08        1.892E-07        2.240E-06        7.336E-08
2020  6 15  6203.00        6.971E-08        2.010E-07        2.272E-06        7.794E-08
2020  6 15  6204.00        6.979E-08        2.016E-07        2.065E-06        7.819E-08
2020  6 15  6205.00        7.502E-08        2.171E-07        2.456E-06        8.421E-08
2020  6 15  6206.00        7.650E-08        2.219E-07        2.259E-06        8.606E-08
2020  6 15  6207.00        7.558E-08        2.197E-07        1.869E-06        8.522E-08
2020  6 15  6208.00        7.872E-08        2.294E-07        1.900E-06        8.895E-08
2020  6 15  6209.00        7.498E-08        2.190E-07        2.774E-06        8.492E-08
2020  6 15  6210.00        7.233E-08        2.117E-07        2.598E-06        8.210E-08
2020  6 15  6211.00        6.771E-08        1.986E-07        2.197E-06        7.703E-08
2020  6 15  6212.00        6.382E-08        1.876E-07        1.303E-06        7.275E-08
2020  6 15  6213.00        5.816E-08        1.713E-07        1.099E-06        6.642E-08
2020  6 15  6214.00        5.417E-08        1.598E-07        2.850E-07        6.197E-08
2020  6 15  6215.00        5.402E-08        1.596E-07        2.846E-07        6.190E-08
2020  6 15  6216.00        5.600E-08        1.657E-07        2.955E-07        6.427E-08
2020  6 16  6217.00        5.330E-08        1.580E-07        2.817E-07        6.127E-08
2020  6 16  6218.00        4.964E-08        1.474E-07        2.627E-07        5.715E-08
2020  6 16  6219.00        4.827E-08        1.435E-07        2.559E-07        5.566E-08
2020  6 16  6220.00        4.753E-08        1.415E-07        2.523E-07        5.488E-08
2020  6 16  6221.00        4.746E-08        1.415E-07        2.522E-07        5.488E-08
2020  6 16  6222.00        4.890E-08        1.460E-07        6.375E-07        5.662E-08
2020  6 16  6223.00        4.928E-08        1.474E-07        1.721E-06        5.715E-08
2020  6 16  6224.00        5.066E-08        1.517E-07        2.714E-06        5.883E-08
2020  6 16  6225.00        5.319E-08        1.595E-07        1.208E-06        6.186E-08
2020  6 16  6226.00        5.696E-08        1.711E-07        1.735E-06        6.635E-08
2020  6 16  6227.00        6.330E-08        1.905E-07        2.442E-06        7.387E-08
2020  6 16  6228.00        6.692E-08        2.018E-07        2.437E-06        7.825E-08
2020  6 16  6229.00        5.690E-08        1.719E-07        3.066E-06        6.667E-08
2020  6 16  6230.00        4.987E-08        1.510E-07        2.182E-06        5.854E-08
2020  6 16  6231.00        4.854E-08        1.472E-07        2.898E-06        5.707E-08
2020  6 16  6232.00        5.232E-08        1.589E-07        1.837E-06        6.161E-08
2020  6 16  6233.00        5.439E-08        1.654E-07        1.858E-06        6.414E-08
2020  6 16  6234.00        5.662E-08        1.725E-07        1.653E-06        6.689E-08
2020  6 16  6235.00        5.860E-08        1.789E-07        3.167E-06        6.936E-08
2020  6 16  6236.00        5.264E-08        1.609E-07        1.527E-06        6.242E-08
2020  6 16  6237.00        4.471E-08        1.369E-07        2.483E-07        5.311E-08
2020  6 16  6238.00        4.058E-08        1.245E-07        2.257E-07        4.827E-08
2020  6 16  6239.00        3.894E-08        1.196E-07        2.168E-07        4.637E-08
2020  6 16  6240.00        3.826E-08        1.176E-07        2.133E-07        4.562E-08
2020  6 17  6241.00        3.592E-08        1.105E-07        2.004E-07        4.287E-08
2020  6 17  6242.00        3.531E-08        1.088E-07        1.972E-07        4.219E-08
2020  6 17  6243.00        3.415E-08        1.053E-07        1.910E-07        4.085E-08
2020  6 17  6244.00        3.327E-08        1.027E-07        1.862E-07        3.983E-08
2020  6 17  6245.00        3.255E-08        1.006E-07        1.275E-06        3.901E-08
2020  6 17  6246.00        3.483E-08        1.078E-07        1.065E-06        4.179E-08
2020  6 17  6247.00        3.901E-08        1.208E-07        1.859E-06        4.685E-08
2020  6 17  6248.00        4.121E-08        1.278E-07        2.843E-06        4.955E-08
2020  6 17  6249.00        5.018E-08        1.558E-07        2.021E-06        6.040E-08
2020  6 17  6250.00        5.817E-08        1.809E-07        2.310E-06        7.014E-08
2020  6 17  6251.00        6.086E-08        1.896E-07        2.374E-06        7.354E-08
2020  6 17  6252.00        6.258E-08        1.954E-07        2.371E-06        7.576E-08
2020  6 17  6253.00        6.589E-08        2.061E-07        2.275E-06        7.994E-08
2020  6 17  6254.00        6.716E-08        2.106E-07        2.167E-06        8.166E-08
2020  6 17  6255.00        6.566E-08        2.063E-07        1.723E-06        8.002E-08
2020  6 17  6256.00        6.709E-08        2.113E-07        1.928E-06        8.195E-08
2020  6 17  6257.00        6.977E-08        2.202E-07        1.635E-06        8.541E-08
2020  6 17  6258.00        6.670E-08        2.111E-07        2.276E-06        8.185E-08
2020  6 17  6259.00        5.218E-08        1.655E-07        2.383E-06        6.418E-08
2020  6 17  6260.00        4.602E-08        1.462E-07        2.558E-06        5.671E-08
2020  6 17  6261.00        4.120E-08        1.311E-07        1.154E-06        5.085E-08
2020  6 17  6262.00        3.949E-08        1.258E-07        2.323E-07        4.880E-08
2020  6 17  6263.00        3.876E-08        1.237E-07        2.284E-07        4.796E-08
2020  6 17  6264.00        3.876E-08        1.238E-07        2.286E-07        4.802E-08
2020  6 18  6265.00        3.791E-08        1.213E-07        2.239E-07        4.702E-08
2020  6 18  6266.00        3.688E-08        1.181E-07        2.181E-07        4.581E-08
2020  6 18  6267.00        3.611E-08        1.158E-07        2.138E-07        4.491E-08
2020  6 18  6268.00        3.562E-08        1.143E-07        2.111E-07        4.434E-08
2020  6 18  6269.00        3.404E-08        1.094E-07        1.210E-06        4.243E-08
2020  6 18  6270.00        3.352E-08        1.079E-07        3.168E-07        4.183E-08
2020  6 18  6271.00        3.553E-08        1.144E-07        9.180E-07        4.438E-08
2020  6 18  6272.00        4.350E-08        1.403E-07        1.699E-06        5.440E-08
2020  6 18  6273.00        4.693E-08        1.516E-07        2.014E-06        5.878E-08
2020  6 18  6274.00        5.031E-08        1.628E-07        2.345E-06        6.312E-08
2020  6 18  6275.00        5.489E-08        1.779E-07        2.337E-06        6.899E-08
2020  6 18  6276.00        5.540E-08        1.799E-07        3.340E-07        6.977E-08
2020  6 18  6277.00        5.714E-08        1.859E-07        3.452E-07        7.211E-08
2020  6 18  6278.00        5.781E-08        1.885E-07        3.500E-07        7.311E-08
2020  6 18  6279.00        5.862E-08        1.915E-07        3.556E-07        7.428E-08
2020  6 18  6280.00        5.973E-08        1.956E-07        3.631E-07        7.586E-08
2020  6 18  6281.00        5.714E-08        1.876E-07        3.481E-07        7.274E-08
2020  6 18  6282.00        5.786E-08        1.903E-07        3.532E-07        7.380E-08
2020  6 18  6283.00        5.549E-08        1.829E-07        3.395E-07        7.093E-08
2020  6 18  6284.00        5.412E-08        1.788E-07        3.318E-07        6.933E-08
2020  6 18  6285.00        4.254E-08        1.408E-07        8.185E-07        5.460E-08
2020  6 18  6286.00        3.769E-08        1.250E-07        2.320E-07        4.846E-08
2020  6 18  6287.00        3.431E-08        1.139E-07        2.115E-07        4.418E-08
2020  6 18  6288.00        3.169E-08        1.053E-07        1.955E-07        4.084E-08
2020  6 19  6289.00        3.068E-08        1.021E-07        1.895E-07        3.959E-08
2020  6 19  6290.00        2.874E-08        9.573E-08        1.777E-07        3.713E-08
2020  6 19  6291.00        2.725E-08        9.086E-08        1.686E-07        3.524E-08
2020  6 19  6292.00        2.654E-08        8.857E-08        1.644E-07        3.435E-08
2020  6 19  6293.00        2.644E-08        8.830E-08        1.513E-06        3.425E-08
2020  6 19  6294.00        3.248E-08        1.086E-07        1.647E-06        4.211E-08
2020  6 19  6295.00        3.597E-08        1.204E-07        2.520E-06        4.668E-08
2020  6 19  6296.00        3.862E-08        1.294E-07        2.804E-06        5.020E-08
2020  6 19  6297.00        4.375E-08        1.468E-07        1.914E-06        5.694E-08
2020  6 19  6298.00        4.867E-08        1.636E-07        2.199E-06        6.345E-08
2020  6 19  6299.00        5.077E-08        1.710E-07        2.265E-06        6.632E-08
2020  6 19  6300.00        5.197E-08        1.754E-07        2.285E-06        6.802E-08
2020  6 19  6301.00        5.380E-08        1.820E-07        2.209E-06        7.057E-08
2020  6 19  6302.00        5.414E-08        1.835E-07        2.155E-06        7.115E-08
2020  6 19  6303.00        5.464E-08        1.856E-07        2.073E-06        7.197E-08
2020  6 19  6304.00        5.616E-08        1.912E-07        3.594E-07        7.414E-08
2020  6 19  6305.00        5.572E-08        1.901E-07        3.573E-07        7.371E-08
2020  6 19  6306.00        5.416E-08        1.852E-07        3.481E-07        7.181E-08
2020  6 19  6307.00        5.221E-08        1.789E-07        3.363E-07        6.938E-08
2020  6 19  6308.00        4.886E-08        1.678E-07        3.153E-07        6.507E-08
2020  6 19  6309.00        4.290E-08        1.476E-07        2.774E-07        5.724E-08
2020  6 19  6310.00        3.861E-08        1.331E-07        2.501E-07        5.161E-08
2020  6 19  6311.00        3.570E-08        1.232E-07        2.316E-07        4.779E-08
2020  6 19  6312.00        3.484E-08        1.205E-07        2.263E-07        4.671E-08
2020  6 20  6313.00        3.426E-08        1.186E-07        2.228E-07        4.599E-08
2020  6 20  6314.00        3.102E-08        1.075E-07        2.020E-07        4.170E-08
2020  6 20  6315.00        2.798E-08        9.709E-08        1.824E-07        3.765E-08
2020  6 20  6316.00        2.650E-08        9.207E-08        1.730E-07        3.571E-08
2020  6 20  6317.00        2.813E-08        9.780E-08        1.085E-06        3.793E-08
2020  6 20  6318.00        3.090E-08        1.076E-07        1.162E-06        4.172E-08
2020  6 20  6319.00        3.206E-08        1.117E-07        1.825E-06        4.334E-08
2020  6 20  6320.00        3.495E-08        1.220E-07        1.551E-06        4.730E-08
2020  6 20  6321.00        3.883E-08        1.357E-07        7.573E-07        5.263E-08
2020  6 20  6322.00        4.055E-08        1.419E-07        9.038E-07        5.504E-08
2020  6 20  6323.00        4.298E-08        1.507E-07        1.031E-06        5.844E-08
2020  6 20  6324.00        4.502E-08        1.581E-07        1.100E-06        6.132E-08
2020  6 20  6325.00        4.858E-08        1.710E-07        1.112E-06        6.630E-08
2020  6 20  6326.00        4.957E-08        1.748E-07        1.135E-06        6.779E-08
2020  6 20  6327.00        5.031E-08        1.778E-07        1.137E-06        6.895E-08
2020  6 20  6328.00        4.887E-08        1.731E-07        1.149E-06        6.712E-08
2020  6 20  6329.00        4.712E-08        1.672E-07        1.092E-06        6.486E-08
2020  6 20  6330.00        4.678E-08        1.664E-07        1.024E-06        6.452E-08
2020  6 20  6331.00        4.423E-08        1.576E-07        1.599E-06        6.113E-08
2020  6 20  6332.00        4.367E-08        1.560E-07        5.554E-07        6.048E-08
2020  6 20  6333.00        3.793E-08        1.357E-07        2.081E-06        5.262E-08
2020  6 20  6334.00        3.135E-08        1.123E-07        2.131E-07        4.357E-08
2020  6 20  6335.00        2.733E-08        9.809E-08        1.861E-07        3.804E-08
2020  6 20  6336.00        2.532E-08        9.094E-08        1.725E-07        3.527E-08
2020  6 21  6337.00        2.407E-08        8.655E-08        1.642E-07        3.356E-08
2020  6 21  6338.00        2.312E-08        8.323E-08        1.579E-07        3.228E-08
2020  6 21  6339.00        2.283E-08        8.224E-08        1.560E-07        3.189E-08
2020  6 21  6340.00        2.135E-08        7.698E-08        1.460E-07        2.985E-08
2020  6 21  6341.00        2.105E-08        7.599E-08        3.000E-07        2.947E-08
2020  6 21  6342.00        2.353E-08        8.500E-08        5.722E-07        3.297E-08
2020  6 21  6343.00        3.069E-08        1.110E-07        2.431E-06        4.304E-08
2020  6 21  6344.00        3.826E-08        1.385E-07        1.489E-06        5.371E-08
2020  6 21  6345.00        4.700E-08        1.705E-07        1.592E-06        6.611E-08
2020  6 21  6346.00        4.903E-08        1.782E-07        1.681E-06        6.910E-08
2020  6 21  6347.00        4.864E-08        1.772E-07        1.744E-06        6.871E-08
2020  6 21  6348.00        5.194E-08        1.896E-07        1.699E-06        7.353E-08
2020  6 21  6349.00        4.909E-08        1.796E-07        1.708E-06        6.966E-08
2020  6 21  6350.00        5.465E-08        2.004E-07        1.564E-06        7.773E-08
2020  6 21  6351.00        5.574E-08        2.049E-07        1.479E-06        7.947E-08
2020  6 21  6352.00        5.296E-08        1.952E-07        1.399E-06        7.570E-08
2020  6 21  6353.00        5.377E-08        1.987E-07        1.205E-06        7.705E-08
2020  6 21  6354.00        5.083E-08        1.883E-07        1.789E-06        7.301E-08
2020  6 21  6355.00        4.932E-08        1.831E-07        1.742E-06        7.102E-08
2020  6 21  6356.00        4.635E-08        1.725E-07        1.490E-06        6.689E-08
2020  6 21  6357.00        4.163E-08        1.553E-07        1.218E-06        6.022E-08
2020  6 21  6358.00        3.935E-08        1.471E-07        2.823E-07        5.703E-08
2020  6 21  6359.00        3.680E-08        1.378E-07        2.645E-07        5.344E-08
2020  6 21  6360.00        3.629E-08        1.361E-07        2.613E-07        5.280E-08
2020  6 22  6361.00        3.463E-08        1.301E-07        2.498E-07        5.047E-08
2020  6 22  6362.00        2.811E-08        1.058E-07        2.031E-07        4.104E-08
2020  6 22  6363.00        2.544E-08        9.588E-08        1.840E-07        3.718E-08
2020  6 22  6364.00        2.519E-08        9.504E-08        1.824E-07        3.686E-08
2020  6 22  6365.00        2.586E-08        9.767E-08        1.874E-07        3.788E-08
2020  6 22  6366.00        2.592E-08        9.803E-08        9.995E-07        3.802E-08
2020  6 22  6367.00        2.579E-08        9.765E-08        1.703E-06        3.787E-08
2020  6 22  6368.00        2.873E-08        1.089E-07        1.463E-06        4.223E-08
2020  6 22  6369.00        2.868E-08        1.089E-07        1.352E-06        4.222E-08
2020  6 22  6370.00        3.017E-08        1.147E-07        1.737E-06        4.447E-08
2020  6 22  6371.00        3.255E-08        1.239E-07        2.034E-06        4.805E-08
2020  6 22  6372.00        3.512E-08        1.339E-07        2.244E-06        5.193E-08
2020  6 22  6373.00        3.860E-08        1.474E-07        2.132E-06        5.718E-08
2020  6 22  6374.00        4.132E-08        1.581E-07        1.979E-06        6.132E-08
2020  6 22  6375.00        4.408E-08        1.690E-07        1.787E-06        6.556E-08
2020  6 22  6376.00        4.343E-08        1.669E-07        1.701E-06        6.473E-08
2020  6 22  6377.00        4.537E-08        1.748E-07        1.495E-06        6.778E-08
2020  6 22  6378.00        4.457E-08        1.721E-07        1.352E-06        6.674E-08
2020  6 22  6379.00        4.361E-08        1.687E-07        2.027E-06        6.544E-08
2020  6 22  6380.00        3.960E-08        1.536E-07        6.677E-07        5.956E-08
2020  6 22  6381.00        3.385E-08        1.315E-07        2.556E-07        5.101E-08
2020  6 22  6382.00        2.729E-08        1.063E-07        2.064E-07        4.121E-08
2020  6 22  6383.00        2.515E-08        9.805E-08        1.905E-07        3.802E-08
2020  6 22  6384.00        2.391E-08        9.332E-08        1.813E-07        3.619E-08
2020  6 23  6385.00        2.360E-08        9.222E-08        1.791E-07        3.576E-08
2020  6 23  6386.00        2.440E-08        9.546E-08        1.854E-07        3.702E-08
2020  6 23  6387.00        2.159E-08        8.455E-08        1.642E-07        3.279E-08
2020  6 23  6388.00        2.092E-08        8.201E-08        1.593E-07        3.180E-08
2020  6 23  6389.00        2.095E-08        8.224E-08        1.597E-07        3.189E-08
2020  6 23  6390.00        2.287E-08        8.984E-08        1.468E-06        3.484E-08
2020  6 23  6391.00        2.788E-08        1.096E-07        1.083E-06        4.252E-08
2020  6 23  6392.00        3.475E-08        1.369E-07        1.505E-06        5.308E-08
2020  6 23  6393.00        4.106E-08        1.620E-07        1.547E-06        6.283E-08
2020  6 23  6394.00        4.578E-08        1.811E-07        1.440E-06        7.022E-08
2020  6 23  6395.00        4.821E-08        1.911E-07        1.349E-06        7.412E-08
2020  6 23  6396.00        5.247E-08        2.085E-07        1.126E-06        8.087E-08
2020  6 23  6397.00        5.060E-08        2.016E-07        1.214E-06        7.820E-08
2020  6 23  6398.00        5.090E-08        2.034E-07        1.176E-06        7.889E-08
2020  6 23  6399.00        5.143E-08        2.061E-07        1.120E-06        7.991E-08
2020  6 23  6400.00        5.224E-08        2.099E-07        1.041E-06        8.140E-08
2020  6 23  6401.00        5.231E-08        2.108E-07        9.925E-07        8.174E-08
2020  6 23  6402.00        5.122E-08        2.069E-07        9.710E-07        8.025E-08
2020  6 23  6403.00        4.980E-08        2.018E-07        1.217E-06        7.824E-08
2020  6 23  6404.00        4.587E-08        1.863E-07        1.264E-06        7.225E-08
2020  6 23  6405.00        3.853E-08        1.569E-07        4.744E-07        6.086E-08
2020  6 23  6406.00        3.341E-08        1.364E-07        2.670E-07        5.288E-08
2020  6 23  6407.00        3.175E-08        1.298E-07        2.542E-07        5.035E-08
2020  6 23  6408.00        3.195E-08        1.309E-07        2.563E-07        5.076E-08
2020  6 24  6409.00        2.829E-08        1.161E-07        2.273E-07        4.504E-08
2020  6 24  6410.00        2.410E-08        9.910E-08        1.940E-07        3.843E-08
2020  6 24  6411.00        2.263E-08        9.317E-08        1.824E-07        3.613E-08
2020  6 24  6412.00        2.249E-08        9.268E-08        1.814E-07        3.594E-08
2020  6 24  6413.00        2.150E-08        8.873E-08        2.929E-07        3.441E-08
2020  6 24  6414.00        2.374E-08        9.807E-08        1.513E-06        3.803E-08
2020  6 24  6415.00        3.008E-08        1.244E-07        2.394E-06        4.826E-08
2020  6 24  6416.00        3.511E-08        1.455E-07        1.367E-06        5.642E-08
2020  6 24  6417.00        3.850E-08        1.599E-07        1.415E-06        6.200E-08
2020  6 24  6418.00        4.205E-08        1.750E-07        1.324E-06        6.788E-08
2020  6 24  6419.00        4.468E-08        1.864E-07        1.208E-06        7.230E-08
2020  6 24  6420.00        4.737E-08        1.982E-07        1.061E-06        7.686E-08
2020  6 24  6421.00        5.002E-08        2.098E-07        8.945E-07        8.138E-08
2020  6 24  6422.00        5.252E-08        2.209E-07        7.280E-07        8.569E-08
2020  6 24  6423.00        5.394E-08        2.276E-07        6.226E-07        8.826E-08
2020  6 24  6424.00        5.447E-08        2.305E-07        5.695E-07        8.941E-08
2020  6 24  6425.00        5.338E-08        2.266E-07        6.107E-07        8.788E-08
2020  6 24  6426.00        5.274E-08        2.246E-07        6.201E-07        8.710E-08
2020  6 24  6427.00        4.876E-08        2.083E-07        8.675E-07        8.077E-08
2020  6 24  6428.00        4.383E-08        1.877E-07        1.082E-06        7.281E-08
2020  6 24  6429.00        3.489E-08        1.498E-07        4.764E-07        5.811E-08
2020  6 24  6430.00        2.659E-08        1.144E-07        2.255E-07        4.438E-08
2020  6 24  6431.00        2.333E-08        1.006E-07        1.982E-07        3.902E-08
2020  6 24  6432.00        2.241E-08        9.674E-08        1.906E-07        3.752E-08
2020  6 25  6433.00        2.204E-08        9.528E-08        1.877E-07        3.695E-08
2020  6 25  6434.00        2.036E-08        8.814E-08        1.736E-07        3.418E-08
2020  6 25  6435.00        2.027E-08        8.785E-08        1.730E-07        3.407E-08
2020  6 25  6436.00        1.927E-08        8.362E-08        1.647E-07        3.243E-08
2020  6 25  6437.00        1.868E-08        8.115E-08        2.958E-07        3.147E-08
2020  6 25  6438.00        2.259E-08        9.825E-08        1.480E-06        3.810E-08
2020  6 25  6439.00        2.703E-08        1.177E-07        2.247E-06        4.566E-08
2020  6 25  6440.00        3.141E-08        1.370E-07        1.315E-06        5.314E-08
2020  6 25  6441.00        3.491E-08        1.526E-07        1.339E-06        5.919E-08
2020  6 25  6442.00        3.817E-08        1.673E-07        1.241E-06        6.487E-08
2020  6 25  6443.00        4.059E-08        1.783E-07        1.125E-06        6.916E-08
2020  6 25  6444.00        4.251E-08        1.872E-07        1.011E-06        7.261E-08
2020  6 25  6445.00        4.492E-08        1.984E-07        8.538E-07        7.694E-08
2020  6 25  6446.00        4.742E-08        2.101E-07        6.822E-07        8.146E-08
2020  6 25  6447.00        4.860E-08        2.159E-07        5.912E-07        8.374E-08
2020  6 25  6448.00        4.951E-08        2.206E-07        5.155E-07        8.557E-08
2020  6 25  6449.00        4.825E-08        2.157E-07        5.695E-07        8.363E-08
2020  6 25  6450.00        4.643E-08        2.082E-07        6.471E-07        8.074E-08
2020  6 25  6451.00        4.305E-08        1.936E-07        8.783E-07        7.508E-08
2020  6 25  6452.00        3.938E-08        1.776E-07        1.040E-06        6.887E-08
2020  6 25  6453.00        3.356E-08        1.517E-07        4.692E-07        5.885E-08
2020  6 25  6454.00        2.823E-08        1.280E-07        2.536E-07        4.963E-08
2020  6 25  6455.00        2.473E-08        1.123E-07        2.226E-07        4.355E-08
2020  6 25  6456.00        2.367E-08        1.077E-07        2.134E-07        4.176E-08
2020  6 26  6457.00        2.198E-08        1.002E-07        1.985E-07        3.884E-08
2020  6 26  6458.00        2.057E-08        9.386E-08        1.860E-07        3.640E-08
2020  6 26  6459.00        2.036E-08        9.305E-08        1.844E-07        3.609E-08
2020  6 26  6460.00        2.008E-08        9.190E-08        1.821E-07        3.564E-08
2020  6 26  6461.00        1.903E-08        8.721E-08        2.759E-07        3.382E-08
2020  6 26  6462.00        2.022E-08        9.281E-08        1.401E-06        3.599E-08
2020  6 26  6463.00        2.346E-08        1.078E-07        2.074E-06        4.180E-08
2020  6 26  6464.00        2.734E-08        1.259E-07        1.278E-06        4.881E-08
2020  6 26  6465.00        3.171E-08        1.463E-07        1.254E-06        5.672E-08
2020  6 26  6466.00        3.566E-08        1.648E-07        1.097E-06        6.393E-08
2020  6 26  6467.00        3.902E-08        1.809E-07        9.058E-07        7.014E-08
2020  6 26  6468.00        4.261E-08        1.981E-07        6.729E-07        7.681E-08
2020  6 26  6469.00        4.692E-08        2.187E-07        4.351E-07        8.483E-08
2020  6 26  6470.00        4.946E-08        2.313E-07        4.601E-07        8.969E-08
2020  6 26  6471.00        5.075E-08        2.381E-07        4.736E-07        9.233E-08
2020  6 26  6472.00        5.076E-08        2.389E-07        4.752E-07        9.266E-08
2020  6 26  6473.00        4.654E-08        2.198E-07        4.372E-07        8.525E-08
2020  6 26  6474.00        4.155E-08        1.969E-07        5.222E-07        7.635E-08
2020  6 26  6475.00        3.051E-08        1.450E-07        5.023E-07        5.623E-08
2020  6 26  6476.00        2.412E-08        1.149E-07        2.286E-07        4.456E-08
2020  6 26  6477.00        2.251E-08        1.074E-07        2.137E-07        4.166E-08
2020  6 26  6478.00        2.149E-08        1.028E-07        2.044E-07        3.985E-08
2020  6 26  6479.00        2.124E-08        1.017E-07        2.023E-07        3.944E-08
2020  6 26  6480.00        2.109E-08        1.012E-07        2.012E-07        3.924E-08
2020  6 27  6481.00        2.063E-08        9.914E-08        1.972E-07        3.845E-08
2020  6 27  6482.00        2.046E-08        9.846E-08        1.958E-07        3.818E-08
2020  6 27  6483.00        1.990E-08        9.591E-08        1.907E-07        3.720E-08
2020  6 27  6484.00        1.925E-08        9.295E-08        1.848E-07        3.605E-08
2020  6 27  6485.00        1.963E-08        9.493E-08        4.374E-07        3.681E-08
2020  6 27  6486.00        2.103E-08        1.018E-07        1.176E-06        3.949E-08
2020  6 27  6487.00        2.350E-08        1.140E-07        1.397E-06        4.422E-08
2020  6 27  6488.00        2.487E-08        1.209E-07        1.578E-06        4.688E-08
2020  6 27  6489.00        2.601E-08        1.267E-07        1.597E-06        4.912E-08
2020  6 27  6490.00        2.923E-08        1.426E-07        1.198E-06        5.532E-08
2020  6 27  6491.00        3.243E-08        1.587E-07        1.030E-06        6.153E-08
2020  6 27  6492.00        3.149E-08        1.545E-07        1.081E-06        5.990E-08
2020  6 27  6493.00        3.387E-08        1.666E-07        9.175E-07        6.460E-08
2020  6 27  6494.00        3.533E-08        1.742E-07        7.927E-07        6.755E-08
2020  6 27  6495.00        3.651E-08        1.805E-07        7.041E-07        7.001E-08
2020  6 27  6496.00        3.453E-08        1.712E-07        8.103E-07        6.641E-08
2020  6 27  6497.00        3.352E-08        1.667E-07        8.425E-07        6.463E-08
2020  6 27  6498.00        3.261E-08        1.626E-07        8.341E-07        6.307E-08
2020  6 27  6499.00        3.114E-08        1.557E-07        7.648E-07        6.038E-08
2020  6 27  6500.00        2.903E-08        1.455E-07        1.098E-06        5.644E-08
2020  6 27  6501.00        2.574E-08        1.293E-07        3.692E-07        5.016E-08
2020  6 27  6502.00        2.355E-08        1.186E-07        2.375E-07        4.601E-08
2020  6 27  6503.00        2.251E-08        1.136E-07        2.274E-07        4.406E-08
2020  6 27  6504.00        2.130E-08        1.077E-07        2.156E-07        4.177E-08
2020  6 28  6505.00        2.239E-08        1.134E-07        2.271E-07        4.399E-08
2020  6 28  6506.00        2.049E-08        1.040E-07        2.082E-07        4.033E-08
2020  6 28  6507.00        1.973E-08        1.003E-07        2.009E-07        3.891E-08
2020  6 28  6508.00        1.985E-08        1.011E-07        2.025E-07        3.922E-08
2020  6 28  6509.00        1.905E-08        9.722E-08        2.087E-07        3.770E-08
2020  6 28  6510.00        1.900E-08        9.712E-08        2.785E-07        3.767E-08
2020  6 28  6511.00        1.848E-08        9.467E-08        1.206E-06        3.671E-08
2020  6 28  6512.00        1.731E-08        8.882E-08        1.183E-06        3.445E-08
2020  6 28  6513.00        1.558E-08        8.004E-08        1.167E-06        3.104E-08
2020  6 28  6514.00        1.532E-08        7.883E-08        1.532E-06        3.057E-08
2020  6 28  6515.00        1.639E-08        8.444E-08        1.169E-06        3.275E-08
2020  6 28  6516.00        1.827E-08        9.424E-08        1.515E-06        3.655E-08
2020  6 28  6517.00        1.922E-08        9.931E-08        1.572E-06        3.852E-08
2020  6 28  6518.00        2.099E-08        1.086E-07        1.517E-06        4.213E-08
2020  6 28  6519.00        2.080E-08        1.079E-07        1.388E-06        4.183E-08
2020  6 28  6520.00        2.124E-08        1.104E-07        1.228E-06        4.280E-08
2020  6 28  6521.00        2.215E-08        1.153E-07        1.232E-06        4.472E-08
2020  6 28  6522.00        2.185E-08        1.140E-07        1.064E-06        4.421E-08
2020  6 28  6523.00        2.092E-08        1.094E-07        1.520E-06        4.242E-08
2020  6 28  6524.00        1.945E-08        1.019E-07        1.125E-06        3.952E-08
2020  6 28  6525.00        1.724E-08        9.047E-08        3.011E-07        3.509E-08
2020  6 28  6526.00        1.516E-08        7.967E-08        1.609E-07        3.090E-08
2020  6 28  6527.00        1.406E-08        7.401E-08        1.495E-07        2.870E-08
2020  6 28  6528.00        1.419E-08        7.482E-08        1.511E-07        2.901E-08
2020  6 29  6529.00        1.507E-08        7.953E-08        1.607E-07        3.084E-08
2020  6 29  6530.00        1.354E-08        7.156E-08        1.445E-07        2.775E-08
2020  6 29  6531.00        1.307E-08        6.916E-08        1.397E-07        2.682E-08
2020  6 29  6532.00        1.291E-08        6.836E-08        1.381E-07        2.651E-08
2020  6 29  6533.00        1.331E-08        7.057E-08        1.425E-07        2.737E-08
2020  6 29  6534.00        1.279E-08        6.790E-08        1.371E-07        2.633E-08
2020  6 29  6535.00        1.259E-08        6.693E-08        7.749E-07        2.596E-08
2020  6 29  6536.00        1.308E-08        6.960E-08        1.476E-06        2.699E-08
2020  6 29  6537.00        1.477E-08        7.868E-08        1.234E-06        3.051E-08
2020  6 29  6538.00        1.583E-08        8.447E-08        1.372E-06        3.276E-08
2020  6 29  6539.00        1.690E-08        9.027E-08        1.482E-06        3.501E-08
2020  6 29  6540.00        1.817E-08        9.723E-08        1.569E-06        3.771E-08
2020  6 29  6541.00        1.910E-08        1.024E-07        1.512E-06        3.972E-08
2020  6 29  6542.00        1.898E-08        1.020E-07        6.014E-07        3.955E-08
2020  6 29  6543.00        1.906E-08        1.026E-07        6.544E-07        3.979E-08
2020  6 29  6544.00        1.965E-08        1.060E-07        7.071E-07        4.110E-08
2020  6 29  6545.00        1.946E-08        1.051E-07        7.156E-07        4.077E-08
2020  6 29  6546.00        1.861E-08        1.007E-07        1.034E-06        3.906E-08
2020  6 29  6547.00        1.809E-08        9.809E-08        4.553E-07        3.804E-08
2020  6 29  6548.00        1.718E-08        9.334E-08        9.523E-07        3.620E-08
2020  6 29  6549.00        1.526E-08        8.308E-08        2.536E-07        3.222E-08
2020  6 29  6550.00        1.332E-08        7.261E-08        1.477E-07        2.816E-08
2020  6 29  6551.00        1.355E-08        7.397E-08        1.504E-07        2.869E-08
2020  6 29  6552.00        1.323E-08        7.233E-08        1.471E-07        2.805E-08
2020  6 30  6553.00        1.276E-08        6.983E-08        1.420E-07        2.708E-08
2020  6 30  6554.00        1.240E-08        6.793E-08        1.381E-07        2.634E-08
2020  6 30  6555.00        1.156E-08        6.342E-08        1.289E-07        2.459E-08
2020  6 30  6556.00        1.176E-08        6.459E-08        1.313E-07        2.505E-08
2020  6 30  6557.00        1.198E-08        6.587E-08        2.223E-07        2.555E-08
2020  6 30  6558.00        1.222E-08        6.723E-08        1.065E-06        2.607E-08
2020  6 30  6559.00        1.344E-08        7.404E-08        8.370E-07        2.871E-08
2020  6 30  6560.00        1.370E-08        7.560E-08        7.922E-07        2.932E-08
2020  6 30  6561.00        1.486E-08        8.208E-08        1.159E-06        3.183E-08
2020  6 30  6562.00        1.687E-08        9.333E-08        1.385E-06        3.619E-08
2020  6 30  6563.00        1.791E-08        9.926E-08        1.388E-06        3.850E-08
2020  6 30  6564.00        1.815E-08        1.008E-07        1.395E-06        3.908E-08
2020  6 30  6565.00        1.818E-08        1.011E-07        1.360E-06        3.922E-08
2020  6 30  6566.00        1.895E-08        1.057E-07        1.297E-06        4.098E-08
2020  6 30  6567.00        1.921E-08        1.073E-07        1.191E-06        4.162E-08
2020  6 30  6568.00        1.953E-08        1.093E-07        1.095E-06        4.239E-08
2020  6 30  6569.00        1.942E-08        1.090E-07        1.365E-06        4.226E-08
2020  6 30  6570.00        1.906E-08        1.072E-07        1.231E-06        4.156E-08
2020  6 30  6571.00        1.869E-08        1.053E-07        1.064E-06        4.083E-08
2020  6 30  6572.00        1.824E-08        1.030E-07        6.302E-07        3.994E-08
2020  6 30  6573.00        1.761E-08        9.962E-08        2.207E-07        3.863E-08
2020  6 30  6574.00        1.729E-08        9.798E-08        2.009E-07        3.800E-08
2020  6 30  6575.00        1.717E-08        9.749E-08        1.999E-07        3.781E-08
2020  6 30  6576.00        1.727E-08        9.825E-08        2.014E-07        3.810E-08
2020  7  1  6577.00        1.713E-08        9.766E-08        2.002E-07        3.787E-08
2020  7  1  6578.00        1.697E-08        9.693E-08        1.987E-07        3.759E-08
2020  7  1  6579.00        1.573E-08        9.001E-08        1.845E-07        3.491E-08
2020  7  1  6580.00        1.588E-08        9.104E-08        1.866E-07        3.531E-08
2020  7  1  6581.00        1.467E-08        8.424E-08        1.727E-07        3.267E-08
2020  7  1  6582.00        1.457E-08        8.384E-08        5.870E-07        3.251E-08
2020  7  1  6583.00        1.542E-08        8.887E-08        8.275E-07        3.447E-08
2020  7  1  6584.00        1.572E-08        9.077E-08        1.106E-06        3.520E-08
2020  7  1  6585.00        1.589E-08        9.187E-08        1.257E-06        3.563E-08
2020  7  1  6586.00        1.618E-08        9.376E-08        1.429E-06        3.636E-08
2020  7  1  6587.00        1.639E-08        9.515E-08        1.364E-06        3.690E-08
2020  7  1  6588.00        1.651E-08        9.599E-08        1.434E-06        3.723E-08
2020  7  1  6589.00        1.622E-08        9.449E-08        1.477E-06        3.664E-08
2020  7  1  6590.00        1.779E-08        1.038E-07        1.149E-06        4.027E-08
2020  7  1  6591.00        1.948E-08        1.140E-07        1.063E-06        4.419E-08
2020  7  1  6592.00        1.834E-08        1.075E-07        1.247E-06        4.170E-08
2020  7  1  6593.00        1.878E-08        1.104E-07        1.009E-06        4.281E-08
2020  7  1  6594.00        1.697E-08        9.998E-08        1.133E-06        3.877E-08
2020  7  1  6595.00        1.510E-08        8.915E-08        1.367E-06        3.457E-08
2020  7  1  6596.00        1.499E-08        8.862E-08        1.104E-06        3.437E-08
2020  7  1  6597.00        1.455E-08        8.619E-08        2.607E-07        3.342E-08
2020  7  1  6598.00        1.423E-08        8.441E-08        1.744E-07        3.274E-08
2020  7  1  6599.00        1.360E-08        8.083E-08        1.670E-07        3.135E-08
2020  7  1  6600.00        1.296E-08        7.714E-08        1.594E-07        2.992E-08
2020  7  2  6601.00        1.225E-08        7.302E-08        1.509E-07        2.832E-08
2020  7  2  6602.00        1.176E-08        7.024E-08        1.451E-07        2.724E-08
2020  7  2  6603.00        1.130E-08        6.757E-08        1.396E-07        2.620E-08
2020  7  2  6604.00        1.067E-08        6.391E-08        1.320E-07        2.478E-08
2020  7  2  6605.00        1.061E-08        6.359E-08        2.335E-07        2.466E-08
2020  7  2  6606.00        1.094E-08        6.568E-08        1.009E-06        2.547E-08
2020  7  2  6607.00        1.185E-08        7.121E-08        1.313E-06        2.762E-08
2020  7  2  6608.00        1.315E-08        7.913E-08        1.008E-06        3.069E-08
2020  7  2  6609.00        1.323E-08        7.974E-08        8.002E-07        3.092E-08
2020  7  2  6610.00        1.356E-08        8.185E-08        1.506E-06        3.174E-08
2020  7  2  6611.00        1.392E-08        8.418E-08        9.814E-07        3.265E-08
2020  7  2  6612.00        1.461E-08        8.852E-08        1.188E-06        3.433E-08
2020  7  2  6613.00        1.563E-08        9.489E-08        1.149E-06        3.680E-08
2020  7  2  6614.00        1.572E-08        9.559E-08        1.080E-06        3.707E-08
2020  7  2  6615.00        1.514E-08        9.225E-08        1.107E-06        3.577E-08
2020  7  2  6616.00        1.528E-08        9.329E-08        1.043E-06        3.618E-08
2020  7  2  6617.00        1.271E-08        7.775E-08        1.420E-06        3.015E-08
2020  7  2  6618.00        1.377E-08        8.438E-08        9.779E-07        3.273E-08
2020  7  2  6619.00        1.466E-08        8.997E-08        1.383E-06        3.489E-08
2020  7  2  6620.00        1.400E-08        8.611E-08        4.763E-07        3.339E-08
2020  7  2  6621.00        1.257E-08        7.744E-08        2.430E-07        3.003E-08
2020  7  2  6622.00        1.104E-08        6.812E-08        1.419E-07        2.642E-08
2020  7  2  6623.00        9.886E-09        6.110E-08        1.272E-07        2.370E-08
2020  7  2  6624.00        9.399E-09        5.816E-08        1.211E-07        2.255E-08
2020  7  3  6625.00        9.261E-09        5.737E-08        1.195E-07        2.225E-08
2020  7  3  6626.00        9.189E-09        5.699E-08        1.187E-07        2.210E-08
2020  7  3  6627.00        8.817E-09        5.474E-08        1.140E-07        2.123E-08
2020  7  3  6628.00        8.737E-09        5.430E-08        1.131E-07        2.106E-08
2020  7  3  6629.00        8.893E-09        5.533E-08        1.646E-07        2.146E-08
2020  7  3  6630.00        9.458E-09        5.891E-08        3.787E-07        2.285E-08
2020  7  3  6631.00        9.926E-09        6.189E-08        4.766E-07        2.400E-08
2020  7  3  6632.00        1.019E-08        6.365E-08        1.218E-06        2.468E-08
2020  7  3  6633.00        9.873E-09        6.172E-08        1.149E-06        2.394E-08
2020  7  3  6634.00        1.039E-08        6.502E-08        1.257E-06        2.522E-08
2020  7  3  6635.00        1.204E-08        7.548E-08        1.200E-06        2.927E-08
2020  7  3  6636.00        1.329E-08        8.341E-08        1.230E-06        3.235E-08
2020  7  3  6637.00        1.366E-08        8.587E-08        1.138E-06        3.330E-08
2020  7  3  6638.00        1.416E-08        8.920E-08        1.159E-06        3.459E-08
2020  7  3  6639.00        1.560E-08        9.847E-08        1.056E-06        3.819E-08
2020  7  3  6640.00        1.663E-08        1.052E-07        9.371E-07        4.080E-08
2020  7  3  6641.00        1.630E-08        1.034E-07        9.020E-07        4.009E-08
2020  7  3  6642.00        1.572E-08        9.990E-08        1.108E-06        3.874E-08
2020  7  3  6643.00        1.534E-08        9.773E-08        1.130E-06        3.790E-08
2020  7  3  6644.00        1.434E-08        9.156E-08        1.038E-06        3.551E-08
2020  7  3  6645.00        1.316E-08        8.414E-08        2.839E-07        3.263E-08
2020  7  3  6646.00        1.171E-08        7.501E-08        1.573E-07        2.909E-08
2020  7  3  6647.00        1.064E-08        6.827E-08        1.432E-07        2.648E-08
2020  7  3  6648.00        1.002E-08        6.438E-08        1.350E-07        2.497E-08
2020  7  4  6649.00        9.744E-09        6.271E-08        1.315E-07        2.432E-08
2020  7  4  6650.00        9.472E-09        6.104E-08        1.280E-07        2.367E-08
2020  7  4  6651.00        8.952E-09        5.776E-08        1.211E-07        2.240E-08
2020  7  4  6652.00        8.817E-09        5.696E-08        1.194E-07        2.209E-08
2020  7  4  6653.00        9.438E-09        6.104E-08        1.628E-07        2.367E-08
2020  7  4  6654.00        1.017E-08        6.584E-08        6.436E-07        2.553E-08
2020  7  4  6655.00        1.096E-08        7.110E-08        1.080E-06        2.757E-08
2020  7  4  6656.00        1.137E-08        7.385E-08        5.896E-07        2.864E-08
2020  7  4  6657.00        1.185E-08        7.708E-08        1.347E-06        2.989E-08
2020  7  4  6658.00        1.306E-08        8.508E-08        1.035E-06        3.299E-08
2020  7  4  6659.00        1.411E-08        9.215E-08        1.024E-06        3.574E-08
2020  7  4  6660.00        1.476E-08        9.660E-08        1.067E-06        3.746E-08
2020  7  4  6661.00        1.512E-08        9.917E-08        1.016E-06        3.846E-08
2020  7  4  6662.00        1.562E-08        1.026E-07        8.480E-07        3.981E-08
2020  7  4  6663.00        1.612E-08        1.062E-07        7.971E-07        4.117E-08
2020  7  4  6664.00        1.543E-08        1.019E-07        9.525E-07        3.951E-08
2020  7  4  6665.00        1.565E-08        1.036E-07        7.361E-07        4.016E-08
2020  7  4  6666.00        1.528E-08        1.014E-07        9.321E-07        3.931E-08
2020  7  4  6667.00        1.455E-08        9.675E-08        8.409E-07        3.752E-08
2020  7  4  6668.00        1.324E-08        8.825E-08        5.782E-07        3.422E-08
2020  7  4  6669.00        1.263E-08        8.433E-08        1.779E-07        3.271E-08
2020  7  4  6670.00        1.264E-08        8.455E-08        1.783E-07        3.279E-08
2020  7  4  6671.00        1.215E-08        8.145E-08        1.718E-07        3.159E-08
2020  7  4  6672.00        1.232E-08        8.272E-08        1.745E-07        3.208E-08
2020  7  5  6673.00        1.277E-08        8.592E-08        1.812E-07        3.332E-08
2020  7  5  6674.00        1.280E-08        8.634E-08        1.821E-07        3.348E-08
2020  7  5  6675.00        1.268E-08        8.566E-08        1.807E-07        3.322E-08
2020  7  5  6676.00        1.258E-08        8.516E-08        1.796E-07        3.303E-08
2020  7  5  6677.00        1.243E-08        8.432E-08        1.778E-07        3.270E-08
2020  7  5  6678.00        1.265E-08        8.598E-08        2.736E-07        3.334E-08
2020  7  5  6679.00        1.319E-08        8.985E-08        1.030E-06        3.484E-08
2020  7  5  6680.00        1.403E-08        9.573E-08        7.667E-07        3.712E-08
2020  7  5  6681.00        1.352E-08        9.252E-08        9.849E-07        3.588E-08
2020  7  5  6682.00        1.426E-08        9.778E-08        8.305E-07        3.792E-08
2020  7  5  6683.00        1.566E-08        1.076E-07        7.308E-07        4.173E-08
2020  7  5  6684.00        1.660E-08        1.143E-07        6.447E-07        4.434E-08
2020  7  5  6685.00        1.616E-08        1.116E-07        6.750E-07        4.328E-08
2020  7  5  6686.00        1.442E-08        9.984E-08        8.470E-07        3.872E-08
2020  7  5  6687.00        1.352E-08        9.384E-08        9.204E-07        3.639E-08
2020  7  5  6688.00        1.326E-08        9.227E-08        7.947E-07        3.578E-08
2020  7  5  6689.00        1.277E-08        8.902E-08        8.198E-07        3.452E-08
2020  7  5  6690.00        1.385E-08        9.677E-08        7.338E-07        3.753E-08
2020  7  5  6691.00        1.400E-08        9.807E-08        8.415E-07        3.803E-08
2020  7  5  6692.00        1.387E-08        9.739E-08        8.270E-07        3.777E-08
2020  7  5  6693.00        1.244E-08        8.754E-08        1.855E-07        3.395E-08
2020  7  5  6694.00        1.096E-08        7.727E-08        1.637E-07        2.997E-08
2020  7  5  6695.00        9.696E-09        6.850E-08        1.451E-07        2.657E-08
2020  7  5  6696.00        8.964E-09        6.343E-08        1.344E-07        2.460E-08
2020  7  6  6697.00        8.198E-09        5.810E-08        1.231E-07        2.253E-08
2020  7  6  6698.00        7.754E-09        5.503E-08        1.166E-07        2.134E-08
2020  7  6  6699.00        7.700E-09        5.471E-08        1.159E-07        2.122E-08
2020  7  6  6700.00        7.471E-09        5.315E-08        1.126E-07        2.061E-08
2020  7  6  6701.00        7.361E-09        5.243E-08        1.386E-07        2.033E-08
2020  7  6  6702.00        7.278E-09        5.190E-08        8.128E-07        2.013E-08
2020  7  6  6703.00        7.577E-09        5.410E-08        9.851E-07        2.098E-08
2020  7  6  6704.00        7.981E-09        5.705E-08        7.849E-07        2.213E-08
2020  7  6  6705.00        8.549E-09        6.119E-08        8.952E-07        2.373E-08
2020  7  6  6706.00        8.890E-09        6.372E-08        9.343E-07        2.471E-08
2020  7  6  6707.00        9.489E-09        6.812E-08        1.035E-06        2.642E-08
2020  7  6  6708.00        9.586E-09        6.893E-08        1.021E-06        2.673E-08
2020  7  6  6709.00        7.613E-09        5.484E-08        1.007E-06        2.127E-08
2020  7  6  6710.00        8.550E-09        6.166E-08        9.655E-07        2.391E-08
2020  7  6  6711.00        1.014E-08        7.325E-08        1.046E-06        2.841E-08
2020  7  6  6712.00        1.057E-08        7.646E-08        9.665E-07        2.965E-08
2020  7  6  6713.00        9.220E-09        6.685E-08        7.969E-07        2.592E-08
2020  7  6  6714.00        9.337E-09        6.781E-08        1.138E-06        2.630E-08
2020  7  6  6715.00        9.290E-09        6.758E-08        5.319E-07        2.621E-08
2020  7  6  6716.00        8.336E-09        6.074E-08        6.577E-07        2.356E-08
2020  7  6  6717.00        7.967E-09        5.814E-08        1.932E-07        2.255E-08
2020  7  6  6718.00        7.457E-09        5.449E-08        1.162E-07        2.113E-08
2020  7  6  6719.00        6.873E-09        5.029E-08        1.072E-07        1.950E-08
2020  7  6  6720.00        6.619E-09        4.848E-08        1.034E-07        1.880E-08
2020  7  7  6721.00        6.858E-09        5.029E-08        1.072E-07        1.950E-08
2020  7  7  6722.00        6.505E-09        4.776E-08        1.018E-07        1.852E-08
2020  7  7  6723.00        5.115E-09        3.760E-08        8.015E-08        1.458E-08
2020  7  7  6724.00        4.855E-09        3.571E-08        7.613E-08        1.385E-08
2020  7  7  6725.00        4.826E-09        3.553E-08        1.274E-07        1.378E-08
2020  7  7  6726.00        5.309E-09        3.913E-08        6.786E-07        1.517E-08
2020  7  7  6727.00        6.644E-09        4.901E-08        8.978E-07        1.901E-08
2020  7  7  6728.00        8.021E-09        5.923E-08        7.814E-07        2.297E-08
2020  7  7  6729.00        8.480E-09        6.271E-08        7.736E-07        2.432E-08
2020  7  7  6730.00        9.425E-09        6.981E-08        9.390E-07        2.707E-08
2020  7  7  6731.00        9.573E-09        7.103E-08        9.565E-07        2.755E-08
2020  7  7  6732.00        1.089E-08        8.094E-08        8.906E-07        3.139E-08
2020  7  7  6733.00        1.193E-08        8.884E-08        7.833E-07        3.446E-08
2020  7  7  6734.00        1.220E-08        9.107E-08        7.484E-07        3.532E-08
2020  7  7  6735.00        1.213E-08        9.080E-08        7.262E-07        3.521E-08
2020  7  7  6736.00        1.173E-08        8.802E-08        8.148E-07        3.413E-08
2020  7  7  6737.00        1.209E-08        9.088E-08        6.762E-07        3.524E-08
2020  7  7  6738.00        1.184E-08        8.920E-08        7.855E-07        3.459E-08
2020  7  7  6739.00        1.097E-08        8.284E-08        8.259E-07        3.213E-08
2020  7  7  6740.00        1.027E-08        7.774E-08        6.468E-07        3.015E-08
2020  7  7  6741.00        9.088E-09        6.893E-08        1.477E-07        2.673E-08
2020  7  7  6742.00        8.813E-09        6.697E-08        1.435E-07        2.597E-08
2020  7  7  6743.00        8.124E-09        6.184E-08        1.325E-07        2.398E-08
2020  7  7  6744.00        7.915E-09        6.035E-08        1.293E-07        2.340E-08
2020  7  8  6745.00        7.701E-09        5.881E-08        1.260E-07        2.281E-08
2020  7  8  6746.00        7.292E-09        5.576E-08        1.195E-07        2.163E-08
2020  7  8  6747.00        7.398E-09        5.666E-08        1.214E-07        2.197E-08
2020  7  8  6748.00        7.579E-09        5.813E-08        1.246E-07        2.254E-08
2020  7  8  6749.00        7.262E-09        5.578E-08        1.195E-07        2.163E-08
2020  7  8  6750.00        6.401E-09        4.923E-08        2.723E-07        1.909E-08
2020  7  8  6751.00        6.517E-09        5.019E-08        6.872E-07        1.946E-08
2020  7  8  6752.00        6.682E-09        5.152E-08        8.111E-07        1.998E-08
2020  7  8  6753.00        7.048E-09        5.441E-08        8.810E-07        2.110E-08
2020  7  8  6754.00        7.269E-09        5.619E-08        4.140E-07        2.179E-08
2020  7  8  6755.00        7.529E-09        5.829E-08        9.636E-07        2.261E-08
2020  7  8  6756.00        7.850E-09        6.086E-08        9.963E-07        2.360E-08
2020  7  8  6757.00        8.073E-09        6.269E-08        6.172E-07        2.431E-08
2020  7  8  6758.00        8.344E-09        6.491E-08        1.027E-06        2.517E-08
2020  7  8  6759.00        8.255E-09        6.432E-08        4.268E-07        2.495E-08
2020  7  8  6760.00        8.523E-09        6.652E-08        9.881E-07        2.580E-08
2020  7  8  6761.00        8.638E-09        6.754E-08        3.999E-07        2.619E-08
2020  7  8  6762.00        8.784E-09        6.881E-08        9.596E-07        2.669E-08
2020  7  8  6763.00        8.604E-09        6.753E-08        7.275E-07        2.619E-08
2020  7  8  6764.00        8.358E-09        6.572E-08        1.479E-07        2.549E-08
2020  7  8  6765.00        8.279E-09        6.522E-08        1.404E-07        2.529E-08
2020  7  8  6766.00        8.219E-09        6.485E-08        1.396E-07        2.515E-08
2020  7  8  6767.00        8.060E-09        6.372E-08        1.371E-07        2.471E-08
2020  7  8  6768.00        8.018E-09        6.350E-08        1.367E-07        2.462E-08
2020  7  9  6769.00        8.007E-09        6.352E-08        1.367E-07        2.463E-08
2020  7  9  6770.00        8.111E-09        6.445E-08        1.387E-07        2.499E-08
2020  7  9  6771.00        8.238E-09        6.557E-08        1.411E-07        2.543E-08
2020  7  9  6772.00        8.171E-09        6.516E-08        1.402E-07        2.527E-08
2020  7  9  6773.00        8.250E-09        6.591E-08        1.418E-07        2.556E-08
2020  7  9  6774.00        8.346E-09        6.680E-08        2.143E-07        2.591E-08
2020  7  9  6775.00        8.470E-09        6.791E-08        6.985E-07        2.634E-08
2020  7  9  6776.00        8.582E-09        6.894E-08        8.143E-07        2.674E-08
2020  7  9  6777.00        9.375E-09        7.546E-08        8.195E-07        2.926E-08
2020  7  9  6778.00        1.045E-08        8.430E-08        6.883E-07        3.269E-08
2020  7  9  6779.00        1.016E-08        8.218E-08        6.429E-07        3.187E-08
2020  7  9  6780.00        1.237E-08        1.002E-07        4.791E-07        3.886E-08
2020  7  9  6781.00        1.125E-08        9.142E-08        5.771E-07        3.545E-08
2020  7  9  6782.00        1.145E-08        9.324E-08        5.514E-07        3.616E-08
2020  7  9  6783.00        1.202E-08        9.817E-08        4.909E-07        3.807E-08
2020  7  9  6784.00        1.092E-08        8.937E-08        5.958E-07        3.466E-08
2020  7  9  6785.00        1.050E-08        8.621E-08        6.319E-07        3.343E-08
2020  7  9  6786.00        1.043E-08        8.579E-08        6.339E-07        3.327E-08
2020  7  9  6787.00        1.051E-08        8.672E-08        6.161E-07        3.363E-08
2020  7  9  6788.00        9.694E-09        8.016E-08        6.642E-07        3.109E-08
2020  7  9  6789.00        7.986E-09        6.619E-08        1.429E-07        2.567E-08
2020  7  9  6790.00        7.018E-09        5.827E-08        1.258E-07        2.260E-08
2020  7  9  6791.00        6.771E-09        5.631E-08        1.216E-07        2.184E-08
2020  7  9  6792.00        6.761E-09        5.632E-08        1.216E-07        2.184E-08
2020  7 10  6793.00        6.693E-09        5.584E-08        1.206E-07        2.166E-08
2020  7 10  6794.00        6.507E-09        5.438E-08        1.174E-07        2.109E-08
2020  7 10  6795.00        6.472E-09        5.416E-08        1.169E-07        2.101E-08
2020  7 10  6796.00        7.110E-09        5.959E-08        1.287E-07        2.311E-08
2020  7 10  6797.00        7.338E-09        6.161E-08        1.330E-07        2.389E-08
2020  7 10  6798.00        7.340E-09        6.173E-08        1.333E-07        2.394E-08
2020  7 10  6799.00        7.081E-09        5.967E-08        5.336E-07        2.314E-08
2020  7 10  6800.00        7.084E-09        5.979E-08        7.713E-07        2.319E-08
2020  7 10  6801.00        7.118E-09        6.019E-08        8.325E-07        2.334E-08
2020  7 10  6802.00        6.866E-09        5.816E-08        8.876E-07        2.255E-08
2020  7 10  6803.00        7.852E-09        6.662E-08        7.500E-07        2.584E-08
2020  7 10  6804.00        7.537E-09        6.407E-08        7.877E-07        2.485E-08
2020  7 10  6805.00        7.950E-09        6.772E-08        7.655E-07        2.626E-08
2020  7 10  6806.00        8.150E-09        6.955E-08        7.333E-07        2.697E-08
2020  7 10  6807.00        7.549E-09        6.456E-08        7.435E-07        2.504E-08
2020  7 10  6808.00        6.387E-09        5.473E-08        7.508E-07        2.123E-08
2020  7 10  6809.00        7.238E-09        6.212E-08        7.541E-07        2.409E-08
2020  7 10  6810.00        6.932E-09        5.960E-08        6.376E-07        2.312E-08
2020  7 10  6811.00        6.515E-09        5.611E-08        8.229E-07        2.176E-08
2020  7 10  6812.00        6.152E-09        5.307E-08        6.204E-07        2.058E-08
2020  7 10  6813.00        5.421E-09        4.684E-08        1.016E-07        1.817E-08
2020  7 10  6814.00        4.816E-09        4.167E-08        9.037E-08        1.616E-08
2020  7 10  6815.00        4.722E-09        4.090E-08        8.872E-08        1.586E-08
2020  7 10  6816.00        4.914E-09        4.261E-08        9.241E-08        1.652E-08
2020  7 11  6817.00        5.065E-09        4.397E-08        9.536E-08        1.705E-08
2020  7 11  6818.00        5.030E-09        4.372E-08        9.481E-08        1.695E-08
2020  7 11  6819.00        4.976E-09        4.330E-08        9.392E-08        1.679E-08
2020  7 11  6820.00        6.859E-09        5.976E-08        1.296E-07        2.318E-08
2020  7 11  6821.00        5.769E-09        5.036E-08        1.092E-07        1.953E-08
2020  7 11  6822.00        4.756E-09        4.157E-08        5.822E-07        1.612E-08
2020  7 11  6823.00        5.130E-09        4.489E-08        7.379E-07        1.741E-08
2020  7 11  6824.00        5.769E-09        5.055E-08        6.432E-07        1.960E-08
2020  7 11  6825.00        6.516E-09        5.718E-08        7.427E-07        2.218E-08
2020  7 11  6826.00        6.674E-09        5.867E-08        7.498E-07        2.275E-08
2020  7 11  6827.00        7.338E-09        6.462E-08        7.450E-07        2.506E-08
2020  7 11  6828.00        8.241E-09        7.271E-08        6.518E-07        2.820E-08
2020  7 11  6829.00        9.575E-09        8.467E-08        5.066E-07        3.284E-08
2020  7 11  6830.00        9.822E-09        8.707E-08        4.781E-07        3.377E-08
2020  7 11  6831.00        9.260E-09        8.231E-08        5.249E-07        3.192E-08
2020  7 11  6832.00        8.597E-09        7.660E-08        5.804E-07        2.971E-08
2020  7 11  6833.00        7.606E-09        6.793E-08        7.184E-07        2.634E-08
2020  7 11  6834.00        5.734E-09        5.132E-08        2.400E-07        1.990E-08
2020  7 11  6835.00        5.736E-09        5.142E-08        6.690E-07        1.994E-08
2020  7 11  6836.00        6.022E-09        5.406E-08        7.248E-07        2.097E-08
2020  7 11  6837.00        5.594E-09        5.030E-08        1.095E-07        1.951E-08
2020  7 11  6838.00        5.400E-09        4.863E-08        1.059E-07        1.886E-08
2020  7 11  6839.00        4.626E-09        4.172E-08        9.083E-08        1.618E-08
2020  7 11  6840.00        4.372E-09        3.948E-08        8.595E-08        1.531E-08
2020  7 12  6841.00        5.018E-09        4.537E-08        9.876E-08        1.759E-08
2020  7 12  6842.00        5.426E-09        4.912E-08        1.069E-07        1.905E-08
2020  7 12  6843.00        5.189E-09        4.704E-08        1.024E-07        1.824E-08
2020  7 12  6844.00        4.879E-09        4.429E-08        9.641E-08        1.718E-08
2020  7 12  6845.00        4.525E-09        4.113E-08        8.953E-08        1.595E-08
2020  7 12  6846.00        4.575E-09        4.164E-08        5.558E-07        1.615E-08
2020  7 12  6847.00        5.937E-09        5.409E-08        8.215E-07        2.098E-08
2020  7 12  6848.00        6.738E-09        6.150E-08        6.331E-07        2.385E-08
2020  7 12  6849.00        7.320E-09        6.694E-08        6.276E-07        2.596E-08
2020  7 12  6850.00        7.605E-09        6.969E-08        6.165E-07        2.703E-08
2020  7 12  6851.00        7.524E-09        6.910E-08        6.311E-07        2.680E-08
2020  7 12  6852.00        9.374E-09        8.628E-08        4.348E-07        3.346E-08
2020  7 12  6853.00        9.061E-09        8.362E-08        4.621E-07        3.243E-08
2020  7 12  6854.00        7.625E-09        7.056E-08        6.073E-07        2.736E-08
2020  7 12  6855.00        8.459E-09        7.845E-08        5.110E-07        3.042E-08
2020  7 12  6856.00        7.756E-09        7.211E-08        5.712E-07        2.796E-08
2020  7 12  6857.00        7.502E-09        6.990E-08        5.743E-07        2.711E-08
2020  7 12  6858.00        7.166E-09        6.693E-08        6.600E-07        2.596E-08
2020  7 12  6859.00        7.278E-09        6.812E-08        6.402E-07        2.642E-08
2020  7 12  6860.00        6.517E-09        6.113E-08        6.818E-07        2.371E-08
2020  7 12  6861.00        5.258E-09        4.941E-08        1.080E-07        1.916E-08
2020  7 12  6862.00        4.808E-09        4.526E-08        9.887E-08        1.755E-08
2020  7 12  6863.00        4.970E-09        4.685E-08        1.024E-07        1.817E-08
2020  7 12  6864.00        5.269E-09        4.974E-08        1.087E-07        1.929E-08
2020  7 13  6865.00        5.489E-09        5.190E-08        1.134E-07        2.013E-08
2020  7 13  6866.00        4.390E-09        4.158E-08        9.083E-08        1.612E-08
2020  7 13  6867.00        3.658E-09        3.469E-08        7.578E-08        1.345E-08
2020  7 13  6868.00        3.602E-09        3.419E-08        7.469E-08        1.326E-08
2020  7 13  6869.00        3.870E-09        3.677E-08        8.032E-08        1.426E-08
2020  7 13  6870.00        4.274E-09        4.066E-08        5.193E-07        1.577E-08
2020  7 13  6871.00        5.222E-09        4.973E-08        4.123E-07        1.929E-08
2020  7 13  6872.00        6.175E-09        5.891E-08        6.096E-07        2.284E-08
2020  7 13  6873.00        6.585E-09        6.295E-08        6.135E-07        2.441E-08
2020  7 13  6874.00        7.918E-09        7.584E-08        4.892E-07        2.941E-08
2020  7 13  6875.00        7.768E-09        7.459E-08        5.029E-07        2.893E-08
2020  7 13  6876.00        7.866E-09        7.571E-08        4.911E-07        2.936E-08
2020  7 13  6877.00        8.080E-09        7.797E-08        4.624E-07        3.024E-08
2020  7 13  6878.00        8.214E-09        7.946E-08        4.434E-07        3.082E-08
2020  7 13  6879.00        8.767E-09        8.503E-08        3.801E-07        3.298E-08
2020  7 13  6880.00        8.796E-09        8.554E-08        3.703E-07        3.317E-08
2020  7 13  6881.00        8.432E-09        8.223E-08        3.989E-07        3.189E-08
2020  7 13  6882.00        7.998E-09        7.821E-08        4.238E-07        3.033E-08
2020  7 13  6883.00        7.641E-09        7.491E-08        4.826E-07        2.905E-08
2020  7 13  6884.00        6.965E-09        6.845E-08        3.460E-07        2.655E-08
2020  7 13  6885.00        5.811E-09        5.725E-08        1.254E-07        2.220E-08
2020  7 13  6886.00        4.503E-09        4.444E-08        9.731E-08        1.723E-08
2020  7 13  6887.00        4.073E-09        4.026E-08        8.815E-08        1.561E-08
2020  7 13  6888.00        3.913E-09        3.873E-08        8.480E-08        1.502E-08
2020  7 14  6889.00        4.033E-09        3.996E-08        8.751E-08        1.550E-08
2020  7 14  6890.00        4.504E-09        4.469E-08        9.785E-08        1.733E-08
2020  7 14  6891.00        4.570E-09        4.540E-08        9.941E-08        1.761E-08
2020  7 14  6892.00        4.369E-09        4.347E-08        9.518E-08        1.686E-08
2020  7 14  6893.00        4.287E-09        4.272E-08        9.354E-08        1.657E-08
2020  7 14  6894.00        4.448E-09        4.438E-08        6.135E-07        1.721E-08
2020  7 14  6895.00        5.486E-09        5.482E-08        7.210E-07        2.126E-08
2020  7 14  6896.00        6.861E-09        6.869E-08        4.700E-07        2.664E-08
2020  7 14  6897.00        7.685E-09        7.713E-08        4.152E-07        2.991E-08
2020  7 14  6898.00        7.220E-09        7.265E-08        4.568E-07        2.818E-08
2020  7 14  6899.00        7.376E-09        7.441E-08        4.457E-07        2.886E-08
2020  7 14  6900.00        7.143E-09        7.224E-08        4.680E-07        2.801E-08
2020  7 14  6901.00        6.935E-09        7.031E-08        4.856E-07        2.727E-08
2020  7 14  6902.00        6.289E-09        6.392E-08        5.244E-07        2.479E-08
2020  7 14  6903.00        5.889E-09        5.998E-08        5.531E-07        2.326E-08
2020  7 14  6904.00        5.948E-09        6.071E-08        5.321E-07        2.354E-08
2020  7 14  6905.00        5.520E-09        5.646E-08        6.654E-07        2.190E-08
2020  7 14  6906.00        4.811E-09        4.931E-08        6.932E-07        1.912E-08
2020  7 14  6907.00        4.022E-09        4.129E-08        5.723E-07        1.601E-08
2020  7 14  6908.00        4.037E-09        4.151E-08        4.211E-07        1.610E-08
2020  7 14  6909.00        3.961E-09        4.078E-08        8.957E-08        1.582E-08
2020  7 14  6910.00        3.873E-09        3.993E-08        8.770E-08        1.548E-08
2020  7 14  6911.00        3.924E-09        4.052E-08        8.899E-08        1.571E-08
2020  7 14  6912.00        3.898E-09        4.029E-08        8.850E-08        1.563E-08
2020  7 15  6913.00        3.778E-09        3.911E-08        8.590E-08        1.517E-08
2020  7 15  6914.00        3.726E-09        3.862E-08        8.482E-08        1.498E-08
2020  7 15  6915.00        3.667E-09        3.806E-08        8.360E-08        1.476E-08
2020  7 15  6916.00        3.647E-09        3.790E-08        8.323E-08        1.470E-08
2020  7 15  6917.00        3.605E-09        3.751E-08        8.238E-08        1.455E-08
2020  7 15  6918.00        3.482E-09        3.628E-08        5.248E-07        1.407E-08
2020  7 15  6919.00        3.598E-09        3.752E-08        6.181E-07        1.455E-08
2020  7 15  6920.00        3.865E-09        4.036E-08        5.300E-07        1.565E-08
2020  7 15  6921.00        4.002E-09        4.184E-08        5.733E-07        1.623E-08
2020  7 15  6922.00        4.433E-09        4.643E-08        6.396E-07        1.800E-08
2020  7 15  6923.00        4.809E-09        5.044E-08        6.797E-07        1.956E-08
2020  7 15  6924.00        5.190E-09        5.454E-08        6.330E-07        2.115E-08
2020  7 15  6925.00        5.304E-09        5.585E-08        6.135E-07        2.166E-08
2020  7 15  6926.00        5.522E-09        5.826E-08        5.806E-07        2.260E-08
2020  7 15  6927.00        5.459E-09        5.772E-08        5.788E-07        2.238E-08
2020  7 15  6928.00        5.368E-09        5.688E-08        5.580E-07        2.206E-08
2020  7 15  6929.00        5.569E-09        5.913E-08        5.319E-07        2.293E-08
2020  7 15  6930.00        5.317E-09        5.658E-08        4.884E-07        2.194E-08
2020  7 15  6931.00        5.039E-09        5.373E-08        3.097E-07        2.084E-08
2020  7 15  6932.00        4.753E-09        5.078E-08        4.788E-07        1.970E-08
2020  7 15  6933.00        4.415E-09        4.726E-08        1.042E-07        1.833E-08
2020  7 15  6934.00        4.145E-09        4.445E-08        9.797E-08        1.724E-08
2020  7 15  6935.00        3.907E-09        4.197E-08        9.250E-08        1.628E-08
2020  7 15  6936.00        3.576E-09        3.847E-08        8.478E-08        1.492E-08
2020  7 16  6937.00        3.491E-09        3.760E-08        8.287E-08        1.458E-08
2020  7 16  6938.00        3.538E-09        3.815E-08        8.409E-08        1.480E-08
2020  7 16  6939.00        3.573E-09        3.858E-08        8.503E-08        1.496E-08
2020  7 16  6940.00        3.537E-09        3.825E-08        8.430E-08        1.483E-08
2020  7 16  6941.00        3.489E-09        3.778E-08        8.326E-08        1.465E-08
2020  7 16  6942.00        3.532E-09        3.830E-08        3.361E-07        1.485E-08
2020  7 16  6943.00        3.516E-09        3.818E-08        4.455E-07        1.481E-08
2020  7 16  6944.00        3.521E-09        3.829E-08        5.049E-07        1.485E-08
2020  7 16  6945.00        3.584E-09        3.902E-08        5.645E-07        1.513E-08
2020  7 16  6946.00        3.635E-09        3.962E-08        6.046E-07        1.537E-08
2020  7 16  6947.00        3.688E-09        4.026E-08        4.296E-07        1.561E-08
2020  7 16  6948.00        3.892E-09        4.255E-08        6.666E-07        1.650E-08
2020  7 16  6949.00        4.124E-09        4.516E-08        6.945E-07        1.751E-08
2020  7 16  6950.00        4.028E-09        4.418E-08        5.782E-07        1.713E-08
2020  7 16  6951.00        4.085E-09        4.488E-08        5.479E-07        1.741E-08
2020  7 16  6952.00        4.216E-09        4.640E-08        7.049E-07        1.800E-08
2020  7 16  6953.00        4.038E-09        4.453E-08        6.743E-07        1.727E-08
2020  7 16  6954.00        3.655E-09        4.037E-08        6.005E-07        1.566E-08
2020  7 16  6955.00        3.652E-09        4.039E-08        4.602E-07        1.566E-08
2020  7 16  6956.00        3.538E-09        3.919E-08        3.791E-07        1.520E-08
2020  7 16  6957.00        3.437E-09        3.813E-08        8.433E-08        1.479E-08
2020  7 16  6958.00        3.442E-09        3.823E-08        8.456E-08        1.483E-08
2020  7 16  6959.00        3.447E-09        3.834E-08        8.480E-08        1.487E-08
2020  7 16  6960.00        3.455E-09        3.849E-08        8.512E-08        1.493E-08
2020  7 17  6961.00        3.425E-09        3.821E-08        8.450E-08        1.482E-08
2020  7 17  6962.00        3.390E-09        3.786E-08        8.374E-08        1.468E-08
2020  7 17  6963.00        3.416E-09        3.821E-08        8.449E-08        1.482E-08
2020  7 17  6964.00        3.368E-09        3.773E-08        8.344E-08        1.463E-08
2020  7 17  6965.00        3.299E-09        3.701E-08        8.184E-08        1.435E-08
2020  7 17  6966.00        3.316E-09        3.724E-08        1.286E-07        1.444E-08
2020  7 17  6967.00        3.405E-09        3.830E-08        2.234E-07        1.485E-08
2020  7 17  6968.00        3.609E-09        4.065E-08        6.361E-07        1.577E-08
2020  7 17  6969.00        3.778E-09        4.262E-08        6.604E-07        1.653E-08
2020  7 17  6970.00        4.020E-09        4.542E-08        5.670E-07        1.761E-08
2020  7 17  6971.00        4.302E-09        4.869E-08        5.979E-07        1.888E-08
2020  7 17  6972.00        4.506E-09        5.110E-08        5.764E-07        1.982E-08
2020  7 17  6973.00        4.672E-09        5.309E-08        5.527E-07        2.059E-08
2020  7 17  6974.00        4.394E-09        5.004E-08        6.113E-07        1.941E-08
2020  7 17  6975.00        4.586E-09        5.233E-08        4.990E-07        2.029E-08
2020  7 17  6976.00        4.878E-09        5.578E-08        4.873E-07        2.163E-08
2020  7 17  6977.00        4.909E-09        5.626E-08        4.670E-07        2.182E-08
2020  7 17  6978.00        4.677E-09        5.371E-08        3.701E-07        2.083E-08
2020  7 17  6979.00        4.488E-09        5.165E-08        5.449E-07        2.003E-08
2020  7 17  6980.00        4.283E-09        4.939E-08        1.482E-07        1.915E-08
2020  7 17  6981.00        4.022E-09        4.647E-08        1.031E-07        1.802E-08
2020  7 17  6982.00        3.664E-09        4.242E-08        9.407E-08        1.645E-08
2020  7 17  6983.00        3.508E-09        4.068E-08        9.021E-08        1.578E-08
2020  7 17  6984.00        3.426E-09        3.979E-08        8.825E-08        1.543E-08
2020  7 18  6985.00        3.360E-09        3.909E-08        8.668E-08        1.516E-08
2020  7 18  6986.00        3.291E-09        3.834E-08        8.503E-08        1.487E-08
2020  7 18  6987.00        3.010E-09        3.512E-08        7.789E-08        1.362E-08
2020  7 18  6988.00        2.817E-09        3.291E-08        7.298E-08        1.276E-08
2020  7 18  6989.00        2.629E-09        3.075E-08        6.820E-08        1.193E-08
2020  7 18  6990.00        2.829E-09        3.313E-08        3.899E-07        1.285E-08
2020  7 18  6991.00        3.280E-09        3.846E-08        6.043E-07        1.491E-08
2020  7 18  6992.00        4.198E-09        4.930E-08        4.902E-07        1.912E-08
2020  7 18  6993.00        4.584E-09        5.393E-08        4.776E-07        2.092E-08
2020  7 18  6994.00        4.939E-09        5.824E-08        4.378E-07        2.259E-08
2020  7 18  6995.00        5.176E-09        6.118E-08        4.055E-07        2.373E-08
2020  7 18  6996.00        5.471E-09        6.483E-08        3.649E-07        2.514E-08
2020  7 18  6997.00        5.342E-09        6.346E-08        3.762E-07        2.461E-08
2020  7 18  6998.00        5.838E-09        6.953E-08        3.097E-07        2.697E-08
2020  7 18  6999.00        6.051E-09        7.226E-08        2.792E-07        2.802E-08
2020  7 18  7000.00        6.279E-09        7.520E-08        2.477E-07        2.916E-08
2020  7 18  7001.00        6.628E-09        7.961E-08        2.042E-07        3.088E-08
2020  7 18  7002.00        6.457E-09        7.779E-08        2.176E-07        3.017E-08
2020  7 18  7003.00        5.980E-09        7.227E-08        2.677E-07        2.803E-08
2020  7 18  7004.00        5.143E-09        6.232E-08        1.782E-07        2.417E-08
2020  7 18  7005.00        3.937E-09        4.784E-08        1.063E-07        1.855E-08
2020  7 18  7006.00        3.469E-09        4.223E-08        9.380E-08        1.638E-08
2020  7 18  7007.00        3.458E-09        4.217E-08        9.366E-08        1.635E-08
2020  7 18  7008.00        3.627E-09        4.431E-08        9.842E-08        1.718E-08
2020  7 19  7009.00        3.652E-09        4.470E-08        9.929E-08        1.734E-08
2020  7 19  7010.00        3.527E-09        4.325E-08        9.606E-08        1.677E-08
2020  7 19  7011.00        3.208E-09        3.941E-08        8.753E-08        1.528E-08
2020  7 19  7012.00        2.976E-09        3.662E-08        8.133E-08        1.420E-08
2020  7 19  7013.00        2.622E-09        3.232E-08        7.178E-08        1.253E-08
2020  7 19  7014.00        2.539E-09        3.133E-08        4.259E-07        1.215E-08
2020  7 19  7015.00        3.216E-09        3.973E-08        6.058E-07        1.541E-08
2020  7 19  7016.00        3.857E-09        4.773E-08        4.572E-07        1.851E-08
2020  7 19  7017.00        4.365E-09        5.413E-08        4.241E-07        2.099E-08
2020  7 19  7018.00        4.992E-09        6.206E-08        3.437E-07        2.407E-08
2020  7 19  7019.00        5.695E-09        7.098E-08        2.507E-07        2.753E-08
2020  7 19  7020.00        5.873E-09        7.340E-08        2.250E-07        2.846E-08
2020  7 19  7021.00        5.865E-09        7.351E-08        2.212E-07        2.851E-08
2020  7 19  7022.00        6.175E-09        7.764E-08        1.815E-07        3.011E-08
2020  7 19  7023.00        6.405E-09        8.077E-08        1.796E-07        3.132E-08
2020  7 19  7024.00        6.398E-09        8.094E-08        1.799E-07        3.139E-08
2020  7 19  7025.00        6.484E-09        8.229E-08        1.829E-07        3.191E-08
2020  7 19  7026.00        5.615E-09        7.148E-08        2.257E-07        2.772E-08
2020  7 19  7027.00        5.501E-09        7.024E-08        2.354E-07        2.724E-08
2020  7 19  7028.00        4.785E-09        6.127E-08        3.241E-07        2.376E-08
2020  7 19  7029.00        3.829E-09        4.916E-08        1.093E-07        1.906E-08
2020  7 19  7030.00        3.372E-09        4.339E-08        9.647E-08        1.683E-08
2020  7 19  7031.00        3.071E-09        3.959E-08        8.802E-08        1.535E-08
2020  7 19  7032.00        2.918E-09        3.768E-08        8.379E-08        1.461E-08
2020  7 20  7033.00        2.781E-09        3.598E-08        7.999E-08        1.395E-08
2020  7 20  7034.00        2.833E-09        3.670E-08        8.160E-08        1.423E-08
2020  7 20  7035.00        2.727E-09        3.539E-08        7.869E-08        1.373E-08
2020  7 20  7036.00        2.643E-09        3.435E-08        7.637E-08        1.332E-08
2020  7 20  7037.00        2.570E-09        3.345E-08        7.437E-08        1.297E-08
2020  7 20  7038.00        2.529E-09        3.297E-08        3.041E-07        1.278E-08
2020  7 20  7039.00        2.498E-09        3.261E-08        4.391E-07        1.265E-08
2020  7 20  7040.00        2.508E-09        3.278E-08        1.555E-07        1.271E-08
2020  7 20  7041.00        2.623E-09        3.434E-08        5.409E-07        1.332E-08
2020  7 20  7042.00        2.789E-09        3.656E-08        5.693E-07        1.418E-08
2020  7 20  7043.00        2.932E-09        3.850E-08        5.874E-07        1.493E-08
2020  7 20  7044.00        3.022E-09        3.975E-08        5.929E-07        1.541E-08
2020  7 20  7045.00        3.123E-09        4.116E-08        5.668E-07        1.596E-08
2020  7 20  7046.00        3.191E-09        4.214E-08        5.491E-07        1.634E-08
2020  7 20  7047.00        3.490E-09        4.616E-08        4.631E-07        1.790E-08
2020  7 20  7048.00        3.814E-09        5.057E-08        4.070E-07        1.961E-08
2020  7 20  7049.00        3.796E-09        5.043E-08        3.974E-07        1.956E-08
2020  7 20  7050.00        3.787E-09        5.044E-08        3.778E-07        1.956E-08
2020  7 20  7051.00        3.658E-09        4.883E-08        4.364E-07        1.894E-08
2020  7 20  7052.00        3.225E-09        4.315E-08        2.808E-07        1.674E-08
2020  7 20  7053.00        2.586E-09        3.467E-08        7.729E-08        1.344E-08
2020  7 20  7054.00        2.307E-09        3.098E-08        6.907E-08        1.201E-08
2020  7 20  7055.00        2.723E-09        3.661E-08        8.163E-08        1.420E-08
2020  7 20  7056.00        2.860E-09        3.852E-08        8.587E-08        1.494E-08
2020  7 21  7057.00        2.617E-09        3.530E-08        7.871E-08        1.369E-08
2020  7 21  7058.00        1.931E-09        2.610E-08        5.818E-08        1.012E-08
2020  7 21  7059.00        1.769E-09        2.393E-08        5.335E-08        9.281E-09
2020  7 21  7060.00        1.812E-09        2.454E-08        5.470E-08        9.516E-09
2020  7 21  7061.00        1.779E-09        2.412E-08        5.376E-08        9.352E-09
2020  7 21  7062.00        1.830E-09        2.484E-08        3.838E-07        9.632E-09
2020  7 21  7063.00        2.013E-09        2.734E-08        4.590E-07        1.060E-08
2020  7 21  7064.00        2.308E-09        3.139E-08        4.245E-07        1.217E-08
2020  7 21  7065.00        2.669E-09        3.635E-08        4.932E-07        1.410E-08
2020  7 21  7066.00        2.789E-09        3.805E-08        5.083E-07        1.476E-08
2020  7 21  7067.00        3.033E-09        4.145E-08        4.919E-07        1.607E-08
2020  7 21  7068.00        3.299E-09        4.517E-08        4.470E-07        1.752E-08
2020  7 21  7069.00        3.770E-09        5.174E-08        3.637E-07        2.007E-08
2020  7 21  7070.00        3.717E-09        5.114E-08        3.676E-07        1.983E-08
2020  7 21  7071.00        3.812E-09        5.257E-08        3.480E-07        2.039E-08
2020  7 21  7072.00        3.844E-09        5.314E-08        3.367E-07        2.061E-08
2020  7 21  7073.00        3.726E-09        5.163E-08        3.467E-07        2.002E-08
2020  7 21  7074.00        3.617E-09        5.025E-08        3.467E-07        1.949E-08
2020  7 21  7075.00        3.438E-09        4.787E-08        4.041E-07        1.857E-08
2020  7 21  7076.00        3.124E-09        4.360E-08        4.481E-07        1.691E-08
2020  7 21  7077.00        2.617E-09        3.660E-08        8.179E-08        1.419E-08
2020  7 21  7078.00        2.110E-09        2.956E-08        6.607E-08        1.147E-08
2020  7 21  7079.00        2.300E-09        3.226E-08        7.210E-08        1.251E-08
2020  7 21  7080.00        2.118E-09        2.977E-08        6.652E-08        1.154E-08
2020  7 22  7081.00        2.084E-09        2.933E-08        6.554E-08        1.137E-08
2020  7 22  7082.00        2.059E-09        2.902E-08        6.484E-08        1.125E-08
2020  7 22  7083.00        2.008E-09        2.832E-08        6.329E-08        1.098E-08
2020  7 22  7084.00        1.700E-09        2.401E-08        5.365E-08        9.311E-09
2020  7 22  7085.00        1.852E-09        2.619E-08        5.853E-08        1.016E-08
2020  7 22  7086.00        1.910E-09        2.704E-08        3.899E-07        1.049E-08
2020  7 22  7087.00        2.111E-09        2.992E-08        4.825E-07        1.160E-08
2020  7 22  7088.00        2.411E-09        3.423E-08        4.318E-07        1.327E-08
2020  7 22  7089.00        2.844E-09        4.044E-08        4.430E-07        1.568E-08
2020  7 22  7090.00        3.263E-09        4.649E-08        3.858E-07        1.803E-08
2020  7 22  7091.00        3.443E-09        4.916E-08        3.568E-07        1.907E-08
2020  7 22  7092.00        3.735E-09        5.347E-08        3.062E-07        2.073E-08
2020  7 22  7093.00        3.320E-09        4.765E-08        3.719E-07        1.848E-08
2020  7 22  7094.00        3.307E-09        4.757E-08        3.681E-07        1.845E-08
2020  7 22  7095.00        3.332E-09        4.804E-08        3.603E-07        1.863E-08
2020  7 22  7096.00        3.482E-09        5.032E-08        3.299E-07        1.952E-08
2020  7 22  7097.00        3.471E-09        5.029E-08        3.215E-07        1.950E-08
2020  7 22  7098.00        3.397E-09        4.933E-08        3.198E-07        1.913E-08
2020  7 22  7099.00        3.173E-09        4.619E-08        3.813E-07        1.791E-08
2020  7 22  7100.00        2.835E-09        4.137E-08        4.300E-07        1.605E-08
2020  7 22  7101.00        2.400E-09        3.509E-08        7.859E-08        1.361E-08
2020  7 22  7102.00        2.041E-09        2.990E-08        6.696E-08        1.160E-08
2020  7 22  7103.00        1.973E-09        2.895E-08        6.483E-08        1.123E-08
2020  7 22  7104.00        2.089E-09        3.068E-08        6.871E-08        1.190E-08
2020  7 23  7105.00        2.180E-09        3.207E-08        7.182E-08        1.244E-08
2020  7 23  7106.00        2.172E-09        3.201E-08        7.168E-08        1.241E-08
2020  7 23  7107.00        2.175E-09        3.211E-08        7.190E-08        1.245E-08
2020  7 23  7108.00        1.692E-09        2.502E-08        5.602E-08        9.702E-09
2020  7 23  7109.00        1.407E-09        2.083E-08        4.665E-08        8.079E-09
2020  7 23  7110.00        1.434E-09        2.125E-08        3.384E-07        8.241E-09
2020  7 23  7111.00        1.842E-09        2.732E-08        3.052E-07        1.060E-08
2020  7 23  7112.00        2.477E-09        3.678E-08        4.135E-07        1.427E-08
2020  7 23  7113.00        3.349E-09        4.983E-08        3.069E-07        1.932E-08
2020  7 23  7114.00        3.061E-09        4.565E-08        3.542E-07        1.771E-08
2020  7 23  7115.00        3.058E-09        4.572E-08        3.544E-07        1.773E-08
2020  7 23  7116.00        3.143E-09        4.709E-08        3.374E-07        1.826E-08
2020  7 23  7117.00        3.421E-09        5.139E-08        2.867E-07        1.993E-08
2020  7 23  7118.00        3.640E-09        5.482E-08        2.478E-07        2.126E-08
2020  7 23  7119.00        3.769E-09        5.692E-08        2.242E-07        2.207E-08
2020  7 23  7120.00        3.895E-09        5.898E-08        2.018E-07        2.287E-08
2020  7 23  7121.00        3.846E-09        5.841E-08        2.050E-07        2.265E-08
2020  7 23  7122.00        3.795E-09        5.780E-08        2.077E-07        2.241E-08
2020  7 23  7123.00        3.439E-09        5.252E-08        2.613E-07        2.037E-08
2020  7 23  7124.00        3.263E-09        4.997E-08        2.081E-07        1.938E-08
2020  7 23  7125.00        2.685E-09        4.122E-08        9.243E-08        1.599E-08
2020  7 23  7126.00        2.260E-09        3.478E-08        7.798E-08        1.349E-08
2020  7 23  7127.00        2.112E-09        3.256E-08        7.300E-08        1.263E-08
2020  7 23  7128.00        2.162E-09        3.338E-08        7.485E-08        1.295E-08
2020  7 24  7129.00        2.346E-09        3.629E-08        8.136E-08        1.407E-08
2020  7 24  7130.00        2.238E-09        3.469E-08        7.779E-08        1.345E-08
2020  7 24  7131.00        2.172E-09        3.373E-08        7.562E-08        1.308E-08
2020  7 24  7132.00        2.139E-09        3.327E-08        7.460E-08        1.290E-08
2020  7 24  7133.00        2.113E-09        3.293E-08        7.383E-08        1.277E-08
2020  7 24  7134.00        1.987E-09        3.103E-08        3.486E-07        1.203E-08
2020  7 24  7135.00        1.993E-09        3.117E-08        4.344E-07        1.209E-08
2020  7 24  7136.00        2.005E-09        3.141E-08        4.576E-07        1.218E-08
2020  7 24  7137.00        2.091E-09        3.281E-08        4.049E-07        1.272E-08
2020  7 24  7138.00        2.141E-09        3.366E-08        3.734E-07        1.305E-08
2020  7 24  7139.00        2.438E-09        3.839E-08        3.984E-07        1.489E-08
2020  7 24  7140.00        2.847E-09        4.493E-08        3.181E-07        1.743E-08
2020  7 24  7141.00        3.017E-09        4.773E-08        2.843E-07        1.851E-08
2020  7 24  7142.00        3.082E-09        4.887E-08        2.700E-07        1.895E-08
2020  7 24  7143.00        3.009E-09        4.784E-08        2.785E-07        1.855E-08
2020  7 24  7144.00        2.823E-09        4.501E-08        3.001E-07        1.745E-08
2020  7 24  7145.00        3.008E-09        4.807E-08        2.692E-07        1.864E-08
2020  7 24  7146.00        2.796E-09        4.480E-08        3.105E-07        1.737E-08
2020  7 24  7147.00        2.417E-09        3.882E-08        3.777E-07        1.506E-08
2020  7 24  7148.00        2.206E-09        3.551E-08        3.860E-07        1.377E-08
2020  7 24  7149.00        2.030E-09        3.275E-08        7.357E-08        1.270E-08
2020  7 24  7150.00        1.935E-09        3.126E-08        7.022E-08        1.212E-08
2020  7 24  7151.00        1.844E-09        2.984E-08        6.704E-08        1.157E-08
2020  7 24  7152.00        1.777E-09        2.882E-08        6.474E-08        1.118E-08
2020  7 25  7153.00        1.703E-09        2.766E-08        6.213E-08        1.073E-08
2020  7 25  7154.00        1.618E-09        2.632E-08        5.912E-08        1.021E-08
2020  7 25  7155.00        1.513E-09        2.465E-08        5.537E-08        9.558E-09
2020  7 25  7156.00        1.598E-09        2.605E-08        5.853E-08        1.010E-08
2020  7 25  7157.00        1.642E-09        2.681E-08        6.022E-08        1.040E-08
2020  7 25  7158.00        1.651E-09        2.700E-08        3.368E-07        1.047E-08
2020  7 25  7159.00        1.812E-09        2.968E-08        4.342E-07        1.151E-08
2020  7 25  7160.00        1.942E-09        3.185E-08        4.570E-07        1.235E-08
2020  7 25  7161.00        2.160E-09        3.549E-08        4.154E-07        1.376E-08
2020  7 25  7162.00        2.301E-09        3.789E-08        3.333E-07        1.470E-08
2020  7 25  7163.00        2.544E-09        4.198E-08        3.140E-07        1.628E-08
2020  7 25  7164.00        2.714E-09        4.489E-08        2.808E-07        1.741E-08
2020  7 25  7165.00        2.744E-09        4.551E-08        2.700E-07        1.765E-08
2020  7 25  7166.00        2.681E-09        4.457E-08        2.822E-07        1.728E-08
2020  7 25  7167.00        2.774E-09        4.623E-08        2.610E-07        1.793E-08
2020  7 25  7168.00        2.708E-09        4.524E-08        2.704E-07        1.755E-08
2020  7 25  7169.00        2.651E-09        4.441E-08        2.756E-07        1.722E-08
2020  7 25  7170.00        2.737E-09        4.596E-08        2.581E-07        1.782E-08
2020  7 25  7171.00        2.703E-09        4.551E-08        2.588E-07        1.765E-08
2020  7 25  7172.00        2.566E-09        4.332E-08        1.271E-07        1.680E-08
2020  7 25  7173.00        2.345E-09        3.969E-08        8.932E-08        1.539E-08
2020  7 25  7174.00        2.051E-09        3.480E-08        7.830E-08        1.350E-08
2020  7 25  7175.00        2.038E-09        3.464E-08        7.795E-08        1.344E-08
2020  7 25  7176.00        2.117E-09        3.607E-08        8.115E-08        1.399E-08
2020  7 26  7177.00        1.747E-09        2.983E-08        6.711E-08        1.157E-08
2020  7 26  7178.00        1.663E-09        2.843E-08        6.397E-08        1.103E-08
2020  7 26  7179.00        1.662E-09        2.846E-08        6.404E-08        1.104E-08
2020  7 26  7180.00        1.595E-09        2.737E-08        6.159E-08        1.062E-08
2020  7 26  7181.00        1.536E-09        2.640E-08        5.940E-08        1.024E-08
2020  7 26  7182.00        1.526E-09        2.627E-08        2.903E-07        1.019E-08
2020  7 26  7183.00        1.550E-09        2.671E-08        4.065E-07        1.036E-08
2020  7 26  7184.00        1.639E-09        2.829E-08        3.329E-07        1.097E-08
2020  7 26  7185.00        1.686E-09        2.915E-08        3.523E-07        1.130E-08
2020  7 26  7186.00        1.786E-09        3.093E-08        4.047E-07        1.199E-08
2020  7 26  7187.00        1.886E-09        3.272E-08        3.847E-07        1.269E-08
2020  7 26  7188.00        2.060E-09        3.582E-08        3.512E-07        1.389E-08
2020  7 26  7189.00        2.144E-09        3.735E-08        3.304E-07        1.449E-08
2020  7 26  7190.00        2.297E-09        4.011E-08        2.948E-07        1.556E-08
2020  7 26  7191.00        2.254E-09        3.947E-08        2.993E-07        1.531E-08
2020  7 26  7192.00        2.159E-09        3.789E-08        3.019E-07        1.469E-08
2020  7 26  7193.00        1.905E-09        3.350E-08        3.838E-07        1.299E-08
2020  7 26  7194.00        2.131E-09        3.755E-08        2.959E-07        1.456E-08
2020  7 26  7195.00        1.910E-09        3.373E-08        3.548E-07        1.308E-08
2020  7 26  7196.00        1.830E-09        3.239E-08        3.542E-07        1.256E-08
2020  7 26  7197.00        1.647E-09        2.921E-08        6.585E-08        1.133E-08
2020  7 26  7198.00        1.466E-09        2.605E-08        5.873E-08        1.010E-08
2020  7 26  7199.00        1.332E-09        2.371E-08        5.345E-08        9.195E-09
2020  7 26  7200.00        1.357E-09        2.417E-08        5.450E-08        9.375E-09
2020  7 27  7201.00        1.303E-09        2.326E-08        5.244E-08        9.021E-09
2020  7 27  7202.00        1.242E-09        2.219E-08        5.003E-08        8.606E-09
2020  7 27  7203.00        1.178E-09        2.108E-08        4.752E-08        8.174E-09
2020  7 27  7204.00        1.202E-09        2.152E-08        4.853E-08        8.347E-09
2020  7 27  7205.00        1.253E-09        2.246E-08        5.065E-08        8.712E-09
2020  7 27  7206.00        1.295E-09        2.325E-08        3.170E-07        9.017E-09
2020  7 27  7207.00        1.524E-09        2.741E-08        4.053E-07        1.063E-08
2020  7 27  7208.00        1.639E-09        2.951E-08        4.124E-07        1.145E-08
2020  7 27  7209.00        1.640E-09        2.959E-08        4.180E-07        1.148E-08
2020  7 27  7210.00        1.773E-09        3.206E-08        3.818E-07        1.243E-08
2020  7 27  7211.00        1.982E-09        3.591E-08        3.084E-07        1.392E-08
2020  7 27  7212.00        2.416E-09        4.386E-08        2.236E-07        1.701E-08
2020  7 27  7213.00        2.722E-09        4.956E-08        1.639E-07        1.922E-08
2020  7 27  7214.00        2.962E-09        5.407E-08        1.220E-07        2.097E-08
2020  7 27  7215.00        3.050E-09        5.587E-08        1.261E-07        2.167E-08
2020  7 27  7216.00        3.051E-09        5.606E-08        1.265E-07        2.174E-08
2020  7 27  7217.00        3.329E-09        6.136E-08        1.385E-07        2.380E-08
2020  7 27  7218.00        3.387E-09        6.264E-08        1.414E-07        2.429E-08
2020  7 27  7219.00        3.232E-09        5.997E-08        1.353E-07        2.326E-08
2020  7 27  7220.00        2.918E-09        5.432E-08        1.226E-07        2.107E-08
2020  7 27  7221.00        2.396E-09        4.475E-08        1.010E-07        1.735E-08
2020  7 27  7222.00        1.897E-09        3.551E-08        8.014E-08        1.377E-08
2020  7 27  7223.00        1.956E-09        3.671E-08        8.284E-08        1.424E-08
2020  7 27  7224.00        1.822E-09        3.428E-08        7.735E-08        1.329E-08
2020  7 28  7225.00        1.534E-09        2.893E-08        6.528E-08        1.122E-08
2020  7 28  7226.00        1.491E-09        2.817E-08        6.357E-08        1.093E-08
2020  7 28  7227.00        1.668E-09        3.157E-08        7.124E-08        1.224E-08
2020  7 28  7228.00        1.606E-09        3.045E-08        6.872E-08        1.181E-08
2020  7 28  7229.00        1.534E-09        2.914E-08        6.576E-08        1.130E-08
2020  7 28  7230.00        1.517E-09        2.888E-08        2.152E-07        1.120E-08
2020  7 28  7231.00        1.542E-09        2.941E-08        3.655E-07        1.140E-08
2020  7 28  7232.00        1.605E-09        3.068E-08        3.555E-07        1.190E-08
2020  7 28  7233.00        1.696E-09        3.249E-08        3.034E-07        1.260E-08
2020  7 28  7234.00        1.665E-09        3.196E-08        3.072E-07        1.240E-08
2020  7 28  7235.00        1.736E-09        3.340E-08        2.999E-07        1.295E-08
2020  7 28  7236.00        1.941E-09        3.743E-08        2.545E-07        1.451E-08
2020  7 28  7237.00        1.928E-09        3.726E-08        2.545E-07        1.445E-08
2020  7 28  7238.00        0.000E+00        0.000E+00        0.000E+00        0.000E+00
2020  7 28  7239.00        0.000E+00        0.000E+00        0.000E+00        0.000E+00
2020  7 28  7240.00        0.000E+00        0.000E+00        0.000E+00        0.000E+00
2020  7 28  7241.00        0.000E+00        0.000E+00        0.000E+00        0.000E+00
2020  7 28  7242.00        0.000E+00        0.000E+00        0.000E+00        0.000E+00
2020  7 28  7243.00        0.000E+00        0.000E+00        0.000E+00        0.000E+00
2020  7 28  7244.00        0.000E+00        0.000E+00        0.000E+00        0.000E+00
2020  7 28  7245.00        0.000E+00        0.000E+00        0.000E+00        0.000E+00
2020  7 28  7246.00        0.000E+00        0.000E+00        0.000E+00        0.000E+00
2020  7 28  7247.00        0.000E+00        0.000E+00        0.000E+00        0.000E+00
2020  7 28  7248.00        0.000E+00        0.000E+00        0.000E+00        0.000E+00
2020  7 29  7249.00        0.000E+00        0.000E+00        0.000E+00        0.000E+00
2020  7 29  7250.00        0.000E+00        0.000E+00        0.000E+00        0.000E+00
2020  7 29  7251.00        0.000E+00        0.000E+00        0.000E+00        0.000E+00
2020  7 29  7252.00        0.000E+00        0.000E+00        0.000E+00        0.000E+00
2020  7 29  7253.00        0.000E+00        0.000E+00        0.000E+00        0.000E+00
2020  7 29  7254.00        0.000E+00        0.000E+00        0.000E+00        0.000E+00
2020  7 29  7255.00        0.000E+00        0.000E+00        0.000E+00        0.000E+00
2020  7 29  7256.00        0.000E+00        0.000E+00        0.000E+00        0.000E+00
2020  7 29  7257.00        0.000E+00        0.000E+00        0.000E+00        0.000E+00
2020  7 29  7258.00        0.000E+00        0.000E+00        0.000E+00        0.000E+00
2020  7 29  7259.00        0.000E+00        0.000E+00        0.000E+00        0.000E+00
2020  7 29  7260.00        0.000E+00        0.000E+00        0.000E+00        0.000E+00
2020  7 29  7261.00        0.000E+00        0.000E+00        0.000E+00        0.000E+00
2020  7 29  7262.00        0.000E+00        0.000E+00        0.000E+00        0.000E+00
2020  7 29  7263.00        0.000E+00        0.000E+00        0.000E+00        0.000E+00
2020  7 29  7264.00        0.000E+00        0.000E+00        0.000E+00        0.000E+00
2020  7 29  7265.00        0.000E+00        0.000E+00        0.000E+00        0.000E+00
2020  7 29  7266.00        0.000E+00        0.000E+00        0.000E+00        0.000E+00
2020  7 29  7267.00        0.000E+00        0.000E+00        0.000E+00        0.000E+00
2020  7 29  7268.00        0.000E+00        0.000E+00        0.000E+00        0.000E+00
2020  7 29  7269.00        0.000E+00        0.000E+00        0.000E+00        0.000E+00
2020  7 29  7270.00        0.000E+00        0.000E+00        0.000E+00        0.000E+00
2020  7 29  7271.00        0.000E+00        0.000E+00        0.000E+00        0.000E+00
2020  7 29  7272.00        0.000E+00        0.000E+00        0.000E+00        0.000E+00
2020  7 30  7273.00        0.000E+00        0.000E+00        0.000E+00        0.000E+00
2020  7 30  7274.00        0.000E+00        0.000E+00        0.000E+00        0.000E+00
2020  7 30  7275.00        0.000E+00        0.000E+00        0.000E+00        0.000E+00
2020  7 30  7276.00        0.000E+00        0.000E+00        0.000E+00        0.000E+00
2020  7 30  7277.00        0.000E+00        0.000E+00        0.000E+00        0.000E+00
2020  7 30  7278.00        0.000E+00        0.000E+00        0.000E+00        0.000E+00
2020  7 30  7279.00        0.000E+00        0.000E+00        0.000E+00        0.000E+00
2020  7 30  7280.00        0.000E+00        0.000E+00        0.000E+00        0.000E+00
2020  7 30  7281.00        0.000E+00        0.000E+00        0.000E+00        0.000E+00
2020  7 30  7282.00        0.000E+00        0.000E+00        0.000E+00        0.000E+00
2020  7 30  7283.00        0.000E+00        0.000E+00        0.000E+00        0.000E+00
2020  7 30  7284.00        0.000E+00        0.000E+00        0.000E+00        0.000E+00
2020  7 30  7285.00        0.000E+00        0.000E+00        0.000E+00        0.000E+00
2020  7 30  7286.00        0.000E+00        0.000E+00        0.000E+00        0.000E+00
2020  7 30  7287.00        0.000E+00        0.000E+00        0.000E+00        0.000E+00
2020  7 30  7288.00        0.000E+00        0.000E+00        0.000E+00        0.000E+00
2020  7 30  7289.00        0.000E+00        0.000E+00        0.000E+00        0.000E+00
2020  7 30  7290.00        0.000E+00        0.000E+00        0.000E+00        0.000E+00
2020  7 30  7291.00        0.000E+00        0.000E+00        0.000E+00        0.000E+00
2020  7 30  7292.00        0.000E+00        0.000E+00        0.000E+00        0.000E+00
2020  7 30  7293.00        0.000E+00        0.000E+00        0.000E+00        0.000E+00
2020  7 30  7294.00        0.000E+00        0.000E+00        0.000E+00        0.000E+00
2020  7 30  7295.00        0.000E+00        0.000E+00        0.000E+00        0.000E+00
2020  7 30  7296.00        0.000E+00        0.000E+00        0.000E+00        0.000E+00
2020  7 31  7297.00        0.000E+00        0.000E+00        0.000E+00        0.000E+00
2020  7 31  7298.00        0.000E+00        0.000E+00        0.000E+00        0.000E+00
2020  7 31  7299.00        0.000E+00        0.000E+00        0.000E+00        0.000E+00
2020  7 31  7300.00        0.000E+00        0.000E+00        0.000E+00        0.000E+00
2020  7 31  7301.00        0.000E+00        0.000E+00        0.000E+00        0.000E+00
2020  7 31  7302.00        0.000E+00        0.000E+00        0.000E+00        0.000E+00
2020  7 31  7303.00        0.000E+00        0.000E+00        0.000E+00        0.000E+00
2020  7 31  7304.00        0.000E+00        0.000E+00        0.000E+00        0.000E+00
2020  7 31  7305.00        0.000E+00        0.000E+00        0.000E+00        0.000E+00
2020  7 31  7306.00        0.000E+00        0.000E+00        0.000E+00        0.000E+00
2020  7 31  7307.00        0.000E+00        0.000E+00        0.000E+00        0.000E+00
2020  7 31  7308.00        0.000E+00        0.000E+00        0.000E+00        0.000E+00
2020  7 31  7309.00        0.000E+00        0.000E+00        0.000E+00        0.000E+00
2020  7 31  7310.00        0.000E+00        0.000E+00        0.000E+00        0.000E+00
2020  7 31  7311.00        0.000E+00        0.000E+00        0.000E+00        0.000E+00
2020  7 31  7312.00        0.000E+00        0.000E+00        0.000E+00        0.000E+00
2020  7 31  7313.00        0.000E+00        0.000E+00        0.000E+00        0.000E+00
2020  7 31  7314.00        0.000E+00        0.000E+00        0.000E+00        0.000E+00
2020  7 31  7315.00        0.000E+00        0.000E+00        0.000E+00        0.000E+00
2020  7 31  7316.00        0.000E+00        0.000E+00        0.000E+00        0.000E+00
2020  7 31  7317.00        0.000E+00        0.000E+00        0.000E+00        0.000E+00
2020  7 31  7318.00        0.000E+00        0.000E+00        0.000E+00        0.000E+00
2020  7 31  7319.00        0.000E+00        0.000E+00        0.000E+00        0.000E+00
2020  7 31  7320.00        0.000E+00        0.000E+00        0.000E+00        0.000E+00
2020  8  1  7321.00        0.000E+00        0.000E+00        0.000E+00        0.000E+00
2020  8  1  7322.00        0.000E+00        0.000E+00        0.000E+00        0.000E+00
2020  8  1  7323.00        0.000E+00        0.000E+00        0.000E+00        0.000E+00
2020  8  1  7324.00        0.000E+00        0.000E+00        0.000E+00        0.000E+00
2020  8  1  7325.00        0.000E+00        0.000E+00        0.000E+00        0.000E+00
2020  8  1  7326.00        0.000E+00        0.000E+00        0.000E+00        0.000E+00
2020  8  1  7327.00        0.000E+00        0.000E+00        0.000E+00        0.000E+00
2020  8  1  7328.00        0.000E+00        0.000E+00        0.000E+00        0.000E+00
2020  8  1  7329.00        0.000E+00        0.000E+00        0.000E+00        0.000E+00
2020  8  1  7330.00        0.000E+00        0.000E+00        0.000E+00        0.000E+00
2020  8  1  7331.00        0.000E+00        0.000E+00        0.000E+00        0.000E+00
2020  8  1  7332.00        0.000E+00        0.000E+00        0.000E+00        0.000E+00
2020  8  1  7333.00        0.000E+00        0.000E+00        0.000E+00        0.000E+00
2020  8  1  7334.00        0.000E+00        0.000E+00        0.000E+00        0.000E+00
2020  8  1  7335.00        0.000E+00        0.000E+00        0.000E+00        0.000E+00
2020  8  1  7336.00        0.000E+00        0.000E+00        0.000E+00        0.000E+00
2020  8  1  7337.00        0.000E+00        0.000E+00        0.000E+00        0.000E+00
2020  8  1  7338.00        0.000E+00        0.000E+00        0.000E+00        0.000E+00
2020  8  1  7339.00        0.000E+00        0.000E+00        0.000E+00        0.000E+00
2020  8  1  7340.00        0.000E+00        0.000E+00        0.000E+00        0.000E+00
2020  8  1  7341.00        0.000E+00        0.000E+00        0.000E+00        0.000E+00
2020  8  1  7342.00        0.000E+00        0.000E+00        0.000E+00        0.000E+00
2020  8  1  7343.00        0.000E+00        0.000E+00        0.000E+00        0.000E+00
2020  8  1  7344.00        0.000E+00        0.000E+00        0.000E+00        0.000E+00
2020  8  2  7345.00        0.000E+00        0.000E+00        0.000E+00        0.000E+00
2020  8  2  7346.00        0.000E+00        0.000E+00        0.000E+00        0.000E+00
2020  8  2  7347.00        0.000E+00        0.000E+00        0.000E+00        0.000E+00
2020  8  2  7348.00        0.000E+00        0.000E+00        0.000E+00        0.000E+00
2020  8  2  7349.00        0.000E+00        0.000E+00        0.000E+00        0.000E+00
2020  8  2  7350.00        0.000E+00        0.000E+00        0.000E+00        0.000E+00
2020  8  2  7351.00        0.000E+00        0.000E+00        0.000E+00        0.000E+00
2020  8  2  7352.00        0.000E+00        0.000E+00        0.000E+00        0.000E+00
2020  8  2  7353.00        0.000E+00        0.000E+00        0.000E+00        0.000E+00
2020  8  2  7354.00        0.000E+00        0.000E+00        0.000E+00        0.000E+00
2020  8  2  7355.00        0.000E+00        0.000E+00        0.000E+00        0.000E+00
2020  8  2  7356.00        0.000E+00        0.000E+00        0.000E+00        0.000E+00
2020  8  2  7357.00        0.000E+00        0.000E+00        0.000E+00        0.000E+00
2020  8  2  7358.00        0.000E+00        0.000E+00        0.000E+00        0.000E+00
2020  8  2  7359.00        0.000E+00        0.000E+00        0.000E+00        0.000E+00
2020  8  2  7360.00        0.000E+00        0.000E+00        0.000E+00        0.000E+00
2020  8  2  7361.00        0.000E+00        0.000E+00        0.000E+00        0.000E+00
2020  8  2  7362.00        0.000E+00        0.000E+00        0.000E+00        0.000E+00
2020  8  2  7363.00        0.000E+00        0.000E+00        0.000E+00        0.000E+00
2020  8  2  7364.00        0.000E+00        0.000E+00        0.000E+00        0.000E+00
2020  8  2  7365.00        0.000E+00        0.000E+00        0.000E+00        0.000E+00
2020  8  2  7366.00        0.000E+00        0.000E+00        0.000E+00        0.000E+00
2020  8  2  7367.00        0.000E+00        0.000E+00        0.000E+00        0.000E+00
2020  8  2  7368.00        0.000E+00        0.000E+00        0.000E+00        0.000E+00
2020  8  3  7369.00        0.000E+00        0.000E+00        0.000E+00        0.000E+00
2020  8  3  7370.00        0.000E+00        0.000E+00        0.000E+00        0.000E+00
2020  8  3  7371.00        0.000E+00        0.000E+00        0.000E+00        0.000E+00
2020  8  3  7372.00        0.000E+00        0.000E+00        0.000E+00        0.000E+00
2020  8  3  7373.00        0.000E+00        0.000E+00        0.000E+00        0.000E+00
2020  8  3  7374.00        0.000E+00        0.000E+00        0.000E+00        0.000E+00
2020  8  3  7375.00        0.000E+00        0.000E+00        0.000E+00        0.000E+00
2020  8  3  7376.00        0.000E+00        0.000E+00        0.000E+00        0.000E+00
2020  8  3  7377.00        0.000E+00        0.000E+00        0.000E+00        0.000E+00
2020  8  3  7378.00        0.000E+00        0.000E+00        0.000E+00        0.000E+00
2020  8  3  7379.00        0.000E+00        0.000E+00        0.000E+00        0.000E+00
2020  8  3  7380.00        0.000E+00        0.000E+00        0.000E+00        0.000E+00
2020  8  3  7381.00        0.000E+00        0.000E+00        0.000E+00        0.000E+00
2020  8  3  7382.00        0.000E+00        0.000E+00        0.000E+00        0.000E+00
2020  8  3  7383.00        0.000E+00        0.000E+00        0.000E+00        0.000E+00
2020  8  3  7384.00        0.000E+00        0.000E+00        0.000E+00        0.000E+00
2020  8  3  7385.00        0.000E+00        0.000E+00        0.000E+00        0.000E+00
2020  8  3  7386.00        0.000E+00        0.000E+00        0.000E+00        0.000E+00
2020  8  3  7387.00        0.000E+00        0.000E+00        0.000E+00        0.000E+00
2020  8  3  7388.00        0.000E+00        0.000E+00        0.000E+00        0.000E+00
2020  8  3  7389.00        0.000E+00        0.000E+00        0.000E+00        0.000E+00
2020  8  3  7390.00        0.000E+00        0.000E+00        0.000E+00        0.000E+00
2020  8  3  7391.00        0.000E+00        0.000E+00        0.000E+00        0.000E+00
2020  8  3  7392.00        0.000E+00        0.000E+00        0.000E+00        0.000E+00
2020  8  4  7393.00        0.000E+00        0.000E+00        0.000E+00        0.000E+00
2020  8  4  7394.00        0.000E+00        0.000E+00        0.000E+00        0.000E+00
2020  8  4  7395.00        0.000E+00        0.000E+00        0.000E+00        0.000E+00
2020  8  4  7396.00        0.000E+00        0.000E+00        0.000E+00        0.000E+00
2020  8  4  7397.00        0.000E+00        0.000E+00        0.000E+00        0.000E+00
2020  8  4  7398.00        0.000E+00        0.000E+00        0.000E+00        0.000E+00
2020  8  4  7399.00        0.000E+00        0.000E+00        0.000E+00        0.000E+00
2020  8  4  7400.00        0.000E+00        0.000E+00        0.000E+00        0.000E+00
2020  8  4  7401.00        0.000E+00        0.000E+00        0.000E+00        0.000E+00
2020  8  4  7402.00        0.000E+00        0.000E+00        0.000E+00        0.000E+00
2020  8  4  7403.00        0.000E+00        0.000E+00        0.000E+00        0.000E+00
2020  8  4  7404.00        0.000E+00        0.000E+00        0.000E+00        0.000E+00
2020  8  4  7405.00        0.000E+00        0.000E+00        0.000E+00        0.000E+00
2020  8  4  7406.00        0.000E+00        0.000E+00        0.000E+00        0.000E+00
2020  8  4  7407.00        0.000E+00        0.000E+00        0.000E+00        0.000E+00
2020  8  4  7408.00        0.000E+00        0.000E+00        0.000E+00        0.000E+00
2020  8  4  7409.00        0.000E+00        0.000E+00        0.000E+00        0.000E+00
2020  8  4  7410.00        0.000E+00        0.000E+00        0.000E+00        0.000E+00
2020  8  4  7411.00        0.000E+00        0.000E+00        0.000E+00        0.000E+00
2020  8  4  7412.00        0.000E+00        0.000E+00        0.000E+00        0.000E+00
2020  8  4  7413.00        0.000E+00        0.000E+00        0.000E+00        0.000E+00
2020  8  4  7414.00        0.000E+00        0.000E+00        0.000E+00        0.000E+00
2020  8  4  7415.00        0.000E+00        0.000E+00        0.000E+00        0.000E+00
2020  8  4  7416.00        0.000E+00        0.000E+00        0.000E+00        0.000E+00
2020  8  5  7417.00        0.000E+00        0.000E+00        0.000E+00        0.000E+00
2020  8  5  7418.00        0.000E+00        0.000E+00        0.000E+00        0.000E+00
2020  8  5  7419.00        0.000E+00        0.000E+00        0.000E+00        0.000E+00
2020  8  5  7420.00        0.000E+00        0.000E+00        0.000E+00        0.000E+00
2020  8  5  7421.00        0.000E+00        0.000E+00        0.000E+00        0.000E+00
2020  8  5  7422.00        0.000E+00        0.000E+00        0.000E+00        0.000E+00
2020  8  5  7423.00        0.000E+00        0.000E+00        0.000E+00        0.000E+00
2020  8  5  7424.00        0.000E+00        0.000E+00        0.000E+00        0.000E+00
2020  8  5  7425.00        0.000E+00        0.000E+00        0.000E+00        0.000E+00
2020  8  5  7426.00        0.000E+00        0.000E+00        0.000E+00        0.000E+00
2020  8  5  7427.00        0.000E+00        0.000E+00        0.000E+00        0.000E+00
2020  8  5  7428.00        0.000E+00        0.000E+00        0.000E+00        0.000E+00
2020  8  5  7429.00        0.000E+00        0.000E+00        0.000E+00        0.000E+00
2020  8  5  7430.00        0.000E+00        0.000E+00        0.000E+00        0.000E+00
2020  8  5  7431.00        0.000E+00        0.000E+00        0.000E+00        0.000E+00
2020  8  5  7432.00        0.000E+00        0.000E+00        0.000E+00        0.000E+00
2020  8  5  7433.00        0.000E+00        0.000E+00        0.000E+00        0.000E+00
2020  8  5  7434.00        0.000E+00        0.000E+00        0.000E+00        0.000E+00
2020  8  5  7435.00        0.000E+00        0.000E+00        0.000E+00        0.000E+00
2020  8  5  7436.00        0.000E+00        0.000E+00        0.000E+00        0.000E+00
2020  8  5  7437.00        0.000E+00        0.000E+00        0.000E+00        0.000E+00
2020  8  5  7438.00        0.000E+00        0.000E+00        0.000E+00        0.000E+00
2020  8  5  7439.00        0.000E+00        0.000E+00        0.000E+00        0.000E+00
2020  8  5  7440.00        0.000E+00        0.000E+00        0.000E+00        0.000E+00
2020  8  6  7441.00        0.000E+00        0.000E+00        0.000E+00        0.000E+00
2020  8  6  7442.00        0.000E+00        0.000E+00        0.000E+00        0.000E+00
2020  8  6  7443.00        0.000E+00        0.000E+00        0.000E+00        0.000E+00
2020  8  6  7444.00        0.000E+00        0.000E+00        0.000E+00        0.000E+00
2020  8  6  7445.00        0.000E+00        0.000E+00        0.000E+00        0.000E+00
2020  8  6  7446.00        0.000E+00        0.000E+00        0.000E+00        0.000E+00
2020  8  6  7447.00        0.000E+00        0.000E+00        0.000E+00        0.000E+00
2020  8  6  7448.00        0.000E+00        0.000E+00        0.000E+00        0.000E+00
2020  8  6  7449.00        0.000E+00        0.000E+00        0.000E+00        0.000E+00
2020  8  6  7450.00        0.000E+00        0.000E+00        0.000E+00        0.000E+00
2020  8  6  7451.00        0.000E+00        0.000E+00        0.000E+00        0.000E+00
2020  8  6  7452.00        0.000E+00        0.000E+00        0.000E+00        0.000E+00
2020  8  6  7453.00        0.000E+00        0.000E+00        0.000E+00        0.000E+00
2020  8  6  7454.00        0.000E+00        0.000E+00        0.000E+00        0.000E+00
2020  8  6  7455.00        0.000E+00        0.000E+00        0.000E+00        0.000E+00
2020  8  6  7456.00        0.000E+00        0.000E+00        0.000E+00        0.000E+00
2020  8  6  7457.00        0.000E+00        0.000E+00        0.000E+00        0.000E+00
2020  8  6  7458.00        0.000E+00        0.000E+00        0.000E+00        0.000E+00
2020  8  6  7459.00        0.000E+00        0.000E+00        0.000E+00        0.000E+00
2020  8  6  7460.00        0.000E+00        0.000E+00        0.000E+00        0.000E+00
2020  8  6  7461.00        0.000E+00        0.000E+00        0.000E+00        0.000E+00
2020  8  6  7462.00        0.000E+00        0.000E+00        0.000E+00        0.000E+00
2020  8  6  7463.00        0.000E+00        0.000E+00        0.000E+00        0.000E+00
2020  8  6  7464.00        0.000E+00        0.000E+00        0.000E+00        0.000E+00
2020  8  7  7465.00        0.000E+00        0.000E+00        0.000E+00        0.000E+00
2020  8  7  7466.00        0.000E+00        0.000E+00        0.000E+00        0.000E+00
2020  8  7  7467.00        0.000E+00        0.000E+00        0.000E+00        0.000E+00
2020  8  7  7468.00        0.000E+00        0.000E+00        0.000E+00        0.000E+00
2020  8  7  7469.00        0.000E+00        0.000E+00        0.000E+00        0.000E+00
2020  8  7  7470.00        0.000E+00        0.000E+00        0.000E+00        0.000E+00
2020  8  7  7471.00        0.000E+00        0.000E+00        0.000E+00        0.000E+00
2020  8  7  7472.00        0.000E+00        0.000E+00        0.000E+00        0.000E+00
2020  8  7  7473.00        0.000E+00        0.000E+00        0.000E+00        0.000E+00
2020  8  7  7474.00        0.000E+00        0.000E+00        0.000E+00        0.000E+00
2020  8  7  7475.00        0.000E+00        0.000E+00        0.000E+00        0.000E+00
2020  8  7  7476.00        0.000E+00        0.000E+00        0.000E+00        0.000E+00
2020  8  7  7477.00        0.000E+00        0.000E+00        0.000E+00        0.000E+00
2020  8  7  7478.00        0.000E+00        0.000E+00        0.000E+00        0.000E+00
2020  8  7  7479.00        0.000E+00        0.000E+00        0.000E+00        0.000E+00
2020  8  7  7480.00        0.000E+00        0.000E+00        0.000E+00        0.000E+00
2020  8  7  7481.00        0.000E+00        0.000E+00        0.000E+00        0.000E+00
2020  8  7  7482.00        0.000E+00        0.000E+00        0.000E+00        0.000E+00
2020  8  7  7483.00        0.000E+00        0.000E+00        0.000E+00        0.000E+00
2020  8  7  7484.00        0.000E+00        0.000E+00        0.000E+00        0.000E+00
2020  8  7  7485.00        0.000E+00        0.000E+00        0.000E+00        0.000E+00
2020  8  7  7486.00        0.000E+00        0.000E+00        0.000E+00        0.000E+00
2020  8  7  7487.00        0.000E+00        0.000E+00        0.000E+00        0.000E+00
2020  8  7  7488.00        0.000E+00        0.000E+00        0.000E+00        0.000E+00
2020  8  8  7489.00        0.000E+00        0.000E+00        0.000E+00        0.000E+00
2020  8  8  7490.00        0.000E+00        0.000E+00        0.000E+00        0.000E+00
2020  8  8  7491.00        0.000E+00        0.000E+00        0.000E+00        0.000E+00
2020  8  8  7492.00        0.000E+00        0.000E+00        0.000E+00        0.000E+00
2020  8  8  7493.00        0.000E+00        0.000E+00        0.000E+00        0.000E+00
2020  8  8  7494.00        0.000E+00        0.000E+00        0.000E+00        0.000E+00
2020  8  8  7495.00        0.000E+00        0.000E+00        0.000E+00        0.000E+00
2020  8  8  7496.00        0.000E+00        0.000E+00        0.000E+00        0.000E+00
2020  8  8  7497.00        0.000E+00        0.000E+00        0.000E+00        0.000E+00
2020  8  8  7498.00        0.000E+00        0.000E+00        0.000E+00        0.000E+00
2020  8  8  7499.00        0.000E+00        0.000E+00        0.000E+00        0.000E+00
2020  8  8  7500.00        0.000E+00        0.000E+00        0.000E+00        0.000E+00
2020  8  8  7501.00        0.000E+00        0.000E+00        0.000E+00        0.000E+00
2020  8  8  7502.00        0.000E+00        0.000E+00        0.000E+00        0.000E+00
2020  8  8  7503.00        0.000E+00        0.000E+00        0.000E+00        0.000E+00
2020  8  8  7504.00        0.000E+00        0.000E+00        0.000E+00        0.000E+00
2020  8  8  7505.00        0.000E+00        0.000E+00        0.000E+00        0.000E+00
2020  8  8  7506.00        0.000E+00        0.000E+00        0.000E+00        0.000E+00
2020  8  8  7507.00        0.000E+00        0.000E+00        0.000E+00        0.000E+00
2020  8  8  7508.00        0.000E+00        0.000E+00        0.000E+00        0.000E+00
2020  8  8  7509.00        0.000E+00        0.000E+00        0.000E+00        0.000E+00
2020  8  8  7510.00        0.000E+00        0.000E+00        0.000E+00        0.000E+00
2020  8  8  7511.00        0.000E+00        0.000E+00        0.000E+00        0.000E+00
2020  8  8  7512.00        0.000E+00        0.000E+00        0.000E+00        0.000E+00
2020  8  9  7513.00        0.000E+00        0.000E+00        0.000E+00        0.000E+00
2020  8  9  7514.00        0.000E+00        0.000E+00        0.000E+00        0.000E+00
2020  8  9  7515.00        0.000E+00        0.000E+00        0.000E+00        0.000E+00
2020  8  9  7516.00        0.000E+00        0.000E+00        0.000E+00        0.000E+00
2020  8  9  7517.00        0.000E+00        0.000E+00        0.000E+00        0.000E+00
2020  8  9  7518.00        0.000E+00        0.000E+00        0.000E+00        0.000E+00
2020  8  9  7519.00        0.000E+00        0.000E+00        0.000E+00        0.000E+00
2020  8  9  7520.00        0.000E+00        0.000E+00        0.000E+00        0.000E+00
2020  8  9  7521.00        0.000E+00        0.000E+00        0.000E+00        0.000E+00
2020  8  9  7522.00        0.000E+00        0.000E+00        0.000E+00        0.000E+00
2020  8  9  7523.00        0.000E+00        0.000E+00        0.000E+00        0.000E+00
2020  8  9  7524.00        0.000E+00        0.000E+00        0.000E+00        0.000E+00
2020  8  9  7525.00        0.000E+00        0.000E+00        0.000E+00        0.000E+00
2020  8  9  7526.00        0.000E+00        0.000E+00        0.000E+00        0.000E+00
2020  8  9  7527.00        0.000E+00        0.000E+00        0.000E+00        0.000E+00
2020  8  9  7528.00        0.000E+00        0.000E+00        0.000E+00        0.000E+00
2020  8  9  7529.00        0.000E+00        0.000E+00        0.000E+00        0.000E+00
2020  8  9  7530.00        0.000E+00        0.000E+00        0.000E+00        0.000E+00
2020  8  9  7531.00        0.000E+00        0.000E+00        0.000E+00        0.000E+00
2020  8  9  7532.00        0.000E+00        0.000E+00        0.000E+00        0.000E+00
2020  8  9  7533.00        0.000E+00        0.000E+00        0.000E+00        0.000E+00
2020  8  9  7534.00        0.000E+00        0.000E+00        0.000E+00        0.000E+00
2020  8  9  7535.00        0.000E+00        0.000E+00        0.000E+00        0.000E+00
2020  8  9  7536.00        0.000E+00        0.000E+00        0.000E+00        0.000E+00
2020  8 10  7537.00        0.000E+00        0.000E+00        0.000E+00        0.000E+00
2020  8 10  7538.00        0.000E+00        0.000E+00        0.000E+00        0.000E+00
2020  8 10  7539.00        0.000E+00        0.000E+00        0.000E+00        0.000E+00
2020  8 10  7540.00        0.000E+00        0.000E+00        0.000E+00        0.000E+00
2020  8 10  7541.00        0.000E+00        0.000E+00        0.000E+00        0.000E+00
2020  8 10  7542.00        0.000E+00        0.000E+00        0.000E+00        0.000E+00
2020  8 10  7543.00        0.000E+00        0.000E+00        0.000E+00        0.000E+00
2020  8 10  7544.00        0.000E+00        0.000E+00        0.000E+00        0.000E+00
2020  8 10  7545.00        0.000E+00        0.000E+00        0.000E+00        0.000E+00
2020  8 10  7546.00        0.000E+00        0.000E+00        0.000E+00        0.000E+00
2020  8 10  7547.00        0.000E+00        0.000E+00        0.000E+00        0.000E+00
2020  8 10  7548.00        0.000E+00        0.000E+00        0.000E+00        0.000E+00
2020  8 10  7549.00        0.000E+00        0.000E+00        0.000E+00        0.000E+00
2020  8 10  7550.00        0.000E+00        0.000E+00        0.000E+00        0.000E+00
2020  8 10  7551.00        0.000E+00        0.000E+00        0.000E+00        0.000E+00
2020  8 10  7552.00        0.000E+00        0.000E+00        0.000E+00        0.000E+00
2020  8 10  7553.00        0.000E+00        0.000E+00        0.000E+00        0.000E+00
2020  8 10  7554.00        0.000E+00        0.000E+00        0.000E+00        0.000E+00
2020  8 10  7555.00        0.000E+00        0.000E+00        0.000E+00        0.000E+00
2020  8 10  7556.00        0.000E+00        0.000E+00        0.000E+00        0.000E+00
2020  8 10  7557.00        0.000E+00        0.000E+00        0.000E+00        0.000E+00
2020  8 10  7558.00        0.000E+00        0.000E+00        0.000E+00        0.000E+00
2020  8 10  7559.00        0.000E+00        0.000E+00        0.000E+00        0.000E+00
2020  8 10  7560.00        0.000E+00        0.000E+00        0.000E+00        0.000E+00
2020  8 11  7561.00        0.000E+00        0.000E+00        0.000E+00        0.000E+00
2020  8 11  7562.00        0.000E+00        0.000E+00        0.000E+00        0.000E+00
2020  8 11  7563.00        0.000E+00        0.000E+00        0.000E+00        0.000E+00
2020  8 11  7564.00        0.000E+00        0.000E+00        0.000E+00        0.000E+00
2020  8 11  7565.00        0.000E+00        0.000E+00        0.000E+00        0.000E+00
2020  8 11  7566.00        0.000E+00        0.000E+00        0.000E+00        0.000E+00
2020  8 11  7567.00        0.000E+00        0.000E+00        0.000E+00        0.000E+00
2020  8 11  7568.00        0.000E+00        0.000E+00        0.000E+00        0.000E+00
2020  8 11  7569.00        0.000E+00        0.000E+00        0.000E+00        0.000E+00
2020  8 11  7570.00        0.000E+00        0.000E+00        0.000E+00        0.000E+00
2020  8 11  7571.00        0.000E+00        0.000E+00        0.000E+00        0.000E+00
2020  8 11  7572.00        0.000E+00        0.000E+00        0.000E+00        0.000E+00
2020  8 11  7573.00        0.000E+00        0.000E+00        0.000E+00        0.000E+00
2020  8 11  7574.00        0.000E+00        0.000E+00        0.000E+00        0.000E+00
2020  8 11  7575.00        0.000E+00        0.000E+00        0.000E+00        0.000E+00
2020  8 11  7576.00        0.000E+00        0.000E+00        0.000E+00        0.000E+00
2020  8 11  7577.00        0.000E+00        0.000E+00        0.000E+00        0.000E+00
2020  8 11  7578.00        0.000E+00        0.000E+00        0.000E+00        0.000E+00
2020  8 11  7579.00        0.000E+00        0.000E+00        0.000E+00        0.000E+00
2020  8 11  7580.00        0.000E+00        0.000E+00        0.000E+00        0.000E+00
2020  8 11  7581.00        0.000E+00        0.000E+00        0.000E+00        0.000E+00
2020  8 11  7582.00        0.000E+00        0.000E+00        0.000E+00        0.000E+00
2020  8 11  7583.00        0.000E+00        0.000E+00        0.000E+00        0.000E+00
2020  8 11  7584.00        0.000E+00        0.000E+00        0.000E+00        0.000E+00
2020  8 12  7585.00        0.000E+00        0.000E+00        0.000E+00        0.000E+00
2020  8 12  7586.00        0.000E+00        0.000E+00        0.000E+00        0.000E+00
2020  8 12  7587.00        0.000E+00        0.000E+00        0.000E+00        0.000E+00
2020  8 12  7588.00        0.000E+00        0.000E+00        0.000E+00        0.000E+00
2020  8 12  7589.00        0.000E+00        0.000E+00        0.000E+00        0.000E+00
2020  8 12  7590.00        0.000E+00        0.000E+00        0.000E+00        0.000E+00
2020  8 12  7591.00        0.000E+00        0.000E+00        0.000E+00        0.000E+00
2020  8 12  7592.00        0.000E+00        0.000E+00        0.000E+00        0.000E+00
2020  8 12  7593.00        0.000E+00        0.000E+00        0.000E+00        0.000E+00
2020  8 12  7594.00        0.000E+00        0.000E+00        0.000E+00        0.000E+00
2020  8 12  7595.00        0.000E+00        0.000E+00        0.000E+00        0.000E+00
2020  8 12  7596.00        0.000E+00        0.000E+00        0.000E+00        0.000E+00
2020  8 12  7597.00        0.000E+00        0.000E+00        0.000E+00        0.000E+00
2020  8 12  7598.00        0.000E+00        0.000E+00        0.000E+00        0.000E+00
2020  8 12  7599.00        0.000E+00        0.000E+00        0.000E+00        0.000E+00
2020  8 12  7600.00        0.000E+00        0.000E+00        0.000E+00        0.000E+00
2020  8 12  7601.00        0.000E+00        0.000E+00        0.000E+00        0.000E+00
2020  8 12  7602.00        0.000E+00        0.000E+00        0.000E+00        0.000E+00
2020  8 12  7603.00        0.000E+00        0.000E+00        0.000E+00        0.000E+00
2020  8 12  7604.00        0.000E+00        0.000E+00        0.000E+00        0.000E+00
2020  8 12  7605.00        0.000E+00        0.000E+00        0.000E+00        0.000E+00
2020  8 12  7606.00        0.000E+00        0.000E+00        0.000E+00        0.000E+00
2020  8 12  7607.00        0.000E+00        0.000E+00        0.000E+00        0.000E+00
2020  8 12  7608.00        0.000E+00        0.000E+00        0.000E+00        0.000E+00
2020  8 13  7609.00        0.000E+00        0.000E+00        0.000E+00        0.000E+00
2020  8 13  7610.00        0.000E+00        0.000E+00        0.000E+00        0.000E+00
2020  8 13  7611.00        0.000E+00        0.000E+00        0.000E+00        0.000E+00
2020  8 13  7612.00        0.000E+00        0.000E+00        0.000E+00        0.000E+00
2020  8 13  7613.00        0.000E+00        0.000E+00        0.000E+00        0.000E+00
2020  8 13  7614.00        0.000E+00        0.000E+00        0.000E+00        0.000E+00
2020  8 13  7615.00        0.000E+00        0.000E+00        0.000E+00        0.000E+00
2020  8 13  7616.00        0.000E+00        0.000E+00        0.000E+00        0.000E+00
2020  8 13  7617.00        0.000E+00        0.000E+00        0.000E+00        0.000E+00
2020  8 13  7618.00        0.000E+00        0.000E+00        0.000E+00        0.000E+00
2020  8 13  7619.00        0.000E+00        0.000E+00        0.000E+00        0.000E+00
2020  8 13  7620.00        0.000E+00        0.000E+00        0.000E+00        0.000E+00
2020  8 13  7621.00        0.000E+00        0.000E+00        0.000E+00        0.000E+00
2020  8 13  7622.00        0.000E+00        0.000E+00        0.000E+00        0.000E+00
2020  8 13  7623.00        0.000E+00        0.000E+00        0.000E+00        0.000E+00
2020  8 13  7624.00        0.000E+00        0.000E+00        0.000E+00        0.000E+00
2020  8 13  7625.00        0.000E+00        0.000E+00        0.000E+00        0.000E+00
2020  8 13  7626.00        0.000E+00        0.000E+00        0.000E+00        0.000E+00
2020  8 13  7627.00        0.000E+00        0.000E+00        0.000E+00        0.000E+00
2020  8 13  7628.00        0.000E+00        0.000E+00        0.000E+00        0.000E+00
2020  8 13  7629.00        0.000E+00        0.000E+00        0.000E+00        0.000E+00
2020  8 13  7630.00        0.000E+00        0.000E+00        0.000E+00        0.000E+00
2020  8 13  7631.00        0.000E+00        0.000E+00        0.000E+00        0.000E+00
2020  8 13  7632.00        0.000E+00        0.000E+00        0.000E+00        0.000E+00
2020  8 14  7633.00        0.000E+00        0.000E+00        0.000E+00        0.000E+00
2020  8 14  7634.00        0.000E+00        0.000E+00        0.000E+00        0.000E+00
2020  8 14  7635.00        0.000E+00        0.000E+00        0.000E+00        0.000E+00
2020  8 14  7636.00        0.000E+00        0.000E+00        0.000E+00        0.000E+00
2020  8 14  7637.00        0.000E+00        0.000E+00        0.000E+00        0.000E+00
2020  8 14  7638.00        0.000E+00        0.000E+00        0.000E+00        0.000E+00
2020  8 14  7639.00        0.000E+00        0.000E+00        0.000E+00        0.000E+00
2020  8 14  7640.00        0.000E+00        0.000E+00        0.000E+00        0.000E+00
2020  8 14  7641.00        0.000E+00        0.000E+00        0.000E+00        0.000E+00
2020  8 14  7642.00        0.000E+00        0.000E+00        0.000E+00        0.000E+00
2020  8 14  7643.00        0.000E+00        0.000E+00        0.000E+00        0.000E+00
2020  8 14  7644.00        0.000E+00        0.000E+00        0.000E+00        0.000E+00
2020  8 14  7645.00        0.000E+00        0.000E+00        0.000E+00        0.000E+00
2020  8 14  7646.00        0.000E+00        0.000E+00        0.000E+00        0.000E+00
2020  8 14  7647.00        0.000E+00        0.000E+00        0.000E+00        0.000E+00
2020  8 14  7648.00        0.000E+00        0.000E+00        0.000E+00        0.000E+00
2020  8 14  7649.00        0.000E+00        0.000E+00        0.000E+00        0.000E+00
2020  8 14  7650.00        0.000E+00        0.000E+00        0.000E+00        0.000E+00
2020  8 14  7651.00        0.000E+00        0.000E+00        0.000E+00        0.000E+00
2020  8 14  7652.00        0.000E+00        0.000E+00        0.000E+00        0.000E+00
2020  8 14  7653.00        0.000E+00        0.000E+00        0.000E+00        0.000E+00
2020  8 14  7654.00        0.000E+00        0.000E+00        0.000E+00        0.000E+00
2020  8 14  7655.00        0.000E+00        0.000E+00        0.000E+00        0.000E+00
2020  8 14  7656.00        0.000E+00        0.000E+00        0.000E+00        0.000E+00
2020  8 15  7657.00        0.000E+00        0.000E+00        0.000E+00        0.000E+00
2020  8 15  7658.00        0.000E+00        0.000E+00        0.000E+00        0.000E+00
2020  8 15  7659.00        0.000E+00        0.000E+00        0.000E+00        0.000E+00
2020  8 15  7660.00        0.000E+00        0.000E+00        0.000E+00        0.000E+00
2020  8 15  7661.00        0.000E+00        0.000E+00        0.000E+00        0.000E+00
2020  8 15  7662.00        0.000E+00        0.000E+00        0.000E+00        0.000E+00
2020  8 15  7663.00        0.000E+00        0.000E+00        0.000E+00        0.000E+00
2020  8 15  7664.00        0.000E+00        0.000E+00        0.000E+00        0.000E+00
2020  8 15  7665.00        0.000E+00        0.000E+00        0.000E+00        0.000E+00
2020  8 15  7666.00        0.000E+00        0.000E+00        0.000E+00        0.000E+00
2020  8 15  7667.00        0.000E+00        0.000E+00        0.000E+00        0.000E+00
2020  8 15  7668.00        0.000E+00        0.000E+00        0.000E+00        0.000E+00
2020  8 15  7669.00        0.000E+00        0.000E+00        0.000E+00        0.000E+00
2020  8 15  7670.00        0.000E+00        0.000E+00        0.000E+00        0.000E+00
2020  8 15  7671.00        0.000E+00        0.000E+00        0.000E+00        0.000E+00
2020  8 15  7672.00        0.000E+00        0.000E+00        0.000E+00        0.000E+00
2020  8 15  7673.00        0.000E+00        0.000E+00        0.000E+00        0.000E+00
2020  8 15  7674.00        0.000E+00        0.000E+00        0.000E+00        0.000E+00
2020  8 15  7675.00        0.000E+00        0.000E+00        0.000E+00        0.000E+00
2020  8 15  7676.00        0.000E+00        0.000E+00        0.000E+00        0.000E+00
2020  8 15  7677.00        0.000E+00        0.000E+00        0.000E+00        0.000E+00
2020  8 15  7678.00        0.000E+00        0.000E+00        0.000E+00        0.000E+00
2020  8 15  7679.00        0.000E+00        0.000E+00        0.000E+00        0.000E+00
2020  8 15  7680.00        0.000E+00        0.000E+00        0.000E+00        0.000E+00
2020  8 16  7681.00        0.000E+00        0.000E+00        0.000E+00        0.000E+00
2020  8 16  7682.00        0.000E+00        0.000E+00        0.000E+00        0.000E+00
2020  8 16  7683.00        0.000E+00        0.000E+00        0.000E+00        0.000E+00
2020  8 16  7684.00        0.000E+00        0.000E+00        0.000E+00        0.000E+00
2020  8 16  7685.00        0.000E+00        0.000E+00        0.000E+00        0.000E+00
2020  8 16  7686.00        0.000E+00        0.000E+00        0.000E+00        0.000E+00
2020  8 16  7687.00        0.000E+00        0.000E+00        0.000E+00        0.000E+00
2020  8 16  7688.00        0.000E+00        0.000E+00        0.000E+00        0.000E+00
2020  8 16  7689.00        0.000E+00        0.000E+00        0.000E+00        0.000E+00
2020  8 16  7690.00        0.000E+00        0.000E+00        0.000E+00        0.000E+00
2020  8 16  7691.00        0.000E+00        0.000E+00        0.000E+00        0.000E+00
2020  8 16  7692.00        0.000E+00        0.000E+00        0.000E+00        0.000E+00
2020  8 16  7693.00        0.000E+00        0.000E+00        0.000E+00        0.000E+00
2020  8 16  7694.00        0.000E+00        0.000E+00        0.000E+00        0.000E+00
2020  8 16  7695.00        0.000E+00        0.000E+00        0.000E+00        0.000E+00
2020  8 16  7696.00        0.000E+00        0.000E+00        0.000E+00        0.000E+00
2020  8 16  7697.00        0.000E+00        0.000E+00        0.000E+00        0.000E+00
2020  8 16  7698.00        0.000E+00        0.000E+00        0.000E+00        0.000E+00
2020  8 16  7699.00        0.000E+00        0.000E+00        0.000E+00        0.000E+00
2020  8 16  7700.00        0.000E+00        0.000E+00        0.000E+00        0.000E+00
2020  8 16  7701.00        0.000E+00        0.000E+00        0.000E+00        0.000E+00
2020  8 16  7702.00        0.000E+00        0.000E+00        0.000E+00        0.000E+00
2020  8 16  7703.00        0.000E+00        0.000E+00        0.000E+00        0.000E+00
2020  8 16  7704.00        0.000E+00        0.000E+00        0.000E+00        0.000E+00
2020  8 17  7705.00        0.000E+00        0.000E+00        0.000E+00        0.000E+00
2020  8 17  7706.00        0.000E+00        0.000E+00        0.000E+00        0.000E+00
2020  8 17  7707.00        0.000E+00        0.000E+00        0.000E+00        0.000E+00
2020  8 17  7708.00        0.000E+00        0.000E+00        0.000E+00        0.000E+00
2020  8 17  7709.00        0.000E+00        0.000E+00        0.000E+00        0.000E+00
2020  8 17  7710.00        0.000E+00        0.000E+00        0.000E+00        0.000E+00
2020  8 17  7711.00        0.000E+00        0.000E+00        0.000E+00        0.000E+00
2020  8 17  7712.00        0.000E+00        0.000E+00        0.000E+00        0.000E+00
2020  8 17  7713.00        0.000E+00        0.000E+00        0.000E+00        0.000E+00
2020  8 17  7714.00        0.000E+00        0.000E+00        0.000E+00        0.000E+00
2020  8 17  7715.00        0.000E+00        0.000E+00        0.000E+00        0.000E+00
2020  8 17  7716.00        0.000E+00        0.000E+00        0.000E+00        0.000E+00
2020  8 17  7717.00        0.000E+00        0.000E+00        0.000E+00        0.000E+00
2020  8 17  7718.00        0.000E+00        0.000E+00        0.000E+00        0.000E+00
2020  8 17  7719.00        0.000E+00        0.000E+00        0.000E+00        0.000E+00
2020  8 17  7720.00        0.000E+00        0.000E+00        0.000E+00        0.000E+00
2020  8 17  7721.00        0.000E+00        0.000E+00        0.000E+00        0.000E+00
2020  8 17  7722.00        0.000E+00        0.000E+00        0.000E+00        0.000E+00
2020  8 17  7723.00        0.000E+00        0.000E+00        0.000E+00        0.000E+00
2020  8 17  7724.00        0.000E+00        0.000E+00        0.000E+00        0.000E+00
2020  8 17  7725.00        0.000E+00        0.000E+00        0.000E+00        0.000E+00
2020  8 17  7726.00        0.000E+00        0.000E+00        0.000E+00        0.000E+00
2020  8 17  7727.00        0.000E+00        0.000E+00        0.000E+00        0.000E+00
2020  8 17  7728.00        0.000E+00        0.000E+00        0.000E+00        0.000E+00
2020  8 18  7729.00        0.000E+00        0.000E+00        0.000E+00        0.000E+00
2020  8 18  7730.00        0.000E+00        0.000E+00        0.000E+00        0.000E+00
2020  8 18  7731.00        0.000E+00        0.000E+00        0.000E+00        0.000E+00
2020  8 18  7732.00        0.000E+00        0.000E+00        0.000E+00        0.000E+00
2020  8 18  7733.00        0.000E+00        0.000E+00        0.000E+00        0.000E+00
2020  8 18  7734.00        0.000E+00        0.000E+00        0.000E+00        0.000E+00
2020  8 18  7735.00        0.000E+00        0.000E+00        0.000E+00        0.000E+00
2020  8 18  7736.00        0.000E+00        0.000E+00        0.000E+00        0.000E+00
2020  8 18  7737.00        0.000E+00        0.000E+00        0.000E+00        0.000E+00
2020  8 18  7738.00        0.000E+00        0.000E+00        0.000E+00        0.000E+00
2020  8 18  7739.00        0.000E+00        0.000E+00        0.000E+00        0.000E+00
2020  8 18  7740.00        0.000E+00        0.000E+00        0.000E+00        0.000E+00
2020  8 18  7741.00        0.000E+00        0.000E+00        0.000E+00        0.000E+00
2020  8 18  7742.00        0.000E+00        0.000E+00        0.000E+00        0.000E+00
2020  8 18  7743.00        0.000E+00        0.000E+00        0.000E+00        0.000E+00
2020  8 18  7744.00        0.000E+00        0.000E+00        0.000E+00        0.000E+00
2020  8 18  7745.00        0.000E+00        0.000E+00        0.000E+00        0.000E+00
2020  8 18  7746.00        0.000E+00        0.000E+00        0.000E+00        0.000E+00
2020  8 18  7747.00        0.000E+00        0.000E+00        0.000E+00        0.000E+00
2020  8 18  7748.00        0.000E+00        0.000E+00        0.000E+00        0.000E+00
2020  8 18  7749.00        0.000E+00        0.000E+00        0.000E+00        0.000E+00
2020  8 18  7750.00        0.000E+00        0.000E+00        0.000E+00        0.000E+00
2020  8 18  7751.00        0.000E+00        0.000E+00        0.000E+00        0.000E+00
2020  8 18  7752.00        0.000E+00        0.000E+00        0.000E+00        0.000E+00
2020  8 19  7753.00        0.000E+00        0.000E+00        0.000E+00        0.000E+00
2020  8 19  7754.00        0.000E+00        0.000E+00        0.000E+00        0.000E+00
2020  8 19  7755.00        0.000E+00        0.000E+00        0.000E+00        0.000E+00
2020  8 19  7756.00        0.000E+00        0.000E+00        0.000E+00        0.000E+00
2020  8 19  7757.00        0.000E+00        0.000E+00        0.000E+00        0.000E+00
2020  8 19  7758.00        0.000E+00        0.000E+00        0.000E+00        0.000E+00
2020  8 19  7759.00        0.000E+00        0.000E+00        0.000E+00        0.000E+00
2020  8 19  7760.00        0.000E+00        0.000E+00        0.000E+00        0.000E+00
2020  8 19  7761.00        0.000E+00        0.000E+00        0.000E+00        0.000E+00
2020  8 19  7762.00        0.000E+00        0.000E+00        0.000E+00        0.000E+00
2020  8 19  7763.00        0.000E+00        0.000E+00        0.000E+00        0.000E+00
2020  8 19  7764.00        0.000E+00        0.000E+00        0.000E+00        0.000E+00
2020  8 19  7765.00        0.000E+00        0.000E+00        0.000E+00        0.000E+00
2020  8 19  7766.00        0.000E+00        0.000E+00        0.000E+00        0.000E+00
2020  8 19  7767.00        0.000E+00        0.000E+00        0.000E+00        0.000E+00
2020  8 19  7768.00        0.000E+00        0.000E+00        0.000E+00        0.000E+00
2020  8 19  7769.00        0.000E+00        0.000E+00        0.000E+00        0.000E+00
2020  8 19  7770.00        0.000E+00        0.000E+00        0.000E+00        0.000E+00
2020  8 19  7771.00        0.000E+00        0.000E+00        0.000E+00        0.000E+00
2020  8 19  7772.00        0.000E+00        0.000E+00        0.000E+00        0.000E+00
2020  8 19  7773.00        0.000E+00        0.000E+00        0.000E+00        0.000E+00
2020  8 19  7774.00        0.000E+00        0.000E+00        0.000E+00        0.000E+00
2020  8 19  7775.00        0.000E+00        0.000E+00        0.000E+00        0.000E+00
2020  8 19  7776.00        0.000E+00        0.000E+00        0.000E+00        0.000E+00
2020  8 20  7777.00        0.000E+00        0.000E+00        0.000E+00        0.000E+00
2020  8 20  7778.00        0.000E+00        0.000E+00        0.000E+00        0.000E+00
2020  8 20  7779.00        0.000E+00        0.000E+00        0.000E+00        0.000E+00
2020  8 20  7780.00        0.000E+00        0.000E+00        0.000E+00        0.000E+00
2020  8 20  7781.00        0.000E+00        0.000E+00        0.000E+00        0.000E+00
2020  8 20  7782.00        0.000E+00        0.000E+00        0.000E+00        0.000E+00
2020  8 20  7783.00        0.000E+00        0.000E+00        0.000E+00        0.000E+00
2020  8 20  7784.00        0.000E+00        0.000E+00        0.000E+00        0.000E+00
2020  8 20  7785.00        0.000E+00        0.000E+00        0.000E+00        0.000E+00
2020  8 20  7786.00        0.000E+00        0.000E+00        0.000E+00        0.000E+00
2020  8 20  7787.00        0.000E+00        0.000E+00        0.000E+00        0.000E+00
2020  8 20  7788.00        0.000E+00        0.000E+00        0.000E+00        0.000E+00
2020  8 20  7789.00        0.000E+00        0.000E+00        0.000E+00        0.000E+00
2020  8 20  7790.00        0.000E+00        0.000E+00        0.000E+00        0.000E+00
2020  8 20  7791.00        0.000E+00        0.000E+00        0.000E+00        0.000E+00
2020  8 20  7792.00        0.000E+00        0.000E+00        0.000E+00        0.000E+00
2020  8 20  7793.00        0.000E+00        0.000E+00        0.000E+00        0.000E+00
2020  8 20  7794.00        0.000E+00        0.000E+00        0.000E+00        0.000E+00
2020  8 20  7795.00        0.000E+00        0.000E+00        0.000E+00        0.000E+00
2020  8 20  7796.00        0.000E+00        0.000E+00        0.000E+00        0.000E+00
2020  8 20  7797.00        0.000E+00        0.000E+00        0.000E+00        0.000E+00
2020  8 20  7798.00        0.000E+00        0.000E+00        0.000E+00        0.000E+00
2020  8 20  7799.00        0.000E+00        0.000E+00        0.000E+00        0.000E+00
2020  8 20  7800.00        0.000E+00        0.000E+00        0.000E+00        0.000E+00
2020  8 21  7801.00        0.000E+00        0.000E+00        0.000E+00        0.000E+00
2020  8 21  7802.00        0.000E+00        0.000E+00        0.000E+00        0.000E+00
2020  8 21  7803.00        0.000E+00        0.000E+00        0.000E+00        0.000E+00
2020  8 21  7804.00        0.000E+00        0.000E+00        0.000E+00        0.000E+00
2020  8 21  7805.00        0.000E+00        0.000E+00        0.000E+00        0.000E+00
2020  8 21  7806.00        0.000E+00        0.000E+00        0.000E+00        0.000E+00
2020  8 21  7807.00        0.000E+00        0.000E+00        0.000E+00        0.000E+00
2020  8 21  7808.00        0.000E+00        0.000E+00        0.000E+00        0.000E+00
2020  8 21  7809.00        0.000E+00        0.000E+00        0.000E+00        0.000E+00
2020  8 21  7810.00        0.000E+00        0.000E+00        0.000E+00        0.000E+00
2020  8 21  7811.00        0.000E+00        0.000E+00        0.000E+00        0.000E+00
2020  8 21  7812.00        0.000E+00        0.000E+00        0.000E+00        0.000E+00
2020  8 21  7813.00        0.000E+00        0.000E+00        0.000E+00        0.000E+00
2020  8 21  7814.00        0.000E+00        0.000E+00        0.000E+00        0.000E+00
2020  8 21  7815.00        0.000E+00        0.000E+00        0.000E+00        0.000E+00
2020  8 21  7816.00        0.000E+00        0.000E+00        0.000E+00        0.000E+00
2020  8 21  7817.00        0.000E+00        0.000E+00        0.000E+00        0.000E+00
2020  8 21  7818.00        0.000E+00        0.000E+00        0.000E+00        0.000E+00
2020  8 21  7819.00        0.000E+00        0.000E+00        0.000E+00        0.000E+00
2020  8 21  7820.00        0.000E+00        0.000E+00        0.000E+00        0.000E+00
2020  8 21  7821.00        0.000E+00        0.000E+00        0.000E+00        0.000E+00
2020  8 21  7822.00        0.000E+00        0.000E+00        0.000E+00        0.000E+00
2020  8 21  7823.00        0.000E+00        0.000E+00        0.000E+00        0.000E+00
2020  8 21  7824.00        0.000E+00        0.000E+00        0.000E+00        0.000E+00
2020  8 22  7825.00        0.000E+00        0.000E+00        0.000E+00        0.000E+00
2020  8 22  7826.00        0.000E+00        0.000E+00        0.000E+00        0.000E+00
2020  8 22  7827.00        0.000E+00        0.000E+00        0.000E+00        0.000E+00
2020  8 22  7828.00        0.000E+00        0.000E+00        0.000E+00        0.000E+00
2020  8 22  7829.00        0.000E+00        0.000E+00        0.000E+00        0.000E+00
2020  8 22  7830.00        0.000E+00        0.000E+00        0.000E+00        0.000E+00
2020  8 22  7831.00        0.000E+00        0.000E+00        0.000E+00        0.000E+00
2020  8 22  7832.00        0.000E+00        0.000E+00        0.000E+00        0.000E+00
2020  8 22  7833.00        0.000E+00        0.000E+00        0.000E+00        0.000E+00
2020  8 22  7834.00        0.000E+00        0.000E+00        0.000E+00        0.000E+00
2020  8 22  7835.00        0.000E+00        0.000E+00        0.000E+00        0.000E+00
2020  8 22  7836.00        0.000E+00        0.000E+00        0.000E+00        0.000E+00
2020  8 22  7837.00        0.000E+00        0.000E+00        0.000E+00        0.000E+00
2020  8 22  7838.00        0.000E+00        0.000E+00        0.000E+00        0.000E+00
2020  8 22  7839.00        0.000E+00        0.000E+00        0.000E+00        0.000E+00
2020  8 22  7840.00        0.000E+00        0.000E+00        0.000E+00        0.000E+00
2020  8 22  7841.00        0.000E+00        0.000E+00        0.000E+00        0.000E+00
2020  8 22  7842.00        0.000E+00        0.000E+00        0.000E+00        0.000E+00
2020  8 22  7843.00        0.000E+00        0.000E+00        0.000E+00        0.000E+00
2020  8 22  7844.00        0.000E+00        0.000E+00        0.000E+00        0.000E+00
2020  8 22  7845.00        0.000E+00        0.000E+00        0.000E+00        0.000E+00
2020  8 22  7846.00        0.000E+00        0.000E+00        0.000E+00        0.000E+00
2020  8 22  7847.00        0.000E+00        0.000E+00        0.000E+00        0.000E+00
2020  8 22  7848.00        0.000E+00        0.000E+00        0.000E+00        0.000E+00
2020  8 23  7849.00        0.000E+00        0.000E+00        0.000E+00        0.000E+00
2020  8 23  7850.00        0.000E+00        0.000E+00        0.000E+00        0.000E+00
2020  8 23  7851.00        0.000E+00        0.000E+00        0.000E+00        0.000E+00
2020  8 23  7852.00        0.000E+00        0.000E+00        0.000E+00        0.000E+00
2020  8 23  7853.00        0.000E+00        0.000E+00        0.000E+00        0.000E+00
2020  8 23  7854.00        0.000E+00        0.000E+00        0.000E+00        0.000E+00
2020  8 23  7855.00        0.000E+00        0.000E+00        0.000E+00        0.000E+00
2020  8 23  7856.00        0.000E+00        0.000E+00        0.000E+00        0.000E+00
2020  8 23  7857.00        0.000E+00        0.000E+00        0.000E+00        0.000E+00
2020  8 23  7858.00        0.000E+00        0.000E+00        0.000E+00        0.000E+00
2020  8 23  7859.00        0.000E+00        0.000E+00        0.000E+00        0.000E+00
2020  8 23  7860.00        0.000E+00        0.000E+00        0.000E+00        0.000E+00
2020  8 23  7861.00        0.000E+00        0.000E+00        0.000E+00        0.000E+00
2020  8 23  7862.00        0.000E+00        0.000E+00        0.000E+00        0.000E+00
2020  8 23  7863.00        0.000E+00        0.000E+00        0.000E+00        0.000E+00
2020  8 23  7864.00        0.000E+00        0.000E+00        0.000E+00        0.000E+00
2020  8 23  7865.00        0.000E+00        0.000E+00        0.000E+00        0.000E+00
2020  8 23  7866.00        0.000E+00        0.000E+00        0.000E+00        0.000E+00
2020  8 23  7867.00        0.000E+00        0.000E+00        0.000E+00        0.000E+00
2020  8 23  7868.00        0.000E+00        0.000E+00        0.000E+00        0.000E+00
2020  8 23  7869.00        0.000E+00        0.000E+00        0.000E+00        0.000E+00
2020  8 23  7870.00        0.000E+00        0.000E+00        0.000E+00        0.000E+00
2020  8 23  7871.00        0.000E+00        0.000E+00        0.000E+00        0.000E+00
2020  8 23  7872.00        0.000E+00        0.000E+00        0.000E+00        0.000E+00
2020  8 24  7873.00        0.000E+00        0.000E+00        0.000E+00        0.000E+00
2020  8 24  7874.00        0.000E+00        0.000E+00        0.000E+00        0.000E+00
2020  8 24  7875.00        0.000E+00        0.000E+00        0.000E+00        0.000E+00
2020  8 24  7876.00        0.000E+00        0.000E+00        0.000E+00        0.000E+00
2020  8 24  7877.00        0.000E+00        0.000E+00        0.000E+00        0.000E+00
2020  8 24  7878.00        0.000E+00        0.000E+00        0.000E+00        0.000E+00
2020  8 24  7879.00        0.000E+00        0.000E+00        0.000E+00        0.000E+00
2020  8 24  7880.00        0.000E+00        0.000E+00        0.000E+00        0.000E+00
2020  8 24  7881.00        0.000E+00        0.000E+00        0.000E+00        0.000E+00
2020  8 24  7882.00        0.000E+00        0.000E+00        0.000E+00        0.000E+00
2020  8 24  7883.00        0.000E+00        0.000E+00        0.000E+00        0.000E+00
2020  8 24  7884.00        0.000E+00        0.000E+00        0.000E+00        0.000E+00
2020  8 24  7885.00        0.000E+00        0.000E+00        0.000E+00        0.000E+00
2020  8 24  7886.00        0.000E+00        0.000E+00        0.000E+00        0.000E+00
2020  8 24  7887.00        0.000E+00        0.000E+00        0.000E+00        0.000E+00
2020  8 24  7888.00        0.000E+00        0.000E+00        0.000E+00        0.000E+00
2020  8 24  7889.00        0.000E+00        0.000E+00        0.000E+00        0.000E+00
2020  8 24  7890.00        0.000E+00        0.000E+00        0.000E+00        0.000E+00
2020  8 24  7891.00        0.000E+00        0.000E+00        0.000E+00        0.000E+00
2020  8 24  7892.00        0.000E+00        0.000E+00        0.000E+00        0.000E+00
2020  8 24  7893.00        0.000E+00        0.000E+00        0.000E+00        0.000E+00
2020  8 24  7894.00        0.000E+00        0.000E+00        0.000E+00        0.000E+00
2020  8 24  7895.00        0.000E+00        0.000E+00        0.000E+00        0.000E+00
2020  8 24  7896.00        0.000E+00        0.000E+00        0.000E+00        0.000E+00
2020  8 25  7897.00        0.000E+00        0.000E+00        0.000E+00        0.000E+00
2020  8 25  7898.00        0.000E+00        0.000E+00        0.000E+00        0.000E+00
2020  8 25  7899.00        0.000E+00        0.000E+00        0.000E+00        0.000E+00
2020  8 25  7900.00        0.000E+00        0.000E+00        0.000E+00        0.000E+00
2020  8 25  7901.00        0.000E+00        0.000E+00        0.000E+00        0.000E+00
2020  8 25  7902.00        0.000E+00        0.000E+00        0.000E+00        0.000E+00
2020  8 25  7903.00        0.000E+00        0.000E+00        0.000E+00        0.000E+00
2020  8 25  7904.00        0.000E+00        0.000E+00        0.000E+00        0.000E+00
2020  8 25  7905.00        0.000E+00        0.000E+00        0.000E+00        0.000E+00
2020  8 25  7906.00        0.000E+00        0.000E+00        0.000E+00        0.000E+00
2020  8 25  7907.00        0.000E+00        0.000E+00        0.000E+00        0.000E+00
2020  8 25  7908.00        0.000E+00        0.000E+00        0.000E+00        0.000E+00
2020  8 25  7909.00        0.000E+00        0.000E+00        0.000E+00        0.000E+00
2020  8 25  7910.00        0.000E+00        0.000E+00        0.000E+00        0.000E+00
2020  8 25  7911.00        0.000E+00        0.000E+00        0.000E+00        0.000E+00
2020  8 25  7912.00        0.000E+00        0.000E+00        0.000E+00        0.000E+00
2020  8 25  7913.00        0.000E+00        0.000E+00        0.000E+00        0.000E+00
2020  8 25  7914.00        0.000E+00        0.000E+00        0.000E+00        0.000E+00
2020  8 25  7915.00        0.000E+00        0.000E+00        0.000E+00        0.000E+00
2020  8 25  7916.00        0.000E+00        0.000E+00        0.000E+00        0.000E+00
2020  8 25  7917.00        0.000E+00        0.000E+00        0.000E+00        0.000E+00
2020  8 25  7918.00        0.000E+00        0.000E+00        0.000E+00        0.000E+00
2020  8 25  7919.00        0.000E+00        0.000E+00        0.000E+00        0.000E+00
2020  8 25  7920.00        0.000E+00        0.000E+00        0.000E+00        0.000E+00
2020  8 26  7921.00        0.000E+00        0.000E+00        0.000E+00        0.000E+00
2020  8 26  7922.00        0.000E+00        0.000E+00        0.000E+00        0.000E+00
2020  8 26  7923.00        0.000E+00        0.000E+00        0.000E+00        0.000E+00
2020  8 26  7924.00        0.000E+00        0.000E+00        0.000E+00        0.000E+00
2020  8 26  7925.00        0.000E+00        0.000E+00        0.000E+00        0.000E+00
2020  8 26  7926.00        0.000E+00        0.000E+00        0.000E+00        0.000E+00
2020  8 26  7927.00        0.000E+00        0.000E+00        0.000E+00        0.000E+00
2020  8 26  7928.00        0.000E+00        0.000E+00        0.000E+00        0.000E+00
2020  8 26  7929.00        0.000E+00        0.000E+00        0.000E+00        0.000E+00
2020  8 26  7930.00        0.000E+00        0.000E+00        0.000E+00        0.000E+00
2020  8 26  7931.00        0.000E+00        0.000E+00        0.000E+00        0.000E+00
2020  8 26  7932.00        0.000E+00        0.000E+00        0.000E+00        0.000E+00
2020  8 26  7933.00        0.000E+00        0.000E+00        0.000E+00        0.000E+00
2020  8 26  7934.00        0.000E+00        0.000E+00        0.000E+00        0.000E+00
2020  8 26  7935.00        0.000E+00        0.000E+00        0.000E+00        0.000E+00
2020  8 26  7936.00        0.000E+00        0.000E+00        0.000E+00        0.000E+00
2020  8 26  7937.00        0.000E+00        0.000E+00        0.000E+00        0.000E+00
2020  8 26  7938.00        0.000E+00        0.000E+00        0.000E+00        0.000E+00
2020  8 26  7939.00        0.000E+00        0.000E+00        0.000E+00        0.000E+00
2020  8 26  7940.00        0.000E+00        0.000E+00        0.000E+00        0.000E+00
2020  8 26  7941.00        0.000E+00        0.000E+00        0.000E+00        0.000E+00
2020  8 26  7942.00        0.000E+00        0.000E+00        0.000E+00        0.000E+00
2020  8 26  7943.00        0.000E+00        0.000E+00        0.000E+00        0.000E+00
2020  8 26  7944.00        0.000E+00        0.000E+00        0.000E+00        0.000E+00
2020  8 27  7945.00        0.000E+00        0.000E+00        0.000E+00        0.000E+00
2020  8 27  7946.00        0.000E+00        0.000E+00        0.000E+00        0.000E+00
2020  8 27  7947.00        0.000E+00        0.000E+00        0.000E+00        0.000E+00
2020  8 27  7948.00        0.000E+00        0.000E+00        0.000E+00        0.000E+00
2020  8 27  7949.00        0.000E+00        0.000E+00        0.000E+00        0.000E+00
2020  8 27  7950.00        0.000E+00        0.000E+00        0.000E+00        0.000E+00
2020  8 27  7951.00        0.000E+00        0.000E+00        0.000E+00        0.000E+00
2020  8 27  7952.00        0.000E+00        0.000E+00        0.000E+00        0.000E+00
2020  8 27  7953.00        0.000E+00        0.000E+00        0.000E+00        0.000E+00
2020  8 27  7954.00        0.000E+00        0.000E+00        0.000E+00        0.000E+00
2020  8 27  7955.00        0.000E+00        0.000E+00        0.000E+00        0.000E+00
2020  8 27  7956.00        0.000E+00        0.000E+00        0.000E+00        0.000E+00
2020  8 27  7957.00        0.000E+00        0.000E+00        0.000E+00        0.000E+00
2020  8 27  7958.00        0.000E+00        0.000E+00        0.000E+00        0.000E+00
2020  8 27  7959.00        0.000E+00        0.000E+00        0.000E+00        0.000E+00
2020  8 27  7960.00        0.000E+00        0.000E+00        0.000E+00        0.000E+00
2020  8 27  7961.00        0.000E+00        0.000E+00        0.000E+00        0.000E+00
2020  8 27  7962.00        0.000E+00        0.000E+00        0.000E+00        0.000E+00
2020  8 27  7963.00        0.000E+00        0.000E+00        0.000E+00        0.000E+00
2020  8 27  7964.00        0.000E+00        0.000E+00        0.000E+00        0.000E+00
2020  8 27  7965.00        0.000E+00        0.000E+00        0.000E+00        0.000E+00
2020  8 27  7966.00        0.000E+00        0.000E+00        0.000E+00        0.000E+00
2020  8 27  7967.00        0.000E+00        0.000E+00        0.000E+00        0.000E+00
2020  8 27  7968.00        0.000E+00        0.000E+00        0.000E+00        0.000E+00
2020  8 28  7969.00        0.000E+00        0.000E+00        0.000E+00        0.000E+00
2020  8 28  7970.00        0.000E+00        0.000E+00        0.000E+00        0.000E+00
2020  8 28  7971.00        0.000E+00        0.000E+00        0.000E+00        0.000E+00
2020  8 28  7972.00        0.000E+00        0.000E+00        0.000E+00        0.000E+00
2020  8 28  7973.00        0.000E+00        0.000E+00        0.000E+00        0.000E+00
2020  8 28  7974.00        0.000E+00        0.000E+00        0.000E+00        0.000E+00
2020  8 28  7975.00        0.000E+00        0.000E+00        0.000E+00        0.000E+00
2020  8 28  7976.00        0.000E+00        0.000E+00        0.000E+00        0.000E+00
2020  8 28  7977.00        0.000E+00        0.000E+00        0.000E+00        0.000E+00
2020  8 28  7978.00        0.000E+00        0.000E+00        0.000E+00        0.000E+00
2020  8 28  7979.00        0.000E+00        0.000E+00        0.000E+00        0.000E+00
2020  8 28  7980.00        0.000E+00        0.000E+00        0.000E+00        0.000E+00
2020  8 28  7981.00        0.000E+00        0.000E+00        0.000E+00        0.000E+00
2020  8 28  7982.00        0.000E+00        0.000E+00        0.000E+00        0.000E+00
2020  8 28  7983.00        0.000E+00        0.000E+00        0.000E+00        0.000E+00
2020  8 28  7984.00        0.000E+00        0.000E+00        0.000E+00        0.000E+00
2020  8 28  7985.00        0.000E+00        0.000E+00        0.000E+00        0.000E+00
2020  8 28  7986.00        0.000E+00        0.000E+00        0.000E+00        0.000E+00
2020  8 28  7987.00        0.000E+00        0.000E+00        0.000E+00        0.000E+00
2020  8 28  7988.00        0.000E+00        0.000E+00        0.000E+00        0.000E+00
2020  8 28  7989.00        0.000E+00        0.000E+00        0.000E+00        0.000E+00
2020  8 28  7990.00        0.000E+00        0.000E+00        0.000E+00        0.000E+00
2020  8 28  7991.00        0.000E+00        0.000E+00        0.000E+00        0.000E+00
2020  8 28  7992.00        0.000E+00        0.000E+00        0.000E+00        0.000E+00
2020  8 29  7993.00        0.000E+00        0.000E+00        0.000E+00        0.000E+00
2020  8 29  7994.00        0.000E+00        0.000E+00        0.000E+00        0.000E+00
2020  8 29  7995.00        0.000E+00        0.000E+00        0.000E+00        0.000E+00
2020  8 29  7996.00        0.000E+00        0.000E+00        0.000E+00        0.000E+00
2020  8 29  7997.00        0.000E+00        0.000E+00        0.000E+00        0.000E+00
2020  8 29  7998.00        0.000E+00        0.000E+00        0.000E+00        0.000E+00
2020  8 29  7999.00        0.000E+00        0.000E+00        0.000E+00        0.000E+00
2020  8 29  8000.00        0.000E+00        0.000E+00        0.000E+00        0.000E+00
2020  8 29  8001.00        0.000E+00        0.000E+00        0.000E+00        0.000E+00
2020  8 29  8002.00        0.000E+00        0.000E+00        0.000E+00        0.000E+00
2020  8 29  8003.00        0.000E+00        0.000E+00        0.000E+00        0.000E+00
2020  8 29  8004.00        0.000E+00        0.000E+00        0.000E+00        0.000E+00
2020  8 29  8005.00        0.000E+00        0.000E+00        0.000E+00        0.000E+00
2020  8 29  8006.00        0.000E+00        0.000E+00        0.000E+00        0.000E+00
2020  8 29  8007.00        0.000E+00        0.000E+00        0.000E+00        0.000E+00
2020  8 29  8008.00        0.000E+00        0.000E+00        0.000E+00        0.000E+00
2020  8 29  8009.00        0.000E+00        0.000E+00        0.000E+00        0.000E+00
2020  8 29  8010.00        0.000E+00        0.000E+00        0.000E+00        0.000E+00
2020  8 29  8011.00        0.000E+00        0.000E+00        0.000E+00        0.000E+00
2020  8 29  8012.00        0.000E+00        0.000E+00        0.000E+00        0.000E+00
2020  8 29  8013.00        0.000E+00        0.000E+00        0.000E+00        0.000E+00
2020  8 29  8014.00        0.000E+00        0.000E+00        0.000E+00        0.000E+00
2020  8 29  8015.00        0.000E+00        0.000E+00        0.000E+00        0.000E+00
2020  8 29  8016.00        0.000E+00        0.000E+00        0.000E+00        0.000E+00
2020  8 30  8017.00        0.000E+00        0.000E+00        0.000E+00        0.000E+00
2020  8 30  8018.00        0.000E+00        0.000E+00        0.000E+00        0.000E+00
2020  8 30  8019.00        0.000E+00        0.000E+00        0.000E+00        0.000E+00
2020  8 30  8020.00        0.000E+00        0.000E+00        0.000E+00        0.000E+00
2020  8 30  8021.00        0.000E+00        0.000E+00        0.000E+00        0.000E+00
2020  8 30  8022.00        0.000E+00        0.000E+00        0.000E+00        0.000E+00
2020  8 30  8023.00        0.000E+00        0.000E+00        0.000E+00        0.000E+00
2020  8 30  8024.00        0.000E+00        0.000E+00        0.000E+00        0.000E+00
2020  8 30  8025.00        0.000E+00        0.000E+00        0.000E+00        0.000E+00
2020  8 30  8026.00        0.000E+00        0.000E+00        0.000E+00        0.000E+00
2020  8 30  8027.00        0.000E+00        0.000E+00        0.000E+00        0.000E+00
2020  8 30  8028.00        0.000E+00        0.000E+00        0.000E+00        0.000E+00
2020  8 30  8029.00        0.000E+00        0.000E+00        0.000E+00        0.000E+00
2020  8 30  8030.00        0.000E+00        0.000E+00        0.000E+00        0.000E+00
2020  8 30  8031.00        0.000E+00        0.000E+00        0.000E+00        0.000E+00
2020  8 30  8032.00        0.000E+00        0.000E+00        0.000E+00        0.000E+00
2020  8 30  8033.00        0.000E+00        0.000E+00        0.000E+00        0.000E+00
2020  8 30  8034.00        0.000E+00        0.000E+00        0.000E+00        0.000E+00
2020  8 30  8035.00        0.000E+00        0.000E+00        0.000E+00        0.000E+00
2020  8 30  8036.00        0.000E+00        0.000E+00        0.000E+00        0.000E+00
2020  8 30  8037.00        0.000E+00        0.000E+00        0.000E+00        0.000E+00
2020  8 30  8038.00        0.000E+00        0.000E+00        0.000E+00        0.000E+00
2020  8 30  8039.00        0.000E+00        0.000E+00        0.000E+00        0.000E+00
2020  8 30  8040.00        0.000E+00        0.000E+00        0.000E+00        0.000E+00
2020  8 31  8041.00        0.000E+00        0.000E+00        0.000E+00        0.000E+00
2020  8 31  8042.00        0.000E+00        0.000E+00        0.000E+00        0.000E+00
2020  8 31  8043.00        0.000E+00        0.000E+00        0.000E+00        0.000E+00
2020  8 31  8044.00        0.000E+00        0.000E+00        0.000E+00        0.000E+00
2020  8 31  8045.00        0.000E+00        0.000E+00        0.000E+00        0.000E+00
2020  8 31  8046.00        0.000E+00        0.000E+00        0.000E+00        0.000E+00
2020  8 31  8047.00        0.000E+00        0.000E+00        0.000E+00        0.000E+00
2020  8 31  8048.00        0.000E+00        0.000E+00        0.000E+00        0.000E+00
2020  8 31  8049.00        0.000E+00        0.000E+00        0.000E+00        0.000E+00
2020  8 31  8050.00        0.000E+00        0.000E+00        0.000E+00        0.000E+00
2020  8 31  8051.00        0.000E+00        0.000E+00        0.000E+00        0.000E+00
2020  8 31  8052.00        0.000E+00        0.000E+00        0.000E+00        0.000E+00
2020  8 31  8053.00        0.000E+00        0.000E+00        0.000E+00        0.000E+00
2020  8 31  8054.00        0.000E+00        0.000E+00        0.000E+00        0.000E+00
2020  8 31  8055.00        0.000E+00        0.000E+00        0.000E+00        0.000E+00
2020  8 31  8056.00        0.000E+00        0.000E+00        0.000E+00        0.000E+00
2020  8 31  8057.00        0.000E+00        0.000E+00        0.000E+00        0.000E+00
2020  8 31  8058.00        0.000E+00        0.000E+00        0.000E+00        0.000E+00
2020  8 31  8059.00        0.000E+00        0.000E+00        0.000E+00        0.000E+00
2020  8 31  8060.00        0.000E+00        0.000E+00        0.000E+00        0.000E+00
2020  8 31  8061.00        0.000E+00        0.000E+00        0.000E+00        0.000E+00
2020  8 31  8062.00        0.000E+00        0.000E+00        0.000E+00        0.000E+00
2020  8 31  8063.00        0.000E+00        0.000E+00        0.000E+00        0.000E+00
2020  8 31  8064.00        0.000E+00        0.000E+00        0.000E+00        0.000E+00
2020  9  1  8065.00        0.000E+00        0.000E+00        0.000E+00        0.000E+00
2020  9  1  8066.00        0.000E+00        0.000E+00        0.000E+00        0.000E+00
2020  9  1  8067.00        0.000E+00        0.000E+00        0.000E+00        0.000E+00
2020  9  1  8068.00        0.000E+00        0.000E+00        0.000E+00        0.000E+00
2020  9  1  8069.00        0.000E+00        0.000E+00        0.000E+00        0.000E+00
2020  9  1  8070.00        0.000E+00        0.000E+00        0.000E+00        0.000E+00
2020  9  1  8071.00        0.000E+00        0.000E+00        0.000E+00        0.000E+00
2020  9  1  8072.00        0.000E+00        0.000E+00        0.000E+00        0.000E+00
2020  9  1  8073.00        0.000E+00        0.000E+00        0.000E+00        0.000E+00
2020  9  1  8074.00        0.000E+00        0.000E+00        0.000E+00        0.000E+00
2020  9  1  8075.00        0.000E+00        0.000E+00        0.000E+00        0.000E+00
2020  9  1  8076.00        0.000E+00        0.000E+00        0.000E+00        0.000E+00
2020  9  1  8077.00        0.000E+00        0.000E+00        0.000E+00        0.000E+00
2020  9  1  8078.00        0.000E+00        0.000E+00        0.000E+00        0.000E+00
2020  9  1  8079.00        0.000E+00        0.000E+00        0.000E+00        0.000E+00
2020  9  1  8080.00        0.000E+00        0.000E+00        0.000E+00        0.000E+00
2020  9  1  8081.00        0.000E+00        0.000E+00        0.000E+00        0.000E+00
2020  9  1  8082.00        0.000E+00        0.000E+00        0.000E+00        0.000E+00
2020  9  1  8083.00        0.000E+00        0.000E+00        0.000E+00        0.000E+00
2020  9  1  8084.00        0.000E+00        0.000E+00        0.000E+00        0.000E+00
2020  9  1  8085.00        0.000E+00        0.000E+00        0.000E+00        0.000E+00
2020  9  1  8086.00        0.000E+00        0.000E+00        0.000E+00        0.000E+00
2020  9  1  8087.00        0.000E+00        0.000E+00        0.000E+00        0.000E+00
2020  9  1  8088.00        0.000E+00        0.000E+00        0.000E+00        0.000E+00
2020  9  2  8089.00        0.000E+00        0.000E+00        0.000E+00        0.000E+00
2020  9  2  8090.00        0.000E+00        0.000E+00        0.000E+00        0.000E+00
2020  9  2  8091.00        0.000E+00        0.000E+00        0.000E+00        0.000E+00
2020  9  2  8092.00        0.000E+00        0.000E+00        0.000E+00        0.000E+00
2020  9  2  8093.00        0.000E+00        0.000E+00        0.000E+00        0.000E+00
2020  9  2  8094.00        0.000E+00        0.000E+00        0.000E+00        0.000E+00
2020  9  2  8095.00        0.000E+00        0.000E+00        0.000E+00        0.000E+00
2020  9  2  8096.00        0.000E+00        0.000E+00        0.000E+00        0.000E+00
2020  9  2  8097.00        0.000E+00        0.000E+00        0.000E+00        0.000E+00
2020  9  2  8098.00        0.000E+00        0.000E+00        0.000E+00        0.000E+00
2020  9  2  8099.00        0.000E+00        0.000E+00        0.000E+00        0.000E+00
2020  9  2  8100.00        0.000E+00        0.000E+00        0.000E+00        0.000E+00
2020  9  2  8101.00        0.000E+00        0.000E+00        0.000E+00        0.000E+00
2020  9  2  8102.00        0.000E+00        0.000E+00        0.000E+00        0.000E+00
2020  9  2  8103.00        0.000E+00        0.000E+00        0.000E+00        0.000E+00
2020  9  2  8104.00        0.000E+00        0.000E+00        0.000E+00        0.000E+00
2020  9  2  8105.00        0.000E+00        0.000E+00        0.000E+00        0.000E+00
2020  9  2  8106.00        0.000E+00        0.000E+00        0.000E+00        0.000E+00
2020  9  2  8107.00        0.000E+00        0.000E+00        0.000E+00        0.000E+00
2020  9  2  8108.00        0.000E+00        0.000E+00        0.000E+00        0.000E+00
2020  9  2  8109.00        0.000E+00        0.000E+00        0.000E+00        0.000E+00
2020  9  2  8110.00        0.000E+00        0.000E+00        0.000E+00        0.000E+00
2020  9  2  8111.00        0.000E+00        0.000E+00        0.000E+00        0.000E+00
2020  9  2  8112.00        0.000E+00        0.000E+00        0.000E+00        0.000E+00
2020  9  3  8113.00        0.000E+00        0.000E+00        0.000E+00        0.000E+00
2020  9  3  8114.00        0.000E+00        0.000E+00        0.000E+00        0.000E+00
2020  9  3  8115.00        0.000E+00        0.000E+00        0.000E+00        0.000E+00
2020  9  3  8116.00        0.000E+00        0.000E+00        0.000E+00        0.000E+00
2020  9  3  8117.00        0.000E+00        0.000E+00        0.000E+00        0.000E+00
2020  9  3  8118.00        0.000E+00        0.000E+00        0.000E+00        0.000E+00
2020  9  3  8119.00        0.000E+00        0.000E+00        0.000E+00        0.000E+00
2020  9  3  8120.00        0.000E+00        0.000E+00        0.000E+00        0.000E+00
2020  9  3  8121.00        0.000E+00        0.000E+00        0.000E+00        0.000E+00
2020  9  3  8122.00        0.000E+00        0.000E+00        0.000E+00        0.000E+00
2020  9  3  8123.00        0.000E+00        0.000E+00        0.000E+00        0.000E+00
2020  9  3  8124.00        0.000E+00        0.000E+00        0.000E+00        0.000E+00
2020  9  3  8125.00        0.000E+00        0.000E+00        0.000E+00        0.000E+00
2020  9  3  8126.00        0.000E+00        0.000E+00        0.000E+00        0.000E+00
2020  9  3  8127.00        0.000E+00        0.000E+00        0.000E+00        0.000E+00
2020  9  3  8128.00        0.000E+00        0.000E+00        0.000E+00        0.000E+00
2020  9  3  8129.00        0.000E+00        0.000E+00        0.000E+00        0.000E+00
2020  9  3  8130.00        0.000E+00        0.000E+00        0.000E+00        0.000E+00
2020  9  3  8131.00        0.000E+00        0.000E+00        0.000E+00        0.000E+00
2020  9  3  8132.00        0.000E+00        0.000E+00        0.000E+00        0.000E+00
2020  9  3  8133.00        0.000E+00        0.000E+00        0.000E+00        0.000E+00
2020  9  3  8134.00        0.000E+00        0.000E+00        0.000E+00        0.000E+00
2020  9  3  8135.00        0.000E+00        0.000E+00        0.000E+00        0.000E+00
2020  9  3  8136.00        0.000E+00        0.000E+00        0.000E+00        0.000E+00
2020  9  4  8137.00        0.000E+00        0.000E+00        0.000E+00        0.000E+00
2020  9  4  8138.00        0.000E+00        0.000E+00        0.000E+00        0.000E+00
2020  9  4  8139.00        0.000E+00        0.000E+00        0.000E+00        0.000E+00
2020  9  4  8140.00        0.000E+00        0.000E+00        0.000E+00        0.000E+00
2020  9  4  8141.00        0.000E+00        0.000E+00        0.000E+00        0.000E+00
2020  9  4  8142.00        0.000E+00        0.000E+00        0.000E+00        0.000E+00
2020  9  4  8143.00        0.000E+00        0.000E+00        0.000E+00        0.000E+00
2020  9  4  8144.00        0.000E+00        0.000E+00        0.000E+00        0.000E+00
2020  9  4  8145.00        0.000E+00        0.000E+00        0.000E+00        0.000E+00
2020  9  4  8146.00        0.000E+00        0.000E+00        0.000E+00        0.000E+00
2020  9  4  8147.00        0.000E+00        0.000E+00        0.000E+00        0.000E+00
2020  9  4  8148.00        0.000E+00        0.000E+00        0.000E+00        0.000E+00
2020  9  4  8149.00        0.000E+00        0.000E+00        0.000E+00        0.000E+00
2020  9  4  8150.00        0.000E+00        0.000E+00        0.000E+00        0.000E+00
2020  9  4  8151.00        0.000E+00        0.000E+00        0.000E+00        0.000E+00
2020  9  4  8152.00        0.000E+00        0.000E+00        0.000E+00        0.000E+00
2020  9  4  8153.00        0.000E+00        0.000E+00        0.000E+00        0.000E+00
2020  9  4  8154.00        0.000E+00        0.000E+00        0.000E+00        0.000E+00
2020  9  4  8155.00        0.000E+00        0.000E+00        0.000E+00        0.000E+00
2020  9  4  8156.00        0.000E+00        0.000E+00        0.000E+00        0.000E+00
2020  9  4  8157.00        0.000E+00        0.000E+00        0.000E+00        0.000E+00
2020  9  4  8158.00        0.000E+00        0.000E+00        0.000E+00        0.000E+00
2020  9  4  8159.00        0.000E+00        0.000E+00        0.000E+00        0.000E+00
2020  9  4  8160.00        0.000E+00        0.000E+00        0.000E+00        0.000E+00
2020  9  5  8161.00        0.000E+00        0.000E+00        0.000E+00        0.000E+00
2020  9  5  8162.00        0.000E+00        0.000E+00        0.000E+00        0.000E+00
2020  9  5  8163.00        0.000E+00        0.000E+00        0.000E+00        0.000E+00
2020  9  5  8164.00        0.000E+00        0.000E+00        0.000E+00        0.000E+00
2020  9  5  8165.00        0.000E+00        0.000E+00        0.000E+00        0.000E+00
2020  9  5  8166.00        0.000E+00        0.000E+00        0.000E+00        0.000E+00
2020  9  5  8167.00        0.000E+00        0.000E+00        0.000E+00        0.000E+00
2020  9  5  8168.00        0.000E+00        0.000E+00        0.000E+00        0.000E+00
2020  9  5  8169.00        0.000E+00        0.000E+00        0.000E+00        0.000E+00
2020  9  5  8170.00        0.000E+00        0.000E+00        0.000E+00        0.000E+00
2020  9  5  8171.00        0.000E+00        0.000E+00        0.000E+00        0.000E+00
2020  9  5  8172.00        0.000E+00        0.000E+00        0.000E+00        0.000E+00
2020  9  5  8173.00        0.000E+00        0.000E+00        0.000E+00        0.000E+00
2020  9  5  8174.00        0.000E+00        0.000E+00        0.000E+00        0.000E+00
2020  9  5  8175.00        0.000E+00        0.000E+00        0.000E+00        0.000E+00
2020  9  5  8176.00        0.000E+00        0.000E+00        0.000E+00        0.000E+00
2020  9  5  8177.00        0.000E+00        0.000E+00        0.000E+00        0.000E+00
2020  9  5  8178.00        0.000E+00        0.000E+00        0.000E+00        0.000E+00
2020  9  5  8179.00        0.000E+00        0.000E+00        0.000E+00        0.000E+00
2020  9  5  8180.00        0.000E+00        0.000E+00        0.000E+00        0.000E+00
2020  9  5  8181.00        0.000E+00        0.000E+00        0.000E+00        0.000E+00
2020  9  5  8182.00        0.000E+00        0.000E+00        0.000E+00        0.000E+00
2020  9  5  8183.00        0.000E+00        0.000E+00        0.000E+00        0.000E+00
2020  9  5  8184.00        0.000E+00        0.000E+00        0.000E+00        0.000E+00
2020  9  6  8185.00        0.000E+00        0.000E+00        0.000E+00        0.000E+00
2020  9  6  8186.00        0.000E+00        0.000E+00        0.000E+00        0.000E+00
2020  9  6  8187.00        0.000E+00        0.000E+00        0.000E+00        0.000E+00
2020  9  6  8188.00        0.000E+00        0.000E+00        0.000E+00        0.000E+00
2020  9  6  8189.00        0.000E+00        0.000E+00        0.000E+00        0.000E+00
2020  9  6  8190.00        0.000E+00        0.000E+00        0.000E+00        0.000E+00
2020  9  6  8191.00        0.000E+00        0.000E+00        0.000E+00        0.000E+00
2020  9  6  8192.00        0.000E+00        0.000E+00        0.000E+00        0.000E+00
2020  9  6  8193.00        0.000E+00        0.000E+00        0.000E+00        0.000E+00
2020  9  6  8194.00        0.000E+00        0.000E+00        0.000E+00        0.000E+00
2020  9  6  8195.00        0.000E+00        0.000E+00        0.000E+00        0.000E+00
2020  9  6  8196.00        0.000E+00        0.000E+00        0.000E+00        0.000E+00
2020  9  6  8197.00        0.000E+00        0.000E+00        0.000E+00        0.000E+00
2020  9  6  8198.00        0.000E+00        0.000E+00        0.000E+00        0.000E+00
2020  9  6  8199.00        0.000E+00        0.000E+00        0.000E+00        0.000E+00
2020  9  6  8200.00        0.000E+00        0.000E+00        0.000E+00        0.000E+00
2020  9  6  8201.00        0.000E+00        0.000E+00        0.000E+00        0.000E+00
2020  9  6  8202.00        0.000E+00        0.000E+00        0.000E+00        0.000E+00
2020  9  6  8203.00        0.000E+00        0.000E+00        0.000E+00        0.000E+00
2020  9  6  8204.00        0.000E+00        0.000E+00        0.000E+00        0.000E+00
2020  9  6  8205.00        0.000E+00        0.000E+00        0.000E+00        0.000E+00
2020  9  6  8206.00        0.000E+00        0.000E+00        0.000E+00        0.000E+00
2020  9  6  8207.00        0.000E+00        0.000E+00        0.000E+00        0.000E+00
2020  9  6  8208.00        0.000E+00        0.000E+00        0.000E+00        0.000E+00
2020  9  7  8209.00        0.000E+00        0.000E+00        0.000E+00        0.000E+00
2020  9  7  8210.00        0.000E+00        0.000E+00        0.000E+00        0.000E+00
2020  9  7  8211.00        0.000E+00        0.000E+00        0.000E+00        0.000E+00
2020  9  7  8212.00        0.000E+00        0.000E+00        0.000E+00        0.000E+00
2020  9  7  8213.00        0.000E+00        0.000E+00        0.000E+00        0.000E+00
2020  9  7  8214.00        0.000E+00        0.000E+00        0.000E+00        0.000E+00
2020  9  7  8215.00        0.000E+00        0.000E+00        0.000E+00        0.000E+00
2020  9  7  8216.00        0.000E+00        0.000E+00        0.000E+00        0.000E+00
2020  9  7  8217.00        0.000E+00        0.000E+00        0.000E+00        0.000E+00
2020  9  7  8218.00        0.000E+00        0.000E+00        0.000E+00        0.000E+00
2020  9  7  8219.00        0.000E+00        0.000E+00        0.000E+00        0.000E+00
2020  9  7  8220.00        0.000E+00        0.000E+00        0.000E+00        0.000E+00
2020  9  7  8221.00        0.000E+00        0.000E+00        0.000E+00        0.000E+00
2020  9  7  8222.00        0.000E+00        0.000E+00        0.000E+00        0.000E+00
2020  9  7  8223.00        0.000E+00        0.000E+00        0.000E+00        0.000E+00
2020  9  7  8224.00        0.000E+00        0.000E+00        0.000E+00        0.000E+00
2020  9  7  8225.00        0.000E+00        0.000E+00        0.000E+00        0.000E+00
2020  9  7  8226.00        0.000E+00        0.000E+00        0.000E+00        0.000E+00
2020  9  7  8227.00        0.000E+00        0.000E+00        0.000E+00        0.000E+00
2020  9  7  8228.00        0.000E+00        0.000E+00        0.000E+00        0.000E+00
2020  9  7  8229.00        0.000E+00        0.000E+00        0.000E+00        0.000E+00
2020  9  7  8230.00        0.000E+00        0.000E+00        0.000E+00        0.000E+00
2020  9  7  8231.00        0.000E+00        0.000E+00        0.000E+00        0.000E+00
2020  9  7  8232.00        0.000E+00        0.000E+00        0.000E+00        0.000E+00
2020  9  8  8233.00        0.000E+00        0.000E+00        0.000E+00        0.000E+00
2020  9  8  8234.00        0.000E+00        0.000E+00        0.000E+00        0.000E+00
2020  9  8  8235.00        0.000E+00        0.000E+00        0.000E+00        0.000E+00
2020  9  8  8236.00        0.000E+00        0.000E+00        0.000E+00        0.000E+00
2020  9  8  8237.00        0.000E+00        0.000E+00        0.000E+00        0.000E+00
2020  9  8  8238.00        0.000E+00        0.000E+00        0.000E+00        0.000E+00
2020  9  8  8239.00        0.000E+00        0.000E+00        0.000E+00        0.000E+00
2020  9  8  8240.00        0.000E+00        0.000E+00        0.000E+00        0.000E+00
2020  9  8  8241.00        0.000E+00        0.000E+00        0.000E+00        0.000E+00
2020  9  8  8242.00        0.000E+00        0.000E+00        0.000E+00        0.000E+00
2020  9  8  8243.00        0.000E+00        0.000E+00        0.000E+00        0.000E+00
2020  9  8  8244.00        0.000E+00        0.000E+00        0.000E+00        0.000E+00
2020  9  8  8245.00        0.000E+00        0.000E+00        0.000E+00        0.000E+00
2020  9  8  8246.00        0.000E+00        0.000E+00        0.000E+00        0.000E+00
2020  9  8  8247.00        0.000E+00        0.000E+00        0.000E+00        0.000E+00
2020  9  8  8248.00        0.000E+00        0.000E+00        0.000E+00        0.000E+00
2020  9  8  8249.00        0.000E+00        0.000E+00        0.000E+00        0.000E+00
2020  9  8  8250.00        0.000E+00        0.000E+00        0.000E+00        0.000E+00
2020  9  8  8251.00        0.000E+00        0.000E+00        0.000E+00        0.000E+00
2020  9  8  8252.00        0.000E+00        0.000E+00        0.000E+00        0.000E+00
2020  9  8  8253.00        0.000E+00        0.000E+00        0.000E+00        0.000E+00
2020  9  8  8254.00        0.000E+00        0.000E+00        0.000E+00        0.000E+00
2020  9  8  8255.00        0.000E+00        0.000E+00        0.000E+00        0.000E+00
2020  9  8  8256.00        0.000E+00        0.000E+00        0.000E+00        0.000E+00
2020  9  9  8257.00        0.000E+00        0.000E+00        0.000E+00        0.000E+00
2020  9  9  8258.00        0.000E+00        0.000E+00        0.000E+00        0.000E+00
2020  9  9  8259.00        0.000E+00        0.000E+00        0.000E+00        0.000E+00
2020  9  9  8260.00        0.000E+00        0.000E+00        0.000E+00        0.000E+00
2020  9  9  8261.00        0.000E+00        0.000E+00        0.000E+00        0.000E+00
2020  9  9  8262.00        0.000E+00        0.000E+00        0.000E+00        0.000E+00
2020  9  9  8263.00        0.000E+00        0.000E+00        0.000E+00        0.000E+00
2020  9  9  8264.00        0.000E+00        0.000E+00        0.000E+00        0.000E+00
2020  9  9  8265.00        0.000E+00        0.000E+00        0.000E+00        0.000E+00
2020  9  9  8266.00        0.000E+00        0.000E+00        0.000E+00        0.000E+00
2020  9  9  8267.00        0.000E+00        0.000E+00        0.000E+00        0.000E+00
2020  9  9  8268.00        0.000E+00        0.000E+00        0.000E+00        0.000E+00
2020  9  9  8269.00        0.000E+00        0.000E+00        0.000E+00        0.000E+00
2020  9  9  8270.00        0.000E+00        0.000E+00        0.000E+00        0.000E+00
2020  9  9  8271.00        0.000E+00        0.000E+00        0.000E+00        0.000E+00
2020  9  9  8272.00        0.000E+00        0.000E+00        0.000E+00        0.000E+00
2020  9  9  8273.00        0.000E+00        0.000E+00        0.000E+00        0.000E+00
2020  9  9  8274.00        0.000E+00        0.000E+00        0.000E+00        0.000E+00
2020  9  9  8275.00        0.000E+00        0.000E+00        0.000E+00        0.000E+00
2020  9  9  8276.00        0.000E+00        0.000E+00        0.000E+00        0.000E+00
2020  9  9  8277.00        0.000E+00        0.000E+00        0.000E+00        0.000E+00
2020  9  9  8278.00        0.000E+00        0.000E+00        0.000E+00        0.000E+00
2020  9  9  8279.00        0.000E+00        0.000E+00        0.000E+00        0.000E+00
2020  9  9  8280.00        0.000E+00        0.000E+00        0.000E+00        0.000E+00
2020  9 10  8281.00        0.000E+00        0.000E+00        0.000E+00        0.000E+00
2020  9 10  8282.00        0.000E+00        0.000E+00        0.000E+00        0.000E+00
2020  9 10  8283.00        0.000E+00        0.000E+00        0.000E+00        0.000E+00
2020  9 10  8284.00        0.000E+00        0.000E+00        0.000E+00        0.000E+00
2020  9 10  8285.00        0.000E+00        0.000E+00        0.000E+00        0.000E+00
2020  9 10  8286.00        0.000E+00        0.000E+00        0.000E+00        0.000E+00
2020  9 10  8287.00        0.000E+00        0.000E+00        0.000E+00        0.000E+00
2020  9 10  8288.00        0.000E+00        0.000E+00        0.000E+00        0.000E+00
2020  9 10  8289.00        0.000E+00        0.000E+00        0.000E+00        0.000E+00
2020  9 10  8290.00        0.000E+00        0.000E+00        0.000E+00        0.000E+00
2020  9 10  8291.00        0.000E+00        0.000E+00        0.000E+00        0.000E+00
2020  9 10  8292.00        0.000E+00        0.000E+00        0.000E+00        0.000E+00
2020  9 10  8293.00        0.000E+00        0.000E+00        0.000E+00        0.000E+00
2020  9 10  8294.00        0.000E+00        0.000E+00        0.000E+00        0.000E+00
2020  9 10  8295.00        0.000E+00        0.000E+00        0.000E+00        0.000E+00
2020  9 10  8296.00        0.000E+00        0.000E+00        0.000E+00        0.000E+00
2020  9 10  8297.00        0.000E+00        0.000E+00        0.000E+00        0.000E+00
2020  9 10  8298.00        0.000E+00        0.000E+00        0.000E+00        0.000E+00
2020  9 10  8299.00        0.000E+00        0.000E+00        0.000E+00        0.000E+00
2020  9 10  8300.00        0.000E+00        0.000E+00        0.000E+00        0.000E+00
2020  9 10  8301.00        0.000E+00        0.000E+00        0.000E+00        0.000E+00
2020  9 10  8302.00        0.000E+00        0.000E+00        0.000E+00        0.000E+00
2020  9 10  8303.00        0.000E+00        0.000E+00        0.000E+00        0.000E+00
2020  9 10  8304.00        0.000E+00        0.000E+00        0.000E+00        0.000E+00
2020  9 11  8305.00        0.000E+00        0.000E+00        0.000E+00        0.000E+00
2020  9 11  8306.00        0.000E+00        0.000E+00        0.000E+00        0.000E+00
2020  9 11  8307.00        0.000E+00        0.000E+00        0.000E+00        0.000E+00
2020  9 11  8308.00        0.000E+00        0.000E+00        0.000E+00        0.000E+00
2020  9 11  8309.00        0.000E+00        0.000E+00        0.000E+00        0.000E+00
2020  9 11  8310.00        0.000E+00        0.000E+00        0.000E+00        0.000E+00
2020  9 11  8311.00        0.000E+00        0.000E+00        0.000E+00        0.000E+00
2020  9 11  8312.00        0.000E+00        0.000E+00        0.000E+00        0.000E+00
2020  9 11  8313.00        0.000E+00        0.000E+00        0.000E+00        0.000E+00
2020  9 11  8314.00        0.000E+00        0.000E+00        0.000E+00        0.000E+00
2020  9 11  8315.00        0.000E+00        0.000E+00        0.000E+00        0.000E+00
2020  9 11  8316.00        0.000E+00        0.000E+00        0.000E+00        0.000E+00
2020  9 11  8317.00        0.000E+00        0.000E+00        0.000E+00        0.000E+00
2020  9 11  8318.00        0.000E+00        0.000E+00        0.000E+00        0.000E+00
2020  9 11  8319.00        0.000E+00        0.000E+00        0.000E+00        0.000E+00
2020  9 11  8320.00        0.000E+00        0.000E+00        0.000E+00        0.000E+00
2020  9 11  8321.00        0.000E+00        0.000E+00        0.000E+00        0.000E+00
2020  9 11  8322.00        0.000E+00        0.000E+00        0.000E+00        0.000E+00
2020  9 11  8323.00        0.000E+00        0.000E+00        0.000E+00        0.000E+00
2020  9 11  8324.00        0.000E+00        0.000E+00        0.000E+00        0.000E+00
2020  9 11  8325.00        0.000E+00        0.000E+00        0.000E+00        0.000E+00
2020  9 11  8326.00        0.000E+00        0.000E+00        0.000E+00        0.000E+00
2020  9 11  8327.00        0.000E+00        0.000E+00        0.000E+00        0.000E+00
2020  9 11  8328.00        0.000E+00        0.000E+00        0.000E+00        0.000E+00
2020  9 12  8329.00        0.000E+00        0.000E+00        0.000E+00        0.000E+00
2020  9 12  8330.00        0.000E+00        0.000E+00        0.000E+00        0.000E+00
2020  9 12  8331.00        0.000E+00        0.000E+00        0.000E+00        0.000E+00
2020  9 12  8332.00        0.000E+00        0.000E+00        0.000E+00        0.000E+00
2020  9 12  8333.00        0.000E+00        0.000E+00        0.000E+00        0.000E+00
2020  9 12  8334.00        0.000E+00        0.000E+00        0.000E+00        0.000E+00
2020  9 12  8335.00        0.000E+00        0.000E+00        0.000E+00        0.000E+00
2020  9 12  8336.00        0.000E+00        0.000E+00        0.000E+00        0.000E+00
2020  9 12  8337.00        0.000E+00        0.000E+00        0.000E+00        0.000E+00
2020  9 12  8338.00        0.000E+00        0.000E+00        0.000E+00        0.000E+00
2020  9 12  8339.00        0.000E+00        0.000E+00        0.000E+00        0.000E+00
2020  9 12  8340.00        0.000E+00        0.000E+00        0.000E+00        0.000E+00
2020  9 12  8341.00        0.000E+00        0.000E+00        0.000E+00        0.000E+00
2020  9 12  8342.00        0.000E+00        0.000E+00        0.000E+00        0.000E+00
2020  9 12  8343.00        0.000E+00        0.000E+00        0.000E+00        0.000E+00
2020  9 12  8344.00        0.000E+00        0.000E+00        0.000E+00        0.000E+00
2020  9 12  8345.00        0.000E+00        0.000E+00        0.000E+00        0.000E+00
2020  9 12  8346.00        0.000E+00        0.000E+00        0.000E+00        0.000E+00
2020  9 12  8347.00        0.000E+00        0.000E+00        0.000E+00        0.000E+00
2020  9 12  8348.00        0.000E+00        0.000E+00        0.000E+00        0.000E+00
2020  9 12  8349.00        0.000E+00        0.000E+00        0.000E+00        0.000E+00
2020  9 12  8350.00        0.000E+00        0.000E+00        0.000E+00        0.000E+00
2020  9 12  8351.00        0.000E+00        0.000E+00        0.000E+00        0.000E+00
2020  9 12  8352.00        0.000E+00        0.000E+00        0.000E+00        0.000E+00
2020  9 13  8353.00        0.000E+00        0.000E+00        0.000E+00        0.000E+00
2020  9 13  8354.00        0.000E+00        0.000E+00        0.000E+00        0.000E+00
2020  9 13  8355.00        0.000E+00        0.000E+00        0.000E+00        0.000E+00
2020  9 13  8356.00        0.000E+00        0.000E+00        0.000E+00        0.000E+00
2020  9 13  8357.00        0.000E+00        0.000E+00        0.000E+00        0.000E+00
2020  9 13  8358.00        0.000E+00        0.000E+00        0.000E+00        0.000E+00
2020  9 13  8359.00        0.000E+00        0.000E+00        0.000E+00        0.000E+00
2020  9 13  8360.00        0.000E+00        0.000E+00        0.000E+00        0.000E+00
2020  9 13  8361.00        0.000E+00        0.000E+00        0.000E+00        0.000E+00
2020  9 13  8362.00        0.000E+00        0.000E+00        0.000E+00        0.000E+00
2020  9 13  8363.00        0.000E+00        0.000E+00        0.000E+00        0.000E+00
2020  9 13  8364.00        0.000E+00        0.000E+00        0.000E+00        0.000E+00
2020  9 13  8365.00        0.000E+00        0.000E+00        0.000E+00        0.000E+00
2020  9 13  8366.00        0.000E+00        0.000E+00        0.000E+00        0.000E+00
2020  9 13  8367.00        0.000E+00        0.000E+00        0.000E+00        0.000E+00
2020  9 13  8368.00        0.000E+00        0.000E+00        0.000E+00        0.000E+00
2020  9 13  8369.00        0.000E+00        0.000E+00        0.000E+00        0.000E+00
2020  9 13  8370.00        0.000E+00        0.000E+00        0.000E+00        0.000E+00
2020  9 13  8371.00        0.000E+00        0.000E+00        0.000E+00        0.000E+00
2020  9 13  8372.00        0.000E+00        0.000E+00        0.000E+00        0.000E+00
2020  9 13  8373.00        0.000E+00        0.000E+00        0.000E+00        0.000E+00
2020  9 13  8374.00        0.000E+00        0.000E+00        0.000E+00        0.000E+00
2020  9 13  8375.00        0.000E+00        0.000E+00        0.000E+00        0.000E+00
2020  9 13  8376.00        0.000E+00        0.000E+00        0.000E+00        0.000E+00
2020  9 14  8377.00        0.000E+00        0.000E+00        0.000E+00        0.000E+00
2020  9 14  8378.00        0.000E+00        0.000E+00        0.000E+00        0.000E+00
2020  9 14  8379.00        0.000E+00        0.000E+00        0.000E+00        0.000E+00
2020  9 14  8380.00        0.000E+00        0.000E+00        0.000E+00        0.000E+00
2020  9 14  8381.00        0.000E+00        0.000E+00        0.000E+00        0.000E+00
2020  9 14  8382.00        0.000E+00        0.000E+00        0.000E+00        0.000E+00
2020  9 14  8383.00        0.000E+00        0.000E+00        0.000E+00        0.000E+00
2020  9 14  8384.00        0.000E+00        0.000E+00        0.000E+00        0.000E+00
2020  9 14  8385.00        0.000E+00        0.000E+00        0.000E+00        0.000E+00
2020  9 14  8386.00        0.000E+00        0.000E+00        0.000E+00        0.000E+00
2020  9 14  8387.00        0.000E+00        0.000E+00        0.000E+00        0.000E+00
2020  9 14  8388.00        0.000E+00        0.000E+00        0.000E+00        0.000E+00
2020  9 14  8389.00        0.000E+00        0.000E+00        0.000E+00        0.000E+00
2020  9 14  8390.00        0.000E+00        0.000E+00        0.000E+00        0.000E+00
2020  9 14  8391.00        0.000E+00        0.000E+00        0.000E+00        0.000E+00
2020  9 14  8392.00        0.000E+00        0.000E+00        0.000E+00        0.000E+00
2020  9 14  8393.00        0.000E+00        0.000E+00        0.000E+00        0.000E+00
2020  9 14  8394.00        0.000E+00        0.000E+00        0.000E+00        0.000E+00
2020  9 14  8395.00        0.000E+00        0.000E+00        0.000E+00        0.000E+00
2020  9 14  8396.00        0.000E+00        0.000E+00        0.000E+00        0.000E+00
2020  9 14  8397.00        0.000E+00        0.000E+00        0.000E+00        0.000E+00
2020  9 14  8398.00        0.000E+00        0.000E+00        0.000E+00        0.000E+00
2020  9 14  8399.00        0.000E+00        0.000E+00        0.000E+00        0.000E+00
2020  9 14  8400.00        0.000E+00        0.000E+00        0.000E+00        0.000E+00
2020  9 15  8401.00        0.000E+00        0.000E+00        0.000E+00        0.000E+00
2020  9 15  8402.00        0.000E+00        0.000E+00        0.000E+00        0.000E+00
2020  9 15  8403.00        0.000E+00        0.000E+00        0.000E+00        0.000E+00
2020  9 15  8404.00        0.000E+00        0.000E+00        0.000E+00        0.000E+00
2020  9 15  8405.00        0.000E+00        0.000E+00        0.000E+00        0.000E+00
2020  9 15  8406.00        0.000E+00        0.000E+00        0.000E+00        0.000E+00
2020  9 15  8407.00        0.000E+00        0.000E+00        0.000E+00        0.000E+00
2020  9 15  8408.00        0.000E+00        0.000E+00        0.000E+00        0.000E+00
2020  9 15  8409.00        0.000E+00        0.000E+00        0.000E+00        0.000E+00
2020  9 15  8410.00        0.000E+00        0.000E+00        0.000E+00        0.000E+00
2020  9 15  8411.00        0.000E+00        0.000E+00        0.000E+00        0.000E+00
2020  9 15  8412.00        0.000E+00        0.000E+00        0.000E+00        0.000E+00
2020  9 15  8413.00        0.000E+00        0.000E+00        0.000E+00        0.000E+00
2020  9 15  8414.00        0.000E+00        0.000E+00        0.000E+00        0.000E+00
2020  9 15  8415.00        0.000E+00        0.000E+00        0.000E+00        0.000E+00
2020  9 15  8416.00        0.000E+00        0.000E+00        0.000E+00        0.000E+00
2020  9 15  8417.00        0.000E+00        0.000E+00        0.000E+00        0.000E+00
2020  9 15  8418.00        0.000E+00        0.000E+00        0.000E+00        0.000E+00
2020  9 15  8419.00        0.000E+00        0.000E+00        0.000E+00        0.000E+00
2020  9 15  8420.00        0.000E+00        0.000E+00        0.000E+00        0.000E+00
2020  9 15  8421.00        0.000E+00        0.000E+00        0.000E+00        0.000E+00
2020  9 15  8422.00        0.000E+00        0.000E+00        0.000E+00        0.000E+00
2020  9 15  8423.00        0.000E+00        0.000E+00        0.000E+00        0.000E+00
2020  9 15  8424.00        0.000E+00        0.000E+00        0.000E+00        0.000E+00
2020  9 16  8425.00        0.000E+00        0.000E+00        0.000E+00        0.000E+00
2020  9 16  8426.00        0.000E+00        0.000E+00        0.000E+00        0.000E+00
2020  9 16  8427.00        0.000E+00        0.000E+00        0.000E+00        0.000E+00
2020  9 16  8428.00        0.000E+00        0.000E+00        0.000E+00        0.000E+00
2020  9 16  8429.00        0.000E+00        0.000E+00        0.000E+00        0.000E+00
2020  9 16  8430.00        0.000E+00        0.000E+00        0.000E+00        0.000E+00
2020  9 16  8431.00        0.000E+00        0.000E+00        0.000E+00        0.000E+00
2020  9 16  8432.00        0.000E+00        0.000E+00        0.000E+00        0.000E+00
2020  9 16  8433.00        0.000E+00        0.000E+00        0.000E+00        0.000E+00
2020  9 16  8434.00        0.000E+00        0.000E+00        0.000E+00        0.000E+00
2020  9 16  8435.00        0.000E+00        0.000E+00        0.000E+00        0.000E+00
2020  9 16  8436.00        0.000E+00        0.000E+00        0.000E+00        0.000E+00
2020  9 16  8437.00        0.000E+00        0.000E+00        0.000E+00        0.000E+00
2020  9 16  8438.00        0.000E+00        0.000E+00        0.000E+00        0.000E+00
2020  9 16  8439.00        0.000E+00        0.000E+00        0.000E+00        0.000E+00
2020  9 16  8440.00        0.000E+00        0.000E+00        0.000E+00        0.000E+00
2020  9 16  8441.00        0.000E+00        0.000E+00        0.000E+00        0.000E+00
2020  9 16  8442.00        0.000E+00        0.000E+00        0.000E+00        0.000E+00
2020  9 16  8443.00        0.000E+00        0.000E+00        0.000E+00        0.000E+00
2020  9 16  8444.00        0.000E+00        0.000E+00        0.000E+00        0.000E+00
2020  9 16  8445.00        0.000E+00        0.000E+00        0.000E+00        0.000E+00
2020  9 16  8446.00        0.000E+00        0.000E+00        0.000E+00        0.000E+00
2020  9 16  8447.00        0.000E+00        0.000E+00        0.000E+00        0.000E+00
2020  9 16  8448.00        0.000E+00        0.000E+00        0.000E+00        0.000E+00
2020  9 17  8449.00        0.000E+00        0.000E+00        0.000E+00        0.000E+00
2020  9 17  8450.00        0.000E+00        0.000E+00        0.000E+00        0.000E+00
2020  9 17  8451.00        0.000E+00        0.000E+00        0.000E+00        0.000E+00
2020  9 17  8452.00        0.000E+00        0.000E+00        0.000E+00        0.000E+00
2020  9 17  8453.00        0.000E+00        0.000E+00        0.000E+00        0.000E+00
2020  9 17  8454.00        0.000E+00        0.000E+00        0.000E+00        0.000E+00
2020  9 17  8455.00        0.000E+00        0.000E+00        0.000E+00        0.000E+00
2020  9 17  8456.00        0.000E+00        0.000E+00        0.000E+00        0.000E+00
2020  9 17  8457.00        0.000E+00        0.000E+00        0.000E+00        0.000E+00
2020  9 17  8458.00        0.000E+00        0.000E+00        0.000E+00        0.000E+00
2020  9 17  8459.00        0.000E+00        0.000E+00        0.000E+00        0.000E+00
2020  9 17  8460.00        0.000E+00        0.000E+00        0.000E+00        0.000E+00
2020  9 17  8461.00        0.000E+00        0.000E+00        0.000E+00        0.000E+00
2020  9 17  8462.00        0.000E+00        0.000E+00        0.000E+00        0.000E+00
2020  9 17  8463.00        0.000E+00        0.000E+00        0.000E+00        0.000E+00
2020  9 17  8464.00        0.000E+00        0.000E+00        0.000E+00        0.000E+00
2020  9 17  8465.00        0.000E+00        0.000E+00        0.000E+00        0.000E+00
2020  9 17  8466.00        0.000E+00        0.000E+00        0.000E+00        0.000E+00
2020  9 17  8467.00        0.000E+00        0.000E+00        0.000E+00        0.000E+00
2020  9 17  8468.00        0.000E+00        0.000E+00        0.000E+00        0.000E+00
2020  9 17  8469.00        0.000E+00        0.000E+00        0.000E+00        0.000E+00
2020  9 17  8470.00        0.000E+00        0.000E+00        0.000E+00        0.000E+00
2020  9 17  8471.00        0.000E+00        0.000E+00        0.000E+00        0.000E+00
2020  9 17  8472.00        0.000E+00        0.000E+00        0.000E+00        0.000E+00
2020  9 18  8473.00        0.000E+00        0.000E+00        0.000E+00        0.000E+00
2020  9 18  8474.00        0.000E+00        0.000E+00        0.000E+00        0.000E+00
2020  9 18  8475.00        0.000E+00        0.000E+00        0.000E+00        0.000E+00
2020  9 18  8476.00        0.000E+00        0.000E+00        0.000E+00        0.000E+00
2020  9 18  8477.00        0.000E+00        0.000E+00        0.000E+00        0.000E+00
2020  9 18  8478.00        0.000E+00        0.000E+00        0.000E+00        0.000E+00
2020  9 18  8479.00        0.000E+00        0.000E+00        0.000E+00        0.000E+00
2020  9 18  8480.00        0.000E+00        0.000E+00        0.000E+00        0.000E+00
2020  9 18  8481.00        0.000E+00        0.000E+00        0.000E+00        0.000E+00
2020  9 18  8482.00        0.000E+00        0.000E+00        0.000E+00        0.000E+00
2020  9 18  8483.00        0.000E+00        0.000E+00        0.000E+00        0.000E+00
2020  9 18  8484.00        0.000E+00        0.000E+00        0.000E+00        0.000E+00
2020  9 18  8485.00        0.000E+00        0.000E+00        0.000E+00        0.000E+00
2020  9 18  8486.00        0.000E+00        0.000E+00        0.000E+00        0.000E+00
2020  9 18  8487.00        0.000E+00        0.000E+00        0.000E+00        0.000E+00
2020  9 18  8488.00        0.000E+00        0.000E+00        0.000E+00        0.000E+00
2020  9 18  8489.00        0.000E+00        0.000E+00        0.000E+00        0.000E+00
2020  9 18  8490.00        0.000E+00        0.000E+00        0.000E+00        0.000E+00
2020  9 18  8491.00        0.000E+00        0.000E+00        0.000E+00        0.000E+00
2020  9 18  8492.00        0.000E+00        0.000E+00        0.000E+00        0.000E+00
2020  9 18  8493.00        0.000E+00        0.000E+00        0.000E+00        0.000E+00
2020  9 18  8494.00        0.000E+00        0.000E+00        0.000E+00        0.000E+00
2020  9 18  8495.00        0.000E+00        0.000E+00        0.000E+00        0.000E+00
2020  9 18  8496.00        0.000E+00        0.000E+00        0.000E+00        0.000E+00
2020  9 19  8497.00        0.000E+00        0.000E+00        0.000E+00        0.000E+00
2020  9 19  8498.00        0.000E+00        0.000E+00        0.000E+00        0.000E+00
2020  9 19  8499.00        0.000E+00        0.000E+00        0.000E+00        0.000E+00
2020  9 19  8500.00        0.000E+00        0.000E+00        0.000E+00        0.000E+00
2020  9 19  8501.00        0.000E+00        0.000E+00        0.000E+00        0.000E+00
2020  9 19  8502.00        0.000E+00        0.000E+00        0.000E+00        0.000E+00
2020  9 19  8503.00        0.000E+00        0.000E+00        0.000E+00        0.000E+00
2020  9 19  8504.00        0.000E+00        0.000E+00        0.000E+00        0.000E+00
2020  9 19  8505.00        0.000E+00        0.000E+00        0.000E+00        0.000E+00
2020  9 19  8506.00        0.000E+00        0.000E+00        0.000E+00        0.000E+00
2020  9 19  8507.00        0.000E+00        0.000E+00        0.000E+00        0.000E+00
2020  9 19  8508.00        0.000E+00        0.000E+00        0.000E+00        0.000E+00
2020  9 19  8509.00        0.000E+00        0.000E+00        0.000E+00        0.000E+00
2020  9 19  8510.00        0.000E+00        0.000E+00        0.000E+00        0.000E+00
2020  9 19  8511.00        0.000E+00        0.000E+00        0.000E+00        0.000E+00
2020  9 19  8512.00        0.000E+00        0.000E+00        0.000E+00        0.000E+00
2020  9 19  8513.00        0.000E+00        0.000E+00        0.000E+00        0.000E+00
2020  9 19  8514.00        0.000E+00        0.000E+00        0.000E+00        0.000E+00
2020  9 19  8515.00        0.000E+00        0.000E+00        0.000E+00        0.000E+00
2020  9 19  8516.00        0.000E+00        0.000E+00        0.000E+00        0.000E+00
2020  9 19  8517.00        0.000E+00        0.000E+00        0.000E+00        0.000E+00
2020  9 19  8518.00        0.000E+00        0.000E+00        0.000E+00        0.000E+00
2020  9 19  8519.00        0.000E+00        0.000E+00        0.000E+00        0.000E+00
2020  9 19  8520.00        0.000E+00        0.000E+00        0.000E+00        0.000E+00
2020  9 20  8521.00        0.000E+00        0.000E+00        0.000E+00        0.000E+00
2020  9 20  8522.00        0.000E+00        0.000E+00        0.000E+00        0.000E+00
2020  9 20  8523.00        0.000E+00        0.000E+00        0.000E+00        0.000E+00
2020  9 20  8524.00        0.000E+00        0.000E+00        0.000E+00        0.000E+00
2020  9 20  8525.00        0.000E+00        0.000E+00        0.000E+00        0.000E+00
2020  9 20  8526.00        0.000E+00        0.000E+00        0.000E+00        0.000E+00
2020  9 20  8527.00        0.000E+00        0.000E+00        0.000E+00        0.000E+00
2020  9 20  8528.00        0.000E+00        0.000E+00        0.000E+00        0.000E+00
2020  9 20  8529.00        0.000E+00        0.000E+00        0.000E+00        0.000E+00
2020  9 20  8530.00        0.000E+00        0.000E+00        0.000E+00        0.000E+00
2020  9 20  8531.00        0.000E+00        0.000E+00        0.000E+00        0.000E+00
2020  9 20  8532.00        0.000E+00        0.000E+00        0.000E+00        0.000E+00
2020  9 20  8533.00        0.000E+00        0.000E+00        0.000E+00        0.000E+00
2020  9 20  8534.00        0.000E+00        0.000E+00        0.000E+00        0.000E+00
2020  9 20  8535.00        0.000E+00        0.000E+00        0.000E+00        0.000E+00
2020  9 20  8536.00        0.000E+00        0.000E+00        0.000E+00        0.000E+00
2020  9 20  8537.00        0.000E+00        0.000E+00        0.000E+00        0.000E+00
2020  9 20  8538.00        0.000E+00        0.000E+00        0.000E+00        0.000E+00
2020  9 20  8539.00        0.000E+00        0.000E+00        0.000E+00        0.000E+00
2020  9 20  8540.00        0.000E+00        0.000E+00        0.000E+00        0.000E+00
2020  9 20  8541.00        0.000E+00        0.000E+00        0.000E+00        0.000E+00
2020  9 20  8542.00        0.000E+00        0.000E+00        0.000E+00        0.000E+00
2020  9 20  8543.00        0.000E+00        0.000E+00        0.000E+00        0.000E+00
2020  9 20  8544.00        0.000E+00        0.000E+00        0.000E+00        0.000E+00
2020  9 21  8545.00        0.000E+00        0.000E+00        0.000E+00        0.000E+00
2020  9 21  8546.00        0.000E+00        0.000E+00        0.000E+00        0.000E+00
2020  9 21  8547.00        0.000E+00        0.000E+00        0.000E+00        0.000E+00
2020  9 21  8548.00        0.000E+00        0.000E+00        0.000E+00        0.000E+00
2020  9 21  8549.00        0.000E+00        0.000E+00        0.000E+00        0.000E+00
2020  9 21  8550.00        0.000E+00        0.000E+00        0.000E+00        0.000E+00
2020  9 21  8551.00        0.000E+00        0.000E+00        0.000E+00        0.000E+00
2020  9 21  8552.00        0.000E+00        0.000E+00        0.000E+00        0.000E+00
2020  9 21  8553.00        0.000E+00        0.000E+00        0.000E+00        0.000E+00
2020  9 21  8554.00        0.000E+00        0.000E+00        0.000E+00        0.000E+00
2020  9 21  8555.00        0.000E+00        0.000E+00        0.000E+00        0.000E+00
2020  9 21  8556.00        0.000E+00        0.000E+00        0.000E+00        0.000E+00
2020  9 21  8557.00        0.000E+00        0.000E+00        0.000E+00        0.000E+00
2020  9 21  8558.00        0.000E+00        0.000E+00        0.000E+00        0.000E+00
2020  9 21  8559.00        0.000E+00        0.000E+00        0.000E+00        0.000E+00
2020  9 21  8560.00        0.000E+00        0.000E+00        0.000E+00        0.000E+00
2020  9 21  8561.00        0.000E+00        0.000E+00        0.000E+00        0.000E+00
2020  9 21  8562.00        0.000E+00        0.000E+00        0.000E+00        0.000E+00
2020  9 21  8563.00        0.000E+00        0.000E+00        0.000E+00        0.000E+00
2020  9 21  8564.00        0.000E+00        0.000E+00        0.000E+00        0.000E+00
2020  9 21  8565.00        0.000E+00        0.000E+00        0.000E+00        0.000E+00
2020  9 21  8566.00        0.000E+00        0.000E+00        0.000E+00        0.000E+00
2020  9 21  8567.00        0.000E+00        0.000E+00        0.000E+00        0.000E+00
2020  9 21  8568.00        0.000E+00        0.000E+00        0.000E+00        0.000E+00
2020  9 22  8569.00        0.000E+00        0.000E+00        0.000E+00        0.000E+00
2020  9 22  8570.00        0.000E+00        0.000E+00        0.000E+00        0.000E+00
2020  9 22  8571.00        0.000E+00        0.000E+00        0.000E+00        0.000E+00
2020  9 22  8572.00        0.000E+00        0.000E+00        0.000E+00        0.000E+00
2020  9 22  8573.00        0.000E+00        0.000E+00        0.000E+00        0.000E+00
2020  9 22  8574.00        0.000E+00        0.000E+00        0.000E+00        0.000E+00
2020  9 22  8575.00        0.000E+00        0.000E+00        0.000E+00        0.000E+00
2020  9 22  8576.00        0.000E+00        0.000E+00        0.000E+00        0.000E+00
2020  9 22  8577.00        0.000E+00        0.000E+00        0.000E+00        0.000E+00
2020  9 22  8578.00        0.000E+00        0.000E+00        0.000E+00        0.000E+00
2020  9 22  8579.00        0.000E+00        0.000E+00        0.000E+00        0.000E+00
2020  9 22  8580.00        0.000E+00        0.000E+00        0.000E+00        0.000E+00
2020  9 22  8581.00        0.000E+00        0.000E+00        0.000E+00        0.000E+00
2020  9 22  8582.00        0.000E+00        0.000E+00        0.000E+00        0.000E+00
2020  9 22  8583.00        0.000E+00        0.000E+00        0.000E+00        0.000E+00
2020  9 22  8584.00        0.000E+00        0.000E+00        0.000E+00        0.000E+00
2020  9 22  8585.00        0.000E+00        0.000E+00        0.000E+00        0.000E+00
2020  9 22  8586.00        0.000E+00        0.000E+00        0.000E+00        0.000E+00
2020  9 22  8587.00        0.000E+00        0.000E+00        0.000E+00        0.000E+00
2020  9 22  8588.00        0.000E+00        0.000E+00        0.000E+00        0.000E+00
2020  9 22  8589.00        0.000E+00        0.000E+00        0.000E+00        0.000E+00
2020  9 22  8590.00        0.000E+00        0.000E+00        0.000E+00        0.000E+00
2020  9 22  8591.00        0.000E+00        0.000E+00        0.000E+00        0.000E+00
2020  9 22  8592.00        0.000E+00        0.000E+00        0.000E+00        0.000E+00
2020  9 23  8593.00        0.000E+00        0.000E+00        0.000E+00        0.000E+00
2020  9 23  8594.00        0.000E+00        0.000E+00        0.000E+00        0.000E+00
2020  9 23  8595.00        0.000E+00        0.000E+00        0.000E+00        0.000E+00
2020  9 23  8596.00        0.000E+00        0.000E+00        0.000E+00        0.000E+00
2020  9 23  8597.00        0.000E+00        0.000E+00        0.000E+00        0.000E+00
2020  9 23  8598.00        0.000E+00        0.000E+00        0.000E+00        0.000E+00
2020  9 23  8599.00        0.000E+00        0.000E+00        0.000E+00        0.000E+00
2020  9 23  8600.00        0.000E+00        0.000E+00        0.000E+00        0.000E+00
2020  9 23  8601.00        0.000E+00        0.000E+00        0.000E+00        0.000E+00
2020  9 23  8602.00        0.000E+00        0.000E+00        0.000E+00        0.000E+00
2020  9 23  8603.00        0.000E+00        0.000E+00        0.000E+00        0.000E+00
2020  9 23  8604.00        0.000E+00        0.000E+00        0.000E+00        0.000E+00
2020  9 23  8605.00        0.000E+00        0.000E+00        0.000E+00        0.000E+00
2020  9 23  8606.00        0.000E+00        0.000E+00        0.000E+00        0.000E+00
2020  9 23  8607.00        0.000E+00        0.000E+00        0.000E+00        0.000E+00
2020  9 23  8608.00        0.000E+00        0.000E+00        0.000E+00        0.000E+00
2020  9 23  8609.00        0.000E+00        0.000E+00        0.000E+00        0.000E+00
2020  9 23  8610.00        0.000E+00        0.000E+00        0.000E+00        0.000E+00
2020  9 23  8611.00        0.000E+00        0.000E+00        0.000E+00        0.000E+00
2020  9 23  8612.00        0.000E+00        0.000E+00        0.000E+00        0.000E+00
2020  9 23  8613.00        0.000E+00        0.000E+00        0.000E+00        0.000E+00
2020  9 23  8614.00        0.000E+00        0.000E+00        0.000E+00        0.000E+00
2020  9 23  8615.00        0.000E+00        0.000E+00        0.000E+00        0.000E+00
2020  9 23  8616.00        0.000E+00        0.000E+00        0.000E+00        0.000E+00
2020  9 24  8617.00        0.000E+00        0.000E+00        0.000E+00        0.000E+00
2020  9 24  8618.00        0.000E+00        0.000E+00        0.000E+00        0.000E+00
2020  9 24  8619.00        0.000E+00        0.000E+00        0.000E+00        0.000E+00
2020  9 24  8620.00        0.000E+00        0.000E+00        0.000E+00        0.000E+00
2020  9 24  8621.00        0.000E+00        0.000E+00        0.000E+00        0.000E+00
2020  9 24  8622.00        0.000E+00        0.000E+00        0.000E+00        0.000E+00
2020  9 24  8623.00        0.000E+00        0.000E+00        0.000E+00        0.000E+00
2020  9 24  8624.00        0.000E+00        0.000E+00        0.000E+00        0.000E+00
2020  9 24  8625.00        0.000E+00        0.000E+00        0.000E+00        0.000E+00
2020  9 24  8626.00        0.000E+00        0.000E+00        0.000E+00        0.000E+00
2020  9 24  8627.00        0.000E+00        0.000E+00        0.000E+00        0.000E+00
2020  9 24  8628.00        0.000E+00        0.000E+00        0.000E+00        0.000E+00
2020  9 24  8629.00        0.000E+00        0.000E+00        0.000E+00        0.000E+00
2020  9 24  8630.00        0.000E+00        0.000E+00        0.000E+00        0.000E+00
2020  9 24  8631.00        0.000E+00        0.000E+00        0.000E+00        0.000E+00
2020  9 24  8632.00        0.000E+00        0.000E+00        0.000E+00        0.000E+00
2020  9 24  8633.00        0.000E+00        0.000E+00        0.000E+00        0.000E+00
2020  9 24  8634.00        0.000E+00        0.000E+00        0.000E+00        0.000E+00
2020  9 24  8635.00        0.000E+00        0.000E+00        0.000E+00        0.000E+00
2020  9 24  8636.00        0.000E+00        0.000E+00        0.000E+00        0.000E+00
2020  9 24  8637.00        0.000E+00        0.000E+00        0.000E+00        0.000E+00
2020  9 24  8638.00        0.000E+00        0.000E+00        0.000E+00        0.000E+00
2020  9 24  8639.00        0.000E+00        0.000E+00        0.000E+00        0.000E+00
2020  9 24  8640.00        0.000E+00        0.000E+00        0.000E+00        0.000E+00
2020  9 25  8641.00        0.000E+00        0.000E+00        0.000E+00        0.000E+00
2020  9 25  8642.00        0.000E+00        0.000E+00        0.000E+00        0.000E+00
2020  9 25  8643.00        0.000E+00        0.000E+00        0.000E+00        0.000E+00
2020  9 25  8644.00        0.000E+00        0.000E+00        0.000E+00        0.000E+00
2020  9 25  8645.00        0.000E+00        0.000E+00        0.000E+00        0.000E+00
2020  9 25  8646.00        0.000E+00        0.000E+00        0.000E+00        0.000E+00
2020  9 25  8647.00        0.000E+00        0.000E+00        0.000E+00        0.000E+00
2020  9 25  8648.00        0.000E+00        0.000E+00        0.000E+00        0.000E+00
2020  9 25  8649.00        0.000E+00        0.000E+00        0.000E+00        0.000E+00
2020  9 25  8650.00        0.000E+00        0.000E+00        0.000E+00        0.000E+00
2020  9 25  8651.00        0.000E+00        0.000E+00        0.000E+00        0.000E+00
2020  9 25  8652.00        0.000E+00        0.000E+00        0.000E+00        0.000E+00
2020  9 25  8653.00        0.000E+00        0.000E+00        0.000E+00        0.000E+00
2020  9 25  8654.00        0.000E+00        0.000E+00        0.000E+00        0.000E+00
2020  9 25  8655.00        0.000E+00        0.000E+00        0.000E+00        0.000E+00
2020  9 25  8656.00        0.000E+00        0.000E+00        0.000E+00        0.000E+00
2020  9 25  8657.00        0.000E+00        0.000E+00        0.000E+00        0.000E+00
2020  9 25  8658.00        0.000E+00        0.000E+00        0.000E+00        0.000E+00
2020  9 25  8659.00        0.000E+00        0.000E+00        0.000E+00        0.000E+00
2020  9 25  8660.00        0.000E+00        0.000E+00        0.000E+00        0.000E+00
2020  9 25  8661.00        0.000E+00        0.000E+00        0.000E+00        0.000E+00
2020  9 25  8662.00        0.000E+00        0.000E+00        0.000E+00        0.000E+00
2020  9 25  8663.00        0.000E+00        0.000E+00        0.000E+00        0.000E+00
2020  9 25  8664.00        0.000E+00        0.000E+00        0.000E+00        0.000E+00
2020  9 26  8665.00        0.000E+00        0.000E+00        0.000E+00        0.000E+00
2020  9 26  8666.00        0.000E+00        0.000E+00        0.000E+00        0.000E+00
2020  9 26  8667.00        0.000E+00        0.000E+00        0.000E+00        0.000E+00
2020  9 26  8668.00        0.000E+00        0.000E+00        0.000E+00        0.000E+00
2020  9 26  8669.00        0.000E+00        0.000E+00        0.000E+00        0.000E+00
2020  9 26  8670.00        0.000E+00        0.000E+00        0.000E+00        0.000E+00
2020  9 26  8671.00        0.000E+00        0.000E+00        0.000E+00        0.000E+00
2020  9 26  8672.00        0.000E+00        0.000E+00        0.000E+00        0.000E+00
2020  9 26  8673.00        0.000E+00        0.000E+00        0.000E+00        0.000E+00
2020  9 26  8674.00        0.000E+00        0.000E+00        0.000E+00        0.000E+00
2020  9 26  8675.00        0.000E+00        0.000E+00        0.000E+00        0.000E+00
2020  9 26  8676.00        0.000E+00        0.000E+00        0.000E+00        0.000E+00
2020  9 26  8677.00        0.000E+00        0.000E+00        0.000E+00        0.000E+00
2020  9 26  8678.00        0.000E+00        0.000E+00        0.000E+00        0.000E+00
2020  9 26  8679.00        0.000E+00        0.000E+00        0.000E+00        0.000E+00
2020  9 26  8680.00        0.000E+00        0.000E+00        0.000E+00        0.000E+00
2020  9 26  8681.00        0.000E+00        0.000E+00        0.000E+00        0.000E+00
2020  9 26  8682.00        0.000E+00        0.000E+00        0.000E+00        0.000E+00
2020  9 26  8683.00        0.000E+00        0.000E+00        0.000E+00        0.000E+00
2020  9 26  8684.00        0.000E+00        0.000E+00        0.000E+00        0.000E+00
2020  9 26  8685.00        0.000E+00        0.000E+00        0.000E+00        0.000E+00
2020  9 26  8686.00        0.000E+00        0.000E+00        0.000E+00        0.000E+00
2020  9 26  8687.00        0.000E+00        0.000E+00        0.000E+00        0.000E+00
2020  9 26  8688.00        0.000E+00        0.000E+00        0.000E+00        0.000E+00
2020  9 27  8689.00        0.000E+00        0.000E+00        0.000E+00        0.000E+00
2020  9 27  8690.00        0.000E+00        0.000E+00        0.000E+00        0.000E+00
2020  9 27  8691.00        0.000E+00        0.000E+00        0.000E+00        0.000E+00
2020  9 27  8692.00        0.000E+00        0.000E+00        0.000E+00        0.000E+00
2020  9 27  8693.00        0.000E+00        0.000E+00        0.000E+00        0.000E+00
2020  9 27  8694.00        0.000E+00        0.000E+00        0.000E+00        0.000E+00
2020  9 27  8695.00        0.000E+00        0.000E+00        0.000E+00        0.000E+00
2020  9 27  8696.00        0.000E+00        0.000E+00        0.000E+00        0.000E+00
2020  9 27  8697.00        0.000E+00        0.000E+00        0.000E+00        0.000E+00
2020  9 27  8698.00        0.000E+00        0.000E+00        0.000E+00        0.000E+00
2020  9 27  8699.00        0.000E+00        0.000E+00        0.000E+00        0.000E+00
2020  9 27  8700.00        0.000E+00        0.000E+00        0.000E+00        0.000E+00
2020  9 27  8701.00        0.000E+00        0.000E+00        0.000E+00        0.000E+00
2020  9 27  8702.00        0.000E+00        0.000E+00        0.000E+00        0.000E+00
2020  9 27  8703.00        0.000E+00        0.000E+00        0.000E+00        0.000E+00
2020  9 27  8704.00        0.000E+00        0.000E+00        0.000E+00        0.000E+00
2020  9 27  8705.00        0.000E+00        0.000E+00        0.000E+00        0.000E+00
2020  9 27  8706.00        0.000E+00        0.000E+00        0.000E+00        0.000E+00
2020  9 27  8707.00        0.000E+00        0.000E+00        0.000E+00        0.000E+00
2020  9 27  8708.00        0.000E+00        0.000E+00        0.000E+00        0.000E+00
2020  9 27  8709.00        0.000E+00        0.000E+00        0.000E+00        0.000E+00
2020  9 27  8710.00        0.000E+00        0.000E+00        0.000E+00        0.000E+00
2020  9 27  8711.00        0.000E+00        0.000E+00        0.000E+00        0.000E+00
2020  9 27  8712.00        0.000E+00        0.000E+00        0.000E+00        0.000E+00
2020  9 28  8713.00        0.000E+00        0.000E+00        0.000E+00        0.000E+00
2020  9 28  8714.00        0.000E+00        0.000E+00        0.000E+00        0.000E+00
2020  9 28  8715.00        0.000E+00        0.000E+00        0.000E+00        0.000E+00
2020  9 28  8716.00        0.000E+00        0.000E+00        0.000E+00        0.000E+00
2020  9 28  8717.00        0.000E+00        0.000E+00        0.000E+00        0.000E+00
2020  9 28  8718.00        0.000E+00        0.000E+00        0.000E+00        0.000E+00
2020  9 28  8719.00        0.000E+00        0.000E+00        0.000E+00        0.000E+00
2020  9 28  8720.00        0.000E+00        0.000E+00        0.000E+00        0.000E+00
2020  9 28  8721.00        0.000E+00        0.000E+00        0.000E+00        0.000E+00
2020  9 28  8722.00        0.000E+00        0.000E+00        0.000E+00        0.000E+00
2020  9 28  8723.00        0.000E+00        0.000E+00        0.000E+00        0.000E+00
2020  9 28  8724.00        0.000E+00        0.000E+00        0.000E+00        0.000E+00
2020  9 28  8725.00        0.000E+00        0.000E+00        0.000E+00        0.000E+00
2020  9 28  8726.00        0.000E+00        0.000E+00        0.000E+00        0.000E+00
2020  9 28  8727.00        0.000E+00        0.000E+00        0.000E+00        0.000E+00
2020  9 28  8728.00        0.000E+00        0.000E+00        0.000E+00        0.000E+00
2020  9 28  8729.00        0.000E+00        0.000E+00        0.000E+00        0.000E+00
2020  9 28  8730.00        0.000E+00        0.000E+00        0.000E+00        0.000E+00
2020  9 28  8731.00        0.000E+00        0.000E+00        0.000E+00        0.000E+00
2020  9 28  8732.00        0.000E+00        0.000E+00        0.000E+00        0.000E+00
2020  9 28  8733.00        0.000E+00        0.000E+00        0.000E+00        0.000E+00
2020  9 28  8734.00        0.000E+00        0.000E+00        0.000E+00        0.000E+00
2020  9 28  8735.00        0.000E+00        0.000E+00        0.000E+00        0.000E+00
2020  9 28  8736.00        0.000E+00        0.000E+00        0.000E+00        0.000E+00
2020  9 29  8737.00        0.000E+00        0.000E+00        0.000E+00        0.000E+00
2020  9 29  8738.00        0.000E+00        0.000E+00        0.000E+00        0.000E+00
2020  9 29  8739.00        0.000E+00        0.000E+00        0.000E+00        0.000E+00
2020  9 29  8740.00        0.000E+00        0.000E+00        0.000E+00        0.000E+00
2020  9 29  8741.00        0.000E+00        0.000E+00        0.000E+00        0.000E+00
2020  9 29  8742.00        0.000E+00        0.000E+00        0.000E+00        0.000E+00
2020  9 29  8743.00        0.000E+00        0.000E+00        0.000E+00        0.000E+00
2020  9 29  8744.00        0.000E+00        0.000E+00        0.000E+00        0.000E+00
2020  9 29  8745.00        0.000E+00        0.000E+00        0.000E+00        0.000E+00
2020  9 29  8746.00        0.000E+00        0.000E+00        0.000E+00        0.000E+00
2020  9 29  8747.00        0.000E+00        0.000E+00        0.000E+00        0.000E+00
2020  9 29  8748.00        0.000E+00        0.000E+00        0.000E+00        0.000E+00
2020  9 29  8749.00        0.000E+00        0.000E+00        0.000E+00        0.000E+00
2020  9 29  8750.00        0.000E+00        0.000E+00        0.000E+00        0.000E+00
2020  9 29  8751.00        0.000E+00        0.000E+00        0.000E+00        0.000E+00
2020  9 29  8752.00        0.000E+00        0.000E+00        0.000E+00        0.000E+00
2020  9 29  8753.00        0.000E+00        0.000E+00        0.000E+00        0.000E+00
2020  9 29  8754.00        0.000E+00        0.000E+00        0.000E+00        0.000E+00
2020  9 29  8755.00        0.000E+00        0.000E+00        0.000E+00        0.000E+00
2020  9 29  8756.00        0.000E+00        0.000E+00        0.000E+00        0.000E+00
2020  9 29  8757.00        0.000E+00        0.000E+00        0.000E+00        0.000E+00
2020  9 29  8758.00        0.000E+00        0.000E+00        0.000E+00        0.000E+00
2020  9 29  8759.00        0.000E+00        0.000E+00        0.000E+00        0.000E+00
2020  9 29  8760.00        0.000E+00        0.000E+00        0.000E+00        0.000E+00
2020  9 30  8761.00        0.000E+00        0.000E+00        0.000E+00        0.000E+00
2020  9 30  8762.00        0.000E+00        0.000E+00        0.000E+00        0.000E+00
2020  9 30  8763.00        0.000E+00        0.000E+00        0.000E+00        0.000E+00
2020  9 30  8764.00        0.000E+00        0.000E+00        0.000E+00        0.000E+00
2020  9 30  8765.00        0.000E+00        0.000E+00        0.000E+00        0.000E+00
2020  9 30  8766.00        0.000E+00        0.000E+00        0.000E+00        0.000E+00
2020  9 30  8767.00        0.000E+00        0.000E+00        0.000E+00        0.000E+00
2020  9 30  8768.00        0.000E+00        0.000E+00        0.000E+00        0.000E+00
2020  9 30  8769.00        0.000E+00        0.000E+00        0.000E+00        0.000E+00
2020  9 30  8770.00        0.000E+00        0.000E+00        0.000E+00        0.000E+00
2020  9 30  8771.00        0.000E+00        0.000E+00        0.000E+00        0.000E+00
2020  9 30  8772.00        0.000E+00        0.000E+00        0.000E+00        0.000E+00
2020  9 30  8773.00        0.000E+00        0.000E+00        0.000E+00        0.000E+00
2020  9 30  8774.00        0.000E+00        0.000E+00        0.000E+00        0.000E+00
2020  9 30  8775.00        0.000E+00        0.000E+00        0.000E+00        0.000E+00
2020  9 30  8776.00        0.000E+00        0.000E+00        0.000E+00        0.000E+00
2020  9 30  8777.00        0.000E+00        0.000E+00        0.000E+00        0.000E+00
2020  9 30  8778.00        0.000E+00        0.000E+00        0.000E+00        0.000E+00
2020  9 30  8779.00        0.000E+00        0.000E+00        0.000E+00        0.000E+00
2020  9 30  8780.00        0.000E+00        0.000E+00        0.000E+00        0.000E+00
2020  9 30  8781.00        0.000E+00        0.000E+00        0.000E+00        0.000E+00
2020  9 30  8782.00        0.000E+00        0.000E+00        0.000E+00        0.000E+00
2020  9 30  8783.00        0.000E+00        0.000E+00        0.000E+00        0.000E+00
2020  9 30  8784.00        0.000E+00        0.000E+00        0.000E+00        0.000E+00
